2024-07-19 16:50:44,806 sufp_node.py [line:79] run INFO node 14's starts to run consensus on process id 8324 
2024-07-19 16:50:44,806 sufp_node.py [line:80] run INFO parameters: N=16, f=5, S=15, T=5, fast-batch=10000, acs-batch=62, K=1, O=0 
2024-07-19 16:50:44,806 sufp_node.py [line:62] prepare_bootstrap INFO node id 14 is inserting dummy payload TXs 
2024-07-19 16:50:44,807 sufp_node.py [line:70] prepare_bootstrap INFO node id 14 just inserts 50000 TXs 
2024-07-19 16:50:44,807 sufp_node.py [line:70] prepare_bootstrap INFO node id 14 just inserts 50000 TXs 
2024-07-19 16:50:44,807 sufp_node.py [line:74] prepare_bootstrap INFO node id 14 completed the loading of dummy TXs 
2024-07-19 16:50:44,807 Superfast.py [line:178] run_bft INFO Node 14 starts to run at time:1721379044.8074555 
2024-07-19 16:50:44,807 Superfast.py [line:231] _run_epoch INFO Node enters epoch 0 
2024-07-19 16:50:44,808 superfastpath.py [line:43] sufastpath INFO Entering fast path 
2024-07-19 16:50:44,808 superfastpath.py [line:229] one_slot INFO Entering slot 1 
2024-07-19 16:50:44,905 superfastpath.py [line:255] one_slot INFO pending block 1 in 0.097051 
2024-07-19 16:50:44,919 superfastpath.py [line:280] one_slot INFO read pending block 1 in 0.110602 
2024-07-19 16:50:44,919 superfastpath.py [line:309] one_slot INFO Leaving slot 1 
2024-07-19 16:50:44,919 superfastpath.py [line:229] one_slot INFO Entering slot 2 
2024-07-19 16:50:49,920 superfastpath.py [line:367] sufastpath INFO Fastpath Timeout! 
2024-07-19 16:50:49,921 superfastpath.py [line:374] sufastpath INFO Leaves fastpath at 2 slot 
2024-07-19 16:50:49,922 Superfast.py [line:308] wait_for_fastpath INFO Fastpath of epoch 0 completed 
2024-07-19 16:52:41,378 sufp_node.py [line:79] run INFO node 14's starts to run consensus on process id 8595 
2024-07-19 16:52:41,378 sufp_node.py [line:80] run INFO parameters: N=16, f=5, S=15, T=5, fast-batch=10000, acs-batch=62, K=1, O=0 
2024-07-19 16:52:41,378 sufp_node.py [line:62] prepare_bootstrap INFO node id 14 is inserting dummy payload TXs 
2024-07-19 16:52:41,378 sufp_node.py [line:70] prepare_bootstrap INFO node id 14 just inserts 50000 TXs 
2024-07-19 16:52:41,379 sufp_node.py [line:70] prepare_bootstrap INFO node id 14 just inserts 50000 TXs 
2024-07-19 16:52:41,379 sufp_node.py [line:74] prepare_bootstrap INFO node id 14 completed the loading of dummy TXs 
2024-07-19 16:52:41,379 Superfast.py [line:178] run_bft INFO Node 14 starts to run at time:1721379161.3792727 
2024-07-19 16:52:41,379 Superfast.py [line:231] _run_epoch INFO Node enters epoch 0 
2024-07-19 16:52:41,380 superfastpath.py [line:43] sufastpath INFO Entering fast path 
2024-07-19 16:52:41,380 superfastpath.py [line:223] one_slot INFO Entering slot 1 
2024-07-19 16:52:41,855 superfastpath.py [line:248] one_slot INFO pending block 1 in 0.475202 
2024-07-19 16:52:41,873 superfastpath.py [line:273] one_slot INFO read pending block 1 in 0.493222 
2024-07-19 16:52:41,873 superfastpath.py [line:301] one_slot INFO Leaving slot 1 
2024-07-19 16:52:41,873 superfastpath.py [line:223] one_slot INFO Entering slot 2 
2024-07-19 16:52:42,125 superfastpath.py [line:248] one_slot INFO pending block 2 in 0.251706 
2024-07-19 16:52:42,141 superfastpath.py [line:273] one_slot INFO read pending block 2 in 0.267409 
2024-07-19 16:52:42,141 superfastpath.py [line:301] one_slot INFO Leaving slot 2 
2024-07-19 16:52:42,141 superfastpath.py [line:223] one_slot INFO Entering slot 3 
2024-07-19 16:52:42,383 superfastpath.py [line:248] one_slot INFO pending block 3 in 0.241651 
2024-07-19 16:52:42,416 superfastpath.py [line:273] one_slot INFO read pending block 3 in 0.274851 
2024-07-19 16:52:42,417 superfastpath.py [line:301] one_slot INFO Leaving slot 3 
2024-07-19 16:52:42,417 superfastpath.py [line:223] one_slot INFO Entering slot 4 
2024-07-19 16:52:42,673 superfastpath.py [line:248] one_slot INFO pending block 4 in 0.256189 
2024-07-19 16:52:42,687 superfastpath.py [line:273] one_slot INFO read pending block 4 in 0.269869 
2024-07-19 16:52:42,687 superfastpath.py [line:301] one_slot INFO Leaving slot 4 
2024-07-19 16:52:42,687 superfastpath.py [line:223] one_slot INFO Entering slot 5 
2024-07-19 16:52:42,973 superfastpath.py [line:248] one_slot INFO pending block 5 in 0.286295 
2024-07-19 16:52:42,993 superfastpath.py [line:273] one_slot INFO read pending block 5 in 0.305669 
2024-07-19 16:52:42,993 superfastpath.py [line:301] one_slot INFO Leaving slot 5 
2024-07-19 16:52:42,993 superfastpath.py [line:223] one_slot INFO Entering slot 6 
2024-07-19 16:52:43,231 superfastpath.py [line:248] one_slot INFO pending block 6 in 0.237520 
2024-07-19 16:52:43,251 superfastpath.py [line:273] one_slot INFO read pending block 6 in 0.257725 
2024-07-19 16:52:43,251 superfastpath.py [line:301] one_slot INFO Leaving slot 6 
2024-07-19 16:52:43,251 superfastpath.py [line:223] one_slot INFO Entering slot 7 
2024-07-19 16:52:43,543 superfastpath.py [line:248] one_slot INFO pending block 7 in 0.292089 
2024-07-19 16:52:43,562 superfastpath.py [line:273] one_slot INFO read pending block 7 in 0.310891 
2024-07-19 16:52:43,562 superfastpath.py [line:301] one_slot INFO Leaving slot 7 
2024-07-19 16:52:43,562 superfastpath.py [line:223] one_slot INFO Entering slot 8 
2024-07-19 16:52:43,851 superfastpath.py [line:248] one_slot INFO pending block 8 in 0.288280 
2024-07-19 16:52:43,866 superfastpath.py [line:273] one_slot INFO read pending block 8 in 0.303419 
2024-07-19 16:52:43,866 superfastpath.py [line:301] one_slot INFO Leaving slot 8 
2024-07-19 16:52:43,866 superfastpath.py [line:223] one_slot INFO Entering slot 9 
2024-07-19 16:52:44,109 superfastpath.py [line:248] one_slot INFO pending block 9 in 0.242539 
2024-07-19 16:52:44,126 superfastpath.py [line:273] one_slot INFO read pending block 9 in 0.259431 
2024-07-19 16:52:44,139 superfastpath.py [line:290] one_slot INFO Fast block at Node 14 for Epoch sidAFAST0 and Slot 8 has delay, TPS and TXs: 0.563424825668335, 10000 
2024-07-19 16:52:44,140 superfastpath.py [line:292] one_slot INFO AVG TPS: 17327, running time 0.577105, weighted delay: 0.563425 
2024-07-19 16:52:44,140 superfastpath.py [line:297] one_slot INFO output block for slot 8 taking 0.577089 sec 
2024-07-19 16:52:44,140 superfastpath.py [line:301] one_slot INFO Leaving slot 9 
2024-07-19 16:52:44,140 superfastpath.py [line:223] one_slot INFO Entering slot 10 
2024-07-19 16:52:44,389 superfastpath.py [line:248] one_slot INFO pending block 10 in 0.249317 
2024-07-19 16:52:44,423 superfastpath.py [line:273] one_slot INFO read pending block 10 in 0.283276 
2024-07-19 16:52:44,452 superfastpath.py [line:290] one_slot INFO Fast block at Node 14 for Epoch sidAFAST0 and Slot 9 has delay, TPS and TXs: 0.5569553375244141, 20000 
2024-07-19 16:52:44,452 superfastpath.py [line:292] one_slot INFO AVG TPS: 22481, running time 0.889617, weighted delay: 0.560190 
2024-07-19 16:52:44,452 superfastpath.py [line:297] one_slot INFO output block for slot 9 taking 0.585750 sec 
2024-07-19 16:52:44,452 superfastpath.py [line:301] one_slot INFO Leaving slot 10 
2024-07-19 16:52:44,452 superfastpath.py [line:223] one_slot INFO Entering slot 11 
2024-07-19 16:52:44,695 superfastpath.py [line:248] one_slot INFO pending block 11 in 0.242220 
2024-07-19 16:52:44,723 superfastpath.py [line:273] one_slot INFO read pending block 11 in 0.270833 
2024-07-19 16:52:44,739 superfastpath.py [line:290] one_slot INFO Fast block at Node 14 for Epoch sidAFAST0 and Slot 10 has delay, TPS and TXs: 0.583465576171875, 30000 
2024-07-19 16:52:44,739 superfastpath.py [line:292] one_slot INFO AVG TPS: 25487, running time 1.177054, weighted delay: 0.567949 
2024-07-19 16:52:44,740 superfastpath.py [line:297] one_slot INFO output block for slot 10 taking 0.600019 sec 
2024-07-19 16:52:44,740 superfastpath.py [line:301] one_slot INFO Leaving slot 11 
2024-07-19 16:52:44,740 superfastpath.py [line:223] one_slot INFO Entering slot 12 
2024-07-19 16:52:44,992 superfastpath.py [line:248] one_slot INFO pending block 12 in 0.251373 
2024-07-19 16:52:45,032 superfastpath.py [line:273] one_slot INFO read pending block 12 in 0.291876 
2024-07-19 16:52:45,065 superfastpath.py [line:290] one_slot INFO Fast block at Node 14 for Epoch sidAFAST0 and Slot 11 has delay, TPS and TXs: 0.5801646709442139, 40000 
2024-07-19 16:52:45,066 superfastpath.py [line:292] one_slot INFO AVG TPS: 26613, running time 1.503026, weighted delay: 0.571003 
2024-07-19 16:52:45,068 superfastpath.py [line:297] one_slot INFO output block for slot 11 taking 0.616096 sec 
2024-07-19 16:52:45,069 superfastpath.py [line:301] one_slot INFO Leaving slot 12 
2024-07-19 16:52:45,069 superfastpath.py [line:223] one_slot INFO Entering slot 13 
2024-07-19 16:52:45,291 superfastpath.py [line:248] one_slot INFO pending block 13 in 0.222294 
2024-07-19 16:52:45,301 superfastpath.py [line:273] one_slot INFO read pending block 13 in 0.231926 
2024-07-19 16:52:45,327 superfastpath.py [line:290] one_slot INFO Fast block at Node 14 for Epoch sidAFAST0 and Slot 12 has delay, TPS and TXs: 0.5607032775878906, 50000 
2024-07-19 16:52:45,327 superfastpath.py [line:292] one_slot INFO AVG TPS: 28336, running time 1.764478, weighted delay: 0.568943 
2024-07-19 16:52:45,327 superfastpath.py [line:297] one_slot INFO output block for slot 12 taking 0.586768 sec 
2024-07-19 16:52:45,327 superfastpath.py [line:301] one_slot INFO Leaving slot 13 
2024-07-19 16:52:45,327 superfastpath.py [line:223] one_slot INFO Entering slot 14 
2024-07-19 16:52:45,589 superfastpath.py [line:248] one_slot INFO pending block 14 in 0.262107 
2024-07-19 16:52:45,616 superfastpath.py [line:273] one_slot INFO read pending block 14 in 0.288500 
2024-07-19 16:52:45,641 superfastpath.py [line:290] one_slot INFO Fast block at Node 14 for Epoch sidAFAST0 and Slot 13 has delay, TPS and TXs: 0.5471739768981934, 60000 
2024-07-19 16:52:45,641 superfastpath.py [line:292] one_slot INFO AVG TPS: 28867, running time 2.078496, weighted delay: 0.565315 
2024-07-19 16:52:45,641 superfastpath.py [line:297] one_slot INFO output block for slot 13 taking 0.572474 sec 
2024-07-19 16:52:45,641 superfastpath.py [line:301] one_slot INFO Leaving slot 14 
2024-07-19 16:52:45,642 superfastpath.py [line:223] one_slot INFO Entering slot 15 
2024-07-19 16:52:45,877 superfastpath.py [line:248] one_slot INFO pending block 15 in 0.235521 
2024-07-19 16:52:45,942 superfastpath.py [line:273] one_slot INFO read pending block 15 in 0.300478 
2024-07-19 16:52:45,980 superfastpath.py [line:290] one_slot INFO Fast block at Node 14 for Epoch sidAFAST0 and Slot 14 has delay, TPS and TXs: 0.615135908126831, 70000 
2024-07-19 16:52:45,980 superfastpath.py [line:292] one_slot INFO AVG TPS: 28957, running time 2.417299, weighted delay: 0.572432 
2024-07-19 16:52:45,980 superfastpath.py [line:297] one_slot INFO output block for slot 14 taking 0.652636 sec 
2024-07-19 16:52:45,980 superfastpath.py [line:301] one_slot INFO Leaving slot 15 
2024-07-19 16:52:45,980 superfastpath.py [line:223] one_slot INFO Entering slot 16 
2024-07-19 16:52:45,984 superfastpath.py [line:248] one_slot INFO pending block 16 in 0.003586 
2024-07-19 16:52:45,985 superfastpath.py [line:273] one_slot INFO read pending block 16 in 0.004721 
2024-07-19 16:52:46,000 superfastpath.py [line:290] one_slot INFO Fast block at Node 14 for Epoch sidAFAST0 and Slot 15 has delay, TPS and TXs: 0.34337353706359863, 80000 
2024-07-19 16:52:46,000 superfastpath.py [line:292] one_slot INFO AVG TPS: 32813, running time 2.438021, weighted delay: 0.543800 
2024-07-19 16:52:46,001 superfastpath.py [line:297] one_slot INFO output block for slot 15 taking 0.358953 sec 
2024-07-19 16:52:46,001 superfastpath.py [line:301] one_slot INFO Leaving slot 16 
2024-07-19 16:52:46,001 superfastpath.py [line:366] sufastpath INFO Leaves fastpath at 17 slot 
2024-07-19 16:52:46,001 Superfast.py [line:308] wait_for_fastpath INFO Fastpath of epoch 0 completed 
2024-07-19 16:52:46,001 Superfast.py [line:337] _run_epoch INFO Fastpath tps: 32810 
2024-07-19 16:52:51,001 Superfast.py [line:208] run_bft INFO node 14 breaks in 9.622603 seconds in epoch 0 with total delivered Txs 0 and average delay 0.000000 
2024-07-19 16:54:35,566 sufp_node.py [line:79] run INFO node 14's starts to run consensus on process id 8859 
2024-07-19 16:54:35,567 sufp_node.py [line:80] run INFO parameters: N=16, f=5, S=15, T=5, fast-batch=10000, acs-batch=62, K=1, O=0 
2024-07-19 16:54:35,567 sufp_node.py [line:62] prepare_bootstrap INFO node id 14 is inserting dummy payload TXs 
2024-07-19 16:54:35,567 sufp_node.py [line:70] prepare_bootstrap INFO node id 14 just inserts 50000 TXs 
2024-07-19 16:54:35,567 sufp_node.py [line:70] prepare_bootstrap INFO node id 14 just inserts 50000 TXs 
2024-07-19 16:54:35,567 sufp_node.py [line:74] prepare_bootstrap INFO node id 14 completed the loading of dummy TXs 
2024-07-19 16:54:35,567 Superfast.py [line:178] run_bft INFO Node 14 starts to run at time:1721379275.5679085 
2024-07-19 16:54:35,568 Superfast.py [line:231] _run_epoch INFO Node enters epoch 0 
2024-07-19 16:54:35,568 superfastpath.py [line:43] sufastpath INFO Entering fast path 
2024-07-19 16:54:35,568 superfastpath.py [line:223] one_slot INFO Entering slot 1 
2024-07-19 16:54:35,594 superfastpath.py [line:248] one_slot INFO pending block 1 in 0.025466 
2024-07-19 16:54:35,594 superfastpath.py [line:257] one_slot INFO 2pending block 1 in 0.025851 
2024-07-19 16:54:35,608 superfastpath.py [line:274] one_slot INFO read pending block 1 in 0.039852 
2024-07-19 16:54:35,609 superfastpath.py [line:303] one_slot INFO Leaving slot 1 
2024-07-19 16:54:35,609 superfastpath.py [line:223] one_slot INFO Entering slot 2 
2024-07-19 16:54:36,104 superfastpath.py [line:248] one_slot INFO pending block 2 in 0.494911 
2024-07-19 16:54:36,104 superfastpath.py [line:257] one_slot INFO 2pending block 2 in 0.495177 
2024-07-19 16:54:36,118 superfastpath.py [line:274] one_slot INFO read pending block 2 in 0.509189 
2024-07-19 16:54:36,118 superfastpath.py [line:303] one_slot INFO Leaving slot 2 
2024-07-19 16:54:36,118 superfastpath.py [line:223] one_slot INFO Entering slot 3 
2024-07-19 16:54:36,373 superfastpath.py [line:248] one_slot INFO pending block 3 in 0.254689 
2024-07-19 16:54:36,373 superfastpath.py [line:257] one_slot INFO 2pending block 3 in 0.254989 
2024-07-19 16:54:36,400 superfastpath.py [line:274] one_slot INFO read pending block 3 in 0.281365 
2024-07-19 16:54:36,400 superfastpath.py [line:303] one_slot INFO Leaving slot 3 
2024-07-19 16:54:36,400 superfastpath.py [line:223] one_slot INFO Entering slot 4 
2024-07-19 16:54:36,670 superfastpath.py [line:248] one_slot INFO pending block 4 in 0.269287 
2024-07-19 16:54:36,670 superfastpath.py [line:257] one_slot INFO 2pending block 4 in 0.269679 
2024-07-19 16:54:36,685 superfastpath.py [line:274] one_slot INFO read pending block 4 in 0.284312 
2024-07-19 16:54:36,685 superfastpath.py [line:303] one_slot INFO Leaving slot 4 
2024-07-19 16:54:36,686 superfastpath.py [line:223] one_slot INFO Entering slot 5 
2024-07-19 16:54:36,974 superfastpath.py [line:248] one_slot INFO pending block 5 in 0.287780 
2024-07-19 16:54:36,974 superfastpath.py [line:257] one_slot INFO 2pending block 5 in 0.287979 
2024-07-19 16:54:36,989 superfastpath.py [line:274] one_slot INFO read pending block 5 in 0.302563 
2024-07-19 16:54:36,989 superfastpath.py [line:303] one_slot INFO Leaving slot 5 
2024-07-19 16:54:36,989 superfastpath.py [line:223] one_slot INFO Entering slot 6 
2024-07-19 16:54:37,275 superfastpath.py [line:248] one_slot INFO pending block 6 in 0.286048 
2024-07-19 16:54:37,276 superfastpath.py [line:257] one_slot INFO 2pending block 6 in 0.286238 
2024-07-19 16:54:37,289 superfastpath.py [line:274] one_slot INFO read pending block 6 in 0.299686 
2024-07-19 16:54:37,289 superfastpath.py [line:303] one_slot INFO Leaving slot 6 
2024-07-19 16:54:37,289 superfastpath.py [line:223] one_slot INFO Entering slot 7 
2024-07-19 16:54:37,549 superfastpath.py [line:248] one_slot INFO pending block 7 in 0.259829 
2024-07-19 16:54:37,550 superfastpath.py [line:257] one_slot INFO 2pending block 7 in 0.259995 
2024-07-19 16:54:37,562 superfastpath.py [line:274] one_slot INFO read pending block 7 in 0.272465 
2024-07-19 16:54:37,562 superfastpath.py [line:303] one_slot INFO Leaving slot 7 
2024-07-19 16:54:37,562 superfastpath.py [line:223] one_slot INFO Entering slot 8 
2024-07-19 16:54:37,777 superfastpath.py [line:248] one_slot INFO pending block 8 in 0.214734 
2024-07-19 16:54:37,777 superfastpath.py [line:257] one_slot INFO 2pending block 8 in 0.215108 
2024-07-19 16:54:37,801 superfastpath.py [line:274] one_slot INFO read pending block 8 in 0.238412 
2024-07-19 16:54:37,801 superfastpath.py [line:303] one_slot INFO Leaving slot 8 
2024-07-19 16:54:37,801 superfastpath.py [line:223] one_slot INFO Entering slot 9 
2024-07-19 16:54:38,061 superfastpath.py [line:248] one_slot INFO pending block 9 in 0.260044 
2024-07-19 16:54:38,086 superfastpath.py [line:257] one_slot INFO 2pending block 9 in 0.284588 
2024-07-19 16:54:38,117 superfastpath.py [line:274] one_slot INFO read pending block 9 in 0.316181 
2024-07-19 16:54:38,117 superfastpath.py [line:285] one_slot INFO delay block 8 in 0.555069 
2024-07-19 16:54:38,153 superfastpath.py [line:292] one_slot INFO Fast block at Node 14 for Epoch sidAFAST0 and Slot 8 has delay, TPS and TXs: 0.5550689697265625, 10000 
2024-07-19 16:54:38,153 superfastpath.py [line:294] one_slot INFO AVG TPS: 16922, running time 0.590933, weighted delay: 0.555069 
2024-07-19 16:54:38,153 superfastpath.py [line:299] one_slot INFO output block for slot 8 taking 0.590951 sec 
2024-07-19 16:54:38,153 superfastpath.py [line:303] one_slot INFO Leaving slot 9 
2024-07-19 16:54:38,153 superfastpath.py [line:223] one_slot INFO Entering slot 10 
2024-07-19 16:54:38,364 superfastpath.py [line:248] one_slot INFO pending block 10 in 0.210377 
2024-07-19 16:54:38,371 superfastpath.py [line:257] one_slot INFO 2pending block 10 in 0.217809 
2024-07-19 16:54:38,399 superfastpath.py [line:274] one_slot INFO read pending block 10 in 0.245498 
2024-07-19 16:54:38,399 superfastpath.py [line:285] one_slot INFO delay block 9 in 0.598330 
2024-07-19 16:54:38,442 superfastpath.py [line:292] one_slot INFO Fast block at Node 14 for Epoch sidAFAST0 and Slot 9 has delay, TPS and TXs: 0.5983295440673828, 20000 
2024-07-19 16:54:38,443 superfastpath.py [line:294] one_slot INFO AVG TPS: 22713, running time 0.880535, weighted delay: 0.576699 
2024-07-19 16:54:38,443 superfastpath.py [line:299] one_slot INFO output block for slot 9 taking 0.641844 sec 
2024-07-19 16:54:38,443 superfastpath.py [line:303] one_slot INFO Leaving slot 10 
2024-07-19 16:54:38,443 superfastpath.py [line:223] one_slot INFO Entering slot 11 
2024-07-19 16:54:38,663 superfastpath.py [line:248] one_slot INFO pending block 11 in 0.220179 
2024-07-19 16:54:38,664 superfastpath.py [line:257] one_slot INFO 2pending block 11 in 0.220413 
2024-07-19 16:54:38,678 superfastpath.py [line:274] one_slot INFO read pending block 11 in 0.235061 
2024-07-19 16:54:38,678 superfastpath.py [line:285] one_slot INFO delay block 10 in 0.524876 
2024-07-19 16:54:38,693 superfastpath.py [line:292] one_slot INFO Fast block at Node 14 for Epoch sidAFAST0 and Slot 10 has delay, TPS and TXs: 0.5248756408691406, 30000 
2024-07-19 16:54:38,693 superfastpath.py [line:294] one_slot INFO AVG TPS: 26521, running time 1.131167, weighted delay: 0.559425 
2024-07-19 16:54:38,694 superfastpath.py [line:299] one_slot INFO output block for slot 10 taking 0.539976 sec 
2024-07-19 16:54:38,694 superfastpath.py [line:303] one_slot INFO Leaving slot 11 
2024-07-19 16:54:38,694 superfastpath.py [line:223] one_slot INFO Entering slot 12 
2024-07-19 16:54:38,923 superfastpath.py [line:248] one_slot INFO pending block 12 in 0.228647 
2024-07-19 16:54:38,934 superfastpath.py [line:257] one_slot INFO 2pending block 12 in 0.239712 
2024-07-19 16:54:38,963 superfastpath.py [line:274] one_slot INFO read pending block 12 in 0.269387 
2024-07-19 16:54:38,963 superfastpath.py [line:285] one_slot INFO delay block 11 in 0.520247 
2024-07-19 16:54:38,976 superfastpath.py [line:292] one_slot INFO Fast block at Node 14 for Epoch sidAFAST0 and Slot 11 has delay, TPS and TXs: 0.5202465057373047, 40000 
2024-07-19 16:54:38,976 superfastpath.py [line:294] one_slot INFO AVG TPS: 28282, running time 1.414306, weighted delay: 0.549630 
2024-07-19 16:54:38,977 superfastpath.py [line:299] one_slot INFO output block for slot 11 taking 0.533770 sec 
2024-07-19 16:54:38,977 superfastpath.py [line:303] one_slot INFO Leaving slot 12 
2024-07-19 16:54:38,977 superfastpath.py [line:223] one_slot INFO Entering slot 13 
2024-07-19 16:54:39,204 superfastpath.py [line:248] one_slot INFO pending block 13 in 0.227057 
2024-07-19 16:54:39,204 superfastpath.py [line:257] one_slot INFO 2pending block 13 in 0.227228 
2024-07-19 16:54:39,237 superfastpath.py [line:274] one_slot INFO read pending block 13 in 0.260044 
2024-07-19 16:54:39,237 superfastpath.py [line:285] one_slot INFO delay block 12 in 0.543505 
2024-07-19 16:54:39,266 superfastpath.py [line:292] one_slot INFO Fast block at Node 14 for Epoch sidAFAST0 and Slot 12 has delay, TPS and TXs: 0.5435047149658203, 50000 
2024-07-19 16:54:39,268 superfastpath.py [line:294] one_slot INFO AVG TPS: 29317, running time 1.705464, weighted delay: 0.548405 
2024-07-19 16:54:39,268 superfastpath.py [line:299] one_slot INFO output block for slot 12 taking 0.573938 sec 
2024-07-19 16:54:39,268 superfastpath.py [line:303] one_slot INFO Leaving slot 13 
2024-07-19 16:54:39,268 superfastpath.py [line:223] one_slot INFO Entering slot 14 
2024-07-19 16:54:39,496 superfastpath.py [line:248] one_slot INFO pending block 14 in 0.227703 
2024-07-19 16:54:39,496 superfastpath.py [line:257] one_slot INFO 2pending block 14 in 0.227832 
2024-07-19 16:54:39,524 superfastpath.py [line:274] one_slot INFO read pending block 14 in 0.255927 
2024-07-19 16:54:39,524 superfastpath.py [line:285] one_slot INFO delay block 13 in 0.547218 
2024-07-19 16:54:39,539 superfastpath.py [line:292] one_slot INFO Fast block at Node 14 for Epoch sidAFAST0 and Slot 13 has delay, TPS and TXs: 0.547217607498169, 60000 
2024-07-19 16:54:39,540 superfastpath.py [line:294] one_slot INFO AVG TPS: 30344, running time 1.977307, weighted delay: 0.548207 
2024-07-19 16:54:39,540 superfastpath.py [line:299] one_slot INFO output block for slot 13 taking 0.562483 sec 
2024-07-19 16:54:39,540 superfastpath.py [line:303] one_slot INFO Leaving slot 14 
2024-07-19 16:54:39,540 superfastpath.py [line:223] one_slot INFO Entering slot 15 
2024-07-19 16:54:39,744 superfastpath.py [line:248] one_slot INFO pending block 15 in 0.204168 
2024-07-19 16:54:39,744 superfastpath.py [line:257] one_slot INFO 2pending block 15 in 0.204326 
2024-07-19 16:54:39,769 superfastpath.py [line:274] one_slot INFO read pending block 15 in 0.228524 
2024-07-19 16:54:39,769 superfastpath.py [line:285] one_slot INFO delay block 14 in 0.500477 
2024-07-19 16:54:39,789 superfastpath.py [line:292] one_slot INFO Fast block at Node 14 for Epoch sidAFAST0 and Slot 14 has delay, TPS and TXs: 0.5004770755767822, 70000 
2024-07-19 16:54:39,789 superfastpath.py [line:294] one_slot INFO AVG TPS: 31431, running time 2.227032, weighted delay: 0.541389 
2024-07-19 16:54:39,790 superfastpath.py [line:299] one_slot INFO output block for slot 14 taking 0.521300 sec 
2024-07-19 16:54:39,790 superfastpath.py [line:303] one_slot INFO Leaving slot 15 
2024-07-19 16:54:39,790 superfastpath.py [line:223] one_slot INFO Entering slot 16 
2024-07-19 16:54:39,813 superfastpath.py [line:248] one_slot INFO pending block 16 in 0.022768 
2024-07-19 16:54:39,813 superfastpath.py [line:257] one_slot INFO 2pending block 16 in 0.022904 
2024-07-19 16:54:39,813 superfastpath.py [line:274] one_slot INFO read pending block 16 in 0.022994 
2024-07-19 16:54:39,821 superfastpath.py [line:285] one_slot INFO delay block 15 in 0.280760 
2024-07-19 16:54:39,837 superfastpath.py [line:292] one_slot INFO Fast block at Node 14 for Epoch sidAFAST0 and Slot 15 has delay, TPS and TXs: 0.2807595729827881, 80000 
2024-07-19 16:54:39,837 superfastpath.py [line:294] one_slot INFO AVG TPS: 35169, running time 2.274690, weighted delay: 0.508810 
2024-07-19 16:54:39,837 superfastpath.py [line:299] one_slot INFO output block for slot 15 taking 0.296829 sec 
2024-07-19 16:54:39,837 superfastpath.py [line:303] one_slot INFO Leaving slot 16 
2024-07-19 16:54:39,837 superfastpath.py [line:368] sufastpath INFO Leaves fastpath at 17 slot 
2024-07-19 16:54:39,837 Superfast.py [line:308] wait_for_fastpath INFO Fastpath of epoch 0 completed 
2024-07-19 16:54:39,837 Superfast.py [line:337] _run_epoch INFO Fastpath tps: 35167 
2024-07-19 16:57:20,096 sufp_node.py [line:79] run INFO node 14's starts to run consensus on process id 9156 
2024-07-19 16:57:20,096 sufp_node.py [line:80] run INFO parameters: N=16, f=5, S=15, T=5, fast-batch=10000, acs-batch=62, K=1, O=0 
2024-07-19 16:57:20,096 sufp_node.py [line:62] prepare_bootstrap INFO node id 14 is inserting dummy payload TXs 
2024-07-19 16:57:20,097 sufp_node.py [line:70] prepare_bootstrap INFO node id 14 just inserts 50000 TXs 
2024-07-19 16:57:20,097 sufp_node.py [line:70] prepare_bootstrap INFO node id 14 just inserts 50000 TXs 
2024-07-19 16:57:20,097 sufp_node.py [line:74] prepare_bootstrap INFO node id 14 completed the loading of dummy TXs 
2024-07-19 16:57:20,097 Superfast.py [line:178] run_bft INFO Node 14 starts to run at time:1721379440.0977552 
2024-07-19 16:57:20,097 Superfast.py [line:231] _run_epoch INFO Node enters epoch 0 
2024-07-19 16:57:20,098 superfastpath.py [line:43] sufastpath INFO Entering fast path 
2024-07-19 16:57:20,098 superfastpath.py [line:223] one_slot INFO Entering slot 1 
2024-07-19 16:57:20,541 superfastpath.py [line:248] one_slot INFO pending block 1 in 0.442246 
2024-07-19 16:57:20,541 superfastpath.py [line:257] one_slot INFO 2pending block 1 in 0.442391 
2024-07-19 16:57:20,553 superfastpath.py [line:275] one_slot INFO read pending block 1 in 0.455042 
2024-07-19 16:57:20,554 superfastpath.py [line:306] one_slot INFO Leaving slot 1 
2024-07-19 16:57:20,554 superfastpath.py [line:223] one_slot INFO Entering slot 2 
2024-07-19 16:57:20,935 superfastpath.py [line:248] one_slot INFO pending block 2 in 0.381556 
2024-07-19 16:57:20,936 superfastpath.py [line:257] one_slot INFO 2pending block 2 in 0.381807 
2024-07-19 16:57:20,947 superfastpath.py [line:275] one_slot INFO read pending block 2 in 0.393366 
2024-07-19 16:57:20,947 superfastpath.py [line:306] one_slot INFO Leaving slot 2 
2024-07-19 16:57:20,948 superfastpath.py [line:223] one_slot INFO Entering slot 3 
2024-07-19 16:57:21,186 superfastpath.py [line:248] one_slot INFO pending block 3 in 0.238032 
2024-07-19 16:57:21,187 superfastpath.py [line:257] one_slot INFO 2pending block 3 in 0.239547 
2024-07-19 16:57:21,229 superfastpath.py [line:275] one_slot INFO read pending block 3 in 0.281627 
2024-07-19 16:57:21,229 superfastpath.py [line:306] one_slot INFO Leaving slot 3 
2024-07-19 16:57:21,229 superfastpath.py [line:223] one_slot INFO Entering slot 4 
2024-07-19 16:57:21,472 superfastpath.py [line:248] one_slot INFO pending block 4 in 0.242799 
2024-07-19 16:57:21,474 superfastpath.py [line:257] one_slot INFO 2pending block 4 in 0.244411 
2024-07-19 16:57:21,490 superfastpath.py [line:275] one_slot INFO read pending block 4 in 0.260053 
2024-07-19 16:57:21,490 superfastpath.py [line:306] one_slot INFO Leaving slot 4 
2024-07-19 16:57:21,490 superfastpath.py [line:223] one_slot INFO Entering slot 5 
2024-07-19 16:57:21,784 superfastpath.py [line:248] one_slot INFO pending block 5 in 0.293793 
2024-07-19 16:57:21,785 superfastpath.py [line:257] one_slot INFO 2pending block 5 in 0.294608 
2024-07-19 16:57:21,812 superfastpath.py [line:275] one_slot INFO read pending block 5 in 0.322145 
2024-07-19 16:57:21,812 superfastpath.py [line:306] one_slot INFO Leaving slot 5 
2024-07-19 16:57:21,812 superfastpath.py [line:223] one_slot INFO Entering slot 6 
2024-07-19 16:57:22,045 superfastpath.py [line:248] one_slot INFO pending block 6 in 0.232033 
2024-07-19 16:57:22,047 superfastpath.py [line:257] one_slot INFO 2pending block 6 in 0.234334 
2024-07-19 16:57:22,065 superfastpath.py [line:275] one_slot INFO read pending block 6 in 0.251946 
2024-07-19 16:57:22,065 superfastpath.py [line:306] one_slot INFO Leaving slot 6 
2024-07-19 16:57:22,065 superfastpath.py [line:223] one_slot INFO Entering slot 7 
2024-07-19 16:57:22,266 superfastpath.py [line:248] one_slot INFO pending block 7 in 0.201326 
2024-07-19 16:57:22,266 superfastpath.py [line:257] one_slot INFO 2pending block 7 in 0.201552 
2024-07-19 16:57:22,284 superfastpath.py [line:275] one_slot INFO read pending block 7 in 0.219246 
2024-07-19 16:57:22,284 superfastpath.py [line:306] one_slot INFO Leaving slot 7 
2024-07-19 16:57:22,285 superfastpath.py [line:223] one_slot INFO Entering slot 8 
2024-07-19 16:57:22,519 superfastpath.py [line:248] one_slot INFO pending block 8 in 0.234792 
2024-07-19 16:57:22,520 superfastpath.py [line:257] one_slot INFO 2pending block 8 in 0.235016 
2024-07-19 16:57:22,536 superfastpath.py [line:275] one_slot INFO read pending block 8 in 0.251649 
2024-07-19 16:57:22,536 superfastpath.py [line:306] one_slot INFO Leaving slot 8 
2024-07-19 16:57:22,537 superfastpath.py [line:223] one_slot INFO Entering slot 9 
2024-07-19 16:57:22,802 superfastpath.py [line:248] one_slot INFO pending block 9 in 0.264942 
2024-07-19 16:57:22,802 superfastpath.py [line:257] one_slot INFO 2pending block 9 in 0.265096 
2024-07-19 16:57:22,830 superfastpath.py [line:275] one_slot INFO read pending block 9 in 0.293105 
2024-07-19 16:57:22,830 superfastpath.py [line:284] one_slot INFO 3pending block 9 in 0.293278 
2024-07-19 16:57:22,830 superfastpath.py [line:288] one_slot INFO delay block 8 in 0.545569 
2024-07-19 16:57:22,849 superfastpath.py [line:295] one_slot INFO Fast block at Node 14 for Epoch sidAFAST0 and Slot 8 has delay, TPS and TXs: 0.5455691814422607, 10000 
2024-07-19 16:57:22,850 superfastpath.py [line:297] one_slot INFO AVG TPS: 17688, running time 0.565329, weighted delay: 0.545569 
2024-07-19 16:57:22,850 superfastpath.py [line:302] one_slot INFO output block for slot 8 taking 0.565502 sec 
2024-07-19 16:57:22,850 superfastpath.py [line:306] one_slot INFO Leaving slot 9 
2024-07-19 16:57:22,850 superfastpath.py [line:223] one_slot INFO Entering slot 10 
2024-07-19 16:57:23,055 superfastpath.py [line:248] one_slot INFO pending block 10 in 0.204719 
2024-07-19 16:57:23,070 superfastpath.py [line:257] one_slot INFO 2pending block 10 in 0.219234 
2024-07-19 16:57:23,113 superfastpath.py [line:275] one_slot INFO read pending block 10 in 0.262719 
2024-07-19 16:57:23,113 superfastpath.py [line:284] one_slot INFO 3pending block 10 in 0.262911 
2024-07-19 16:57:23,113 superfastpath.py [line:288] one_slot INFO delay block 9 in 0.576924 
2024-07-19 16:57:23,142 superfastpath.py [line:295] one_slot INFO Fast block at Node 14 for Epoch sidAFAST0 and Slot 9 has delay, TPS and TXs: 0.5769236087799072, 20000 
2024-07-19 16:57:23,142 superfastpath.py [line:297] one_slot INFO AVG TPS: 23322, running time 0.857525, weighted delay: 0.561246 
2024-07-19 16:57:23,142 superfastpath.py [line:302] one_slot INFO output block for slot 9 taking 0.605392 sec 
2024-07-19 16:57:23,142 superfastpath.py [line:306] one_slot INFO Leaving slot 10 
2024-07-19 16:57:23,142 superfastpath.py [line:223] one_slot INFO Entering slot 11 
2024-07-19 16:57:23,279 superfastpath.py [line:248] one_slot INFO pending block 11 in 0.136838 
2024-07-19 16:57:23,279 superfastpath.py [line:257] one_slot INFO 2pending block 11 in 0.137087 
2024-07-19 16:57:23,302 superfastpath.py [line:275] one_slot INFO read pending block 11 in 0.159868 
2024-07-19 16:57:23,302 superfastpath.py [line:284] one_slot INFO 3pending block 11 in 0.160017 
2024-07-19 16:57:23,302 superfastpath.py [line:288] one_slot INFO delay block 10 in 0.451830 
2024-07-19 16:57:23,320 superfastpath.py [line:295] one_slot INFO Fast block at Node 14 for Epoch sidAFAST0 and Slot 10 has delay, TPS and TXs: 0.4518301486968994, 30000 
2024-07-19 16:57:23,320 superfastpath.py [line:297] one_slot INFO AVG TPS: 28970, running time 1.035547, weighted delay: 0.524774 
2024-07-19 16:57:23,320 superfastpath.py [line:302] one_slot INFO output block for slot 10 taking 0.469507 sec 
2024-07-19 16:57:23,320 superfastpath.py [line:306] one_slot INFO Leaving slot 11 
2024-07-19 16:57:23,320 superfastpath.py [line:223] one_slot INFO Entering slot 12 
2024-07-19 16:57:23,661 superfastpath.py [line:248] one_slot INFO pending block 12 in 0.340214 
2024-07-19 16:57:23,662 superfastpath.py [line:257] one_slot INFO 2pending block 12 in 0.341739 
2024-07-19 16:57:23,701 superfastpath.py [line:275] one_slot INFO read pending block 12 in 0.381017 
2024-07-19 16:57:23,701 superfastpath.py [line:284] one_slot INFO 3pending block 12 in 0.381176 
2024-07-19 16:57:23,702 superfastpath.py [line:288] one_slot INFO delay block 11 in 0.559307 
2024-07-19 16:57:23,718 superfastpath.py [line:295] one_slot INFO Fast block at Node 14 for Epoch sidAFAST0 and Slot 11 has delay, TPS and TXs: 0.559307336807251, 40000 
2024-07-19 16:57:23,718 superfastpath.py [line:297] one_slot INFO AVG TPS: 27890, running time 1.434176, weighted delay: 0.533408 
2024-07-19 16:57:23,719 superfastpath.py [line:302] one_slot INFO output block for slot 11 taking 0.576728 sec 
2024-07-19 16:57:23,719 superfastpath.py [line:306] one_slot INFO Leaving slot 12 
2024-07-19 16:57:23,719 superfastpath.py [line:223] one_slot INFO Entering slot 13 
2024-07-19 16:57:23,997 superfastpath.py [line:248] one_slot INFO pending block 13 in 0.277487 
2024-07-19 16:57:23,998 superfastpath.py [line:257] one_slot INFO 2pending block 13 in 0.278296 
2024-07-19 16:57:24,023 superfastpath.py [line:275] one_slot INFO read pending block 13 in 0.303867 
2024-07-19 16:57:24,024 superfastpath.py [line:284] one_slot INFO 3pending block 13 in 0.304440 
2024-07-19 16:57:24,024 superfastpath.py [line:288] one_slot INFO delay block 12 in 0.703631 
2024-07-19 16:57:24,036 superfastpath.py [line:295] one_slot INFO Fast block at Node 14 for Epoch sidAFAST0 and Slot 12 has delay, TPS and TXs: 0.7036311626434326, 50000 
2024-07-19 16:57:24,036 superfastpath.py [line:297] one_slot INFO AVG TPS: 28539, running time 1.751971, weighted delay: 0.567452 
2024-07-19 16:57:24,036 superfastpath.py [line:302] one_slot INFO output block for slot 12 taking 0.716090 sec 
2024-07-19 16:57:24,036 superfastpath.py [line:306] one_slot INFO Leaving slot 13 
2024-07-19 16:57:24,037 superfastpath.py [line:223] one_slot INFO Entering slot 14 
2024-07-19 16:57:24,218 superfastpath.py [line:248] one_slot INFO pending block 14 in 0.181601 
2024-07-19 16:57:24,219 superfastpath.py [line:257] one_slot INFO 2pending block 14 in 0.182175 
2024-07-19 16:57:24,242 superfastpath.py [line:275] one_slot INFO read pending block 14 in 0.205238 
2024-07-19 16:57:24,242 superfastpath.py [line:284] one_slot INFO 3pending block 14 in 0.205544 
2024-07-19 16:57:24,242 superfastpath.py [line:288] one_slot INFO delay block 13 in 0.523037 
2024-07-19 16:57:24,267 superfastpath.py [line:295] one_slot INFO Fast block at Node 14 for Epoch sidAFAST0 and Slot 13 has delay, TPS and TXs: 0.5230369567871094, 60000 
2024-07-19 16:57:24,268 superfastpath.py [line:297] one_slot INFO AVG TPS: 30253, running time 1.983268, weighted delay: 0.560050 
2024-07-19 16:57:24,268 superfastpath.py [line:302] one_slot INFO output block for slot 13 taking 0.548435 sec 
2024-07-19 16:57:24,268 superfastpath.py [line:306] one_slot INFO Leaving slot 14 
2024-07-19 16:57:24,268 superfastpath.py [line:223] one_slot INFO Entering slot 15 
2024-07-19 16:57:24,527 superfastpath.py [line:248] one_slot INFO pending block 15 in 0.259481 
2024-07-19 16:57:24,528 superfastpath.py [line:257] one_slot INFO 2pending block 15 in 0.259774 
2024-07-19 16:57:24,551 superfastpath.py [line:275] one_slot INFO read pending block 15 in 0.282931 
2024-07-19 16:57:24,551 superfastpath.py [line:284] one_slot INFO 3pending block 15 in 0.283056 
2024-07-19 16:57:24,551 superfastpath.py [line:288] one_slot INFO delay block 14 in 0.514350 
2024-07-19 16:57:24,571 superfastpath.py [line:295] one_slot INFO Fast block at Node 14 for Epoch sidAFAST0 and Slot 14 has delay, TPS and TXs: 0.514350414276123, 70000 
2024-07-19 16:57:24,571 superfastpath.py [line:297] one_slot INFO AVG TPS: 30606, running time 2.287128, weighted delay: 0.553521 
2024-07-19 16:57:24,572 superfastpath.py [line:302] one_slot INFO output block for slot 14 taking 0.535215 sec 
2024-07-19 16:57:24,572 superfastpath.py [line:306] one_slot INFO Leaving slot 15 
2024-07-19 16:57:24,572 superfastpath.py [line:223] one_slot INFO Entering slot 16 
2024-07-19 16:57:24,589 superfastpath.py [line:248] one_slot INFO pending block 16 in 0.016880 
2024-07-19 16:57:24,591 superfastpath.py [line:257] one_slot INFO 2pending block 16 in 0.018976 
2024-07-19 16:57:24,591 superfastpath.py [line:275] one_slot INFO read pending block 16 in 0.019291 
2024-07-19 16:57:24,591 superfastpath.py [line:284] one_slot INFO 3pending block 16 in 0.019407 
2024-07-19 16:57:24,592 superfastpath.py [line:288] one_slot INFO delay block 15 in 0.323631 
2024-07-19 16:57:24,627 superfastpath.py [line:295] one_slot INFO Fast block at Node 14 for Epoch sidAFAST0 and Slot 15 has delay, TPS and TXs: 0.32363104820251465, 80000 
2024-07-19 16:57:24,627 superfastpath.py [line:297] one_slot INFO AVG TPS: 34146, running time 2.342814, weighted delay: 0.524785 
2024-07-19 16:57:24,627 superfastpath.py [line:302] one_slot INFO output block for slot 15 taking 0.359341 sec 
2024-07-19 16:57:24,627 superfastpath.py [line:306] one_slot INFO Leaving slot 16 
2024-07-19 16:57:24,627 superfastpath.py [line:371] sufastpath INFO Leaves fastpath at 17 slot 
2024-07-19 16:57:24,628 Superfast.py [line:308] wait_for_fastpath INFO Fastpath of epoch 0 completed 
2024-07-19 16:57:24,628 Superfast.py [line:337] _run_epoch INFO Fastpath tps: 34144 
2024-07-19 17:14:39,139 sufp_node.py [line:79] run INFO node 14's starts to run consensus on process id 9599 
2024-07-19 17:14:39,140 sufp_node.py [line:80] run INFO parameters: N=16, f=5, S=15, T=5, fast-batch=10000, acs-batch=62, K=1, O=0 
2024-07-19 17:14:39,141 sufp_node.py [line:62] prepare_bootstrap INFO node id 14 is inserting dummy payload TXs 
2024-07-19 17:14:39,141 sufp_node.py [line:70] prepare_bootstrap INFO node id 14 just inserts 50000 TXs 
2024-07-19 17:14:39,142 sufp_node.py [line:70] prepare_bootstrap INFO node id 14 just inserts 50000 TXs 
2024-07-19 17:14:39,142 sufp_node.py [line:74] prepare_bootstrap INFO node id 14 completed the loading of dummy TXs 
2024-07-19 17:14:39,142 Superfast.py [line:178] run_bft INFO Node 14 starts to run at time:1721380479.1423814 
2024-07-19 17:14:39,142 Superfast.py [line:231] _run_epoch INFO Node enters epoch 0 
2024-07-19 17:14:39,143 superfastpath.py [line:43] sufastpath INFO Entering fast path 
2024-07-19 17:14:39,143 superfastpath.py [line:223] one_slot INFO Entering slot 1 
2024-07-19 17:14:44,145 superfastpath.py [line:355] sufastpath INFO Fastpath Timeout! 
2024-07-19 17:14:44,146 superfastpath.py [line:362] sufastpath INFO Leaves fastpath at 1 slot 
2024-07-19 17:14:44,146 Superfast.py [line:308] wait_for_fastpath INFO Fastpath of epoch 0 completed 
2024-07-19 17:16:54,065 sufp_node.py [line:79] run INFO node 14's starts to run consensus on process id 9853 
2024-07-19 17:16:54,065 sufp_node.py [line:80] run INFO parameters: N=16, f=5, S=15, T=5, fast-batch=10000, acs-batch=62, K=1, O=0 
2024-07-19 17:16:54,125 sufp_node.py [line:62] prepare_bootstrap INFO node id 14 is inserting dummy payload TXs 
2024-07-19 17:16:54,125 sufp_node.py [line:70] prepare_bootstrap INFO node id 14 just inserts 50000 TXs 
2024-07-19 17:16:54,125 sufp_node.py [line:70] prepare_bootstrap INFO node id 14 just inserts 50000 TXs 
2024-07-19 17:16:54,126 sufp_node.py [line:74] prepare_bootstrap INFO node id 14 completed the loading of dummy TXs 
2024-07-19 17:16:54,126 Superfast.py [line:178] run_bft INFO Node 14 starts to run at time:1721380614.1262424 
2024-07-19 17:16:54,126 Superfast.py [line:231] _run_epoch INFO Node enters epoch 0 
2024-07-19 17:16:54,127 superfastpath.py [line:43] sufastpath INFO Entering fast path 
2024-07-19 17:16:54,127 superfastpath.py [line:223] one_slot INFO Entering slot 1 
2024-07-19 17:16:59,127 superfastpath.py [line:355] sufastpath INFO Fastpath Timeout! 
2024-07-19 17:16:59,128 superfastpath.py [line:362] sufastpath INFO Leaves fastpath at 1 slot 
2024-07-19 17:16:59,188 Superfast.py [line:308] wait_for_fastpath INFO Fastpath of epoch 0 completed 
2024-07-19 17:18:39,445 sufp_node.py [line:79] run INFO node 14's starts to run consensus on process id 10118 
2024-07-19 17:18:39,445 sufp_node.py [line:80] run INFO parameters: N=16, f=5, S=15, T=5, fast-batch=10000, acs-batch=62, K=1, O=0 
2024-07-19 17:18:39,446 sufp_node.py [line:62] prepare_bootstrap INFO node id 14 is inserting dummy payload TXs 
2024-07-19 17:18:39,446 sufp_node.py [line:70] prepare_bootstrap INFO node id 14 just inserts 50000 TXs 
2024-07-19 17:18:39,447 sufp_node.py [line:70] prepare_bootstrap INFO node id 14 just inserts 50000 TXs 
2024-07-19 17:18:39,447 sufp_node.py [line:74] prepare_bootstrap INFO node id 14 completed the loading of dummy TXs 
2024-07-19 17:18:39,447 Superfast.py [line:178] run_bft INFO Node 14 starts to run at time:1721380719.44729 
2024-07-19 17:18:39,447 Superfast.py [line:231] _run_epoch INFO Node enters epoch 0 
2024-07-19 17:18:39,448 superfastpath.py [line:43] sufastpath INFO Entering fast path 
2024-07-19 17:18:39,449 superfastpath.py [line:223] one_slot INFO Entering slot 1 
2024-07-19 17:18:40,101 superfastpath.py [line:239] one_slot INFO pending block 1 in 0.652163 
2024-07-19 17:18:40,101 superfastpath.py [line:248] one_slot INFO 2pending block 1 in 0.652349 
2024-07-19 17:18:40,124 superfastpath.py [line:266] one_slot INFO read pending block 1 in 0.675432 
2024-07-19 17:18:40,124 superfastpath.py [line:297] one_slot INFO Leaving slot 1 
2024-07-19 17:18:40,124 superfastpath.py [line:223] one_slot INFO Entering slot 2 
2024-07-19 17:18:40,418 superfastpath.py [line:239] one_slot INFO pending block 2 in 0.293860 
2024-07-19 17:18:40,419 superfastpath.py [line:248] one_slot INFO 2pending block 2 in 0.294205 
2024-07-19 17:18:40,432 superfastpath.py [line:266] one_slot INFO read pending block 2 in 0.306892 
2024-07-19 17:18:40,432 superfastpath.py [line:297] one_slot INFO Leaving slot 2 
2024-07-19 17:18:40,432 superfastpath.py [line:223] one_slot INFO Entering slot 3 
2024-07-19 17:18:40,748 superfastpath.py [line:239] one_slot INFO pending block 3 in 0.315765 
2024-07-19 17:18:40,748 superfastpath.py [line:248] one_slot INFO 2pending block 3 in 0.316006 
2024-07-19 17:18:40,768 superfastpath.py [line:266] one_slot INFO read pending block 3 in 0.335132 
2024-07-19 17:18:40,768 superfastpath.py [line:297] one_slot INFO Leaving slot 3 
2024-07-19 17:18:40,768 superfastpath.py [line:223] one_slot INFO Entering slot 4 
2024-07-19 17:18:41,051 superfastpath.py [line:239] one_slot INFO pending block 4 in 0.283322 
2024-07-19 17:18:41,052 superfastpath.py [line:248] one_slot INFO 2pending block 4 in 0.284036 
2024-07-19 17:18:41,067 superfastpath.py [line:266] one_slot INFO read pending block 4 in 0.299401 
2024-07-19 17:18:41,067 superfastpath.py [line:297] one_slot INFO Leaving slot 4 
2024-07-19 17:18:41,068 superfastpath.py [line:223] one_slot INFO Entering slot 5 
2024-07-19 17:18:41,347 superfastpath.py [line:239] one_slot INFO pending block 5 in 0.278895 
2024-07-19 17:18:41,353 superfastpath.py [line:248] one_slot INFO 2pending block 5 in 0.285233 
2024-07-19 17:18:41,369 superfastpath.py [line:266] one_slot INFO read pending block 5 in 0.301717 
2024-07-19 17:18:41,370 superfastpath.py [line:297] one_slot INFO Leaving slot 5 
2024-07-19 17:18:41,370 superfastpath.py [line:223] one_slot INFO Entering slot 6 
2024-07-19 17:18:41,606 superfastpath.py [line:239] one_slot INFO pending block 6 in 0.235837 
2024-07-19 17:18:41,606 superfastpath.py [line:248] one_slot INFO 2pending block 6 in 0.236101 
2024-07-19 17:18:41,630 superfastpath.py [line:266] one_slot INFO read pending block 6 in 0.260021 
2024-07-19 17:18:41,630 superfastpath.py [line:297] one_slot INFO Leaving slot 6 
2024-07-19 17:18:41,630 superfastpath.py [line:223] one_slot INFO Entering slot 7 
2024-07-19 17:18:41,852 superfastpath.py [line:239] one_slot INFO pending block 7 in 0.221533 
2024-07-19 17:18:41,852 superfastpath.py [line:248] one_slot INFO 2pending block 7 in 0.221776 
2024-07-19 17:18:41,883 superfastpath.py [line:266] one_slot INFO read pending block 7 in 0.252619 
2024-07-19 17:18:41,883 superfastpath.py [line:297] one_slot INFO Leaving slot 7 
2024-07-19 17:18:41,883 superfastpath.py [line:223] one_slot INFO Entering slot 8 
2024-07-19 17:18:42,173 superfastpath.py [line:239] one_slot INFO pending block 8 in 0.289576 
2024-07-19 17:18:42,182 superfastpath.py [line:248] one_slot INFO 2pending block 8 in 0.298231 
2024-07-19 17:18:42,196 superfastpath.py [line:266] one_slot INFO read pending block 8 in 0.312154 
2024-07-19 17:18:42,196 superfastpath.py [line:297] one_slot INFO Leaving slot 8 
2024-07-19 17:18:42,196 superfastpath.py [line:223] one_slot INFO Entering slot 9 
2024-07-19 17:18:42,487 superfastpath.py [line:239] one_slot INFO pending block 9 in 0.290753 
2024-07-19 17:18:42,487 superfastpath.py [line:248] one_slot INFO 2pending block 9 in 0.291157 
2024-07-19 17:18:42,514 superfastpath.py [line:266] one_slot INFO read pending block 9 in 0.317756 
2024-07-19 17:18:42,514 superfastpath.py [line:275] one_slot INFO 3pending block 9 in 0.317921 
2024-07-19 17:18:42,514 superfastpath.py [line:279] one_slot INFO delay block 8 in 0.630985 
2024-07-19 17:18:42,539 superfastpath.py [line:286] one_slot INFO Fast block at Node 14 for Epoch sidAFAST0 and Slot 8 has delay, TPS and TXs: 0.6309854984283447, 10000 
2024-07-19 17:18:42,539 superfastpath.py [line:288] one_slot INFO AVG TPS: 15252, running time 0.655637, weighted delay: 0.630985 
2024-07-19 17:18:42,539 superfastpath.py [line:293] one_slot INFO output block for slot 8 taking 0.655655 sec 
2024-07-19 17:18:42,539 superfastpath.py [line:297] one_slot INFO Leaving slot 9 
2024-07-19 17:18:42,539 superfastpath.py [line:223] one_slot INFO Entering slot 10 
2024-07-19 17:18:42,826 superfastpath.py [line:239] one_slot INFO pending block 10 in 0.286856 
2024-07-19 17:18:42,827 superfastpath.py [line:248] one_slot INFO 2pending block 10 in 0.287751 
2024-07-19 17:18:42,854 superfastpath.py [line:266] one_slot INFO read pending block 10 in 0.314703 
2024-07-19 17:18:42,854 superfastpath.py [line:275] one_slot INFO 3pending block 10 in 0.314836 
2024-07-19 17:18:42,854 superfastpath.py [line:279] one_slot INFO delay block 9 in 0.658319 
2024-07-19 17:18:42,865 superfastpath.py [line:286] one_slot INFO Fast block at Node 14 for Epoch sidAFAST0 and Slot 9 has delay, TPS and TXs: 0.6583194732666016, 20000 
2024-07-19 17:18:42,865 superfastpath.py [line:288] one_slot INFO AVG TPS: 20370, running time 0.981831, weighted delay: 0.644652 
2024-07-19 17:18:42,865 superfastpath.py [line:293] one_slot INFO output block for slot 9 taking 0.669034 sec 
2024-07-19 17:18:42,865 superfastpath.py [line:297] one_slot INFO Leaving slot 10 
2024-07-19 17:18:42,865 superfastpath.py [line:223] one_slot INFO Entering slot 11 
2024-07-19 17:18:43,157 superfastpath.py [line:239] one_slot INFO pending block 11 in 0.291677 
2024-07-19 17:18:43,157 superfastpath.py [line:248] one_slot INFO 2pending block 11 in 0.291831 
2024-07-19 17:18:43,176 superfastpath.py [line:266] one_slot INFO read pending block 11 in 0.310459 
2024-07-19 17:18:43,176 superfastpath.py [line:275] one_slot INFO 3pending block 11 in 0.310816 
2024-07-19 17:18:43,176 superfastpath.py [line:279] one_slot INFO delay block 10 in 0.636712 
2024-07-19 17:18:43,189 superfastpath.py [line:286] one_slot INFO Fast block at Node 14 for Epoch sidAFAST0 and Slot 10 has delay, TPS and TXs: 0.636711835861206, 30000 
2024-07-19 17:18:43,189 superfastpath.py [line:288] one_slot INFO AVG TPS: 22976, running time 1.305680, weighted delay: 0.642006 
2024-07-19 17:18:43,189 superfastpath.py [line:293] one_slot INFO output block for slot 10 taking 0.649482 sec 
2024-07-19 17:18:43,189 superfastpath.py [line:297] one_slot INFO Leaving slot 11 
2024-07-19 17:18:43,189 superfastpath.py [line:223] one_slot INFO Entering slot 12 
2024-07-19 17:18:43,428 superfastpath.py [line:239] one_slot INFO pending block 12 in 0.238551 
2024-07-19 17:18:43,428 superfastpath.py [line:248] one_slot INFO 2pending block 12 in 0.238832 
2024-07-19 17:18:43,444 superfastpath.py [line:266] one_slot INFO read pending block 12 in 0.255171 
2024-07-19 17:18:43,444 superfastpath.py [line:275] one_slot INFO 3pending block 12 in 0.255321 
2024-07-19 17:18:43,444 superfastpath.py [line:279] one_slot INFO delay block 11 in 0.579312 
2024-07-19 17:18:43,464 superfastpath.py [line:286] one_slot INFO Fast block at Node 14 for Epoch sidAFAST0 and Slot 11 has delay, TPS and TXs: 0.5793120861053467, 40000 
2024-07-19 17:18:43,464 superfastpath.py [line:288] one_slot INFO AVG TPS: 25301, running time 1.580949, weighted delay: 0.626332 
2024-07-19 17:18:43,464 superfastpath.py [line:293] one_slot INFO output block for slot 11 taking 0.599236 sec 
2024-07-19 17:18:43,464 superfastpath.py [line:297] one_slot INFO Leaving slot 12 
2024-07-19 17:18:43,465 superfastpath.py [line:223] one_slot INFO Entering slot 13 
2024-07-19 17:18:43,727 superfastpath.py [line:239] one_slot INFO pending block 13 in 0.262640 
2024-07-19 17:18:43,728 superfastpath.py [line:248] one_slot INFO 2pending block 13 in 0.263004 
2024-07-19 17:18:43,743 superfastpath.py [line:266] one_slot INFO read pending block 13 in 0.278022 
2024-07-19 17:18:43,743 superfastpath.py [line:275] one_slot INFO 3pending block 13 in 0.278168 
2024-07-19 17:18:43,743 superfastpath.py [line:279] one_slot INFO delay block 12 in 0.553888 
2024-07-19 17:18:43,758 superfastpath.py [line:286] one_slot INFO Fast block at Node 14 for Epoch sidAFAST0 and Slot 12 has delay, TPS and TXs: 0.5538883209228516, 50000 
2024-07-19 17:18:43,758 superfastpath.py [line:288] one_slot INFO AVG TPS: 26661, running time 1.875390, weighted delay: 0.611843 
2024-07-19 17:18:43,758 superfastpath.py [line:293] one_slot INFO output block for slot 12 taking 0.569435 sec 
2024-07-19 17:18:43,759 superfastpath.py [line:297] one_slot INFO Leaving slot 13 
2024-07-19 17:18:43,759 superfastpath.py [line:223] one_slot INFO Entering slot 14 
2024-07-19 17:18:44,084 superfastpath.py [line:239] one_slot INFO pending block 14 in 0.325090 
2024-07-19 17:18:44,086 superfastpath.py [line:248] one_slot INFO 2pending block 14 in 0.326851 
2024-07-19 17:18:44,098 superfastpath.py [line:266] one_slot INFO read pending block 14 in 0.339215 
2024-07-19 17:18:44,098 superfastpath.py [line:275] one_slot INFO 3pending block 14 in 0.339369 
2024-07-19 17:18:44,098 superfastpath.py [line:279] one_slot INFO delay block 13 in 0.633405 
2024-07-19 17:18:44,128 superfastpath.py [line:286] one_slot INFO Fast block at Node 14 for Epoch sidAFAST0 and Slot 13 has delay, TPS and TXs: 0.6334049701690674, 60000 
2024-07-19 17:18:44,128 superfastpath.py [line:288] one_slot INFO AVG TPS: 26724, running time 2.245164, weighted delay: 0.615437 
2024-07-19 17:18:44,128 superfastpath.py [line:293] one_slot INFO output block for slot 13 taking 0.663550 sec 
2024-07-19 17:18:44,128 superfastpath.py [line:297] one_slot INFO Leaving slot 14 
2024-07-19 17:18:44,128 superfastpath.py [line:223] one_slot INFO Entering slot 15 
2024-07-19 17:18:44,396 superfastpath.py [line:239] one_slot INFO pending block 15 in 0.267648 
2024-07-19 17:18:44,397 superfastpath.py [line:248] one_slot INFO 2pending block 15 in 0.268667 
2024-07-19 17:18:44,429 superfastpath.py [line:266] one_slot INFO read pending block 15 in 0.300329 
2024-07-19 17:18:44,429 superfastpath.py [line:275] one_slot INFO 3pending block 15 in 0.300559 
2024-07-19 17:18:44,429 superfastpath.py [line:279] one_slot INFO delay block 14 in 0.670450 
2024-07-19 17:18:44,444 superfastpath.py [line:286] one_slot INFO Fast block at Node 14 for Epoch sidAFAST0 and Slot 14 has delay, TPS and TXs: 0.6704504489898682, 70000 
2024-07-19 17:18:44,444 superfastpath.py [line:288] one_slot INFO AVG TPS: 27332, running time 2.561046, weighted delay: 0.623296 
2024-07-19 17:18:44,445 superfastpath.py [line:293] one_slot INFO output block for slot 14 taking 0.685814 sec 
2024-07-19 17:18:44,445 superfastpath.py [line:297] one_slot INFO Leaving slot 15 
2024-07-19 17:18:44,445 superfastpath.py [line:223] one_slot INFO Entering slot 16 
2024-07-19 17:18:44,510 superfastpath.py [line:239] one_slot INFO pending block 16 in 0.064759 
2024-07-19 17:18:44,510 superfastpath.py [line:248] one_slot INFO 2pending block 16 in 0.065264 
2024-07-19 17:18:44,510 superfastpath.py [line:266] one_slot INFO read pending block 16 in 0.065416 
2024-07-19 17:18:44,510 superfastpath.py [line:275] one_slot INFO 3pending block 16 in 0.065505 
2024-07-19 17:18:44,510 superfastpath.py [line:279] one_slot INFO delay block 15 in 0.381849 
2024-07-19 17:18:44,536 superfastpath.py [line:286] one_slot INFO Fast block at Node 14 for Epoch sidAFAST0 and Slot 15 has delay, TPS and TXs: 0.3818485736846924, 80000 
2024-07-19 17:18:44,536 superfastpath.py [line:288] one_slot INFO AVG TPS: 30153, running time 2.653124, weighted delay: 0.593115 
2024-07-19 17:18:44,537 superfastpath.py [line:293] one_slot INFO output block for slot 15 taking 0.408307 sec 
2024-07-19 17:18:44,537 superfastpath.py [line:297] one_slot INFO Leaving slot 16 
2024-07-19 17:18:44,537 superfastpath.py [line:362] sufastpath INFO Leaves fastpath at 17 slot 
2024-07-19 17:18:44,537 Superfast.py [line:308] wait_for_fastpath INFO Fastpath of epoch 0 completed 
2024-07-19 17:18:44,537 Superfast.py [line:337] _run_epoch INFO Fastpath tps: 30144 
2024-07-21 16:27:56,603 sufp_node.py [line:79] run INFO node 14's starts to run consensus on process id 25926 
2024-07-21 16:27:56,603 sufp_node.py [line:80] run INFO parameters: N=16, f=5, S=15, T=5, fast-batch=10000, acs-batch=62, K=1, O=0 
2024-07-21 16:27:56,603 sufp_node.py [line:62] prepare_bootstrap INFO node id 14 is inserting dummy payload TXs 
2024-07-21 16:27:56,604 sufp_node.py [line:70] prepare_bootstrap INFO node id 14 just inserts 50000 TXs 
2024-07-21 16:27:56,604 sufp_node.py [line:70] prepare_bootstrap INFO node id 14 just inserts 50000 TXs 
2024-07-21 16:27:56,604 sufp_node.py [line:74] prepare_bootstrap INFO node id 14 completed the loading of dummy TXs 
2024-07-21 16:27:56,604 Superfast.py [line:178] run_bft INFO Node 14 starts to run at time:1721550476.6045115 
2024-07-21 16:27:56,604 Superfast.py [line:231] _run_epoch INFO Node enters epoch 0 
2024-07-21 16:27:56,605 superfastpath.py [line:43] sufastpath INFO Entering fast path 
2024-07-21 16:27:56,605 superfastpath.py [line:230] one_slot INFO Entering slot 1 
2024-07-21 16:27:57,040 superfastpath.py [line:246] one_slot INFO pending block 1 in 0.434654 
2024-07-21 16:27:57,041 superfastpath.py [line:255] one_slot INFO 2pending block 1 in 0.435513 
2024-07-21 16:27:57,054 superfastpath.py [line:273] one_slot INFO read pending block 1 in 0.449186 
2024-07-21 16:27:57,055 superfastpath.py [line:304] one_slot INFO Leaving slot 1 
2024-07-21 16:27:57,055 superfastpath.py [line:230] one_slot INFO Entering slot 2 
2024-07-21 16:27:57,377 superfastpath.py [line:246] one_slot INFO pending block 2 in 0.321244 
2024-07-21 16:27:57,377 superfastpath.py [line:255] one_slot INFO 2pending block 2 in 0.321651 
2024-07-21 16:27:57,393 superfastpath.py [line:273] one_slot INFO read pending block 2 in 0.337526 
2024-07-21 16:27:57,393 superfastpath.py [line:304] one_slot INFO Leaving slot 2 
2024-07-21 16:27:57,393 superfastpath.py [line:230] one_slot INFO Entering slot 3 
2024-07-21 16:27:57,499 superfastpath.py [line:246] one_slot INFO pending block 3 in 0.105225 
2024-07-21 16:27:57,499 superfastpath.py [line:255] one_slot INFO 2pending block 3 in 0.105464 
2024-07-21 16:27:57,525 superfastpath.py [line:273] one_slot INFO read pending block 3 in 0.132101 
2024-07-21 16:27:57,526 superfastpath.py [line:304] one_slot INFO Leaving slot 3 
2024-07-21 16:27:57,526 superfastpath.py [line:230] one_slot INFO Entering slot 4 
2024-07-21 16:27:58,222 superfastpath.py [line:246] one_slot INFO pending block 4 in 0.695732 
2024-07-21 16:27:58,222 superfastpath.py [line:255] one_slot INFO 2pending block 4 in 0.695944 
2024-07-21 16:27:58,236 superfastpath.py [line:273] one_slot INFO read pending block 4 in 0.710068 
2024-07-21 16:27:58,236 superfastpath.py [line:304] one_slot INFO Leaving slot 4 
2024-07-21 16:27:58,237 superfastpath.py [line:230] one_slot INFO Entering slot 5 
2024-07-21 16:27:58,937 superfastpath.py [line:246] one_slot INFO pending block 5 in 0.700369 
2024-07-21 16:27:58,938 superfastpath.py [line:255] one_slot INFO 2pending block 5 in 0.700966 
2024-07-21 16:27:58,958 superfastpath.py [line:273] one_slot INFO read pending block 5 in 0.721140 
2024-07-21 16:27:58,958 superfastpath.py [line:304] one_slot INFO Leaving slot 5 
2024-07-21 16:27:58,958 superfastpath.py [line:230] one_slot INFO Entering slot 6 
2024-07-21 16:27:59,633 superfastpath.py [line:246] one_slot INFO pending block 6 in 0.674534 
2024-07-21 16:27:59,634 superfastpath.py [line:255] one_slot INFO 2pending block 6 in 0.675219 
2024-07-21 16:27:59,651 superfastpath.py [line:273] one_slot INFO read pending block 6 in 0.692340 
2024-07-21 16:27:59,651 superfastpath.py [line:304] one_slot INFO Leaving slot 6 
2024-07-21 16:27:59,651 superfastpath.py [line:230] one_slot INFO Entering slot 7 
2024-07-21 16:28:00,330 superfastpath.py [line:246] one_slot INFO pending block 7 in 0.678510 
2024-07-21 16:28:00,330 superfastpath.py [line:255] one_slot INFO 2pending block 7 in 0.678836 
2024-07-21 16:28:00,345 superfastpath.py [line:273] one_slot INFO read pending block 7 in 0.693523 
2024-07-21 16:28:00,345 superfastpath.py [line:304] one_slot INFO Leaving slot 7 
2024-07-21 16:28:00,346 superfastpath.py [line:230] one_slot INFO Entering slot 8 
2024-07-21 16:28:00,993 superfastpath.py [line:246] one_slot INFO pending block 8 in 0.647604 
2024-07-21 16:28:00,994 superfastpath.py [line:255] one_slot INFO 2pending block 8 in 0.647877 
2024-07-21 16:28:01,016 superfastpath.py [line:273] one_slot INFO read pending block 8 in 0.670580 
2024-07-21 16:28:01,017 superfastpath.py [line:304] one_slot INFO Leaving slot 8 
2024-07-21 16:28:01,017 superfastpath.py [line:230] one_slot INFO Entering slot 9 
2024-07-21 16:28:01,637 superfastpath.py [line:246] one_slot INFO pending block 9 in 0.620378 
2024-07-21 16:28:01,638 superfastpath.py [line:255] one_slot INFO 2pending block 9 in 0.620592 
2024-07-21 16:28:01,673 superfastpath.py [line:273] one_slot INFO read pending block 9 in 0.656260 
2024-07-21 16:28:01,673 superfastpath.py [line:282] one_slot INFO 3pending block 9 in 0.656418 
2024-07-21 16:28:01,673 superfastpath.py [line:286] one_slot INFO delay block 8 in 1.327627 
2024-07-21 16:28:01,693 superfastpath.py [line:293] one_slot INFO Fast block at Node 14 for Epoch sidAFAST0 and Slot 8 has delay, TPS and TXs: 1.327627420425415, 10000 
2024-07-21 16:28:01,693 superfastpath.py [line:295] one_slot INFO AVG TPS: 7419, running time 1.347809, weighted delay: 1.327627 
2024-07-21 16:28:01,693 superfastpath.py [line:300] one_slot INFO output block for slot 8 taking 1.347684 sec 
2024-07-21 16:28:01,694 superfastpath.py [line:304] one_slot INFO Leaving slot 9 
2024-07-21 16:28:01,694 superfastpath.py [line:230] one_slot INFO Entering slot 10 
2024-07-21 16:28:02,346 superfastpath.py [line:246] one_slot INFO pending block 10 in 0.652463 
2024-07-21 16:28:02,347 superfastpath.py [line:255] one_slot INFO 2pending block 10 in 0.652670 
2024-07-21 16:28:02,365 superfastpath.py [line:273] one_slot INFO read pending block 10 in 0.670755 
2024-07-21 16:28:02,365 superfastpath.py [line:282] one_slot INFO 3pending block 10 in 0.671203 
2024-07-21 16:28:02,365 superfastpath.py [line:286] one_slot INFO delay block 9 in 1.348352 
2024-07-21 16:28:02,383 superfastpath.py [line:293] one_slot INFO Fast block at Node 14 for Epoch sidAFAST0 and Slot 9 has delay, TPS and TXs: 1.3483519554138184, 20000 
2024-07-21 16:28:02,383 superfastpath.py [line:295] one_slot INFO AVG TPS: 9816, running time 2.037431, weighted delay: 1.337990 
2024-07-21 16:28:02,383 superfastpath.py [line:300] one_slot INFO output block for slot 9 taking 1.366118 sec 
2024-07-21 16:28:02,383 superfastpath.py [line:304] one_slot INFO Leaving slot 10 
2024-07-21 16:28:02,383 superfastpath.py [line:230] one_slot INFO Entering slot 11 
2024-07-21 16:28:03,063 superfastpath.py [line:246] one_slot INFO pending block 11 in 0.680181 
2024-07-21 16:28:03,064 superfastpath.py [line:255] one_slot INFO 2pending block 11 in 0.680436 
2024-07-21 16:28:03,077 superfastpath.py [line:273] one_slot INFO read pending block 11 in 0.694032 
2024-07-21 16:28:03,078 superfastpath.py [line:282] one_slot INFO 3pending block 11 in 0.694257 
2024-07-21 16:28:03,078 superfastpath.py [line:286] one_slot INFO delay block 10 in 1.383837 
2024-07-21 16:28:03,093 superfastpath.py [line:293] one_slot INFO Fast block at Node 14 for Epoch sidAFAST0 and Slot 10 has delay, TPS and TXs: 1.3838372230529785, 30000 
2024-07-21 16:28:03,093 superfastpath.py [line:295] one_slot INFO AVG TPS: 10917, running time 2.747964, weighted delay: 1.353272 
2024-07-21 16:28:03,094 superfastpath.py [line:300] one_slot INFO output block for slot 10 taking 1.399745 sec 
2024-07-21 16:28:03,094 superfastpath.py [line:304] one_slot INFO Leaving slot 11 
2024-07-21 16:28:03,094 superfastpath.py [line:230] one_slot INFO Entering slot 12 
2024-07-21 16:28:03,758 superfastpath.py [line:246] one_slot INFO pending block 12 in 0.663798 
2024-07-21 16:28:03,758 superfastpath.py [line:255] one_slot INFO 2pending block 12 in 0.664050 
2024-07-21 16:28:03,784 superfastpath.py [line:273] one_slot INFO read pending block 12 in 0.689743 
2024-07-21 16:28:03,784 superfastpath.py [line:282] one_slot INFO 3pending block 12 in 0.690383 
2024-07-21 16:28:03,784 superfastpath.py [line:286] one_slot INFO delay block 11 in 1.401083 
2024-07-21 16:28:03,800 superfastpath.py [line:293] one_slot INFO Fast block at Node 14 for Epoch sidAFAST0 and Slot 11 has delay, TPS and TXs: 1.4010825157165527, 40000 
2024-07-21 16:28:03,800 superfastpath.py [line:295] one_slot INFO AVG TPS: 11578, running time 3.454690, weighted delay: 1.365225 
2024-07-21 16:28:03,801 superfastpath.py [line:300] one_slot INFO output block for slot 11 taking 1.417594 sec 
2024-07-21 16:28:03,801 superfastpath.py [line:304] one_slot INFO Leaving slot 12 
2024-07-21 16:28:03,801 superfastpath.py [line:230] one_slot INFO Entering slot 13 
2024-07-21 16:28:04,485 superfastpath.py [line:246] one_slot INFO pending block 13 in 0.684104 
2024-07-21 16:28:04,486 superfastpath.py [line:255] one_slot INFO 2pending block 13 in 0.684379 
2024-07-21 16:28:04,499 superfastpath.py [line:273] one_slot INFO read pending block 13 in 0.697839 
2024-07-21 16:28:04,500 superfastpath.py [line:282] one_slot INFO 3pending block 13 in 0.698264 
2024-07-21 16:28:04,500 superfastpath.py [line:286] one_slot INFO delay block 12 in 1.405816 
2024-07-21 16:28:04,513 superfastpath.py [line:293] one_slot INFO Fast block at Node 14 for Epoch sidAFAST0 and Slot 12 has delay, TPS and TXs: 1.4058160781860352, 50000 
2024-07-21 16:28:04,513 superfastpath.py [line:295] one_slot INFO AVG TPS: 11997, running time 4.167418, weighted delay: 1.373343 
2024-07-21 16:28:04,513 superfastpath.py [line:300] one_slot INFO output block for slot 12 taking 1.419218 sec 
2024-07-21 16:28:04,513 superfastpath.py [line:304] one_slot INFO Leaving slot 13 
2024-07-21 16:28:04,513 superfastpath.py [line:230] one_slot INFO Entering slot 14 
2024-07-21 16:28:05,227 superfastpath.py [line:246] one_slot INFO pending block 14 in 0.713420 
2024-07-21 16:28:05,227 superfastpath.py [line:255] one_slot INFO 2pending block 14 in 0.713674 
2024-07-21 16:28:05,241 superfastpath.py [line:273] one_slot INFO read pending block 14 in 0.727950 
2024-07-21 16:28:05,242 superfastpath.py [line:282] one_slot INFO 3pending block 14 in 0.728172 
2024-07-21 16:28:05,242 superfastpath.py [line:286] one_slot INFO delay block 13 in 1.440454 
2024-07-21 16:28:05,257 superfastpath.py [line:293] one_slot INFO Fast block at Node 14 for Epoch sidAFAST0 and Slot 13 has delay, TPS and TXs: 1.4404544830322266, 60000 
2024-07-21 16:28:05,257 superfastpath.py [line:295] one_slot INFO AVG TPS: 12216, running time 4.911442, weighted delay: 1.384528 
2024-07-21 16:28:05,257 superfastpath.py [line:300] one_slot INFO output block for slot 13 taking 1.456061 sec 
2024-07-21 16:28:05,257 superfastpath.py [line:304] one_slot INFO Leaving slot 14 
2024-07-21 16:28:05,257 superfastpath.py [line:230] one_slot INFO Entering slot 15 
2024-07-21 16:28:05,922 superfastpath.py [line:246] one_slot INFO pending block 15 in 0.664806 
2024-07-21 16:28:05,923 superfastpath.py [line:255] one_slot INFO 2pending block 15 in 0.665009 
2024-07-21 16:28:05,940 superfastpath.py [line:273] one_slot INFO read pending block 15 in 0.682224 
2024-07-21 16:28:05,940 superfastpath.py [line:282] one_slot INFO 3pending block 15 in 0.682431 
2024-07-21 16:28:05,940 superfastpath.py [line:286] one_slot INFO delay block 14 in 1.426766 
2024-07-21 16:28:05,957 superfastpath.py [line:293] one_slot INFO Fast block at Node 14 for Epoch sidAFAST0 and Slot 14 has delay, TPS and TXs: 1.4267659187316895, 70000 
2024-07-21 16:28:05,957 superfastpath.py [line:295] one_slot INFO AVG TPS: 12474, running time 5.611326, weighted delay: 1.390562 
2024-07-21 16:28:05,957 superfastpath.py [line:300] one_slot INFO output block for slot 14 taking 1.443629 sec 
2024-07-21 16:28:05,957 superfastpath.py [line:304] one_slot INFO Leaving slot 15 
2024-07-21 16:28:05,957 superfastpath.py [line:230] one_slot INFO Entering slot 16 
2024-07-21 16:28:06,594 superfastpath.py [line:246] one_slot INFO pending block 16 in 0.637197 
2024-07-21 16:28:06,595 superfastpath.py [line:255] one_slot INFO 2pending block 16 in 0.637356 
2024-07-21 16:28:06,595 superfastpath.py [line:273] one_slot INFO read pending block 16 in 0.637713 
2024-07-21 16:28:06,595 superfastpath.py [line:282] one_slot INFO 3pending block 16 in 0.637793 
2024-07-21 16:28:06,595 superfastpath.py [line:286] one_slot INFO delay block 15 in 1.337564 
2024-07-21 16:28:06,643 superfastpath.py [line:293] one_slot INFO Fast block at Node 14 for Epoch sidAFAST0 and Slot 15 has delay, TPS and TXs: 1.3375635147094727, 80000 
2024-07-21 16:28:06,646 superfastpath.py [line:295] one_slot INFO AVG TPS: 12698, running time 6.300160, weighted delay: 1.383937 
2024-07-21 16:28:06,646 superfastpath.py [line:300] one_slot INFO output block for slot 15 taking 1.388331 sec 
2024-07-21 16:28:06,646 superfastpath.py [line:304] one_slot INFO Leaving slot 16 
2024-07-21 16:28:06,646 superfastpath.py [line:369] sufastpath INFO Leaves fastpath at 17 slot 
2024-07-21 16:28:06,651 Superfast.py [line:308] wait_for_fastpath INFO Fastpath of epoch 0 completed 
2024-07-21 16:28:06,651 Superfast.py [line:337] _run_epoch INFO Fastpath tps: 12697 
2024-07-21 16:28:11,652 Superfast.py [line:208] run_bft INFO node 14 breaks in 15.048352 seconds in epoch 0 with total delivered Txs 0 and average delay 0.000000 
2024-07-21 16:30:05,951 sufp_node.py [line:79] run INFO node 14's starts to run consensus on process id 26254 
2024-07-21 16:30:05,951 sufp_node.py [line:80] run INFO parameters: N=16, f=5, S=15, T=5, fast-batch=10000, acs-batch=62, K=1, O=0 
2024-07-21 16:30:05,952 sufp_node.py [line:62] prepare_bootstrap INFO node id 14 is inserting dummy payload TXs 
2024-07-21 16:30:05,953 sufp_node.py [line:70] prepare_bootstrap INFO node id 14 just inserts 50000 TXs 
2024-07-21 16:30:05,953 sufp_node.py [line:70] prepare_bootstrap INFO node id 14 just inserts 50000 TXs 
2024-07-21 16:30:05,953 sufp_node.py [line:74] prepare_bootstrap INFO node id 14 completed the loading of dummy TXs 
2024-07-21 16:30:05,953 Superfast.py [line:178] run_bft INFO Node 14 starts to run at time:1721550605.9536686 
2024-07-21 16:30:05,953 Superfast.py [line:231] _run_epoch INFO Node enters epoch 0 
2024-07-21 16:30:05,955 superfastpath.py [line:43] sufastpath INFO Entering fast path 
2024-07-21 16:30:05,955 superfastpath.py [line:230] one_slot INFO Entering slot 1 
2024-07-21 16:30:06,823 superfastpath.py [line:246] one_slot INFO pending block 1 in 0.867848 
2024-07-21 16:30:06,824 superfastpath.py [line:255] one_slot INFO 2pending block 1 in 0.868091 
2024-07-21 16:30:06,841 superfastpath.py [line:273] one_slot INFO read pending block 1 in 0.885388 
2024-07-21 16:30:06,841 superfastpath.py [line:304] one_slot INFO Leaving slot 1 
2024-07-21 16:30:06,841 superfastpath.py [line:230] one_slot INFO Entering slot 2 
2024-07-21 16:30:07,100 superfastpath.py [line:246] one_slot INFO pending block 2 in 0.258365 
2024-07-21 16:30:07,100 superfastpath.py [line:255] one_slot INFO 2pending block 2 in 0.258565 
2024-07-21 16:30:07,113 superfastpath.py [line:273] one_slot INFO read pending block 2 in 0.271578 
2024-07-21 16:30:07,113 superfastpath.py [line:304] one_slot INFO Leaving slot 2 
2024-07-21 16:30:07,113 superfastpath.py [line:230] one_slot INFO Entering slot 3 
2024-07-21 16:30:07,203 superfastpath.py [line:246] one_slot INFO pending block 3 in 0.090014 
2024-07-21 16:30:07,204 superfastpath.py [line:255] one_slot INFO 2pending block 3 in 0.090353 
2024-07-21 16:30:07,233 superfastpath.py [line:273] one_slot INFO read pending block 3 in 0.119260 
2024-07-21 16:30:07,233 superfastpath.py [line:304] one_slot INFO Leaving slot 3 
2024-07-21 16:30:07,233 superfastpath.py [line:230] one_slot INFO Entering slot 4 
2024-07-21 16:30:07,975 superfastpath.py [line:246] one_slot INFO pending block 4 in 0.741788 
2024-07-21 16:30:07,975 superfastpath.py [line:255] one_slot INFO 2pending block 4 in 0.742055 
2024-07-21 16:30:07,999 superfastpath.py [line:273] one_slot INFO read pending block 4 in 0.765545 
2024-07-21 16:30:07,999 superfastpath.py [line:304] one_slot INFO Leaving slot 4 
2024-07-21 16:30:07,999 superfastpath.py [line:230] one_slot INFO Entering slot 5 
2024-07-21 16:30:08,651 superfastpath.py [line:246] one_slot INFO pending block 5 in 0.651403 
2024-07-21 16:30:08,651 superfastpath.py [line:255] one_slot INFO 2pending block 5 in 0.651657 
2024-07-21 16:30:08,664 superfastpath.py [line:273] one_slot INFO read pending block 5 in 0.665102 
2024-07-21 16:30:08,665 superfastpath.py [line:304] one_slot INFO Leaving slot 5 
2024-07-21 16:30:08,665 superfastpath.py [line:230] one_slot INFO Entering slot 6 
2024-07-21 16:30:09,352 superfastpath.py [line:246] one_slot INFO pending block 6 in 0.687495 
2024-07-21 16:30:09,353 superfastpath.py [line:255] one_slot INFO 2pending block 6 in 0.687757 
2024-07-21 16:30:09,369 superfastpath.py [line:273] one_slot INFO read pending block 6 in 0.704542 
2024-07-21 16:30:09,370 superfastpath.py [line:304] one_slot INFO Leaving slot 6 
2024-07-21 16:30:09,370 superfastpath.py [line:230] one_slot INFO Entering slot 7 
2024-07-21 16:30:10,098 superfastpath.py [line:246] one_slot INFO pending block 7 in 0.727907 
2024-07-21 16:30:10,098 superfastpath.py [line:255] one_slot INFO 2pending block 7 in 0.728275 
2024-07-21 16:30:10,124 superfastpath.py [line:273] one_slot INFO read pending block 7 in 0.754102 
2024-07-21 16:30:10,124 superfastpath.py [line:304] one_slot INFO Leaving slot 7 
2024-07-21 16:30:10,124 superfastpath.py [line:230] one_slot INFO Entering slot 8 
2024-07-21 16:30:10,760 superfastpath.py [line:246] one_slot INFO pending block 8 in 0.635303 
2024-07-21 16:30:10,760 superfastpath.py [line:255] one_slot INFO 2pending block 8 in 0.635568 
2024-07-21 16:30:10,781 superfastpath.py [line:273] one_slot INFO read pending block 8 in 0.656346 
2024-07-21 16:30:10,781 superfastpath.py [line:304] one_slot INFO Leaving slot 8 
2024-07-21 16:30:10,782 superfastpath.py [line:230] one_slot INFO Entering slot 9 
2024-07-21 16:30:11,485 superfastpath.py [line:246] one_slot INFO pending block 9 in 0.702413 
2024-07-21 16:30:11,485 superfastpath.py [line:255] one_slot INFO 2pending block 9 in 0.702847 
2024-07-21 16:30:11,499 superfastpath.py [line:273] one_slot INFO read pending block 9 in 0.716660 
2024-07-21 16:30:11,499 superfastpath.py [line:282] one_slot INFO 3pending block 9 in 0.716900 
2024-07-21 16:30:11,499 superfastpath.py [line:286] one_slot INFO delay block 8 in 1.374671 
2024-07-21 16:30:11,515 superfastpath.py [line:293] one_slot INFO Fast block at Node 14 for Epoch sidAFAST0 and Slot 8 has delay, TPS and TXs: 1.3746709823608398, 10000 
2024-07-21 16:30:11,516 superfastpath.py [line:295] one_slot INFO AVG TPS: 7186, running time 1.391443, weighted delay: 1.374671 
2024-07-21 16:30:11,516 superfastpath.py [line:300] one_slot INFO output block for slot 8 taking 1.391518 sec 
2024-07-21 16:30:11,516 superfastpath.py [line:304] one_slot INFO Leaving slot 9 
2024-07-21 16:30:11,516 superfastpath.py [line:230] one_slot INFO Entering slot 10 
2024-07-21 16:30:12,215 superfastpath.py [line:246] one_slot INFO pending block 10 in 0.698327 
2024-07-21 16:30:12,215 superfastpath.py [line:255] one_slot INFO 2pending block 10 in 0.698654 
2024-07-21 16:30:12,230 superfastpath.py [line:273] one_slot INFO read pending block 10 in 0.713735 
2024-07-21 16:30:12,230 superfastpath.py [line:282] one_slot INFO 3pending block 10 in 0.714060 
2024-07-21 16:30:12,231 superfastpath.py [line:286] one_slot INFO delay block 9 in 1.448483 
2024-07-21 16:30:12,250 superfastpath.py [line:293] one_slot INFO Fast block at Node 14 for Epoch sidAFAST0 and Slot 9 has delay, TPS and TXs: 1.4484827518463135, 20000 
2024-07-21 16:30:12,250 superfastpath.py [line:295] one_slot INFO AVG TPS: 9406, running time 2.126111, weighted delay: 1.411577 
2024-07-21 16:30:12,251 superfastpath.py [line:300] one_slot INFO output block for slot 9 taking 1.468482 sec 
2024-07-21 16:30:12,251 superfastpath.py [line:304] one_slot INFO Leaving slot 10 
2024-07-21 16:30:12,252 superfastpath.py [line:230] one_slot INFO Entering slot 11 
2024-07-21 16:30:13,015 superfastpath.py [line:246] one_slot INFO pending block 11 in 0.763468 
2024-07-21 16:30:13,015 superfastpath.py [line:255] one_slot INFO 2pending block 11 in 0.763728 
2024-07-21 16:30:13,037 superfastpath.py [line:273] one_slot INFO read pending block 11 in 0.785044 
2024-07-21 16:30:13,037 superfastpath.py [line:282] one_slot INFO 3pending block 11 in 0.785243 
2024-07-21 16:30:13,037 superfastpath.py [line:286] one_slot INFO delay block 10 in 1.520666 
2024-07-21 16:30:13,055 superfastpath.py [line:293] one_slot INFO Fast block at Node 14 for Epoch sidAFAST0 and Slot 10 has delay, TPS and TXs: 1.5206663608551025, 30000 
2024-07-21 16:30:13,056 superfastpath.py [line:295] one_slot INFO AVG TPS: 10234, running time 2.931313, weighted delay: 1.447940 
2024-07-21 16:30:13,057 superfastpath.py [line:300] one_slot INFO output block for slot 10 taking 1.540139 sec 
2024-07-21 16:30:13,057 superfastpath.py [line:304] one_slot INFO Leaving slot 11 
2024-07-21 16:30:13,057 superfastpath.py [line:230] one_slot INFO Entering slot 12 
2024-07-21 16:30:13,750 superfastpath.py [line:246] one_slot INFO pending block 12 in 0.692463 
2024-07-21 16:30:13,750 superfastpath.py [line:255] one_slot INFO 2pending block 12 in 0.692825 
2024-07-21 16:30:13,771 superfastpath.py [line:273] one_slot INFO read pending block 12 in 0.713917 
2024-07-21 16:30:13,772 superfastpath.py [line:282] one_slot INFO 3pending block 12 in 0.714329 
2024-07-21 16:30:13,772 superfastpath.py [line:286] one_slot INFO delay block 11 in 1.520013 
2024-07-21 16:30:13,786 superfastpath.py [line:293] one_slot INFO Fast block at Node 14 for Epoch sidAFAST0 and Slot 11 has delay, TPS and TXs: 1.520012617111206, 40000 
2024-07-21 16:30:13,787 superfastpath.py [line:295] one_slot INFO AVG TPS: 10922, running time 3.662316, weighted delay: 1.465958 
2024-07-21 16:30:13,787 superfastpath.py [line:300] one_slot INFO output block for slot 11 taking 1.535025 sec 
2024-07-21 16:30:13,787 superfastpath.py [line:304] one_slot INFO Leaving slot 12 
2024-07-21 16:30:13,787 superfastpath.py [line:230] one_slot INFO Entering slot 13 
2024-07-21 16:30:14,467 superfastpath.py [line:246] one_slot INFO pending block 13 in 0.679640 
2024-07-21 16:30:14,467 superfastpath.py [line:255] one_slot INFO 2pending block 13 in 0.679910 
2024-07-21 16:30:14,486 superfastpath.py [line:273] one_slot INFO read pending block 13 in 0.699015 
2024-07-21 16:30:14,486 superfastpath.py [line:282] one_slot INFO 3pending block 13 in 0.699350 
2024-07-21 16:30:14,487 superfastpath.py [line:286] one_slot INFO delay block 12 in 1.429306 
2024-07-21 16:30:14,501 superfastpath.py [line:293] one_slot INFO Fast block at Node 14 for Epoch sidAFAST0 and Slot 12 has delay, TPS and TXs: 1.4293055534362793, 50000 
2024-07-21 16:30:14,501 superfastpath.py [line:295] one_slot INFO AVG TPS: 11423, running time 4.377020, weighted delay: 1.458628 
2024-07-21 16:30:14,501 superfastpath.py [line:300] one_slot INFO output block for slot 12 taking 1.444263 sec 
2024-07-21 16:30:14,502 superfastpath.py [line:304] one_slot INFO Leaving slot 13 
2024-07-21 16:30:14,502 superfastpath.py [line:230] one_slot INFO Entering slot 14 
2024-07-21 16:30:15,247 superfastpath.py [line:246] one_slot INFO pending block 14 in 0.745261 
2024-07-21 16:30:15,248 superfastpath.py [line:255] one_slot INFO 2pending block 14 in 0.746181 
2024-07-21 16:30:15,273 superfastpath.py [line:273] one_slot INFO read pending block 14 in 0.771268 
2024-07-21 16:30:15,273 superfastpath.py [line:282] one_slot INFO 3pending block 14 in 0.771578 
2024-07-21 16:30:15,273 superfastpath.py [line:286] one_slot INFO delay block 13 in 1.486442 
2024-07-21 16:30:15,294 superfastpath.py [line:293] one_slot INFO Fast block at Node 14 for Epoch sidAFAST0 and Slot 13 has delay, TPS and TXs: 1.4864423274993896, 60000 
2024-07-21 16:30:15,295 superfastpath.py [line:295] one_slot INFO AVG TPS: 11604, running time 5.170268, weighted delay: 1.463263 
2024-07-21 16:30:15,295 superfastpath.py [line:300] one_slot INFO output block for slot 13 taking 1.508051 sec 
2024-07-21 16:30:15,295 superfastpath.py [line:304] one_slot INFO Leaving slot 14 
2024-07-21 16:30:15,295 superfastpath.py [line:230] one_slot INFO Entering slot 15 
2024-07-21 16:30:15,987 superfastpath.py [line:246] one_slot INFO pending block 15 in 0.692118 
2024-07-21 16:30:15,988 superfastpath.py [line:255] one_slot INFO 2pending block 15 in 0.692542 
2024-07-21 16:30:16,005 superfastpath.py [line:273] one_slot INFO read pending block 15 in 0.709350 
2024-07-21 16:30:16,005 superfastpath.py [line:282] one_slot INFO 3pending block 15 in 0.709621 
2024-07-21 16:30:16,005 superfastpath.py [line:286] one_slot INFO delay block 14 in 1.503320 
2024-07-21 16:30:16,022 superfastpath.py [line:293] one_slot INFO Fast block at Node 14 for Epoch sidAFAST0 and Slot 14 has delay, TPS and TXs: 1.5033197402954102, 70000 
2024-07-21 16:30:16,022 superfastpath.py [line:295] one_slot INFO AVG TPS: 11869, running time 5.897562, weighted delay: 1.468986 
2024-07-21 16:30:16,022 superfastpath.py [line:300] one_slot INFO output block for slot 14 taking 1.520225 sec 
2024-07-21 16:30:16,022 superfastpath.py [line:304] one_slot INFO Leaving slot 15 
2024-07-21 16:30:16,022 superfastpath.py [line:230] one_slot INFO Entering slot 16 
2024-07-21 16:30:16,593 superfastpath.py [line:246] one_slot INFO pending block 16 in 0.570306 
2024-07-21 16:30:16,594 superfastpath.py [line:255] one_slot INFO 2pending block 16 in 0.571683 
2024-07-21 16:30:16,594 superfastpath.py [line:273] one_slot INFO read pending block 16 in 0.571941 
2024-07-21 16:30:16,595 superfastpath.py [line:282] one_slot INFO 3pending block 16 in 0.572211 
2024-07-21 16:30:16,595 superfastpath.py [line:286] one_slot INFO delay block 15 in 1.300086 
2024-07-21 16:30:16,654 superfastpath.py [line:293] one_slot INFO Fast block at Node 14 for Epoch sidAFAST0 and Slot 15 has delay, TPS and TXs: 1.3000857830047607, 80000 
2024-07-21 16:30:16,655 superfastpath.py [line:295] one_slot INFO AVG TPS: 12250, running time 6.530197, weighted delay: 1.447873 
2024-07-21 16:30:16,655 superfastpath.py [line:300] one_slot INFO output block for slot 15 taking 1.359259 sec 
2024-07-21 16:30:16,655 superfastpath.py [line:304] one_slot INFO Leaving slot 16 
2024-07-21 16:30:16,655 superfastpath.py [line:369] sufastpath INFO Leaves fastpath at 17 slot 
2024-07-21 16:30:16,657 Superfast.py [line:308] wait_for_fastpath INFO Fastpath of epoch 0 completed 
2024-07-21 16:30:16,657 Superfast.py [line:337] _run_epoch INFO Fastpath tps: 12250 
2024-07-21 16:32:37,740 sufp_node.py [line:79] run INFO node 14's starts to run consensus on process id 26515 
2024-07-21 16:32:37,740 sufp_node.py [line:80] run INFO parameters: N=16, f=5, S=15, T=5, fast-batch=10000, acs-batch=62, K=1, O=0 
2024-07-21 16:32:37,740 sufp_node.py [line:62] prepare_bootstrap INFO node id 14 is inserting dummy payload TXs 
2024-07-21 16:32:37,741 sufp_node.py [line:70] prepare_bootstrap INFO node id 14 just inserts 50000 TXs 
2024-07-21 16:32:37,742 sufp_node.py [line:70] prepare_bootstrap INFO node id 14 just inserts 50000 TXs 
2024-07-21 16:32:37,742 sufp_node.py [line:74] prepare_bootstrap INFO node id 14 completed the loading of dummy TXs 
2024-07-21 16:32:37,742 Superfast.py [line:178] run_bft INFO Node 14 starts to run at time:1721550757.7426875 
2024-07-21 16:32:37,742 Superfast.py [line:231] _run_epoch INFO Node enters epoch 0 
2024-07-21 16:32:37,744 superfastpath.py [line:43] sufastpath INFO Entering fast path 
2024-07-21 16:32:37,744 superfastpath.py [line:230] one_slot INFO Entering slot 1 
2024-07-21 16:32:38,633 superfastpath.py [line:246] one_slot INFO pending block 1 in 0.888188 
2024-07-21 16:32:38,633 superfastpath.py [line:255] one_slot INFO 2pending block 1 in 0.888529 
2024-07-21 16:32:38,647 superfastpath.py [line:273] one_slot INFO read pending block 1 in 0.902462 
2024-07-21 16:32:38,647 superfastpath.py [line:304] one_slot INFO Leaving slot 1 
2024-07-21 16:32:38,647 superfastpath.py [line:230] one_slot INFO Entering slot 2 
2024-07-21 16:32:38,861 superfastpath.py [line:246] one_slot INFO pending block 2 in 0.213516 
2024-07-21 16:32:38,870 superfastpath.py [line:255] one_slot INFO 2pending block 2 in 0.222379 
2024-07-21 16:32:38,906 superfastpath.py [line:273] one_slot INFO read pending block 2 in 0.258850 
2024-07-21 16:32:38,906 superfastpath.py [line:304] one_slot INFO Leaving slot 2 
2024-07-21 16:32:38,906 superfastpath.py [line:230] one_slot INFO Entering slot 3 
2024-07-21 16:32:39,001 superfastpath.py [line:246] one_slot INFO pending block 3 in 0.094396 
2024-07-21 16:32:39,001 superfastpath.py [line:255] one_slot INFO 2pending block 3 in 0.094615 
2024-07-21 16:32:39,017 superfastpath.py [line:273] one_slot INFO read pending block 3 in 0.110531 
2024-07-21 16:32:39,018 superfastpath.py [line:304] one_slot INFO Leaving slot 3 
2024-07-21 16:32:39,018 superfastpath.py [line:230] one_slot INFO Entering slot 4 
2024-07-21 16:32:39,660 superfastpath.py [line:246] one_slot INFO pending block 4 in 0.641120 
2024-07-21 16:32:39,660 superfastpath.py [line:255] one_slot INFO 2pending block 4 in 0.641577 
2024-07-21 16:32:39,683 superfastpath.py [line:273] one_slot INFO read pending block 4 in 0.664259 
2024-07-21 16:32:39,683 superfastpath.py [line:304] one_slot INFO Leaving slot 4 
2024-07-21 16:32:39,683 superfastpath.py [line:230] one_slot INFO Entering slot 5 
2024-07-21 16:32:40,314 superfastpath.py [line:246] one_slot INFO pending block 5 in 0.630678 
2024-07-21 16:32:40,315 superfastpath.py [line:255] one_slot INFO 2pending block 5 in 0.631217 
2024-07-21 16:32:40,337 superfastpath.py [line:273] one_slot INFO read pending block 5 in 0.653441 
2024-07-21 16:32:40,337 superfastpath.py [line:304] one_slot INFO Leaving slot 5 
2024-07-21 16:32:40,337 superfastpath.py [line:230] one_slot INFO Entering slot 6 
2024-07-21 16:32:40,980 superfastpath.py [line:246] one_slot INFO pending block 6 in 0.642385 
2024-07-21 16:32:40,980 superfastpath.py [line:255] one_slot INFO 2pending block 6 in 0.642637 
2024-07-21 16:32:41,006 superfastpath.py [line:273] one_slot INFO read pending block 6 in 0.668546 
2024-07-21 16:32:41,006 superfastpath.py [line:304] one_slot INFO Leaving slot 6 
2024-07-21 16:32:41,006 superfastpath.py [line:230] one_slot INFO Entering slot 7 
2024-07-21 16:32:41,639 superfastpath.py [line:246] one_slot INFO pending block 7 in 0.632661 
2024-07-21 16:32:41,639 superfastpath.py [line:255] one_slot INFO 2pending block 7 in 0.632923 
2024-07-21 16:32:41,654 superfastpath.py [line:273] one_slot INFO read pending block 7 in 0.647191 
2024-07-21 16:32:41,654 superfastpath.py [line:304] one_slot INFO Leaving slot 7 
2024-07-21 16:32:41,654 superfastpath.py [line:230] one_slot INFO Entering slot 8 
2024-07-21 16:32:42,322 superfastpath.py [line:246] one_slot INFO pending block 8 in 0.667970 
2024-07-21 16:32:42,322 superfastpath.py [line:255] one_slot INFO 2pending block 8 in 0.668258 
2024-07-21 16:32:42,339 superfastpath.py [line:273] one_slot INFO read pending block 8 in 0.685181 
2024-07-21 16:32:42,339 superfastpath.py [line:304] one_slot INFO Leaving slot 8 
2024-07-21 16:32:42,340 superfastpath.py [line:230] one_slot INFO Entering slot 9 
2024-07-21 16:32:42,991 superfastpath.py [line:246] one_slot INFO pending block 9 in 0.650793 
2024-07-21 16:32:42,991 superfastpath.py [line:255] one_slot INFO 2pending block 9 in 0.651095 
2024-07-21 16:32:43,006 superfastpath.py [line:273] one_slot INFO read pending block 9 in 0.665725 
2024-07-21 16:32:43,006 superfastpath.py [line:282] one_slot INFO 3pending block 9 in 0.666058 
2024-07-21 16:32:43,006 superfastpath.py [line:286] one_slot INFO delay block 8 in 1.352018 
2024-07-21 16:32:43,025 superfastpath.py [line:293] one_slot INFO Fast block at Node 14 for Epoch sidAFAST0 and Slot 8 has delay, TPS and TXs: 1.352017879486084, 10000 
2024-07-21 16:32:43,026 superfastpath.py [line:295] one_slot INFO AVG TPS: 7289, running time 1.371788, weighted delay: 1.352018 
2024-07-21 16:32:43,026 superfastpath.py [line:300] one_slot INFO output block for slot 8 taking 1.371764 sec 
2024-07-21 16:32:43,026 superfastpath.py [line:304] one_slot INFO Leaving slot 9 
2024-07-21 16:32:43,026 superfastpath.py [line:230] one_slot INFO Entering slot 10 
2024-07-21 16:32:43,651 superfastpath.py [line:246] one_slot INFO pending block 10 in 0.625303 
2024-07-21 16:32:43,652 superfastpath.py [line:255] one_slot INFO 2pending block 10 in 0.625804 
2024-07-21 16:32:43,668 superfastpath.py [line:273] one_slot INFO read pending block 10 in 0.642240 
2024-07-21 16:32:43,668 superfastpath.py [line:282] one_slot INFO 3pending block 10 in 0.642469 
2024-07-21 16:32:43,669 superfastpath.py [line:286] one_slot INFO delay block 9 in 1.328794 
2024-07-21 16:32:43,683 superfastpath.py [line:293] one_slot INFO Fast block at Node 14 for Epoch sidAFAST0 and Slot 9 has delay, TPS and TXs: 1.3287935256958008, 20000 
2024-07-21 16:32:43,683 superfastpath.py [line:295] one_slot INFO AVG TPS: 9856, running time 2.029080, weighted delay: 1.340406 
2024-07-21 16:32:43,683 superfastpath.py [line:300] one_slot INFO output block for slot 9 taking 1.343254 sec 
2024-07-21 16:32:43,683 superfastpath.py [line:304] one_slot INFO Leaving slot 10 
2024-07-21 16:32:43,683 superfastpath.py [line:230] one_slot INFO Entering slot 11 
2024-07-21 16:32:44,391 superfastpath.py [line:246] one_slot INFO pending block 11 in 0.707899 
2024-07-21 16:32:44,392 superfastpath.py [line:255] one_slot INFO 2pending block 11 in 0.708158 
2024-07-21 16:32:44,410 superfastpath.py [line:273] one_slot INFO read pending block 11 in 0.726544 
2024-07-21 16:32:44,410 superfastpath.py [line:282] one_slot INFO 3pending block 11 in 0.726772 
2024-07-21 16:32:44,410 superfastpath.py [line:286] one_slot INFO delay block 10 in 1.384264 
2024-07-21 16:32:44,425 superfastpath.py [line:293] one_slot INFO Fast block at Node 14 for Epoch sidAFAST0 and Slot 10 has delay, TPS and TXs: 1.3842639923095703, 30000 
2024-07-21 16:32:44,425 superfastpath.py [line:295] one_slot INFO AVG TPS: 10824, running time 2.771570, weighted delay: 1.355025 
2024-07-21 16:32:44,426 superfastpath.py [line:300] one_slot INFO output block for slot 10 taking 1.399510 sec 
2024-07-21 16:32:44,426 superfastpath.py [line:304] one_slot INFO Leaving slot 11 
2024-07-21 16:32:44,426 superfastpath.py [line:230] one_slot INFO Entering slot 12 
2024-07-21 16:32:45,101 superfastpath.py [line:246] one_slot INFO pending block 12 in 0.674612 
2024-07-21 16:32:45,103 superfastpath.py [line:255] one_slot INFO 2pending block 12 in 0.677254 
2024-07-21 16:32:45,124 superfastpath.py [line:273] one_slot INFO read pending block 12 in 0.697940 
2024-07-21 16:32:45,124 superfastpath.py [line:282] one_slot INFO 3pending block 12 in 0.698164 
2024-07-21 16:32:45,124 superfastpath.py [line:286] one_slot INFO delay block 11 in 1.440751 
2024-07-21 16:32:45,147 superfastpath.py [line:293] one_slot INFO Fast block at Node 14 for Epoch sidAFAST0 and Slot 11 has delay, TPS and TXs: 1.4407505989074707, 40000 
2024-07-21 16:32:45,147 superfastpath.py [line:295] one_slot INFO AVG TPS: 11449, running time 3.493535, weighted delay: 1.376456 
2024-07-21 16:32:45,148 superfastpath.py [line:300] one_slot INFO output block for slot 11 taking 1.464563 sec 
2024-07-21 16:32:45,148 superfastpath.py [line:304] one_slot INFO Leaving slot 12 
2024-07-21 16:32:45,148 superfastpath.py [line:230] one_slot INFO Entering slot 13 
2024-07-21 16:32:45,754 superfastpath.py [line:246] one_slot INFO pending block 13 in 0.605468 
2024-07-21 16:32:45,754 superfastpath.py [line:255] one_slot INFO 2pending block 13 in 0.605759 
2024-07-21 16:32:45,768 superfastpath.py [line:273] one_slot INFO read pending block 13 in 0.619371 
2024-07-21 16:32:45,768 superfastpath.py [line:282] one_slot INFO 3pending block 13 in 0.619609 
2024-07-21 16:32:45,768 superfastpath.py [line:286] one_slot INFO delay block 12 in 1.342174 
2024-07-21 16:32:45,785 superfastpath.py [line:293] one_slot INFO Fast block at Node 14 for Epoch sidAFAST0 and Slot 12 has delay, TPS and TXs: 1.3421738147735596, 50000 
2024-07-21 16:32:45,786 superfastpath.py [line:295] one_slot INFO AVG TPS: 12101, running time 4.131867, weighted delay: 1.369600 
2024-07-21 16:32:45,786 superfastpath.py [line:300] one_slot INFO output block for slot 12 taking 1.360023 sec 
2024-07-21 16:32:45,786 superfastpath.py [line:304] one_slot INFO Leaving slot 13 
2024-07-21 16:32:45,786 superfastpath.py [line:230] one_slot INFO Entering slot 14 
2024-07-21 16:32:46,449 superfastpath.py [line:246] one_slot INFO pending block 14 in 0.662509 
2024-07-21 16:32:46,449 superfastpath.py [line:255] one_slot INFO 2pending block 14 in 0.662871 
2024-07-21 16:32:46,463 superfastpath.py [line:273] one_slot INFO read pending block 14 in 0.677015 
2024-07-21 16:32:46,463 superfastpath.py [line:282] one_slot INFO 3pending block 14 in 0.677213 
2024-07-21 16:32:46,464 superfastpath.py [line:286] one_slot INFO delay block 13 in 1.315207 
2024-07-21 16:32:46,478 superfastpath.py [line:293] one_slot INFO Fast block at Node 14 for Epoch sidAFAST0 and Slot 13 has delay, TPS and TXs: 1.3152074813842773, 60000 
2024-07-21 16:32:46,478 superfastpath.py [line:295] one_slot INFO AVG TPS: 12436, running time 4.824558, weighted delay: 1.360535 
2024-07-21 16:32:46,479 superfastpath.py [line:300] one_slot INFO output block for slot 13 taking 1.330158 sec 
2024-07-21 16:32:46,479 superfastpath.py [line:304] one_slot INFO Leaving slot 14 
2024-07-21 16:32:46,479 superfastpath.py [line:230] one_slot INFO Entering slot 15 
2024-07-21 16:32:47,132 superfastpath.py [line:246] one_slot INFO pending block 15 in 0.653043 
2024-07-21 16:32:47,132 superfastpath.py [line:255] one_slot INFO 2pending block 15 in 0.653308 
2024-07-21 16:32:47,150 superfastpath.py [line:273] one_slot INFO read pending block 15 in 0.670922 
2024-07-21 16:32:47,150 superfastpath.py [line:282] one_slot INFO 3pending block 15 in 0.671085 
2024-07-21 16:32:47,150 superfastpath.py [line:286] one_slot INFO delay block 14 in 1.363693 
2024-07-21 16:32:47,167 superfastpath.py [line:293] one_slot INFO Fast block at Node 14 for Epoch sidAFAST0 and Slot 14 has delay, TPS and TXs: 1.3636925220489502, 70000 
2024-07-21 16:32:47,167 superfastpath.py [line:295] one_slot INFO AVG TPS: 12696, running time 5.513216, weighted delay: 1.360986 
2024-07-21 16:32:47,168 superfastpath.py [line:300] one_slot INFO output block for slot 14 taking 1.381557 sec 
2024-07-21 16:32:47,168 superfastpath.py [line:304] one_slot INFO Leaving slot 15 
2024-07-21 16:32:47,168 superfastpath.py [line:230] one_slot INFO Entering slot 16 
2024-07-21 16:32:47,829 superfastpath.py [line:246] one_slot INFO pending block 16 in 0.661150 
2024-07-21 16:32:47,830 superfastpath.py [line:255] one_slot INFO 2pending block 16 in 0.661302 
2024-07-21 16:32:47,832 superfastpath.py [line:273] one_slot INFO read pending block 16 in 0.664054 
2024-07-21 16:32:47,832 superfastpath.py [line:282] one_slot INFO 3pending block 16 in 0.664189 
2024-07-21 16:32:47,832 superfastpath.py [line:286] one_slot INFO delay block 15 in 1.353703 
2024-07-21 16:32:47,897 superfastpath.py [line:293] one_slot INFO Fast block at Node 14 for Epoch sidAFAST0 and Slot 15 has delay, TPS and TXs: 1.3537027835845947, 80000 
2024-07-21 16:32:47,897 superfastpath.py [line:295] one_slot INFO AVG TPS: 12813, running time 6.243503, weighted delay: 1.360075 
2024-07-21 16:32:47,897 superfastpath.py [line:300] one_slot INFO output block for slot 15 taking 1.418667 sec 
2024-07-21 16:32:47,898 superfastpath.py [line:304] one_slot INFO Leaving slot 16 
2024-07-21 16:32:47,898 superfastpath.py [line:369] sufastpath INFO Leaves fastpath at 17 slot 
2024-07-21 16:32:47,898 Superfast.py [line:308] wait_for_fastpath INFO Fastpath of epoch 0 completed 
2024-07-21 16:32:47,898 Superfast.py [line:337] _run_epoch INFO Fastpath tps: 12812 
2024-07-21 16:35:18,453 sufp_node.py [line:79] run INFO node 14's starts to run consensus on process id 26777 
2024-07-21 16:35:18,454 sufp_node.py [line:80] run INFO parameters: N=16, f=5, S=15, T=5, fast-batch=10000, acs-batch=62, K=1, O=0 
2024-07-21 16:35:18,454 sufp_node.py [line:62] prepare_bootstrap INFO node id 14 is inserting dummy payload TXs 
2024-07-21 16:35:18,454 sufp_node.py [line:70] prepare_bootstrap INFO node id 14 just inserts 50000 TXs 
2024-07-21 16:35:18,454 sufp_node.py [line:70] prepare_bootstrap INFO node id 14 just inserts 50000 TXs 
2024-07-21 16:35:18,455 sufp_node.py [line:74] prepare_bootstrap INFO node id 14 completed the loading of dummy TXs 
2024-07-21 16:35:18,455 Superfast.py [line:178] run_bft INFO Node 14 starts to run at time:1721550918.455153 
2024-07-21 16:35:18,455 Superfast.py [line:231] _run_epoch INFO Node enters epoch 0 
2024-07-21 16:35:18,456 superfastpath.py [line:43] sufastpath INFO Entering fast path 
2024-07-21 16:35:18,456 superfastpath.py [line:230] one_slot INFO Entering slot 1 
2024-07-21 16:35:18,871 superfastpath.py [line:246] one_slot INFO pending block 1 in 0.414804 
2024-07-21 16:35:18,871 superfastpath.py [line:255] one_slot INFO 2pending block 1 in 0.414975 
2024-07-21 16:35:18,885 superfastpath.py [line:273] one_slot INFO read pending block 1 in 0.429075 
2024-07-21 16:35:18,885 superfastpath.py [line:304] one_slot INFO Leaving slot 1 
2024-07-21 16:35:18,885 superfastpath.py [line:230] one_slot INFO Entering slot 2 
2024-07-21 16:35:19,100 superfastpath.py [line:246] one_slot INFO pending block 2 in 0.214888 
2024-07-21 16:35:19,101 superfastpath.py [line:255] one_slot INFO 2pending block 2 in 0.215562 
2024-07-21 16:35:19,122 superfastpath.py [line:273] one_slot INFO read pending block 2 in 0.236953 
2024-07-21 16:35:19,122 superfastpath.py [line:304] one_slot INFO Leaving slot 2 
2024-07-21 16:35:19,123 superfastpath.py [line:230] one_slot INFO Entering slot 3 
2024-07-21 16:35:19,210 superfastpath.py [line:246] one_slot INFO pending block 3 in 0.087337 
2024-07-21 16:35:19,210 superfastpath.py [line:255] one_slot INFO 2pending block 3 in 0.087677 
2024-07-21 16:35:19,234 superfastpath.py [line:273] one_slot INFO read pending block 3 in 0.111151 
2024-07-21 16:35:19,234 superfastpath.py [line:304] one_slot INFO Leaving slot 3 
2024-07-21 16:35:19,234 superfastpath.py [line:230] one_slot INFO Entering slot 4 
2024-07-21 16:35:19,636 superfastpath.py [line:246] one_slot INFO pending block 4 in 0.401492 
2024-07-21 16:35:19,636 superfastpath.py [line:255] one_slot INFO 2pending block 4 in 0.401716 
2024-07-21 16:35:19,651 superfastpath.py [line:273] one_slot INFO read pending block 4 in 0.417006 
2024-07-21 16:35:19,652 superfastpath.py [line:304] one_slot INFO Leaving slot 4 
2024-07-21 16:35:19,652 superfastpath.py [line:230] one_slot INFO Entering slot 5 
2024-07-21 16:35:20,071 superfastpath.py [line:246] one_slot INFO pending block 5 in 0.418816 
2024-07-21 16:35:20,071 superfastpath.py [line:255] one_slot INFO 2pending block 5 in 0.419028 
2024-07-21 16:35:20,090 superfastpath.py [line:273] one_slot INFO read pending block 5 in 0.437925 
2024-07-21 16:35:20,090 superfastpath.py [line:304] one_slot INFO Leaving slot 5 
2024-07-21 16:35:20,090 superfastpath.py [line:230] one_slot INFO Entering slot 6 
2024-07-21 16:35:20,474 superfastpath.py [line:246] one_slot INFO pending block 6 in 0.383253 
2024-07-21 16:35:20,474 superfastpath.py [line:255] one_slot INFO 2pending block 6 in 0.383693 
2024-07-21 16:35:20,490 superfastpath.py [line:273] one_slot INFO read pending block 6 in 0.399937 
2024-07-21 16:35:20,491 superfastpath.py [line:304] one_slot INFO Leaving slot 6 
2024-07-21 16:35:20,491 superfastpath.py [line:230] one_slot INFO Entering slot 7 
2024-07-21 16:35:20,876 superfastpath.py [line:246] one_slot INFO pending block 7 in 0.385128 
2024-07-21 16:35:20,876 superfastpath.py [line:255] one_slot INFO 2pending block 7 in 0.385286 
2024-07-21 16:35:20,891 superfastpath.py [line:273] one_slot INFO read pending block 7 in 0.399708 
2024-07-21 16:35:20,891 superfastpath.py [line:304] one_slot INFO Leaving slot 7 
2024-07-21 16:35:20,891 superfastpath.py [line:230] one_slot INFO Entering slot 8 
2024-07-21 16:35:21,305 superfastpath.py [line:246] one_slot INFO pending block 8 in 0.413690 
2024-07-21 16:35:21,305 superfastpath.py [line:255] one_slot INFO 2pending block 8 in 0.413895 
2024-07-21 16:35:21,319 superfastpath.py [line:273] one_slot INFO read pending block 8 in 0.428398 
2024-07-21 16:35:21,320 superfastpath.py [line:304] one_slot INFO Leaving slot 8 
2024-07-21 16:35:21,320 superfastpath.py [line:230] one_slot INFO Entering slot 9 
2024-07-21 16:35:21,709 superfastpath.py [line:246] one_slot INFO pending block 9 in 0.388909 
2024-07-21 16:35:21,709 superfastpath.py [line:255] one_slot INFO 2pending block 9 in 0.389113 
2024-07-21 16:35:21,723 superfastpath.py [line:273] one_slot INFO read pending block 9 in 0.402745 
2024-07-21 16:35:21,723 superfastpath.py [line:282] one_slot INFO 3pending block 9 in 0.403131 
2024-07-21 16:35:21,723 superfastpath.py [line:286] one_slot INFO delay block 8 in 0.832275 
2024-07-21 16:35:21,739 superfastpath.py [line:293] one_slot INFO Fast block at Node 14 for Epoch sidAFAST0 and Slot 8 has delay, TPS and TXs: 0.832275390625, 10000 
2024-07-21 16:35:21,740 superfastpath.py [line:295] one_slot INFO AVG TPS: 11780, running time 0.848871, weighted delay: 0.832275 
2024-07-21 16:35:21,740 superfastpath.py [line:300] one_slot INFO output block for slot 8 taking 0.848893 sec 
2024-07-21 16:35:21,740 superfastpath.py [line:304] one_slot INFO Leaving slot 9 
2024-07-21 16:35:21,740 superfastpath.py [line:230] one_slot INFO Entering slot 10 
2024-07-21 16:35:22,132 superfastpath.py [line:246] one_slot INFO pending block 10 in 0.391396 
2024-07-21 16:35:22,132 superfastpath.py [line:255] one_slot INFO 2pending block 10 in 0.391595 
2024-07-21 16:35:22,146 superfastpath.py [line:273] one_slot INFO read pending block 10 in 0.406032 
2024-07-21 16:35:22,147 superfastpath.py [line:282] one_slot INFO 3pending block 10 in 0.406391 
2024-07-21 16:35:22,147 superfastpath.py [line:286] one_slot INFO delay block 9 in 0.826808 
2024-07-21 16:35:22,162 superfastpath.py [line:293] one_slot INFO Fast block at Node 14 for Epoch sidAFAST0 and Slot 9 has delay, TPS and TXs: 0.826807975769043, 20000 
2024-07-21 16:35:22,162 superfastpath.py [line:295] one_slot INFO AVG TPS: 15731, running time 1.271317, weighted delay: 0.829542 
2024-07-21 16:35:22,162 superfastpath.py [line:300] one_slot INFO output block for slot 9 taking 0.842343 sec 
2024-07-21 16:35:22,162 superfastpath.py [line:304] one_slot INFO Leaving slot 10 
2024-07-21 16:35:22,163 superfastpath.py [line:230] one_slot INFO Entering slot 11 
2024-07-21 16:35:22,616 superfastpath.py [line:246] one_slot INFO pending block 11 in 0.452966 
2024-07-21 16:35:22,616 superfastpath.py [line:255] one_slot INFO 2pending block 11 in 0.453125 
2024-07-21 16:35:22,632 superfastpath.py [line:273] one_slot INFO read pending block 11 in 0.469264 
2024-07-21 16:35:22,632 superfastpath.py [line:282] one_slot INFO 3pending block 11 in 0.469460 
2024-07-21 16:35:22,632 superfastpath.py [line:286] one_slot INFO delay block 10 in 0.891943 
2024-07-21 16:35:22,645 superfastpath.py [line:293] one_slot INFO Fast block at Node 14 for Epoch sidAFAST0 and Slot 10 has delay, TPS and TXs: 0.8919427394866943, 30000 
2024-07-21 16:35:22,645 superfastpath.py [line:295] one_slot INFO AVG TPS: 17100, running time 1.754323, weighted delay: 0.850342 
2024-07-21 16:35:22,646 superfastpath.py [line:300] one_slot INFO output block for slot 10 taking 0.905535 sec 
2024-07-21 16:35:22,646 superfastpath.py [line:304] one_slot INFO Leaving slot 11 
2024-07-21 16:35:22,646 superfastpath.py [line:230] one_slot INFO Entering slot 12 
2024-07-21 16:35:23,106 superfastpath.py [line:246] one_slot INFO pending block 12 in 0.459753 
2024-07-21 16:35:23,106 superfastpath.py [line:255] one_slot INFO 2pending block 12 in 0.460144 
2024-07-21 16:35:23,120 superfastpath.py [line:273] one_slot INFO read pending block 12 in 0.473778 
2024-07-21 16:35:23,120 superfastpath.py [line:282] one_slot INFO 3pending block 12 in 0.474190 
2024-07-21 16:35:23,120 superfastpath.py [line:286] one_slot INFO delay block 11 in 0.957851 
2024-07-21 16:35:23,142 superfastpath.py [line:293] one_slot INFO Fast block at Node 14 for Epoch sidAFAST0 and Slot 11 has delay, TPS and TXs: 0.9578506946563721, 40000 
2024-07-21 16:35:23,142 superfastpath.py [line:295] one_slot INFO AVG TPS: 17765, running time 2.251570, weighted delay: 0.877219 
2024-07-21 16:35:23,143 superfastpath.py [line:300] one_slot INFO output block for slot 11 taking 0.979856 sec 
2024-07-21 16:35:23,143 superfastpath.py [line:304] one_slot INFO Leaving slot 12 
2024-07-21 16:35:23,143 superfastpath.py [line:230] one_slot INFO Entering slot 13 
2024-07-21 16:35:23,563 superfastpath.py [line:246] one_slot INFO pending block 13 in 0.420352 
2024-07-21 16:35:23,563 superfastpath.py [line:255] one_slot INFO 2pending block 13 in 0.420512 
2024-07-21 16:35:23,584 superfastpath.py [line:273] one_slot INFO read pending block 13 in 0.441549 
2024-07-21 16:35:23,585 superfastpath.py [line:282] one_slot INFO 3pending block 13 in 0.441844 
2024-07-21 16:35:23,585 superfastpath.py [line:286] one_slot INFO delay block 12 in 0.938617 
2024-07-21 16:35:23,604 superfastpath.py [line:293] one_slot INFO Fast block at Node 14 for Epoch sidAFAST0 and Slot 12 has delay, TPS and TXs: 0.9386165142059326, 50000 
2024-07-21 16:35:23,604 superfastpath.py [line:295] one_slot INFO AVG TPS: 18427, running time 2.713305, weighted delay: 0.889499 
2024-07-21 16:35:23,604 superfastpath.py [line:300] one_slot INFO output block for slot 12 taking 0.958068 sec 
2024-07-21 16:35:23,604 superfastpath.py [line:304] one_slot INFO Leaving slot 13 
2024-07-21 16:35:23,604 superfastpath.py [line:230] one_slot INFO Entering slot 14 
2024-07-21 16:35:23,995 superfastpath.py [line:246] one_slot INFO pending block 14 in 0.390780 
2024-07-21 16:35:23,996 superfastpath.py [line:255] one_slot INFO 2pending block 14 in 0.391585 
2024-07-21 16:35:24,016 superfastpath.py [line:273] one_slot INFO read pending block 14 in 0.410969 
2024-07-21 16:35:24,016 superfastpath.py [line:282] one_slot INFO 3pending block 14 in 0.411238 
2024-07-21 16:35:24,016 superfastpath.py [line:286] one_slot INFO delay block 13 in 0.873054 
2024-07-21 16:35:24,033 superfastpath.py [line:293] one_slot INFO Fast block at Node 14 for Epoch sidAFAST0 and Slot 13 has delay, TPS and TXs: 0.8730535507202148, 60000 
2024-07-21 16:35:24,034 superfastpath.py [line:295] one_slot INFO AVG TPS: 19091, running time 3.142771, weighted delay: 0.886758 
2024-07-21 16:35:24,034 superfastpath.py [line:300] one_slot INFO output block for slot 13 taking 0.891489 sec 
2024-07-21 16:35:24,035 superfastpath.py [line:304] one_slot INFO Leaving slot 14 
2024-07-21 16:35:24,035 superfastpath.py [line:230] one_slot INFO Entering slot 15 
2024-07-21 16:35:24,423 superfastpath.py [line:246] one_slot INFO pending block 15 in 0.388134 
2024-07-21 16:35:24,423 superfastpath.py [line:255] one_slot INFO 2pending block 15 in 0.388378 
2024-07-21 16:35:24,447 superfastpath.py [line:273] one_slot INFO read pending block 15 in 0.411448 
2024-07-21 16:35:24,447 superfastpath.py [line:282] one_slot INFO 3pending block 15 in 0.411793 
2024-07-21 16:35:24,447 superfastpath.py [line:286] one_slot INFO delay block 14 in 0.842431 
2024-07-21 16:35:24,461 superfastpath.py [line:293] one_slot INFO Fast block at Node 14 for Epoch sidAFAST0 and Slot 14 has delay, TPS and TXs: 0.842430591583252, 70000 
2024-07-21 16:35:24,471 superfastpath.py [line:295] one_slot INFO AVG TPS: 19551, running time 3.580240, weighted delay: 0.880425 
2024-07-21 16:35:24,471 superfastpath.py [line:300] one_slot INFO output block for slot 14 taking 0.866738 sec 
2024-07-21 16:35:24,471 superfastpath.py [line:304] one_slot INFO Leaving slot 15 
2024-07-21 16:35:24,472 superfastpath.py [line:230] one_slot INFO Entering slot 16 
2024-07-21 16:35:24,795 superfastpath.py [line:246] one_slot INFO pending block 16 in 0.322997 
2024-07-21 16:35:24,796 superfastpath.py [line:255] one_slot INFO 2pending block 16 in 0.324542 
2024-07-21 16:35:24,796 superfastpath.py [line:273] one_slot INFO read pending block 16 in 0.324697 
2024-07-21 16:35:24,796 superfastpath.py [line:282] one_slot INFO 3pending block 16 in 0.324770 
2024-07-21 16:35:24,797 superfastpath.py [line:286] one_slot INFO delay block 15 in 0.761485 
2024-07-21 16:35:24,846 superfastpath.py [line:293] one_slot INFO Fast block at Node 14 for Epoch sidAFAST0 and Slot 15 has delay, TPS and TXs: 0.7614853382110596, 80000 
2024-07-21 16:35:24,846 superfastpath.py [line:295] one_slot INFO AVG TPS: 20225, running time 3.955348, weighted delay: 0.865558 
2024-07-21 16:35:24,846 superfastpath.py [line:300] one_slot INFO output block for slot 15 taking 0.811323 sec 
2024-07-21 16:35:24,846 superfastpath.py [line:304] one_slot INFO Leaving slot 16 
2024-07-21 16:35:24,847 superfastpath.py [line:369] sufastpath INFO Leaves fastpath at 17 slot 
2024-07-21 16:35:24,849 Superfast.py [line:308] wait_for_fastpath INFO Fastpath of epoch 0 completed 
2024-07-21 16:35:24,854 Superfast.py [line:337] _run_epoch INFO Fastpath tps: 20224 
2024-07-21 16:35:29,856 Superfast.py [line:208] run_bft INFO node 14 breaks in 11.400817 seconds in epoch 0 with total delivered Txs 0 and average delay 0.000000 
2024-07-21 16:39:11,138 sufp_node.py [line:79] run INFO node 14's starts to run consensus on process id 27067 
2024-07-21 16:39:11,138 sufp_node.py [line:80] run INFO parameters: N=16, f=5, S=15, T=5, fast-batch=10000, acs-batch=62, K=1, O=0 
2024-07-21 16:39:11,138 sufp_node.py [line:62] prepare_bootstrap INFO node id 14 is inserting dummy payload TXs 
2024-07-21 16:39:11,139 sufp_node.py [line:70] prepare_bootstrap INFO node id 14 just inserts 50000 TXs 
2024-07-21 16:39:11,139 sufp_node.py [line:70] prepare_bootstrap INFO node id 14 just inserts 50000 TXs 
2024-07-21 16:39:11,139 sufp_node.py [line:74] prepare_bootstrap INFO node id 14 completed the loading of dummy TXs 
2024-07-21 16:39:11,139 Superfast.py [line:178] run_bft INFO Node 14 starts to run at time:1721551151.139572 
2024-07-21 16:39:11,139 Superfast.py [line:231] _run_epoch INFO Node enters epoch 0 
2024-07-21 16:39:11,140 superfastpath.py [line:43] sufastpath INFO Entering fast path 
2024-07-21 16:39:11,140 superfastpath.py [line:230] one_slot INFO Entering slot 1 
2024-07-21 16:39:11,972 superfastpath.py [line:246] one_slot INFO pending block 1 in 0.831096 
2024-07-21 16:39:11,972 superfastpath.py [line:255] one_slot INFO 2pending block 1 in 0.831254 
2024-07-21 16:39:11,985 superfastpath.py [line:273] one_slot INFO read pending block 1 in 0.844532 
2024-07-21 16:39:11,985 superfastpath.py [line:304] one_slot INFO Leaving slot 1 
2024-07-21 16:39:11,985 superfastpath.py [line:230] one_slot INFO Entering slot 2 
2024-07-21 16:39:12,218 superfastpath.py [line:246] one_slot INFO pending block 2 in 0.232600 
2024-07-21 16:39:12,218 superfastpath.py [line:255] one_slot INFO 2pending block 2 in 0.232798 
2024-07-21 16:39:12,237 superfastpath.py [line:273] one_slot INFO read pending block 2 in 0.251930 
2024-07-21 16:39:12,237 superfastpath.py [line:304] one_slot INFO Leaving slot 2 
2024-07-21 16:39:12,238 superfastpath.py [line:230] one_slot INFO Entering slot 3 
2024-07-21 16:39:17,246 superfastpath.py [line:362] sufastpath INFO Fastpath Timeout! 
2024-07-21 16:39:17,248 superfastpath.py [line:369] sufastpath INFO Leaves fastpath at 3 slot 
2024-07-21 16:39:17,253 Superfast.py [line:308] wait_for_fastpath INFO Fastpath of epoch 0 completed 
2024-07-21 16:39:22,254 Superfast.py [line:208] run_bft INFO node 14 breaks in 11.114583 seconds in epoch 0 with total delivered Txs 0 and average delay 0.000000 
2024-07-21 16:42:41,397 sufp_node.py [line:79] run INFO node 14's starts to run consensus on process id 27620 
2024-07-21 16:42:41,398 sufp_node.py [line:80] run INFO parameters: N=16, f=5, S=15, T=5, fast-batch=10000, acs-batch=62, K=1, O=0 
2024-07-21 16:42:41,398 sufp_node.py [line:62] prepare_bootstrap INFO node id 14 is inserting dummy payload TXs 
2024-07-21 16:42:41,399 sufp_node.py [line:70] prepare_bootstrap INFO node id 14 just inserts 50000 TXs 
2024-07-21 16:42:41,399 sufp_node.py [line:70] prepare_bootstrap INFO node id 14 just inserts 50000 TXs 
2024-07-21 16:42:41,399 sufp_node.py [line:74] prepare_bootstrap INFO node id 14 completed the loading of dummy TXs 
2024-07-21 16:42:41,400 Superfast.py [line:178] run_bft INFO Node 14 starts to run at time:1721551361.4001908 
2024-07-21 16:42:41,400 Superfast.py [line:231] _run_epoch INFO Node enters epoch 0 
2024-07-21 16:42:41,401 superfastpath.py [line:43] sufastpath INFO Entering fast path 
2024-07-21 16:42:41,402 superfastpath.py [line:230] one_slot INFO Entering slot 1 
2024-07-21 16:42:42,376 superfastpath.py [line:246] one_slot INFO pending block 1 in 0.974360 
2024-07-21 16:42:42,377 superfastpath.py [line:255] one_slot INFO 2pending block 1 in 0.974526 
2024-07-21 16:42:42,389 superfastpath.py [line:273] one_slot INFO read pending block 1 in 0.986966 
2024-07-21 16:42:42,389 superfastpath.py [line:304] one_slot INFO Leaving slot 1 
2024-07-21 16:42:42,389 superfastpath.py [line:230] one_slot INFO Entering slot 2 
2024-07-21 16:42:42,591 superfastpath.py [line:246] one_slot INFO pending block 2 in 0.201212 
2024-07-21 16:42:42,591 superfastpath.py [line:255] one_slot INFO 2pending block 2 in 0.201685 
2024-07-21 16:42:42,613 superfastpath.py [line:273] one_slot INFO read pending block 2 in 0.223420 
2024-07-21 16:42:42,613 superfastpath.py [line:304] one_slot INFO Leaving slot 2 
2024-07-21 16:42:42,613 superfastpath.py [line:230] one_slot INFO Entering slot 3 
2024-07-21 16:42:42,726 superfastpath.py [line:246] one_slot INFO pending block 3 in 0.112557 
2024-07-21 16:42:42,726 superfastpath.py [line:255] one_slot INFO 2pending block 3 in 0.112727 
2024-07-21 16:42:42,742 superfastpath.py [line:273] one_slot INFO read pending block 3 in 0.128759 
2024-07-21 16:42:42,742 superfastpath.py [line:304] one_slot INFO Leaving slot 3 
2024-07-21 16:42:42,743 superfastpath.py [line:230] one_slot INFO Entering slot 4 
2024-07-21 16:42:43,127 superfastpath.py [line:246] one_slot INFO pending block 4 in 0.384834 
2024-07-21 16:42:43,128 superfastpath.py [line:255] one_slot INFO 2pending block 4 in 0.385044 
2024-07-21 16:42:43,142 superfastpath.py [line:273] one_slot INFO read pending block 4 in 0.399089 
2024-07-21 16:42:43,142 superfastpath.py [line:304] one_slot INFO Leaving slot 4 
2024-07-21 16:42:43,142 superfastpath.py [line:230] one_slot INFO Entering slot 5 
2024-07-21 16:42:43,529 superfastpath.py [line:246] one_slot INFO pending block 5 in 0.386786 
2024-07-21 16:42:43,529 superfastpath.py [line:255] one_slot INFO 2pending block 5 in 0.387003 
2024-07-21 16:42:43,547 superfastpath.py [line:273] one_slot INFO read pending block 5 in 0.405180 
2024-07-21 16:42:43,548 superfastpath.py [line:304] one_slot INFO Leaving slot 5 
2024-07-21 16:42:43,548 superfastpath.py [line:230] one_slot INFO Entering slot 6 
2024-07-21 16:42:43,928 superfastpath.py [line:246] one_slot INFO pending block 6 in 0.379771 
2024-07-21 16:42:43,929 superfastpath.py [line:255] one_slot INFO 2pending block 6 in 0.380208 
2024-07-21 16:42:43,957 superfastpath.py [line:273] one_slot INFO read pending block 6 in 0.408657 
2024-07-21 16:42:43,957 superfastpath.py [line:304] one_slot INFO Leaving slot 6 
2024-07-21 16:42:43,958 superfastpath.py [line:230] one_slot INFO Entering slot 7 
2024-07-21 16:42:44,357 superfastpath.py [line:246] one_slot INFO pending block 7 in 0.399639 
2024-07-21 16:42:44,358 superfastpath.py [line:255] one_slot INFO 2pending block 7 in 0.399869 
2024-07-21 16:42:44,373 superfastpath.py [line:273] one_slot INFO read pending block 7 in 0.414966 
2024-07-21 16:42:44,373 superfastpath.py [line:304] one_slot INFO Leaving slot 7 
2024-07-21 16:42:44,373 superfastpath.py [line:230] one_slot INFO Entering slot 8 
2024-07-21 16:42:44,777 superfastpath.py [line:246] one_slot INFO pending block 8 in 0.403696 
2024-07-21 16:42:44,777 superfastpath.py [line:255] one_slot INFO 2pending block 8 in 0.403948 
2024-07-21 16:42:44,796 superfastpath.py [line:273] one_slot INFO read pending block 8 in 0.423021 
2024-07-21 16:42:44,796 superfastpath.py [line:304] one_slot INFO Leaving slot 8 
2024-07-21 16:42:44,797 superfastpath.py [line:230] one_slot INFO Entering slot 9 
2024-07-21 16:42:45,204 superfastpath.py [line:246] one_slot INFO pending block 9 in 0.407051 
2024-07-21 16:42:45,204 superfastpath.py [line:255] one_slot INFO 2pending block 9 in 0.407220 
2024-07-21 16:42:45,228 superfastpath.py [line:273] one_slot INFO read pending block 9 in 0.431355 
2024-07-21 16:42:45,228 superfastpath.py [line:282] one_slot INFO 3pending block 9 in 0.431550 
2024-07-21 16:42:45,228 superfastpath.py [line:286] one_slot INFO delay block 8 in 0.855120 
2024-07-21 16:42:45,254 superfastpath.py [line:293] one_slot INFO Fast block at Node 14 for Epoch sidAFAST0 and Slot 8 has delay, TPS and TXs: 0.8551199436187744, 10000 
2024-07-21 16:42:45,254 superfastpath.py [line:295] one_slot INFO AVG TPS: 11352, running time 0.880853, weighted delay: 0.855120 
2024-07-21 16:42:45,254 superfastpath.py [line:300] one_slot INFO output block for slot 8 taking 0.880819 sec 
2024-07-21 16:42:45,254 superfastpath.py [line:304] one_slot INFO Leaving slot 9 
2024-07-21 16:42:45,254 superfastpath.py [line:230] one_slot INFO Entering slot 10 
2024-07-21 16:42:45,698 superfastpath.py [line:246] one_slot INFO pending block 10 in 0.443659 
2024-07-21 16:42:45,698 superfastpath.py [line:255] one_slot INFO 2pending block 10 in 0.443944 
2024-07-21 16:42:45,719 superfastpath.py [line:273] one_slot INFO read pending block 10 in 0.464150 
2024-07-21 16:42:45,719 superfastpath.py [line:282] one_slot INFO 3pending block 10 in 0.464341 
2024-07-21 16:42:45,719 superfastpath.py [line:286] one_slot INFO delay block 9 in 0.922065 
2024-07-21 16:42:45,734 superfastpath.py [line:293] one_slot INFO Fast block at Node 14 for Epoch sidAFAST0 and Slot 9 has delay, TPS and TXs: 0.9220654964447021, 20000 
2024-07-21 16:42:45,735 superfastpath.py [line:295] one_slot INFO AVG TPS: 14689, running time 1.361521, weighted delay: 0.888593 
2024-07-21 16:42:45,735 superfastpath.py [line:300] one_slot INFO output block for slot 9 taking 0.938020 sec 
2024-07-21 16:42:45,735 superfastpath.py [line:304] one_slot INFO Leaving slot 10 
2024-07-21 16:42:45,735 superfastpath.py [line:230] one_slot INFO Entering slot 11 
2024-07-21 16:42:46,079 superfastpath.py [line:246] one_slot INFO pending block 11 in 0.343434 
2024-07-21 16:42:46,079 superfastpath.py [line:255] one_slot INFO 2pending block 11 in 0.343775 
2024-07-21 16:42:46,100 superfastpath.py [line:273] one_slot INFO read pending block 11 in 0.364719 
2024-07-21 16:42:46,100 superfastpath.py [line:282] one_slot INFO 3pending block 11 in 0.364926 
2024-07-21 16:42:46,100 superfastpath.py [line:286] one_slot INFO delay block 10 in 0.845742 
2024-07-21 16:42:46,117 superfastpath.py [line:293] one_slot INFO Fast block at Node 14 for Epoch sidAFAST0 and Slot 10 has delay, TPS and TXs: 0.8457415103912354, 30000 
2024-07-21 16:42:46,117 superfastpath.py [line:295] one_slot INFO AVG TPS: 17200, running time 1.744161, weighted delay: 0.874309 
2024-07-21 16:42:46,117 superfastpath.py [line:300] one_slot INFO output block for slot 10 taking 0.863045 sec 
2024-07-21 16:42:46,117 superfastpath.py [line:304] one_slot INFO Leaving slot 11 
2024-07-21 16:42:46,118 superfastpath.py [line:230] one_slot INFO Entering slot 12 
2024-07-21 16:42:46,529 superfastpath.py [line:246] one_slot INFO pending block 12 in 0.411662 
2024-07-21 16:42:46,530 superfastpath.py [line:255] one_slot INFO 2pending block 12 in 0.411843 
2024-07-21 16:42:46,546 superfastpath.py [line:273] one_slot INFO read pending block 12 in 0.428215 
2024-07-21 16:42:46,546 superfastpath.py [line:282] one_slot INFO 3pending block 12 in 0.428444 
2024-07-21 16:42:46,546 superfastpath.py [line:286] one_slot INFO delay block 11 in 0.811211 
2024-07-21 16:42:46,566 superfastpath.py [line:293] one_slot INFO Fast block at Node 14 for Epoch sidAFAST0 and Slot 11 has delay, TPS and TXs: 0.8112108707427979, 40000 
2024-07-21 16:42:46,566 superfastpath.py [line:295] one_slot INFO AVG TPS: 18237, running time 2.193255, weighted delay: 0.858534 
2024-07-21 16:42:46,566 superfastpath.py [line:300] one_slot INFO output block for slot 11 taking 0.831422 sec 
2024-07-21 16:42:46,567 superfastpath.py [line:304] one_slot INFO Leaving slot 12 
2024-07-21 16:42:46,567 superfastpath.py [line:230] one_slot INFO Entering slot 13 
2024-07-21 16:42:47,035 superfastpath.py [line:246] one_slot INFO pending block 13 in 0.468585 
2024-07-21 16:42:47,036 superfastpath.py [line:255] one_slot INFO 2pending block 13 in 0.468962 
2024-07-21 16:42:47,056 superfastpath.py [line:273] one_slot INFO read pending block 13 in 0.489072 
2024-07-21 16:42:47,056 superfastpath.py [line:282] one_slot INFO 3pending block 13 in 0.489335 
2024-07-21 16:42:47,056 superfastpath.py [line:286] one_slot INFO delay block 12 in 0.938499 
2024-07-21 16:42:47,077 superfastpath.py [line:293] one_slot INFO Fast block at Node 14 for Epoch sidAFAST0 and Slot 12 has delay, TPS and TXs: 0.9384994506835938, 50000 
2024-07-21 16:42:47,077 superfastpath.py [line:295] one_slot INFO AVG TPS: 18489, running time 2.704270, weighted delay: 0.874527 
2024-07-21 16:42:47,077 superfastpath.py [line:300] one_slot INFO output block for slot 12 taking 0.959772 sec 
2024-07-21 16:42:47,078 superfastpath.py [line:304] one_slot INFO Leaving slot 13 
2024-07-21 16:42:47,078 superfastpath.py [line:230] one_slot INFO Entering slot 14 
2024-07-21 16:42:47,458 superfastpath.py [line:246] one_slot INFO pending block 14 in 0.379563 
2024-07-21 16:42:47,458 superfastpath.py [line:255] one_slot INFO 2pending block 14 in 0.379799 
2024-07-21 16:42:47,478 superfastpath.py [line:273] one_slot INFO read pending block 14 in 0.399475 
2024-07-21 16:42:47,478 superfastpath.py [line:282] one_slot INFO 3pending block 14 in 0.399689 
2024-07-21 16:42:47,478 superfastpath.py [line:286] one_slot INFO delay block 13 in 0.911079 
2024-07-21 16:42:47,495 superfastpath.py [line:293] one_slot INFO Fast block at Node 14 for Epoch sidAFAST0 and Slot 13 has delay, TPS and TXs: 0.911078929901123, 60000 
2024-07-21 16:42:47,495 superfastpath.py [line:295] one_slot INFO AVG TPS: 19218, running time 3.122061, weighted delay: 0.880619 
2024-07-21 16:42:47,495 superfastpath.py [line:300] one_slot INFO output block for slot 13 taking 0.928514 sec 
2024-07-21 16:42:47,495 superfastpath.py [line:304] one_slot INFO Leaving slot 14 
2024-07-21 16:42:47,496 superfastpath.py [line:230] one_slot INFO Entering slot 15 
2024-07-21 16:42:47,867 superfastpath.py [line:246] one_slot INFO pending block 15 in 0.370877 
2024-07-21 16:42:47,867 superfastpath.py [line:255] one_slot INFO 2pending block 15 in 0.371049 
2024-07-21 16:42:47,881 superfastpath.py [line:273] one_slot INFO read pending block 15 in 0.384760 
2024-07-21 16:42:47,881 superfastpath.py [line:282] one_slot INFO 3pending block 15 in 0.384988 
2024-07-21 16:42:47,881 superfastpath.py [line:286] one_slot INFO delay block 14 in 0.802751 
2024-07-21 16:42:47,896 superfastpath.py [line:293] one_slot INFO Fast block at Node 14 for Epoch sidAFAST0 and Slot 14 has delay, TPS and TXs: 0.8027510643005371, 70000 
2024-07-21 16:42:47,896 superfastpath.py [line:295] one_slot INFO AVG TPS: 19871, running time 3.522582, weighted delay: 0.869495 
2024-07-21 16:42:47,896 superfastpath.py [line:300] one_slot INFO output block for slot 14 taking 0.817720 sec 
2024-07-21 16:42:47,896 superfastpath.py [line:304] one_slot INFO Leaving slot 15 
2024-07-21 16:42:47,896 superfastpath.py [line:230] one_slot INFO Entering slot 16 
2024-07-21 16:42:48,216 superfastpath.py [line:246] one_slot INFO pending block 16 in 0.320093 
2024-07-21 16:42:48,216 superfastpath.py [line:255] one_slot INFO 2pending block 16 in 0.320298 
2024-07-21 16:42:48,217 superfastpath.py [line:273] one_slot INFO read pending block 16 in 0.320452 
2024-07-21 16:42:48,217 superfastpath.py [line:282] one_slot INFO 3pending block 16 in 0.320543 
2024-07-21 16:42:48,217 superfastpath.py [line:286] one_slot INFO delay block 15 in 0.721009 
2024-07-21 16:42:48,275 superfastpath.py [line:293] one_slot INFO Fast block at Node 14 for Epoch sidAFAST0 and Slot 15 has delay, TPS and TXs: 0.7210087776184082, 80000 
2024-07-21 16:42:48,275 superfastpath.py [line:295] one_slot INFO AVG TPS: 20500, running time 3.902354, weighted delay: 0.850935 
2024-07-21 16:42:48,276 superfastpath.py [line:300] one_slot INFO output block for slot 15 taking 0.779824 sec 
2024-07-21 16:42:48,276 superfastpath.py [line:304] one_slot INFO Leaving slot 16 
2024-07-21 16:42:48,276 superfastpath.py [line:369] sufastpath INFO Leaves fastpath at 17 slot 
2024-07-21 16:42:48,276 Superfast.py [line:308] wait_for_fastpath INFO Fastpath of epoch 0 completed 
2024-07-21 16:42:48,276 Superfast.py [line:337] _run_epoch INFO Fastpath tps: 20499 delay 0.850935 
2024-07-21 16:42:53,277 Superfast.py [line:208] run_bft INFO node 14 breaks in 11.876782 seconds in epoch 0 with total delivered Txs 0 and average delay 0.000000 
2024-07-21 17:23:11,289 sufp_node.py [line:79] run INFO node 14's starts to run consensus on process id 28279 
2024-07-21 17:23:11,289 sufp_node.py [line:80] run INFO parameters: N=16, f=5, S=15, T=5, fast-batch=10000, acs-batch=62, K=1, O=0 
2024-07-21 17:23:11,289 sufp_node.py [line:62] prepare_bootstrap INFO node id 14 is inserting dummy payload TXs 
2024-07-21 17:23:11,290 sufp_node.py [line:70] prepare_bootstrap INFO node id 14 just inserts 50000 TXs 
2024-07-21 17:23:11,290 sufp_node.py [line:70] prepare_bootstrap INFO node id 14 just inserts 50000 TXs 
2024-07-21 17:23:11,290 sufp_node.py [line:74] prepare_bootstrap INFO node id 14 completed the loading of dummy TXs 
2024-07-21 17:23:11,290 Superfast.py [line:178] run_bft INFO Node 14 starts to run at time:1721553791.290904 
2024-07-21 17:23:11,291 Superfast.py [line:231] _run_epoch INFO Node enters epoch 0 
2024-07-21 17:23:11,292 superfastpath_3.py [line:43] sufastpath INFO Entering fast path 
2024-07-21 17:23:11,292 superfastpath_3.py [line:232] one_slot INFO Entering slot 1 
2024-07-21 17:23:11,541 superfastpath_3.py [line:248] one_slot INFO pending block 1 in 0.186974 
2024-07-21 17:23:11,541 superfastpath_3.py [line:257] one_slot INFO 2pending block 1 in 0.187277 
2024-07-21 17:23:11,562 superfastpath_3.py [line:275] one_slot INFO read pending block 1 in 0.207811 
2024-07-21 17:23:11,562 superfastpath_3.py [line:306] one_slot INFO Leaving slot 1 
2024-07-21 17:23:11,562 superfastpath_3.py [line:232] one_slot INFO Entering slot 2 
2024-07-21 17:23:11,808 superfastpath_3.py [line:248] one_slot INFO pending block 2 in 0.197586 
2024-07-21 17:23:11,809 superfastpath_3.py [line:257] one_slot INFO 2pending block 2 in 0.197761 
2024-07-21 17:23:11,820 superfastpath_3.py [line:275] one_slot INFO read pending block 2 in 0.209378 
2024-07-21 17:23:11,820 superfastpath_3.py [line:306] one_slot INFO Leaving slot 2 
2024-07-21 17:23:11,821 superfastpath_3.py [line:232] one_slot INFO Entering slot 3 
2024-07-21 17:23:16,822 superfastpath_3.py [line:364] sufastpath INFO Fastpath Timeout! 
2024-07-21 17:23:16,822 superfastpath_3.py [line:371] sufastpath INFO Leaves fastpath at 3 slot 
2024-07-21 17:23:16,823 Superfast.py [line:308] wait_for_fastpath INFO Fastpath of epoch 0 completed 
2024-07-21 17:23:21,824 Superfast.py [line:208] run_bft INFO node 14 breaks in 10.533228 seconds in epoch 0 with total delivered Txs 0 and average delay 0.000000 
2024-07-21 17:26:58,693 sufp_node.py [line:79] run INFO node 14's starts to run consensus on process id 28560 
2024-07-21 17:26:58,693 sufp_node.py [line:80] run INFO parameters: N=16, f=5, S=15, T=5, fast-batch=10000, acs-batch=62, K=1, O=0 
2024-07-21 17:26:58,693 sufp_node.py [line:62] prepare_bootstrap INFO node id 14 is inserting dummy payload TXs 
2024-07-21 17:26:58,694 sufp_node.py [line:70] prepare_bootstrap INFO node id 14 just inserts 50000 TXs 
2024-07-21 17:26:58,694 sufp_node.py [line:70] prepare_bootstrap INFO node id 14 just inserts 50000 TXs 
2024-07-21 17:26:58,694 sufp_node.py [line:74] prepare_bootstrap INFO node id 14 completed the loading of dummy TXs 
2024-07-21 17:26:58,694 Superfast.py [line:178] run_bft INFO Node 14 starts to run at time:1721554018.6944752 
2024-07-21 17:26:58,694 Superfast.py [line:231] _run_epoch INFO Node enters epoch 0 
2024-07-21 17:26:58,695 superfastpath_3.py [line:43] sufastpath INFO Entering fast path 
2024-07-21 17:26:58,695 superfastpath_3.py [line:232] one_slot INFO Entering slot 1 
2024-07-21 17:26:59,538 superfastpath_3.py [line:248] one_slot INFO pending block 1 in 0.252571 
2024-07-21 17:26:59,538 superfastpath_3.py [line:257] one_slot INFO 2pending block 1 in 0.252744 
2024-07-21 17:26:59,555 superfastpath_3.py [line:275] one_slot INFO read pending block 1 in 0.270062 
2024-07-21 17:26:59,556 superfastpath_3.py [line:306] one_slot INFO Leaving slot 1 
2024-07-21 17:26:59,556 superfastpath_3.py [line:232] one_slot INFO Entering slot 2 
2024-07-21 17:26:59,838 superfastpath_3.py [line:248] one_slot INFO pending block 2 in 0.229465 
2024-07-21 17:26:59,838 superfastpath_3.py [line:257] one_slot INFO 2pending block 2 in 0.229647 
2024-07-21 17:26:59,854 superfastpath_3.py [line:275] one_slot INFO read pending block 2 in 0.245540 
2024-07-21 17:26:59,854 superfastpath_3.py [line:306] one_slot INFO Leaving slot 2 
2024-07-21 17:26:59,854 superfastpath_3.py [line:232] one_slot INFO Entering slot 3 
2024-07-21 17:26:59,969 superfastpath_3.py [line:248] one_slot INFO pending block 3 in 0.076976 
2024-07-21 17:26:59,970 superfastpath_3.py [line:257] one_slot INFO 2pending block 3 in 0.077194 
2024-07-21 17:26:59,987 superfastpath_3.py [line:275] one_slot INFO read pending block 3 in 0.094453 
2024-07-21 17:26:59,987 superfastpath_3.py [line:306] one_slot INFO Leaving slot 3 
2024-07-21 17:26:59,987 superfastpath_3.py [line:232] one_slot INFO Entering slot 4 
2024-07-21 17:27:00,442 superfastpath_3.py [line:248] one_slot INFO pending block 4 in 0.079213 
2024-07-21 17:27:00,442 superfastpath_3.py [line:257] one_slot INFO 2pending block 4 in 0.079411 
2024-07-21 17:27:00,459 superfastpath_3.py [line:275] one_slot INFO read pending block 4 in 0.095777 
2024-07-21 17:27:00,459 superfastpath_3.py [line:306] one_slot INFO Leaving slot 4 
2024-07-21 17:27:00,459 superfastpath_3.py [line:232] one_slot INFO Entering slot 5 
2024-07-21 17:27:00,867 superfastpath_3.py [line:248] one_slot INFO pending block 5 in 0.061821 
2024-07-21 17:27:00,867 superfastpath_3.py [line:257] one_slot INFO 2pending block 5 in 0.062024 
2024-07-21 17:27:00,882 superfastpath_3.py [line:275] one_slot INFO read pending block 5 in 0.077336 
2024-07-21 17:27:00,882 superfastpath_3.py [line:306] one_slot INFO Leaving slot 5 
2024-07-21 17:27:00,882 superfastpath_3.py [line:232] one_slot INFO Entering slot 6 
2024-07-21 17:27:01,298 superfastpath_3.py [line:248] one_slot INFO pending block 6 in 0.058069 
2024-07-21 17:27:01,298 superfastpath_3.py [line:257] one_slot INFO 2pending block 6 in 0.058289 
2024-07-21 17:27:01,317 superfastpath_3.py [line:275] one_slot INFO read pending block 6 in 0.076892 
2024-07-21 17:27:01,317 superfastpath_3.py [line:306] one_slot INFO Leaving slot 6 
2024-07-21 17:27:01,318 superfastpath_3.py [line:232] one_slot INFO Entering slot 7 
2024-07-21 17:27:01,743 superfastpath_3.py [line:248] one_slot INFO pending block 7 in 0.101191 
2024-07-21 17:27:01,743 superfastpath_3.py [line:257] one_slot INFO 2pending block 7 in 0.101393 
2024-07-21 17:27:01,778 superfastpath_3.py [line:275] one_slot INFO read pending block 7 in 0.136497 
2024-07-21 17:27:01,778 superfastpath_3.py [line:306] one_slot INFO Leaving slot 7 
2024-07-21 17:27:01,778 superfastpath_3.py [line:232] one_slot INFO Entering slot 8 
2024-07-21 17:27:02,146 superfastpath_3.py [line:248] one_slot INFO pending block 8 in 0.064961 
2024-07-21 17:27:02,147 superfastpath_3.py [line:257] one_slot INFO 2pending block 8 in 0.066734 
2024-07-21 17:27:02,167 superfastpath_3.py [line:275] one_slot INFO read pending block 8 in 0.086374 
2024-07-21 17:27:02,167 superfastpath_3.py [line:306] one_slot INFO Leaving slot 8 
2024-07-21 17:27:02,168 superfastpath_3.py [line:232] one_slot INFO Entering slot 9 
2024-07-21 17:27:02,584 superfastpath_3.py [line:248] one_slot INFO pending block 9 in 0.063101 
2024-07-21 17:27:02,584 superfastpath_3.py [line:257] one_slot INFO 2pending block 9 in 0.063297 
2024-07-21 17:27:02,609 superfastpath_3.py [line:275] one_slot INFO read pending block 9 in 0.087811 
2024-07-21 17:27:02,609 superfastpath_3.py [line:284] one_slot INFO 3pending block 9 in 0.088028 
2024-07-21 17:27:02,609 superfastpath_3.py [line:288] one_slot INFO delay block 8 in 0.528502 
2024-07-21 17:27:02,624 superfastpath_3.py [line:295] one_slot INFO Fast block at Node 14 for Epoch sidAFAST0 and Slot 8 has delay, TPS and TXs: 0.5285024642944336, 10000 
2024-07-21 17:27:02,625 superfastpath_3.py [line:297] one_slot INFO AVG TPS: 11816, running time 0.846272, weighted delay: 0.528502 
2024-07-21 17:27:02,625 superfastpath_3.py [line:302] one_slot INFO output block for slot 8 taking 0.543956 sec 
2024-07-21 17:27:02,625 superfastpath_3.py [line:306] one_slot INFO Leaving slot 9 
2024-07-21 17:27:02,625 superfastpath_3.py [line:232] one_slot INFO Entering slot 10 
2024-07-21 17:27:03,053 superfastpath_3.py [line:248] one_slot INFO pending block 10 in 0.061935 
2024-07-21 17:27:03,054 superfastpath_3.py [line:257] one_slot INFO 2pending block 10 in 0.062143 
2024-07-21 17:27:03,073 superfastpath_3.py [line:275] one_slot INFO read pending block 10 in 0.081589 
2024-07-21 17:27:03,073 superfastpath_3.py [line:284] one_slot INFO 3pending block 10 in 0.081743 
2024-07-21 17:27:03,073 superfastpath_3.py [line:288] one_slot INFO delay block 9 in 0.552215 
2024-07-21 17:27:03,091 superfastpath_3.py [line:295] one_slot INFO Fast block at Node 14 for Epoch sidAFAST0 and Slot 9 has delay, TPS and TXs: 0.5522146224975586, 20000 
2024-07-21 17:27:03,091 superfastpath_3.py [line:297] one_slot INFO AVG TPS: 15230, running time 1.313132, weighted delay: 0.540359 
2024-07-21 17:27:03,092 superfastpath_3.py [line:302] one_slot INFO output block for slot 9 taking 0.570461 sec 
2024-07-21 17:27:03,092 superfastpath_3.py [line:306] one_slot INFO Leaving slot 10 
2024-07-21 17:27:03,092 superfastpath_3.py [line:232] one_slot INFO Entering slot 11 
2024-07-21 17:27:03,521 superfastpath_3.py [line:248] one_slot INFO pending block 11 in 0.070568 
2024-07-21 17:27:03,521 superfastpath_3.py [line:257] one_slot INFO 2pending block 11 in 0.070749 
2024-07-21 17:27:03,550 superfastpath_3.py [line:275] one_slot INFO read pending block 11 in 0.099492 
2024-07-21 17:27:03,550 superfastpath_3.py [line:284] one_slot INFO 3pending block 11 in 0.099956 
2024-07-21 17:27:03,550 superfastpath_3.py [line:288] one_slot INFO delay block 10 in 0.558978 
2024-07-21 17:27:03,610 superfastpath_3.py [line:295] one_slot INFO Fast block at Node 14 for Epoch sidAFAST0 and Slot 10 has delay, TPS and TXs: 0.5589783191680908, 30000 
2024-07-21 17:27:03,610 superfastpath_3.py [line:297] one_slot INFO AVG TPS: 16380, running time 1.831446, weighted delay: 0.546565 
2024-07-21 17:27:03,610 superfastpath_3.py [line:302] one_slot INFO output block for slot 10 taking 0.618404 sec 
2024-07-21 17:27:03,610 superfastpath_3.py [line:306] one_slot INFO Leaving slot 11 
2024-07-21 17:27:03,610 superfastpath_3.py [line:232] one_slot INFO Entering slot 12 
2024-07-21 17:27:03,971 superfastpath_3.py [line:248] one_slot INFO pending block 12 in 0.056839 
2024-07-21 17:27:03,971 superfastpath_3.py [line:257] one_slot INFO 2pending block 12 in 0.057043 
2024-07-21 17:27:03,987 superfastpath_3.py [line:275] one_slot INFO read pending block 12 in 0.073118 
2024-07-21 17:27:03,987 superfastpath_3.py [line:284] one_slot INFO 3pending block 12 in 0.073288 
2024-07-21 17:27:03,987 superfastpath_3.py [line:288] one_slot INFO delay block 11 in 0.536611 
2024-07-21 17:27:04,004 superfastpath_3.py [line:295] one_slot INFO Fast block at Node 14 for Epoch sidAFAST0 and Slot 11 has delay, TPS and TXs: 0.5366106033325195, 40000 
2024-07-21 17:27:04,005 superfastpath_3.py [line:297] one_slot INFO AVG TPS: 17967, running time 2.226211, weighted delay: 0.544077 
2024-07-21 17:27:04,005 superfastpath_3.py [line:302] one_slot INFO output block for slot 11 taking 0.554938 sec 
2024-07-21 17:27:04,006 superfastpath_3.py [line:306] one_slot INFO Leaving slot 12 
2024-07-21 17:27:04,006 superfastpath_3.py [line:232] one_slot INFO Entering slot 13 
2024-07-21 17:27:04,456 superfastpath_3.py [line:248] one_slot INFO pending block 13 in 0.067353 
2024-07-21 17:27:04,474 superfastpath_3.py [line:257] one_slot INFO 2pending block 13 in 0.085030 
2024-07-21 17:27:04,497 superfastpath_3.py [line:275] one_slot INFO read pending block 13 in 0.108197 
2024-07-21 17:27:04,498 superfastpath_3.py [line:284] one_slot INFO 3pending block 13 in 0.108473 
2024-07-21 17:27:04,498 superfastpath_3.py [line:288] one_slot INFO delay block 12 in 0.584022 
2024-07-21 17:27:04,515 superfastpath_3.py [line:295] one_slot INFO Fast block at Node 14 for Epoch sidAFAST0 and Slot 12 has delay, TPS and TXs: 0.5840215682983398, 50000 
2024-07-21 17:27:04,515 superfastpath_3.py [line:297] one_slot INFO AVG TPS: 18270, running time 2.736712, weighted delay: 0.552066 
2024-07-21 17:27:04,515 superfastpath_3.py [line:302] one_slot INFO output block for slot 12 taking 0.601506 sec 
2024-07-21 17:27:04,515 superfastpath_3.py [line:306] one_slot INFO Leaving slot 13 
2024-07-21 17:27:04,515 superfastpath_3.py [line:232] one_slot INFO Entering slot 14 
2024-07-21 17:27:04,916 superfastpath_3.py [line:248] one_slot INFO pending block 14 in 0.063522 
2024-07-21 17:27:04,916 superfastpath_3.py [line:257] one_slot INFO 2pending block 14 in 0.063797 
2024-07-21 17:27:04,933 superfastpath_3.py [line:275] one_slot INFO read pending block 14 in 0.080456 
2024-07-21 17:27:04,933 superfastpath_3.py [line:284] one_slot INFO 3pending block 14 in 0.080728 
2024-07-21 17:27:04,933 superfastpath_3.py [line:288] one_slot INFO delay block 13 in 0.544138 
2024-07-21 17:27:04,951 superfastpath_3.py [line:295] one_slot INFO Fast block at Node 14 for Epoch sidAFAST0 and Slot 13 has delay, TPS and TXs: 0.5441384315490723, 60000 
2024-07-21 17:27:04,951 superfastpath_3.py [line:297] one_slot INFO AVG TPS: 18911, running time 3.172600, weighted delay: 0.550744 
2024-07-21 17:27:04,951 superfastpath_3.py [line:302] one_slot INFO output block for slot 13 taking 0.562003 sec 
2024-07-21 17:27:04,951 superfastpath_3.py [line:306] one_slot INFO Leaving slot 14 
2024-07-21 17:27:04,951 superfastpath_3.py [line:232] one_slot INFO Entering slot 15 
2024-07-21 17:27:05,387 superfastpath_3.py [line:248] one_slot INFO pending block 15 in 0.060942 
2024-07-21 17:27:05,396 superfastpath_3.py [line:257] one_slot INFO 2pending block 15 in 0.070265 
2024-07-21 17:27:05,412 superfastpath_3.py [line:275] one_slot INFO read pending block 15 in 0.086290 
2024-07-21 17:27:05,412 superfastpath_3.py [line:284] one_slot INFO 3pending block 15 in 0.086455 
2024-07-21 17:27:05,413 superfastpath_3.py [line:288] one_slot INFO delay block 14 in 0.560215 
2024-07-21 17:27:05,432 superfastpath_3.py [line:295] one_slot INFO Fast block at Node 14 for Epoch sidAFAST0 and Slot 14 has delay, TPS and TXs: 0.5602145195007324, 70000 
2024-07-21 17:27:05,432 superfastpath_3.py [line:297] one_slot INFO AVG TPS: 19160, running time 3.653420, weighted delay: 0.552097 
2024-07-21 17:27:05,432 superfastpath_3.py [line:302] one_slot INFO output block for slot 14 taking 0.579929 sec 
2024-07-21 17:27:05,432 superfastpath_3.py [line:306] one_slot INFO Leaving slot 15 
2024-07-21 17:27:05,433 superfastpath_3.py [line:232] one_slot INFO Entering slot 16 
2024-07-21 17:27:05,769 superfastpath_3.py [line:248] one_slot INFO pending block 16 in 0.017598 
2024-07-21 17:27:05,769 superfastpath_3.py [line:257] one_slot INFO 2pending block 16 in 0.017786 
2024-07-21 17:27:05,769 superfastpath_3.py [line:275] one_slot INFO read pending block 16 in 0.017936 
2024-07-21 17:27:05,769 superfastpath_3.py [line:284] one_slot INFO 3pending block 16 in 0.018029 
2024-07-21 17:27:05,769 superfastpath_3.py [line:288] one_slot INFO delay block 15 in 0.443439 
2024-07-21 17:27:05,835 superfastpath_3.py [line:295] one_slot INFO Fast block at Node 14 for Epoch sidAFAST0 and Slot 15 has delay, TPS and TXs: 0.4434390068054199, 80000 
2024-07-21 17:27:05,836 superfastpath_3.py [line:297] one_slot INFO AVG TPS: 19718, running time 4.057198, weighted delay: 0.538515 
2024-07-21 17:27:05,836 superfastpath_3.py [line:302] one_slot INFO output block for slot 15 taking 0.509642 sec 
2024-07-21 17:27:05,836 superfastpath_3.py [line:306] one_slot INFO Leaving slot 16 
2024-07-21 17:27:05,836 superfastpath_3.py [line:371] sufastpath INFO Leaves fastpath at 17 slot 
2024-07-21 17:27:05,836 Superfast.py [line:308] wait_for_fastpath INFO Fastpath of epoch 0 completed 
2024-07-21 17:27:05,836 Superfast.py [line:337] _run_epoch INFO Fastpath tps: 19717 delay 0.538515 
2024-07-21 17:30:44,217 sufp_node.py [line:79] run INFO node 14's starts to run consensus on process id 28859 
2024-07-21 17:30:44,217 sufp_node.py [line:80] run INFO parameters: N=16, f=5, S=15, T=5, fast-batch=1000, acs-batch=62, K=1, O=0 
2024-07-21 17:30:44,217 sufp_node.py [line:62] prepare_bootstrap INFO node id 14 is inserting dummy payload TXs 
2024-07-21 17:30:44,218 sufp_node.py [line:70] prepare_bootstrap INFO node id 14 just inserts 50000 TXs 
2024-07-21 17:30:44,218 sufp_node.py [line:70] prepare_bootstrap INFO node id 14 just inserts 50000 TXs 
2024-07-21 17:30:44,218 sufp_node.py [line:74] prepare_bootstrap INFO node id 14 completed the loading of dummy TXs 
2024-07-21 17:30:44,218 Superfast.py [line:178] run_bft INFO Node 14 starts to run at time:1721554244.2188632 
2024-07-21 17:30:44,219 Superfast.py [line:231] _run_epoch INFO Node enters epoch 0 
2024-07-21 17:30:44,219 superfastpath_3.py [line:43] sufastpath INFO Entering fast path 
2024-07-21 17:30:44,220 superfastpath_3.py [line:232] one_slot INFO Entering slot 1 
2024-07-21 17:30:45,004 superfastpath_3.py [line:248] one_slot INFO pending block 1 in 0.038692 
2024-07-21 17:30:45,005 superfastpath_3.py [line:257] one_slot INFO 2pending block 1 in 0.038879 
2024-07-21 17:30:45,006 superfastpath_3.py [line:275] one_slot INFO read pending block 1 in 0.040457 
2024-07-21 17:30:45,006 superfastpath_3.py [line:306] one_slot INFO Leaving slot 1 
2024-07-21 17:30:45,007 superfastpath_3.py [line:232] one_slot INFO Entering slot 2 
2024-07-21 17:30:45,087 superfastpath_3.py [line:248] one_slot INFO pending block 2 in 0.037576 
2024-07-21 17:30:45,088 superfastpath_3.py [line:257] one_slot INFO 2pending block 2 in 0.038033 
2024-07-21 17:30:45,092 superfastpath_3.py [line:275] one_slot INFO read pending block 2 in 0.041987 
2024-07-21 17:30:45,092 superfastpath_3.py [line:306] one_slot INFO Leaving slot 2 
2024-07-21 17:30:45,092 superfastpath_3.py [line:232] one_slot INFO Entering slot 3 
2024-07-21 17:30:45,116 superfastpath_3.py [line:248] one_slot INFO pending block 3 in 0.014706 
2024-07-21 17:30:45,116 superfastpath_3.py [line:257] one_slot INFO 2pending block 3 in 0.014928 
2024-07-21 17:30:45,118 superfastpath_3.py [line:275] one_slot INFO read pending block 3 in 0.016745 
2024-07-21 17:30:45,118 superfastpath_3.py [line:306] one_slot INFO Leaving slot 3 
2024-07-21 17:30:45,118 superfastpath_3.py [line:232] one_slot INFO Entering slot 4 
2024-07-21 17:30:45,184 superfastpath_3.py [line:248] one_slot INFO pending block 4 in 0.012636 
2024-07-21 17:30:45,185 superfastpath_3.py [line:257] one_slot INFO 2pending block 4 in 0.013613 
2024-07-21 17:30:45,188 superfastpath_3.py [line:275] one_slot INFO read pending block 4 in 0.017044 
2024-07-21 17:30:45,189 superfastpath_3.py [line:306] one_slot INFO Leaving slot 4 
2024-07-21 17:30:45,192 superfastpath_3.py [line:232] one_slot INFO Entering slot 5 
2024-07-21 17:30:45,271 superfastpath_3.py [line:248] one_slot INFO pending block 5 in 0.026612 
2024-07-21 17:30:45,273 superfastpath_3.py [line:257] one_slot INFO 2pending block 5 in 0.028320 
2024-07-21 17:30:45,276 superfastpath_3.py [line:275] one_slot INFO read pending block 5 in 0.031613 
2024-07-21 17:30:45,276 superfastpath_3.py [line:306] one_slot INFO Leaving slot 5 
2024-07-21 17:30:45,277 superfastpath_3.py [line:232] one_slot INFO Entering slot 6 
2024-07-21 17:30:50,278 superfastpath_3.py [line:364] sufastpath INFO Fastpath Timeout! 
2024-07-21 17:30:50,278 superfastpath_3.py [line:371] sufastpath INFO Leaves fastpath at 6 slot 
2024-07-21 17:30:50,278 Superfast.py [line:308] wait_for_fastpath INFO Fastpath of epoch 0 completed 
2024-07-21 17:30:55,279 Superfast.py [line:208] run_bft INFO node 14 breaks in 11.061055 seconds in epoch 0 with total delivered Txs 0 and average delay 0.000000 
2024-07-21 17:32:25,492 sufp_node.py [line:79] run INFO node 14's starts to run consensus on process id 29298 
2024-07-21 17:32:25,493 sufp_node.py [line:80] run INFO parameters: N=16, f=5, S=15, T=5, fast-batch=1000, acs-batch=62, K=1, O=0 
2024-07-21 17:32:25,493 sufp_node.py [line:62] prepare_bootstrap INFO node id 14 is inserting dummy payload TXs 
2024-07-21 17:32:25,493 sufp_node.py [line:70] prepare_bootstrap INFO node id 14 just inserts 50000 TXs 
2024-07-21 17:32:25,494 sufp_node.py [line:70] prepare_bootstrap INFO node id 14 just inserts 50000 TXs 
2024-07-21 17:32:25,494 sufp_node.py [line:74] prepare_bootstrap INFO node id 14 completed the loading of dummy TXs 
2024-07-21 17:32:25,494 Superfast.py [line:178] run_bft INFO Node 14 starts to run at time:1721554345.4946396 
2024-07-21 17:32:25,494 Superfast.py [line:231] _run_epoch INFO Node enters epoch 0 
2024-07-21 17:32:25,495 superfastpath_3.py [line:43] sufastpath INFO Entering fast path 
2024-07-21 17:32:25,496 superfastpath_3.py [line:232] one_slot INFO Entering slot 1 
2024-07-21 17:32:25,681 superfastpath_3.py [line:248] one_slot INFO pending block 1 in 0.040443 
2024-07-21 17:32:25,681 superfastpath_3.py [line:257] one_slot INFO 2pending block 1 in 0.040613 
2024-07-21 17:32:25,683 superfastpath_3.py [line:275] one_slot INFO read pending block 1 in 0.042436 
2024-07-21 17:32:25,683 superfastpath_3.py [line:306] one_slot INFO Leaving slot 1 
2024-07-21 17:32:25,684 superfastpath_3.py [line:232] one_slot INFO Entering slot 2 
2024-07-21 17:32:25,765 superfastpath_3.py [line:248] one_slot INFO pending block 2 in 0.036045 
2024-07-21 17:32:25,765 superfastpath_3.py [line:257] one_slot INFO 2pending block 2 in 0.036327 
2024-07-21 17:32:25,767 superfastpath_3.py [line:275] one_slot INFO read pending block 2 in 0.038416 
2024-07-21 17:32:25,767 superfastpath_3.py [line:306] one_slot INFO Leaving slot 2 
2024-07-21 17:32:25,768 superfastpath_3.py [line:232] one_slot INFO Entering slot 3 
2024-07-21 17:32:25,812 superfastpath_3.py [line:248] one_slot INFO pending block 3 in 0.022672 
2024-07-21 17:32:25,813 superfastpath_3.py [line:257] one_slot INFO 2pending block 3 in 0.023005 
2024-07-21 17:32:25,815 superfastpath_3.py [line:275] one_slot INFO read pending block 3 in 0.024817 
2024-07-21 17:32:25,815 superfastpath_3.py [line:306] one_slot INFO Leaving slot 3 
2024-07-21 17:32:25,815 superfastpath_3.py [line:232] one_slot INFO Entering slot 4 
2024-07-21 17:32:30,816 superfastpath_3.py [line:364] sufastpath INFO Fastpath Timeout! 
2024-07-21 17:32:30,817 superfastpath_3.py [line:371] sufastpath INFO Leaves fastpath at 4 slot 
2024-07-21 17:32:30,817 Superfast.py [line:308] wait_for_fastpath INFO Fastpath of epoch 0 completed 
2024-07-21 17:32:35,830 Superfast.py [line:208] run_bft INFO node 14 breaks in 10.335668 seconds in epoch 0 with total delivered Txs 0 and average delay 0.000000 
2024-07-21 17:39:26,149 sufp_node.py [line:79] run INFO node 14's starts to run consensus on process id 29659 
2024-07-21 17:39:26,150 sufp_node.py [line:80] run INFO parameters: N=16, f=5, S=15, T=5, fast-batch=1000, acs-batch=62, K=1, O=0 
2024-07-21 17:39:26,150 sufp_node.py [line:62] prepare_bootstrap INFO node id 14 is inserting dummy payload TXs 
2024-07-21 17:39:26,150 sufp_node.py [line:70] prepare_bootstrap INFO node id 14 just inserts 50000 TXs 
2024-07-21 17:39:26,151 sufp_node.py [line:70] prepare_bootstrap INFO node id 14 just inserts 50000 TXs 
2024-07-21 17:39:26,151 sufp_node.py [line:74] prepare_bootstrap INFO node id 14 completed the loading of dummy TXs 
2024-07-21 17:39:26,151 Superfast.py [line:178] run_bft INFO Node 14 starts to run at time:1721554766.1512063 
2024-07-21 17:39:26,151 Superfast.py [line:231] _run_epoch INFO Node enters epoch 0 
2024-07-21 17:39:26,152 superfastpath_3.py [line:43] sufastpath INFO Entering fast path 
2024-07-21 17:39:26,152 superfastpath_3.py [line:232] one_slot INFO Entering slot 1 
2024-07-21 17:39:26,541 superfastpath_3.py [line:248] one_slot INFO pending block 1 in 0.024503 
2024-07-21 17:39:26,541 superfastpath_3.py [line:257] one_slot INFO 2pending block 1 in 0.024673 
2024-07-21 17:39:26,542 superfastpath_3.py [line:275] one_slot INFO read pending block 1 in 0.026020 
2024-07-21 17:39:26,542 superfastpath_3.py [line:306] one_slot INFO Leaving slot 1 
2024-07-21 17:39:26,542 superfastpath_3.py [line:232] one_slot INFO Entering slot 2 
2024-07-21 17:39:26,616 superfastpath_3.py [line:248] one_slot INFO pending block 2 in 0.020892 
2024-07-21 17:39:26,616 superfastpath_3.py [line:257] one_slot INFO 2pending block 2 in 0.021045 
2024-07-21 17:39:26,625 superfastpath_3.py [line:275] one_slot INFO read pending block 2 in 0.030305 
2024-07-21 17:39:26,626 superfastpath_3.py [line:306] one_slot INFO Leaving slot 2 
2024-07-21 17:39:26,626 superfastpath_3.py [line:232] one_slot INFO Entering slot 3 
2024-07-21 17:39:26,676 superfastpath_3.py [line:248] one_slot INFO pending block 3 in 0.034280 
2024-07-21 17:39:26,678 superfastpath_3.py [line:257] one_slot INFO 2pending block 3 in 0.036181 
2024-07-21 17:39:26,682 superfastpath_3.py [line:275] one_slot INFO read pending block 3 in 0.039865 
2024-07-21 17:39:26,682 superfastpath_3.py [line:306] one_slot INFO Leaving slot 3 
2024-07-21 17:39:26,689 superfastpath_3.py [line:232] one_slot INFO Entering slot 4 
2024-07-21 17:39:31,690 superfastpath_3.py [line:364] sufastpath INFO Fastpath Timeout! 
2024-07-21 17:39:31,691 superfastpath_3.py [line:371] sufastpath INFO Leaves fastpath at 4 slot 
2024-07-21 17:39:31,691 Superfast.py [line:308] wait_for_fastpath INFO Fastpath of epoch 0 completed 
2024-07-21 17:39:36,693 Superfast.py [line:208] run_bft INFO node 14 breaks in 10.542204 seconds in epoch 0 with total delivered Txs 0 and average delay 0.000000 
2024-07-21 17:44:32,084 sufp_node.py [line:79] run INFO node 14's starts to run consensus on process id 29962 
2024-07-21 17:44:32,085 sufp_node.py [line:80] run INFO parameters: N=16, f=5, S=15, T=5, fast-batch=1000, acs-batch=62, K=1, O=0 
2024-07-21 17:44:32,085 sufp_node.py [line:62] prepare_bootstrap INFO node id 14 is inserting dummy payload TXs 
2024-07-21 17:44:32,086 sufp_node.py [line:70] prepare_bootstrap INFO node id 14 just inserts 50000 TXs 
2024-07-21 17:44:32,087 sufp_node.py [line:70] prepare_bootstrap INFO node id 14 just inserts 50000 TXs 
2024-07-21 17:44:32,087 sufp_node.py [line:74] prepare_bootstrap INFO node id 14 completed the loading of dummy TXs 
2024-07-21 17:44:32,087 Superfast.py [line:178] run_bft INFO Node 14 starts to run at time:1721555072.0876803 
2024-07-21 17:44:32,088 Superfast.py [line:231] _run_epoch INFO Node enters epoch 0 
2024-07-21 17:44:32,089 superfastpath_3.py [line:43] sufastpath INFO Entering fast path 
2024-07-21 17:44:32,091 superfastpath_3.py [line:232] one_slot INFO Entering slot 1 
2024-07-21 17:44:32,846 superfastpath_3.py [line:250] one_slot INFO pending block 1 in 0.040995 
2024-07-21 17:44:32,846 superfastpath_3.py [line:259] one_slot INFO 2pending block 1 in 0.041183 
2024-07-21 17:44:32,848 superfastpath_3.py [line:277] one_slot INFO read pending block 1 in 0.042663 
2024-07-21 17:44:32,848 superfastpath_3.py [line:308] one_slot INFO Leaving slot 1 
2024-07-21 17:44:32,848 superfastpath_3.py [line:232] one_slot INFO Entering slot 2 
2024-07-21 17:44:32,901 superfastpath_3.py [line:250] one_slot INFO pending block 2 in 0.016356 
2024-07-21 17:44:32,901 superfastpath_3.py [line:259] one_slot INFO 2pending block 2 in 0.016628 
2024-07-21 17:44:32,903 superfastpath_3.py [line:277] one_slot INFO read pending block 2 in 0.018279 
2024-07-21 17:44:32,903 superfastpath_3.py [line:308] one_slot INFO Leaving slot 2 
2024-07-21 17:44:32,903 superfastpath_3.py [line:232] one_slot INFO Entering slot 3 
2024-07-21 17:44:32,949 superfastpath_3.py [line:250] one_slot INFO pending block 3 in 0.027560 
2024-07-21 17:44:32,949 superfastpath_3.py [line:259] one_slot INFO 2pending block 3 in 0.028243 
2024-07-21 17:44:32,951 superfastpath_3.py [line:277] one_slot INFO read pending block 3 in 0.029804 
2024-07-21 17:44:32,951 superfastpath_3.py [line:308] one_slot INFO Leaving slot 3 
2024-07-21 17:44:32,951 superfastpath_3.py [line:232] one_slot INFO Entering slot 4 
2024-07-21 17:44:37,952 superfastpath_3.py [line:366] sufastpath INFO Fastpath Timeout! 
2024-07-21 17:44:37,952 superfastpath_3.py [line:373] sufastpath INFO Leaves fastpath at 4 slot 
2024-07-21 17:44:37,953 Superfast.py [line:308] wait_for_fastpath INFO Fastpath of epoch 0 completed 
2024-07-21 17:48:22,110 sufp_node.py [line:79] run INFO node 14's starts to run consensus on process id 30245 
2024-07-21 17:48:22,110 sufp_node.py [line:80] run INFO parameters: N=16, f=5, S=15, T=5, fast-batch=1000, acs-batch=62, K=1, O=0 
2024-07-21 17:48:22,111 sufp_node.py [line:62] prepare_bootstrap INFO node id 14 is inserting dummy payload TXs 
2024-07-21 17:48:22,111 sufp_node.py [line:70] prepare_bootstrap INFO node id 14 just inserts 50000 TXs 
2024-07-21 17:48:22,111 sufp_node.py [line:70] prepare_bootstrap INFO node id 14 just inserts 50000 TXs 
2024-07-21 17:48:22,111 sufp_node.py [line:74] prepare_bootstrap INFO node id 14 completed the loading of dummy TXs 
2024-07-21 17:48:22,112 Superfast.py [line:178] run_bft INFO Node 14 starts to run at time:1721555302.112096 
2024-07-21 17:48:22,112 Superfast.py [line:231] _run_epoch INFO Node enters epoch 0 
2024-07-21 17:48:22,113 superfastpath_3.py [line:43] sufastpath INFO Entering fast path 
2024-07-21 17:48:22,113 superfastpath_3.py [line:232] one_slot INFO Entering slot 1 
2024-07-21 17:48:22,266 superfastpath_3.py [line:250] one_slot INFO pending block 1 in 0.026561 
2024-07-21 17:48:22,267 superfastpath_3.py [line:259] one_slot INFO 2pending block 1 in 0.026918 
2024-07-21 17:48:22,268 superfastpath_3.py [line:277] one_slot INFO read pending block 1 in 0.028446 
2024-07-21 17:48:22,268 superfastpath_3.py [line:308] one_slot INFO Leaving slot 1 
2024-07-21 17:48:22,269 superfastpath_3.py [line:232] one_slot INFO Entering slot 2 
2024-07-21 17:48:22,344 superfastpath_3.py [line:250] one_slot INFO pending block 2 in 0.016090 
2024-07-21 17:48:22,344 superfastpath_3.py [line:259] one_slot INFO 2pending block 2 in 0.016285 
2024-07-21 17:48:22,345 superfastpath_3.py [line:277] one_slot INFO read pending block 2 in 0.017896 
2024-07-21 17:48:22,356 superfastpath_3.py [line:308] one_slot INFO Leaving slot 2 
2024-07-21 17:48:22,357 superfastpath_3.py [line:232] one_slot INFO Entering slot 3 
2024-07-21 17:48:22,404 superfastpath_3.py [line:250] one_slot INFO pending block 3 in 0.029520 
2024-07-21 17:48:22,405 superfastpath_3.py [line:259] one_slot INFO 2pending block 3 in 0.029850 
2024-07-21 17:48:22,411 superfastpath_3.py [line:277] one_slot INFO read pending block 3 in 0.036501 
2024-07-21 17:48:22,411 superfastpath_3.py [line:308] one_slot INFO Leaving slot 3 
2024-07-21 17:48:22,412 superfastpath_3.py [line:232] one_slot INFO Entering slot 4 
2024-07-21 17:48:27,413 superfastpath_3.py [line:366] sufastpath INFO Fastpath Timeout! 
2024-07-21 17:48:27,413 superfastpath_3.py [line:373] sufastpath INFO Leaves fastpath at 4 slot 
2024-07-21 17:48:27,413 Superfast.py [line:308] wait_for_fastpath INFO Fastpath of epoch 0 completed 
2024-07-21 17:52:05,246 sufp_node.py [line:79] run INFO node 14's starts to run consensus on process id 30566 
2024-07-21 17:52:05,246 sufp_node.py [line:80] run INFO parameters: N=16, f=5, S=15, T=5, fast-batch=1000, acs-batch=62, K=1, O=0 
2024-07-21 17:52:05,247 sufp_node.py [line:62] prepare_bootstrap INFO node id 14 is inserting dummy payload TXs 
2024-07-21 17:52:05,248 sufp_node.py [line:70] prepare_bootstrap INFO node id 14 just inserts 50000 TXs 
2024-07-21 17:52:05,248 sufp_node.py [line:70] prepare_bootstrap INFO node id 14 just inserts 50000 TXs 
2024-07-21 17:52:05,248 sufp_node.py [line:74] prepare_bootstrap INFO node id 14 completed the loading of dummy TXs 
2024-07-21 17:52:05,249 Superfast.py [line:178] run_bft INFO Node 14 starts to run at time:1721555525.2491999 
2024-07-21 17:52:05,249 Superfast.py [line:231] _run_epoch INFO Node enters epoch 0 
2024-07-21 17:52:05,251 superfastpath_3.py [line:43] sufastpath INFO Entering fast path 
2024-07-21 17:52:05,251 superfastpath_3.py [line:233] one_slot INFO Entering slot 1 
2024-07-21 17:52:05,253 superfastpath_3.py [line:241] one_slot INFO send vote in 1 b'>\xf6~\x99L\x89?h\xac\xe5z\xd1\x8d\x0e\xb8\xd8ec\x89O\x087\x91\xd2\x14P\x1d\xa2\xae\xfa+d' 
2024-07-21 17:52:05,958 superfastpath_3.py [line:251] one_slot INFO pending block 1 in 0.039706 
2024-07-21 17:52:05,958 superfastpath_3.py [line:260] one_slot INFO 2pending block 1 in 0.039863 
2024-07-21 17:52:05,959 superfastpath_3.py [line:278] one_slot INFO read pending block 1 in 0.041166 
2024-07-21 17:52:05,959 superfastpath_3.py [line:309] one_slot INFO Leaving slot 1 
2024-07-21 17:52:05,959 superfastpath_3.py [line:233] one_slot INFO Entering slot 2 
2024-07-21 17:52:05,959 superfastpath_3.py [line:241] one_slot INFO send vote in 2 b'\x9b\xe1\xaco\x9fV\x04J6\x87v+\xfa6a\xf2\xaaU\xcaN\r:\xf8\xfe\xf9\x11\x8a\x07)\xbf\xa1^' 
2024-07-21 17:52:05,983 superfastpath_3.py [line:251] one_slot INFO pending block 2 in 0.019486 
2024-07-21 17:52:05,983 superfastpath_3.py [line:260] one_slot INFO 2pending block 2 in 0.019623 
2024-07-21 17:52:05,985 superfastpath_3.py [line:278] one_slot INFO read pending block 2 in 0.021252 
2024-07-21 17:52:05,985 superfastpath_3.py [line:309] one_slot INFO Leaving slot 2 
2024-07-21 17:52:05,985 superfastpath_3.py [line:233] one_slot INFO Entering slot 3 
2024-07-21 17:52:05,985 superfastpath_3.py [line:241] one_slot INFO send vote in 3 b'\xba\xa5EM:\xc4\x00\xa3:\x16\xa4\xf9\x98\xf3 \x0b\x99YF\xc2\x12\xbe]\x891\x91\x94\xd9\x80jdA' 
2024-07-21 17:52:06,061 superfastpath_3.py [line:251] one_slot INFO pending block 3 in 0.050481 
2024-07-21 17:52:06,061 superfastpath_3.py [line:260] one_slot INFO 2pending block 3 in 0.050665 
2024-07-21 17:52:06,063 superfastpath_3.py [line:278] one_slot INFO read pending block 3 in 0.052215 
2024-07-21 17:52:06,063 superfastpath_3.py [line:309] one_slot INFO Leaving slot 3 
2024-07-21 17:52:06,063 superfastpath_3.py [line:233] one_slot INFO Entering slot 4 
2024-07-21 17:52:06,064 superfastpath_3.py [line:241] one_slot INFO send vote in 4 b'/\xda.\x80\x02\xe3{\xf4\xed\xf6\x8a\x7flH\x1ag\xc8m\xa94An\xd5\x81\xfa\x91\x97e\x14\x17`k' 
2024-07-21 17:52:11,064 superfastpath_3.py [line:367] sufastpath INFO Fastpath Timeout! 
2024-07-21 17:52:11,065 superfastpath_3.py [line:374] sufastpath INFO Leaves fastpath at 4 slot 
2024-07-21 17:52:11,065 Superfast.py [line:308] wait_for_fastpath INFO Fastpath of epoch 0 completed 
2024-07-21 17:53:17,252 sufp_node.py [line:79] run INFO node 14's starts to run consensus on process id 30827 
2024-07-21 17:53:17,253 sufp_node.py [line:80] run INFO parameters: N=16, f=5, S=15, T=5, fast-batch=1000, acs-batch=62, K=1, O=0 
2024-07-21 17:53:17,253 sufp_node.py [line:62] prepare_bootstrap INFO node id 14 is inserting dummy payload TXs 
2024-07-21 17:53:17,253 sufp_node.py [line:70] prepare_bootstrap INFO node id 14 just inserts 50000 TXs 
2024-07-21 17:53:17,253 sufp_node.py [line:70] prepare_bootstrap INFO node id 14 just inserts 50000 TXs 
2024-07-21 17:53:17,253 sufp_node.py [line:74] prepare_bootstrap INFO node id 14 completed the loading of dummy TXs 
2024-07-21 17:53:17,254 Superfast.py [line:178] run_bft INFO Node 14 starts to run at time:1721555597.2539995 
2024-07-21 17:53:17,254 Superfast.py [line:231] _run_epoch INFO Node enters epoch 0 
2024-07-21 17:53:17,254 superfastpath_3.py [line:43] sufastpath INFO Entering fast path 
2024-07-21 17:53:17,254 superfastpath_3.py [line:233] one_slot INFO Entering slot 1 
2024-07-21 17:53:17,256 superfastpath_3.py [line:241] one_slot INFO send vote in 1 b'>\xf6~\x99L\x89?h\xac\xe5z\xd1\x8d\x0e\xb8\xd8ec\x89O\x087\x91\xd2\x14P\x1d\xa2\xae\xfa+d' 
2024-07-21 17:53:17,297 superfastpath_3.py [line:251] one_slot INFO pending block 1 in 0.033492 
2024-07-21 17:53:17,297 superfastpath_3.py [line:260] one_slot INFO 2pending block 1 in 0.033660 
2024-07-21 17:53:17,299 superfastpath_3.py [line:278] one_slot INFO read pending block 1 in 0.035288 
2024-07-21 17:53:17,299 superfastpath_3.py [line:309] one_slot INFO Leaving slot 1 
2024-07-21 17:53:17,299 superfastpath_3.py [line:233] one_slot INFO Entering slot 2 
2024-07-21 17:53:17,299 superfastpath_3.py [line:241] one_slot INFO send vote in 2 b'\xb0\x9b\x06y\x9cH\x87N\x0b&\xb9\xcf\x99\x8bsl\xad\x93\xc9T\xb7\x1c\xab\x92K\xb4\x99\xcd\x98\xdf\xb4\x1a' 
2024-07-21 17:53:17,353 superfastpath_3.py [line:251] one_slot INFO pending block 2 in 0.029494 
2024-07-21 17:53:17,354 superfastpath_3.py [line:260] one_slot INFO 2pending block 2 in 0.029659 
2024-07-21 17:53:17,355 superfastpath_3.py [line:278] one_slot INFO read pending block 2 in 0.031151 
2024-07-21 17:53:17,355 superfastpath_3.py [line:309] one_slot INFO Leaving slot 2 
2024-07-21 17:53:17,355 superfastpath_3.py [line:233] one_slot INFO Entering slot 3 
2024-07-21 17:53:17,356 superfastpath_3.py [line:241] one_slot INFO send vote in 3 b'_\x03\xf5\xa0G`\xcb\xac\xd7\xdb\x1aA\xcf\x17\xab\x8d`)\xab\xbb\xc9\xb3\x84/\xbd\xf12\x85oYB\x15' 
2024-07-21 17:53:17,370 superfastpath_3.py [line:251] one_slot INFO pending block 3 in 0.010167 
2024-07-21 17:53:17,371 superfastpath_3.py [line:260] one_slot INFO 2pending block 3 in 0.010536 
2024-07-21 17:53:17,379 superfastpath_3.py [line:278] one_slot INFO read pending block 3 in 0.019171 
2024-07-21 17:53:17,380 superfastpath_3.py [line:309] one_slot INFO Leaving slot 3 
2024-07-21 17:53:17,380 superfastpath_3.py [line:233] one_slot INFO Entering slot 4 
2024-07-21 17:53:17,381 superfastpath_3.py [line:241] one_slot INFO send vote in 4 b'\x11M 58\x02MZ\x0e\x18_\x8fQ\xe5I\x97UG\x0f\xf2\x91\xd7\xb3\x8c\xfdw\xa9t\xdd]\xcf\x9a' 
2024-07-21 17:53:22,381 superfastpath_3.py [line:367] sufastpath INFO Fastpath Timeout! 
2024-07-21 17:53:22,381 superfastpath_3.py [line:374] sufastpath INFO Leaves fastpath at 4 slot 
2024-07-21 17:53:22,381 Superfast.py [line:308] wait_for_fastpath INFO Fastpath of epoch 0 completed 
2024-07-21 17:55:45,696 sufp_node.py [line:79] run INFO node 14's starts to run consensus on process id 31096 
2024-07-21 17:55:45,696 sufp_node.py [line:80] run INFO parameters: N=16, f=5, S=15, T=5, fast-batch=1000, acs-batch=62, K=1, O=0 
2024-07-21 17:55:45,696 sufp_node.py [line:62] prepare_bootstrap INFO node id 14 is inserting dummy payload TXs 
2024-07-21 17:55:45,697 sufp_node.py [line:70] prepare_bootstrap INFO node id 14 just inserts 50000 TXs 
2024-07-21 17:55:45,697 sufp_node.py [line:70] prepare_bootstrap INFO node id 14 just inserts 50000 TXs 
2024-07-21 17:55:45,697 sufp_node.py [line:74] prepare_bootstrap INFO node id 14 completed the loading of dummy TXs 
2024-07-21 17:55:45,697 Superfast.py [line:178] run_bft INFO Node 14 starts to run at time:1721555745.697636 
2024-07-21 17:55:45,697 Superfast.py [line:231] _run_epoch INFO Node enters epoch 0 
2024-07-21 17:55:45,698 superfastpath.py [line:43] sufastpath INFO Entering fast path 
2024-07-21 17:55:45,698 superfastpath.py [line:230] one_slot INFO Entering slot 1 
2024-07-21 17:55:45,862 superfastpath.py [line:246] one_slot INFO pending block 1 in 0.164220 
2024-07-21 17:55:45,863 superfastpath.py [line:255] one_slot INFO 2pending block 1 in 0.164422 
2024-07-21 17:55:45,864 superfastpath.py [line:273] one_slot INFO read pending block 1 in 0.165813 
2024-07-21 17:55:45,864 superfastpath.py [line:304] one_slot INFO Leaving slot 1 
2024-07-21 17:55:45,864 superfastpath.py [line:230] one_slot INFO Entering slot 2 
2024-07-21 17:55:45,975 superfastpath.py [line:246] one_slot INFO pending block 2 in 0.110917 
2024-07-21 17:55:45,976 superfastpath.py [line:255] one_slot INFO 2pending block 2 in 0.111117 
2024-07-21 17:55:45,977 superfastpath.py [line:273] one_slot INFO read pending block 2 in 0.113022 
2024-07-21 17:55:45,978 superfastpath.py [line:304] one_slot INFO Leaving slot 2 
2024-07-21 17:55:45,979 superfastpath.py [line:230] one_slot INFO Entering slot 3 
2024-07-21 17:55:45,998 superfastpath.py [line:246] one_slot INFO pending block 3 in 0.019151 
2024-07-21 17:55:45,998 superfastpath.py [line:255] one_slot INFO 2pending block 3 in 0.019385 
2024-07-21 17:55:46,001 superfastpath.py [line:273] one_slot INFO read pending block 3 in 0.022117 
2024-07-21 17:55:46,001 superfastpath.py [line:304] one_slot INFO Leaving slot 3 
2024-07-21 17:55:46,002 superfastpath.py [line:230] one_slot INFO Entering slot 4 
2024-07-21 17:55:46,089 superfastpath.py [line:246] one_slot INFO pending block 4 in 0.086333 
2024-07-21 17:55:46,089 superfastpath.py [line:255] one_slot INFO 2pending block 4 in 0.086711 
2024-07-21 17:55:46,091 superfastpath.py [line:273] one_slot INFO read pending block 4 in 0.088516 
2024-07-21 17:55:46,091 superfastpath.py [line:304] one_slot INFO Leaving slot 4 
2024-07-21 17:55:46,091 superfastpath.py [line:230] one_slot INFO Entering slot 5 
2024-07-21 17:55:46,175 superfastpath.py [line:246] one_slot INFO pending block 5 in 0.083580 
2024-07-21 17:55:46,175 superfastpath.py [line:255] one_slot INFO 2pending block 5 in 0.083818 
2024-07-21 17:55:46,177 superfastpath.py [line:273] one_slot INFO read pending block 5 in 0.085458 
2024-07-21 17:55:46,177 superfastpath.py [line:304] one_slot INFO Leaving slot 5 
2024-07-21 17:55:46,177 superfastpath.py [line:230] one_slot INFO Entering slot 6 
2024-07-21 17:55:51,178 superfastpath.py [line:362] sufastpath INFO Fastpath Timeout! 
2024-07-21 17:55:51,179 superfastpath.py [line:369] sufastpath INFO Leaves fastpath at 6 slot 
2024-07-21 17:55:51,179 Superfast.py [line:308] wait_for_fastpath INFO Fastpath of epoch 0 completed 
2024-07-21 17:58:38,410 sufp_node.py [line:79] run INFO node 14's starts to run consensus on process id 31374 
2024-07-21 17:58:38,411 sufp_node.py [line:80] run INFO parameters: N=16, f=5, S=15, T=5, fast-batch=1000, acs-batch=62, K=1, O=0 
2024-07-21 17:58:38,411 sufp_node.py [line:62] prepare_bootstrap INFO node id 14 is inserting dummy payload TXs 
2024-07-21 17:58:38,412 sufp_node.py [line:70] prepare_bootstrap INFO node id 14 just inserts 50000 TXs 
2024-07-21 17:58:38,412 sufp_node.py [line:70] prepare_bootstrap INFO node id 14 just inserts 50000 TXs 
2024-07-21 17:58:38,412 sufp_node.py [line:74] prepare_bootstrap INFO node id 14 completed the loading of dummy TXs 
2024-07-21 17:58:38,412 Superfast.py [line:178] run_bft INFO Node 14 starts to run at time:1721555918.4125562 
2024-07-21 17:58:38,412 Superfast.py [line:231] _run_epoch INFO Node enters epoch 0 
2024-07-21 17:58:38,413 superfastpath.py [line:43] sufastpath INFO Entering fast path 
2024-07-21 17:58:38,413 superfastpath.py [line:230] one_slot INFO Entering slot 1 
2024-07-21 17:58:38,973 superfastpath.py [line:246] one_slot INFO pending block 1 in 0.559960 
2024-07-21 17:58:38,974 superfastpath.py [line:255] one_slot INFO 2pending block 1 in 0.560139 
2024-07-21 17:58:38,975 superfastpath.py [line:273] one_slot INFO read pending block 1 in 0.561668 
2024-07-21 17:58:38,975 superfastpath.py [line:304] one_slot INFO Leaving slot 1 
2024-07-21 17:58:38,975 superfastpath.py [line:230] one_slot INFO Entering slot 2 
2024-07-21 17:58:39,021 superfastpath.py [line:246] one_slot INFO pending block 2 in 0.045302 
2024-07-21 17:58:39,021 superfastpath.py [line:255] one_slot INFO 2pending block 2 in 0.045468 
2024-07-21 17:58:39,023 superfastpath.py [line:273] one_slot INFO read pending block 2 in 0.047223 
2024-07-21 17:58:39,023 superfastpath.py [line:304] one_slot INFO Leaving slot 2 
2024-07-21 17:58:39,023 superfastpath.py [line:230] one_slot INFO Entering slot 3 
2024-07-21 17:58:39,061 superfastpath.py [line:246] one_slot INFO pending block 3 in 0.037601 
2024-07-21 17:58:39,061 superfastpath.py [line:255] one_slot INFO 2pending block 3 in 0.037782 
2024-07-21 17:58:39,066 superfastpath.py [line:273] one_slot INFO read pending block 3 in 0.042695 
2024-07-21 17:58:39,067 superfastpath.py [line:304] one_slot INFO Leaving slot 3 
2024-07-21 17:58:39,067 superfastpath.py [line:230] one_slot INFO Entering slot 4 
2024-07-21 17:58:44,068 superfastpath.py [line:362] sufastpath INFO Fastpath Timeout! 
2024-07-21 17:58:44,068 superfastpath.py [line:369] sufastpath INFO Leaves fastpath at 4 slot 
2024-07-21 17:58:44,068 Superfast.py [line:308] wait_for_fastpath INFO Fastpath of epoch 0 completed 
2024-07-21 17:59:52,029 sufp_node.py [line:79] run INFO node 14's starts to run consensus on process id 31627 
2024-07-21 17:59:52,030 sufp_node.py [line:80] run INFO parameters: N=16, f=5, S=15, T=5, fast-batch=1000, acs-batch=62, K=1, O=0 
2024-07-21 17:59:52,030 sufp_node.py [line:62] prepare_bootstrap INFO node id 14 is inserting dummy payload TXs 
2024-07-21 17:59:52,031 sufp_node.py [line:70] prepare_bootstrap INFO node id 14 just inserts 50000 TXs 
2024-07-21 17:59:52,031 sufp_node.py [line:70] prepare_bootstrap INFO node id 14 just inserts 50000 TXs 
2024-07-21 17:59:52,031 sufp_node.py [line:74] prepare_bootstrap INFO node id 14 completed the loading of dummy TXs 
2024-07-21 17:59:52,031 Superfast.py [line:178] run_bft INFO Node 14 starts to run at time:1721555992.031588 
2024-07-21 17:59:52,031 Superfast.py [line:231] _run_epoch INFO Node enters epoch 0 
2024-07-21 17:59:52,032 superfastpath.py [line:43] sufastpath INFO Entering fast path 
2024-07-21 17:59:52,032 superfastpath.py [line:230] one_slot INFO Entering slot 1 
2024-07-21 17:59:52,159 superfastpath.py [line:246] one_slot INFO pending block 1 in 0.126529 
2024-07-21 17:59:52,159 superfastpath.py [line:255] one_slot INFO 2pending block 1 in 0.126759 
2024-07-21 17:59:52,161 superfastpath.py [line:273] one_slot INFO read pending block 1 in 0.128573 
2024-07-21 17:59:52,161 superfastpath.py [line:304] one_slot INFO Leaving slot 1 
2024-07-21 17:59:52,161 superfastpath.py [line:230] one_slot INFO Entering slot 2 
2024-07-21 17:59:52,214 superfastpath.py [line:246] one_slot INFO pending block 2 in 0.052614 
2024-07-21 17:59:52,214 superfastpath.py [line:255] one_slot INFO 2pending block 2 in 0.052807 
2024-07-21 17:59:52,216 superfastpath.py [line:273] one_slot INFO read pending block 2 in 0.054418 
2024-07-21 17:59:52,216 superfastpath.py [line:304] one_slot INFO Leaving slot 2 
2024-07-21 17:59:52,217 superfastpath.py [line:230] one_slot INFO Entering slot 3 
2024-07-21 17:59:52,277 superfastpath.py [line:246] one_slot INFO pending block 3 in 0.059909 
2024-07-21 17:59:52,278 superfastpath.py [line:255] one_slot INFO 2pending block 3 in 0.060275 
2024-07-21 17:59:52,282 superfastpath.py [line:273] one_slot INFO read pending block 3 in 0.064869 
2024-07-21 17:59:52,282 superfastpath.py [line:304] one_slot INFO Leaving slot 3 
2024-07-21 17:59:52,282 superfastpath.py [line:230] one_slot INFO Entering slot 4 
2024-07-21 17:59:52,326 superfastpath.py [line:246] one_slot INFO pending block 4 in 0.043511 
2024-07-21 17:59:52,326 superfastpath.py [line:255] one_slot INFO 2pending block 4 in 0.043674 
2024-07-21 17:59:52,334 superfastpath.py [line:273] one_slot INFO read pending block 4 in 0.051497 
2024-07-21 17:59:52,334 superfastpath.py [line:304] one_slot INFO Leaving slot 4 
2024-07-21 17:59:52,335 superfastpath.py [line:230] one_slot INFO Entering slot 5 
2024-07-21 17:59:52,383 superfastpath.py [line:246] one_slot INFO pending block 5 in 0.047956 
2024-07-21 17:59:52,383 superfastpath.py [line:255] one_slot INFO 2pending block 5 in 0.048168 
2024-07-21 17:59:52,385 superfastpath.py [line:273] one_slot INFO read pending block 5 in 0.049965 
2024-07-21 17:59:52,385 superfastpath.py [line:304] one_slot INFO Leaving slot 5 
2024-07-21 17:59:52,385 superfastpath.py [line:230] one_slot INFO Entering slot 6 
2024-07-21 17:59:52,427 superfastpath.py [line:246] one_slot INFO pending block 6 in 0.041973 
2024-07-21 17:59:52,427 superfastpath.py [line:255] one_slot INFO 2pending block 6 in 0.042148 
2024-07-21 17:59:52,429 superfastpath.py [line:273] one_slot INFO read pending block 6 in 0.043710 
2024-07-21 17:59:52,429 superfastpath.py [line:304] one_slot INFO Leaving slot 6 
2024-07-21 17:59:52,429 superfastpath.py [line:230] one_slot INFO Entering slot 7 
2024-07-21 17:59:52,473 superfastpath.py [line:246] one_slot INFO pending block 7 in 0.043864 
2024-07-21 17:59:52,473 superfastpath.py [line:255] one_slot INFO 2pending block 7 in 0.044032 
2024-07-21 17:59:52,475 superfastpath.py [line:273] one_slot INFO read pending block 7 in 0.046029 
2024-07-21 17:59:52,475 superfastpath.py [line:304] one_slot INFO Leaving slot 7 
2024-07-21 17:59:52,476 superfastpath.py [line:230] one_slot INFO Entering slot 8 
2024-07-21 17:59:52,520 superfastpath.py [line:246] one_slot INFO pending block 8 in 0.044063 
2024-07-21 17:59:52,520 superfastpath.py [line:255] one_slot INFO 2pending block 8 in 0.044491 
2024-07-21 17:59:52,535 superfastpath.py [line:273] one_slot INFO read pending block 8 in 0.059140 
2024-07-21 17:59:52,535 superfastpath.py [line:304] one_slot INFO Leaving slot 8 
2024-07-21 17:59:52,535 superfastpath.py [line:230] one_slot INFO Entering slot 9 
2024-07-21 17:59:52,581 superfastpath.py [line:246] one_slot INFO pending block 9 in 0.046035 
2024-07-21 17:59:52,582 superfastpath.py [line:255] one_slot INFO 2pending block 9 in 0.046419 
2024-07-21 17:59:52,588 superfastpath.py [line:273] one_slot INFO read pending block 9 in 0.052703 
2024-07-21 17:59:52,589 superfastpath.py [line:282] one_slot INFO 3pending block 9 in 0.053284 
2024-07-21 17:59:52,589 superfastpath.py [line:286] one_slot INFO delay block 8 in 0.113068 
2024-07-21 17:59:52,592 superfastpath.py [line:293] one_slot INFO Fast block at Node 14 for Epoch sidAFAST0 and Slot 8 has delay, TPS and TXs: 0.1130683422088623, 1000 
2024-07-21 17:59:52,592 superfastpath.py [line:295] one_slot INFO AVG TPS: 8595, running time 0.116334, weighted delay: 0.113068 
2024-07-21 17:59:52,592 superfastpath.py [line:300] one_slot INFO output block for slot 8 taking 0.116280 sec 
2024-07-21 17:59:52,592 superfastpath.py [line:304] one_slot INFO Leaving slot 9 
2024-07-21 17:59:52,592 superfastpath.py [line:230] one_slot INFO Entering slot 10 
2024-07-21 17:59:52,640 superfastpath.py [line:246] one_slot INFO pending block 10 in 0.047164 
2024-07-21 17:59:52,640 superfastpath.py [line:255] one_slot INFO 2pending block 10 in 0.047371 
2024-07-21 17:59:52,642 superfastpath.py [line:273] one_slot INFO read pending block 10 in 0.049382 
2024-07-21 17:59:52,643 superfastpath.py [line:282] one_slot INFO 3pending block 10 in 0.050304 
2024-07-21 17:59:52,643 superfastpath.py [line:286] one_slot INFO delay block 9 in 0.107671 
2024-07-21 17:59:52,645 superfastpath.py [line:293] one_slot INFO Fast block at Node 14 for Epoch sidAFAST0 and Slot 9 has delay, TPS and TXs: 0.10767149925231934, 2000 
2024-07-21 17:59:52,646 superfastpath.py [line:295] one_slot INFO AVG TPS: 11758, running time 0.170088, weighted delay: 0.110370 
2024-07-21 17:59:52,646 superfastpath.py [line:300] one_slot INFO output block for slot 9 taking 0.110451 sec 
2024-07-21 17:59:52,646 superfastpath.py [line:304] one_slot INFO Leaving slot 10 
2024-07-21 17:59:52,646 superfastpath.py [line:230] one_slot INFO Entering slot 11 
2024-07-21 17:59:52,680 superfastpath.py [line:246] one_slot INFO pending block 11 in 0.033765 
2024-07-21 17:59:52,680 superfastpath.py [line:255] one_slot INFO 2pending block 11 in 0.034262 
2024-07-21 17:59:52,687 superfastpath.py [line:273] one_slot INFO read pending block 11 in 0.040614 
2024-07-21 17:59:52,687 superfastpath.py [line:282] one_slot INFO 3pending block 11 in 0.040767 
2024-07-21 17:59:52,687 superfastpath.py [line:286] one_slot INFO delay block 10 in 0.094463 
2024-07-21 17:59:52,695 superfastpath.py [line:293] one_slot INFO Fast block at Node 14 for Epoch sidAFAST0 and Slot 10 has delay, TPS and TXs: 0.09446310997009277, 3000 
2024-07-21 17:59:52,697 superfastpath.py [line:295] one_slot INFO AVG TPS: 13573, running time 0.221022, weighted delay: 0.105068 
2024-07-21 17:59:52,697 superfastpath.py [line:300] one_slot INFO output block for slot 10 taking 0.104230 sec 
2024-07-21 17:59:52,697 superfastpath.py [line:304] one_slot INFO Leaving slot 11 
2024-07-21 17:59:52,697 superfastpath.py [line:230] one_slot INFO Entering slot 12 
2024-07-21 17:59:52,743 superfastpath.py [line:246] one_slot INFO pending block 12 in 0.045971 
2024-07-21 17:59:52,745 superfastpath.py [line:255] one_slot INFO 2pending block 12 in 0.047686 
2024-07-21 17:59:52,750 superfastpath.py [line:273] one_slot INFO read pending block 12 in 0.052878 
2024-07-21 17:59:52,750 superfastpath.py [line:282] one_slot INFO 3pending block 12 in 0.053060 
2024-07-21 17:59:52,750 superfastpath.py [line:286] one_slot INFO delay block 11 in 0.104139 
2024-07-21 17:59:52,753 superfastpath.py [line:293] one_slot INFO Fast block at Node 14 for Epoch sidAFAST0 and Slot 11 has delay, TPS and TXs: 0.10413908958435059, 4000 
2024-07-21 17:59:52,753 superfastpath.py [line:295] one_slot INFO AVG TPS: 14422, running time 0.277349, weighted delay: 0.104836 
2024-07-21 17:59:52,753 superfastpath.py [line:300] one_slot INFO output block for slot 11 taking 0.106866 sec 
2024-07-21 17:59:52,753 superfastpath.py [line:304] one_slot INFO Leaving slot 12 
2024-07-21 17:59:52,753 superfastpath.py [line:230] one_slot INFO Entering slot 13 
2024-07-21 17:59:52,795 superfastpath.py [line:246] one_slot INFO pending block 13 in 0.042092 
2024-07-21 17:59:52,796 superfastpath.py [line:255] one_slot INFO 2pending block 13 in 0.042256 
2024-07-21 17:59:52,797 superfastpath.py [line:273] one_slot INFO read pending block 13 in 0.043877 
2024-07-21 17:59:52,797 superfastpath.py [line:282] one_slot INFO 3pending block 13 in 0.044016 
2024-07-21 17:59:52,797 superfastpath.py [line:286] one_slot INFO delay block 12 in 0.100307 
2024-07-21 17:59:52,800 superfastpath.py [line:293] one_slot INFO Fast block at Node 14 for Epoch sidAFAST0 and Slot 12 has delay, TPS and TXs: 0.10030674934387207, 5000 
2024-07-21 17:59:52,800 superfastpath.py [line:295] one_slot INFO AVG TPS: 15402, running time 0.324617, weighted delay: 0.103930 
2024-07-21 17:59:52,800 superfastpath.py [line:300] one_slot INFO output block for slot 12 taking 0.103116 sec 
2024-07-21 17:59:52,800 superfastpath.py [line:304] one_slot INFO Leaving slot 13 
2024-07-21 17:59:52,800 superfastpath.py [line:230] one_slot INFO Entering slot 14 
2024-07-21 17:59:52,871 superfastpath.py [line:246] one_slot INFO pending block 14 in 0.070257 
2024-07-21 17:59:52,871 superfastpath.py [line:255] one_slot INFO 2pending block 14 in 0.070431 
2024-07-21 17:59:52,872 superfastpath.py [line:273] one_slot INFO read pending block 14 in 0.071756 
2024-07-21 17:59:52,872 superfastpath.py [line:282] one_slot INFO 3pending block 14 in 0.071858 
2024-07-21 17:59:52,872 superfastpath.py [line:286] one_slot INFO delay block 13 in 0.119063 
2024-07-21 17:59:52,874 superfastpath.py [line:293] one_slot INFO Fast block at Node 14 for Epoch sidAFAST0 and Slot 13 has delay, TPS and TXs: 0.11906290054321289, 6000 
2024-07-21 17:59:52,874 superfastpath.py [line:295] one_slot INFO AVG TPS: 15063, running time 0.398305, weighted delay: 0.106452 
2024-07-21 17:59:52,874 superfastpath.py [line:300] one_slot INFO output block for slot 13 taking 0.120593 sec 
2024-07-21 17:59:52,874 superfastpath.py [line:304] one_slot INFO Leaving slot 14 
2024-07-21 17:59:52,874 superfastpath.py [line:230] one_slot INFO Entering slot 15 
2024-07-21 17:59:52,934 superfastpath.py [line:246] one_slot INFO pending block 15 in 0.058568 
2024-07-21 17:59:52,934 superfastpath.py [line:255] one_slot INFO 2pending block 15 in 0.058752 
2024-07-21 17:59:52,941 superfastpath.py [line:273] one_slot INFO read pending block 15 in 0.065711 
2024-07-21 17:59:52,941 superfastpath.py [line:282] one_slot INFO 3pending block 15 in 0.065883 
2024-07-21 17:59:52,941 superfastpath.py [line:286] one_slot INFO delay block 14 in 0.140597 
2024-07-21 17:59:52,943 superfastpath.py [line:293] one_slot INFO Fast block at Node 14 for Epoch sidAFAST0 and Slot 14 has delay, TPS and TXs: 0.14059686660766602, 7000 
2024-07-21 17:59:52,944 superfastpath.py [line:295] one_slot INFO AVG TPS: 14956, running time 0.468024, weighted delay: 0.111330 
2024-07-21 17:59:52,944 superfastpath.py [line:300] one_slot INFO output block for slot 14 taking 0.143166 sec 
2024-07-21 17:59:52,944 superfastpath.py [line:304] one_slot INFO Leaving slot 15 
2024-07-21 17:59:52,950 superfastpath.py [line:230] one_slot INFO Entering slot 16 
2024-07-21 17:59:52,981 superfastpath.py [line:246] one_slot INFO pending block 16 in 0.030754 
2024-07-21 17:59:52,981 superfastpath.py [line:255] one_slot INFO 2pending block 16 in 0.031009 
2024-07-21 17:59:52,981 superfastpath.py [line:273] one_slot INFO read pending block 16 in 0.031184 
2024-07-21 17:59:52,981 superfastpath.py [line:282] one_slot INFO 3pending block 16 in 0.031299 
2024-07-21 17:59:52,981 superfastpath.py [line:286] one_slot INFO delay block 15 in 0.106280 
2024-07-21 17:59:52,983 superfastpath.py [line:293] one_slot INFO Fast block at Node 14 for Epoch sidAFAST0 and Slot 15 has delay, TPS and TXs: 0.10627985000610352, 8000 
2024-07-21 17:59:52,983 superfastpath.py [line:295] one_slot INFO AVG TPS: 15760, running time 0.507614, weighted delay: 0.110699 
2024-07-21 17:59:52,983 superfastpath.py [line:300] one_slot INFO output block for slot 15 taking 0.108138 sec 
2024-07-21 17:59:52,983 superfastpath.py [line:304] one_slot INFO Leaving slot 16 
2024-07-21 17:59:52,983 superfastpath.py [line:369] sufastpath INFO Leaves fastpath at 17 slot 
2024-07-21 17:59:52,984 Superfast.py [line:308] wait_for_fastpath INFO Fastpath of epoch 0 completed 
2024-07-21 17:59:52,984 Superfast.py [line:337] _run_epoch INFO Fastpath tps: 15754 delay 0.110699 
2024-07-21 17:59:57,997 Superfast.py [line:208] run_bft INFO node 14 breaks in 5.965426 seconds in epoch 0 with total delivered Txs 0 and average delay 0.000000 
2024-07-21 19:32:12,158 sufp_node.py [line:79] run INFO node 14's starts to run consensus on process id 32357 
2024-07-21 19:32:12,159 sufp_node.py [line:80] run INFO parameters: N=16, f=5, S=15, T=5, fast-batch=1000, acs-batch=62, K=1, O=0 
2024-07-21 19:32:12,159 sufp_node.py [line:62] prepare_bootstrap INFO node id 14 is inserting dummy payload TXs 
2024-07-21 19:32:12,159 sufp_node.py [line:70] prepare_bootstrap INFO node id 14 just inserts 50000 TXs 
2024-07-21 19:32:12,159 sufp_node.py [line:70] prepare_bootstrap INFO node id 14 just inserts 50000 TXs 
2024-07-21 19:32:12,159 sufp_node.py [line:74] prepare_bootstrap INFO node id 14 completed the loading of dummy TXs 
2024-07-21 19:32:12,160 Superfast.py [line:178] run_bft INFO Node 14 starts to run at time:1721561532.1600838 
2024-07-21 19:32:12,160 Superfast.py [line:231] _run_epoch INFO Node enters epoch 0 
2024-07-21 19:32:12,161 superfastpath.py [line:43] sufastpath INFO Entering fast path 
2024-07-21 19:32:12,161 superfastpath.py [line:230] one_slot INFO Entering slot 1 
2024-07-21 19:32:12,289 superfastpath.py [line:246] one_slot INFO pending block 1 in 0.127952 
2024-07-21 19:32:12,289 superfastpath.py [line:255] one_slot INFO 2pending block 1 in 0.128125 
2024-07-21 19:32:12,291 superfastpath.py [line:273] one_slot INFO read pending block 1 in 0.129673 
2024-07-21 19:32:12,291 superfastpath.py [line:304] one_slot INFO Leaving slot 1 
2024-07-21 19:32:12,291 superfastpath.py [line:230] one_slot INFO Entering slot 2 
2024-07-21 19:32:12,388 superfastpath.py [line:246] one_slot INFO pending block 2 in 0.097442 
2024-07-21 19:32:12,389 superfastpath.py [line:255] one_slot INFO 2pending block 2 in 0.097641 
2024-07-21 19:32:12,393 superfastpath.py [line:273] one_slot INFO read pending block 2 in 0.101704 
2024-07-21 19:32:12,393 superfastpath.py [line:304] one_slot INFO Leaving slot 2 
2024-07-21 19:32:12,393 superfastpath.py [line:230] one_slot INFO Entering slot 3 
2024-07-21 19:32:12,443 superfastpath.py [line:246] one_slot INFO pending block 3 in 0.049947 
2024-07-21 19:32:12,443 superfastpath.py [line:255] one_slot INFO 2pending block 3 in 0.050303 
2024-07-21 19:32:12,446 superfastpath.py [line:273] one_slot INFO read pending block 3 in 0.052735 
2024-07-21 19:32:12,446 superfastpath.py [line:304] one_slot INFO Leaving slot 3 
2024-07-21 19:32:12,446 superfastpath.py [line:230] one_slot INFO Entering slot 4 
2024-07-21 19:32:12,495 superfastpath.py [line:246] one_slot INFO pending block 4 in 0.047983 
2024-07-21 19:32:12,495 superfastpath.py [line:255] one_slot INFO 2pending block 4 in 0.048177 
2024-07-21 19:32:12,497 superfastpath.py [line:273] one_slot INFO read pending block 4 in 0.050722 
2024-07-21 19:32:12,497 superfastpath.py [line:304] one_slot INFO Leaving slot 4 
2024-07-21 19:32:12,498 superfastpath.py [line:230] one_slot INFO Entering slot 5 
2024-07-21 19:32:12,532 superfastpath.py [line:246] one_slot INFO pending block 5 in 0.033540 
2024-07-21 19:32:12,532 superfastpath.py [line:255] one_slot INFO 2pending block 5 in 0.033763 
2024-07-21 19:32:12,534 superfastpath.py [line:273] one_slot INFO read pending block 5 in 0.035605 
2024-07-21 19:32:12,534 superfastpath.py [line:304] one_slot INFO Leaving slot 5 
2024-07-21 19:32:12,540 superfastpath.py [line:230] one_slot INFO Entering slot 6 
2024-07-21 19:32:12,598 superfastpath.py [line:246] one_slot INFO pending block 6 in 0.058255 
2024-07-21 19:32:12,598 superfastpath.py [line:255] one_slot INFO 2pending block 6 in 0.058464 
2024-07-21 19:32:12,602 superfastpath.py [line:273] one_slot INFO read pending block 6 in 0.062385 
2024-07-21 19:32:12,603 superfastpath.py [line:304] one_slot INFO Leaving slot 6 
2024-07-21 19:32:12,603 superfastpath.py [line:230] one_slot INFO Entering slot 7 
2024-07-21 19:32:12,634 superfastpath.py [line:246] one_slot INFO pending block 7 in 0.030871 
2024-07-21 19:32:12,634 superfastpath.py [line:255] one_slot INFO 2pending block 7 in 0.031096 
2024-07-21 19:32:12,637 superfastpath.py [line:273] one_slot INFO read pending block 7 in 0.033335 
2024-07-21 19:32:12,637 superfastpath.py [line:304] one_slot INFO Leaving slot 7 
2024-07-21 19:32:12,637 superfastpath.py [line:230] one_slot INFO Entering slot 8 
2024-07-21 19:32:12,708 superfastpath.py [line:246] one_slot INFO pending block 8 in 0.070501 
2024-07-21 19:32:12,708 superfastpath.py [line:255] one_slot INFO 2pending block 8 in 0.070684 
2024-07-21 19:32:12,712 superfastpath.py [line:273] one_slot INFO read pending block 8 in 0.075312 
2024-07-21 19:32:12,713 superfastpath.py [line:304] one_slot INFO Leaving slot 8 
2024-07-21 19:32:12,713 superfastpath.py [line:230] one_slot INFO Entering slot 9 
2024-07-21 19:32:12,756 superfastpath.py [line:246] one_slot INFO pending block 9 in 0.042322 
2024-07-21 19:32:12,756 superfastpath.py [line:255] one_slot INFO 2pending block 9 in 0.042477 
2024-07-21 19:32:12,757 superfastpath.py [line:273] one_slot INFO read pending block 9 in 0.043785 
2024-07-21 19:32:12,758 superfastpath.py [line:282] one_slot INFO 3pending block 9 in 0.044074 
2024-07-21 19:32:12,758 superfastpath.py [line:286] one_slot INFO delay block 8 in 0.120708 
2024-07-21 19:32:12,763 superfastpath.py [line:293] one_slot INFO Fast block at Node 14 for Epoch sidAFAST0 and Slot 8 has delay, TPS and TXs: 0.12070822715759277, 1000 
2024-07-21 19:32:12,763 superfastpath.py [line:295] one_slot INFO AVG TPS: 7932, running time 0.126070, weighted delay: 0.120708 
2024-07-21 19:32:12,763 superfastpath.py [line:300] one_slot INFO output block for slot 8 taking 0.126039 sec 
2024-07-21 19:32:12,763 superfastpath.py [line:304] one_slot INFO Leaving slot 9 
2024-07-21 19:32:12,763 superfastpath.py [line:230] one_slot INFO Entering slot 10 
2024-07-21 19:32:12,804 superfastpath.py [line:246] one_slot INFO pending block 10 in 0.040138 
2024-07-21 19:32:12,804 superfastpath.py [line:255] one_slot INFO 2pending block 10 in 0.040417 
2024-07-21 19:32:12,806 superfastpath.py [line:273] one_slot INFO read pending block 10 in 0.042617 
2024-07-21 19:32:12,806 superfastpath.py [line:282] one_slot INFO 3pending block 10 in 0.042767 
2024-07-21 19:32:12,806 superfastpath.py [line:286] one_slot INFO delay block 9 in 0.092761 
2024-07-21 19:32:12,808 superfastpath.py [line:293] one_slot INFO Fast block at Node 14 for Epoch sidAFAST0 and Slot 9 has delay, TPS and TXs: 0.09276103973388672, 2000 
2024-07-21 19:32:12,808 superfastpath.py [line:295] one_slot INFO AVG TPS: 11690, running time 0.171080, weighted delay: 0.106735 
2024-07-21 19:32:12,808 superfastpath.py [line:300] one_slot INFO output block for slot 9 taking 0.094530 sec 
2024-07-21 19:32:12,808 superfastpath.py [line:304] one_slot INFO Leaving slot 10 
2024-07-21 19:32:12,808 superfastpath.py [line:230] one_slot INFO Entering slot 11 
2024-07-21 19:32:12,872 superfastpath.py [line:246] one_slot INFO pending block 11 in 0.063519 
2024-07-21 19:32:12,872 superfastpath.py [line:255] one_slot INFO 2pending block 11 in 0.063705 
2024-07-21 19:32:12,874 superfastpath.py [line:273] one_slot INFO read pending block 11 in 0.065419 
2024-07-21 19:32:12,874 superfastpath.py [line:282] one_slot INFO 3pending block 11 in 0.065585 
2024-07-21 19:32:12,874 superfastpath.py [line:286] one_slot INFO delay block 10 in 0.110586 
2024-07-21 19:32:12,875 superfastpath.py [line:293] one_slot INFO Fast block at Node 14 for Epoch sidAFAST0 and Slot 10 has delay, TPS and TXs: 0.11058616638183594, 3000 
2024-07-21 19:32:12,876 superfastpath.py [line:295] one_slot INFO AVG TPS: 12567, running time 0.238713, weighted delay: 0.108018 
2024-07-21 19:32:12,876 superfastpath.py [line:300] one_slot INFO output block for slot 10 taking 0.112243 sec 
2024-07-21 19:32:12,876 superfastpath.py [line:304] one_slot INFO Leaving slot 11 
2024-07-21 19:32:12,876 superfastpath.py [line:230] one_slot INFO Entering slot 12 
2024-07-21 19:32:12,906 superfastpath.py [line:246] one_slot INFO pending block 12 in 0.030493 
2024-07-21 19:32:12,907 superfastpath.py [line:255] one_slot INFO 2pending block 12 in 0.030649 
2024-07-21 19:32:12,908 superfastpath.py [line:273] one_slot INFO read pending block 12 in 0.032315 
2024-07-21 19:32:12,908 superfastpath.py [line:282] one_slot INFO 3pending block 12 in 0.032451 
2024-07-21 19:32:12,908 superfastpath.py [line:286] one_slot INFO delay block 11 in 0.100154 
2024-07-21 19:32:12,914 superfastpath.py [line:293] one_slot INFO Fast block at Node 14 for Epoch sidAFAST0 and Slot 11 has delay, TPS and TXs: 0.10015439987182617, 4000 
2024-07-21 19:32:12,914 superfastpath.py [line:295] one_slot INFO AVG TPS: 14426, running time 0.277262, weighted delay: 0.106052 
2024-07-21 19:32:12,914 superfastpath.py [line:300] one_slot INFO output block for slot 11 taking 0.106097 sec 
2024-07-21 19:32:12,915 superfastpath.py [line:304] one_slot INFO Leaving slot 12 
2024-07-21 19:32:12,915 superfastpath.py [line:230] one_slot INFO Entering slot 13 
2024-07-21 19:32:12,958 superfastpath.py [line:246] one_slot INFO pending block 13 in 0.042919 
2024-07-21 19:32:12,958 superfastpath.py [line:255] one_slot INFO 2pending block 13 in 0.043076 
2024-07-21 19:32:12,964 superfastpath.py [line:273] one_slot INFO read pending block 13 in 0.048659 
2024-07-21 19:32:12,964 superfastpath.py [line:282] one_slot INFO 3pending block 13 in 0.048857 
2024-07-21 19:32:12,964 superfastpath.py [line:286] one_slot INFO delay block 12 in 0.088187 
2024-07-21 19:32:12,970 superfastpath.py [line:293] one_slot INFO Fast block at Node 14 for Epoch sidAFAST0 and Slot 12 has delay, TPS and TXs: 0.08818697929382324, 5000 
2024-07-21 19:32:12,971 superfastpath.py [line:295] one_slot INFO AVG TPS: 14967, running time 0.334434, weighted delay: 0.102479 
2024-07-21 19:32:12,972 superfastpath.py [line:300] one_slot INFO output block for slot 12 taking 0.095518 sec 
2024-07-21 19:32:12,972 superfastpath.py [line:304] one_slot INFO Leaving slot 13 
2024-07-21 19:32:12,972 superfastpath.py [line:230] one_slot INFO Entering slot 14 
2024-07-21 19:32:13,032 superfastpath.py [line:246] one_slot INFO pending block 14 in 0.059613 
2024-07-21 19:32:13,032 superfastpath.py [line:255] one_slot INFO 2pending block 14 in 0.059786 
2024-07-21 19:32:13,041 superfastpath.py [line:273] one_slot INFO read pending block 14 in 0.068889 
2024-07-21 19:32:13,041 superfastpath.py [line:282] one_slot INFO 3pending block 14 in 0.069303 
2024-07-21 19:32:13,041 superfastpath.py [line:286] one_slot INFO delay block 13 in 0.126169 
2024-07-21 19:32:13,043 superfastpath.py [line:293] one_slot INFO Fast block at Node 14 for Epoch sidAFAST0 and Slot 13 has delay, TPS and TXs: 0.12616872787475586, 6000 
2024-07-21 19:32:13,043 superfastpath.py [line:295] one_slot INFO AVG TPS: 14763, running time 0.406403, weighted delay: 0.106428 
2024-07-21 19:32:13,043 superfastpath.py [line:300] one_slot INFO output block for slot 13 taking 0.128254 sec 
2024-07-21 19:32:13,044 superfastpath.py [line:304] one_slot INFO Leaving slot 14 
2024-07-21 19:32:13,044 superfastpath.py [line:230] one_slot INFO Entering slot 15 
2024-07-21 19:32:13,070 superfastpath.py [line:246] one_slot INFO pending block 15 in 0.026400 
2024-07-21 19:32:13,070 superfastpath.py [line:255] one_slot INFO 2pending block 15 in 0.026590 
2024-07-21 19:32:13,072 superfastpath.py [line:273] one_slot INFO read pending block 15 in 0.028018 
2024-07-21 19:32:13,072 superfastpath.py [line:282] one_slot INFO 3pending block 15 in 0.028180 
2024-07-21 19:32:13,072 superfastpath.py [line:286] one_slot INFO delay block 14 in 0.100134 
2024-07-21 19:32:13,084 superfastpath.py [line:293] one_slot INFO Fast block at Node 14 for Epoch sidAFAST0 and Slot 14 has delay, TPS and TXs: 0.10013413429260254, 7000 
2024-07-21 19:32:13,084 superfastpath.py [line:295] one_slot INFO AVG TPS: 15655, running time 0.447132, weighted delay: 0.105529 
2024-07-21 19:32:13,084 superfastpath.py [line:300] one_slot INFO output block for slot 14 taking 0.112179 sec 
2024-07-21 19:32:13,084 superfastpath.py [line:304] one_slot INFO Leaving slot 15 
2024-07-21 19:32:13,084 superfastpath.py [line:230] one_slot INFO Entering slot 16 
2024-07-21 19:32:13,113 superfastpath.py [line:246] one_slot INFO pending block 16 in 0.028369 
2024-07-21 19:32:13,113 superfastpath.py [line:255] one_slot INFO 2pending block 16 in 0.028504 
2024-07-21 19:32:13,113 superfastpath.py [line:273] one_slot INFO read pending block 16 in 0.028627 
2024-07-21 19:32:13,113 superfastpath.py [line:282] one_slot INFO 3pending block 16 in 0.028702 
2024-07-21 19:32:13,113 superfastpath.py [line:286] one_slot INFO delay block 15 in 0.069344 
2024-07-21 19:32:13,115 superfastpath.py [line:293] one_slot INFO Fast block at Node 14 for Epoch sidAFAST0 and Slot 15 has delay, TPS and TXs: 0.06934428215026855, 8000 
2024-07-21 19:32:13,115 superfastpath.py [line:295] one_slot INFO AVG TPS: 16716, running time 0.478566, weighted delay: 0.101005 
2024-07-21 19:32:13,116 superfastpath.py [line:300] one_slot INFO output block for slot 15 taking 0.071985 sec 
2024-07-21 19:32:13,116 superfastpath.py [line:304] one_slot INFO Leaving slot 16 
2024-07-21 19:32:13,116 superfastpath.py [line:369] sufastpath INFO Leaves fastpath at 17 slot 
2024-07-21 19:32:13,119 Superfast.py [line:308] wait_for_fastpath INFO Fastpath of epoch 0 completed 
2024-07-21 19:32:13,119 Superfast.py [line:337] _run_epoch INFO Fastpath tps: 16701 delay 0.101005 
2024-07-21 19:33:49,381 sufp_node.py [line:79] run INFO node 14's starts to run consensus on process id 32655 
2024-07-21 19:33:49,382 sufp_node.py [line:80] run INFO parameters: N=16, f=5, S=15, T=5, fast-batch=1000, acs-batch=62, K=1, O=0 
2024-07-21 19:33:49,382 sufp_node.py [line:62] prepare_bootstrap INFO node id 14 is inserting dummy payload TXs 
2024-07-21 19:33:49,383 sufp_node.py [line:70] prepare_bootstrap INFO node id 14 just inserts 50000 TXs 
2024-07-21 19:33:49,383 sufp_node.py [line:70] prepare_bootstrap INFO node id 14 just inserts 50000 TXs 
2024-07-21 19:33:49,383 sufp_node.py [line:74] prepare_bootstrap INFO node id 14 completed the loading of dummy TXs 
2024-07-21 19:33:49,383 Superfast.py [line:178] run_bft INFO Node 14 starts to run at time:1721561629.3836057 
2024-07-21 19:33:49,383 Superfast.py [line:231] _run_epoch INFO Node enters epoch 0 
2024-07-21 19:33:49,384 superfastpath.py [line:43] sufastpath INFO Entering fast path 
2024-07-21 19:33:49,385 superfastpath.py [line:230] one_slot INFO Entering slot 1 
2024-07-21 19:33:49,461 superfastpath.py [line:246] one_slot INFO pending block 1 in 0.075634 
2024-07-21 19:33:49,461 superfastpath.py [line:255] one_slot INFO 2pending block 1 in 0.075810 
2024-07-21 19:33:49,462 superfastpath.py [line:273] one_slot INFO read pending block 1 in 0.077006 
2024-07-21 19:33:49,462 superfastpath.py [line:304] one_slot INFO Leaving slot 1 
2024-07-21 19:33:49,462 superfastpath.py [line:230] one_slot INFO Entering slot 2 
2024-07-21 19:33:49,498 superfastpath.py [line:246] one_slot INFO pending block 2 in 0.035228 
2024-07-21 19:33:49,498 superfastpath.py [line:255] one_slot INFO 2pending block 2 in 0.035354 
2024-07-21 19:33:49,499 superfastpath.py [line:273] one_slot INFO read pending block 2 in 0.036838 
2024-07-21 19:33:49,499 superfastpath.py [line:304] one_slot INFO Leaving slot 2 
2024-07-21 19:33:49,499 superfastpath.py [line:230] one_slot INFO Entering slot 3 
2024-07-21 19:33:49,545 superfastpath.py [line:246] one_slot INFO pending block 3 in 0.045036 
2024-07-21 19:33:49,545 superfastpath.py [line:255] one_slot INFO 2pending block 3 in 0.045179 
2024-07-21 19:33:49,547 superfastpath.py [line:273] one_slot INFO read pending block 3 in 0.047692 
2024-07-21 19:33:49,547 superfastpath.py [line:304] one_slot INFO Leaving slot 3 
2024-07-21 19:33:49,548 superfastpath.py [line:230] one_slot INFO Entering slot 4 
2024-07-21 19:33:49,613 superfastpath.py [line:246] one_slot INFO pending block 4 in 0.065699 
2024-07-21 19:33:49,613 superfastpath.py [line:255] one_slot INFO 2pending block 4 in 0.065878 
2024-07-21 19:33:49,618 superfastpath.py [line:273] one_slot INFO read pending block 4 in 0.070371 
2024-07-21 19:33:49,618 superfastpath.py [line:304] one_slot INFO Leaving slot 4 
2024-07-21 19:33:49,618 superfastpath.py [line:230] one_slot INFO Entering slot 5 
2024-07-21 19:33:49,666 superfastpath.py [line:246] one_slot INFO pending block 5 in 0.047174 
2024-07-21 19:33:49,666 superfastpath.py [line:255] one_slot INFO 2pending block 5 in 0.047355 
2024-07-21 19:33:49,668 superfastpath.py [line:273] one_slot INFO read pending block 5 in 0.049111 
2024-07-21 19:33:49,668 superfastpath.py [line:304] one_slot INFO Leaving slot 5 
2024-07-21 19:33:49,668 superfastpath.py [line:230] one_slot INFO Entering slot 6 
2024-07-21 19:33:49,713 superfastpath.py [line:246] one_slot INFO pending block 6 in 0.044664 
2024-07-21 19:33:49,713 superfastpath.py [line:255] one_slot INFO 2pending block 6 in 0.044857 
2024-07-21 19:33:49,718 superfastpath.py [line:273] one_slot INFO read pending block 6 in 0.049620 
2024-07-21 19:33:49,718 superfastpath.py [line:304] one_slot INFO Leaving slot 6 
2024-07-21 19:33:49,718 superfastpath.py [line:230] one_slot INFO Entering slot 7 
2024-07-21 19:33:49,759 superfastpath.py [line:246] one_slot INFO pending block 7 in 0.040731 
2024-07-21 19:33:49,759 superfastpath.py [line:255] one_slot INFO 2pending block 7 in 0.040904 
2024-07-21 19:33:49,763 superfastpath.py [line:273] one_slot INFO read pending block 7 in 0.045093 
2024-07-21 19:33:49,764 superfastpath.py [line:304] one_slot INFO Leaving slot 7 
2024-07-21 19:33:49,764 superfastpath.py [line:230] one_slot INFO Entering slot 8 
2024-07-21 19:33:49,811 superfastpath.py [line:246] one_slot INFO pending block 8 in 0.046766 
2024-07-21 19:33:49,812 superfastpath.py [line:255] one_slot INFO 2pending block 8 in 0.047011 
2024-07-21 19:33:49,816 superfastpath.py [line:273] one_slot INFO read pending block 8 in 0.051071 
2024-07-21 19:33:49,816 superfastpath.py [line:304] one_slot INFO Leaving slot 8 
2024-07-21 19:33:49,816 superfastpath.py [line:230] one_slot INFO Entering slot 9 
2024-07-21 19:33:49,865 superfastpath.py [line:246] one_slot INFO pending block 9 in 0.048457 
2024-07-21 19:33:49,865 superfastpath.py [line:255] one_slot INFO 2pending block 9 in 0.048652 
2024-07-21 19:33:49,867 superfastpath.py [line:273] one_slot INFO read pending block 9 in 0.050373 
2024-07-21 19:33:49,867 superfastpath.py [line:282] one_slot INFO 3pending block 9 in 0.050548 
2024-07-21 19:33:49,867 superfastpath.py [line:286] one_slot INFO delay block 8 in 0.102260 
2024-07-21 19:33:49,868 superfastpath.py [line:293] one_slot INFO Fast block at Node 14 for Epoch sidAFAST0 and Slot 8 has delay, TPS and TXs: 0.10225963592529297, 1000 
2024-07-21 19:33:49,869 superfastpath.py [line:295] one_slot INFO AVG TPS: 9593, running time 0.104243, weighted delay: 0.102260 
2024-07-21 19:33:49,869 superfastpath.py [line:300] one_slot INFO output block for slot 8 taking 0.104141 sec 
2024-07-21 19:33:49,869 superfastpath.py [line:304] one_slot INFO Leaving slot 9 
2024-07-21 19:33:49,869 superfastpath.py [line:230] one_slot INFO Entering slot 10 
2024-07-21 19:33:49,919 superfastpath.py [line:246] one_slot INFO pending block 10 in 0.049720 
2024-07-21 19:33:49,979 superfastpath.py [line:255] one_slot INFO 2pending block 10 in 0.110365 
2024-07-21 19:33:49,981 superfastpath.py [line:273] one_slot INFO read pending block 10 in 0.111951 
2024-07-21 19:33:49,981 superfastpath.py [line:282] one_slot INFO 3pending block 10 in 0.112115 
2024-07-21 19:33:49,981 superfastpath.py [line:286] one_slot INFO delay block 9 in 0.164978 
2024-07-21 19:33:49,983 superfastpath.py [line:293] one_slot INFO Fast block at Node 14 for Epoch sidAFAST0 and Slot 9 has delay, TPS and TXs: 0.1649782657623291, 2000 
2024-07-21 19:33:49,983 superfastpath.py [line:295] one_slot INFO AVG TPS: 9155, running time 0.218449, weighted delay: 0.133619 
2024-07-21 19:33:49,983 superfastpath.py [line:300] one_slot INFO output block for slot 9 taking 0.166734 sec 
2024-07-21 19:33:49,983 superfastpath.py [line:304] one_slot INFO Leaving slot 10 
2024-07-21 19:33:49,983 superfastpath.py [line:230] one_slot INFO Entering slot 11 
2024-07-21 19:33:50,016 superfastpath.py [line:246] one_slot INFO pending block 11 in 0.033257 
2024-07-21 19:33:50,017 superfastpath.py [line:255] one_slot INFO 2pending block 11 in 0.033720 
2024-07-21 19:33:50,023 superfastpath.py [line:273] one_slot INFO read pending block 11 in 0.039628 
2024-07-21 19:33:50,023 superfastpath.py [line:282] one_slot INFO 3pending block 11 in 0.039795 
2024-07-21 19:33:50,023 superfastpath.py [line:286] one_slot INFO delay block 10 in 0.154129 
2024-07-21 19:33:50,024 superfastpath.py [line:293] one_slot INFO Fast block at Node 14 for Epoch sidAFAST0 and Slot 10 has delay, TPS and TXs: 0.1541285514831543, 3000 
2024-07-21 19:33:50,024 superfastpath.py [line:295] one_slot INFO AVG TPS: 11534, running time 0.260089, weighted delay: 0.140455 
2024-07-21 19:33:50,025 superfastpath.py [line:300] one_slot INFO output block for slot 10 taking 0.155589 sec 
2024-07-21 19:33:50,025 superfastpath.py [line:304] one_slot INFO Leaving slot 11 
2024-07-21 19:33:50,025 superfastpath.py [line:230] one_slot INFO Entering slot 12 
2024-07-21 19:33:50,065 superfastpath.py [line:246] one_slot INFO pending block 12 in 0.040486 
2024-07-21 19:33:50,065 superfastpath.py [line:255] one_slot INFO 2pending block 12 in 0.040636 
2024-07-21 19:33:50,067 superfastpath.py [line:273] one_slot INFO read pending block 12 in 0.042355 
2024-07-21 19:33:50,067 superfastpath.py [line:282] one_slot INFO 3pending block 12 in 0.042520 
2024-07-21 19:33:50,067 superfastpath.py [line:286] one_slot INFO delay block 11 in 0.084215 
2024-07-21 19:33:50,069 superfastpath.py [line:293] one_slot INFO Fast block at Node 14 for Epoch sidAFAST0 and Slot 11 has delay, TPS and TXs: 0.08421516418457031, 4000 
2024-07-21 19:33:50,070 superfastpath.py [line:295] one_slot INFO AVG TPS: 13102, running time 0.305290, weighted delay: 0.126395 
2024-07-21 19:33:50,070 superfastpath.py [line:300] one_slot INFO output block for slot 11 taking 0.086849 sec 
2024-07-21 19:33:50,070 superfastpath.py [line:304] one_slot INFO Leaving slot 12 
2024-07-21 19:33:50,071 superfastpath.py [line:230] one_slot INFO Entering slot 13 
2024-07-21 19:33:50,125 superfastpath.py [line:246] one_slot INFO pending block 13 in 0.053496 
2024-07-21 19:33:50,125 superfastpath.py [line:255] one_slot INFO 2pending block 13 in 0.053648 
2024-07-21 19:33:50,127 superfastpath.py [line:273] one_slot INFO read pending block 13 in 0.055158 
2024-07-21 19:33:50,127 superfastpath.py [line:282] one_slot INFO 3pending block 13 in 0.055300 
2024-07-21 19:33:50,127 superfastpath.py [line:286] one_slot INFO delay block 12 in 0.102102 
2024-07-21 19:33:50,128 superfastpath.py [line:293] one_slot INFO Fast block at Node 14 for Epoch sidAFAST0 and Slot 12 has delay, TPS and TXs: 0.10210180282592773, 5000 
2024-07-21 19:33:50,129 superfastpath.py [line:295] one_slot INFO AVG TPS: 13724, running time 0.364305, weighted delay: 0.121537 
2024-07-21 19:33:50,129 superfastpath.py [line:300] one_slot INFO output block for slot 12 taking 0.103981 sec 
2024-07-21 19:33:50,129 superfastpath.py [line:304] one_slot INFO Leaving slot 13 
2024-07-21 19:33:50,129 superfastpath.py [line:230] one_slot INFO Entering slot 14 
2024-07-21 19:33:50,174 superfastpath.py [line:246] one_slot INFO pending block 14 in 0.045218 
2024-07-21 19:33:50,174 superfastpath.py [line:255] one_slot INFO 2pending block 14 in 0.045378 
2024-07-21 19:33:50,184 superfastpath.py [line:273] one_slot INFO read pending block 14 in 0.052281 
2024-07-21 19:33:50,186 superfastpath.py [line:282] one_slot INFO 3pending block 14 in 0.056903 
2024-07-21 19:33:50,188 superfastpath.py [line:286] one_slot INFO delay block 13 in 0.116162 
2024-07-21 19:33:50,193 superfastpath.py [line:293] one_slot INFO Fast block at Node 14 for Epoch sidAFAST0 and Slot 13 has delay, TPS and TXs: 0.11616206169128418, 6000 
2024-07-21 19:33:50,193 superfastpath.py [line:295] one_slot INFO AVG TPS: 13992, running time 0.428798, weighted delay: 0.120641 
2024-07-21 19:33:50,193 superfastpath.py [line:300] one_slot INFO output block for slot 13 taking 0.121758 sec 
2024-07-21 19:33:50,193 superfastpath.py [line:304] one_slot INFO Leaving slot 14 
2024-07-21 19:33:50,193 superfastpath.py [line:230] one_slot INFO Entering slot 15 
2024-07-21 19:33:50,249 superfastpath.py [line:246] one_slot INFO pending block 15 in 0.055586 
2024-07-21 19:33:50,249 superfastpath.py [line:255] one_slot INFO 2pending block 15 in 0.055748 
2024-07-21 19:33:50,251 superfastpath.py [line:273] one_slot INFO read pending block 15 in 0.057445 
2024-07-21 19:33:50,251 superfastpath.py [line:282] one_slot INFO 3pending block 15 in 0.057599 
2024-07-21 19:33:50,251 superfastpath.py [line:286] one_slot INFO delay block 14 in 0.122185 
2024-07-21 19:33:50,253 superfastpath.py [line:293] one_slot INFO Fast block at Node 14 for Epoch sidAFAST0 and Slot 14 has delay, TPS and TXs: 0.12218523025512695, 7000 
2024-07-21 19:33:50,253 superfastpath.py [line:295] one_slot INFO AVG TPS: 14320, running time 0.488817, weighted delay: 0.120862 
2024-07-21 19:33:50,253 superfastpath.py [line:300] one_slot INFO output block for slot 14 taking 0.124218 sec 
2024-07-21 19:33:50,253 superfastpath.py [line:304] one_slot INFO Leaving slot 15 
2024-07-21 19:33:50,253 superfastpath.py [line:230] one_slot INFO Entering slot 16 
2024-07-21 19:33:50,281 superfastpath.py [line:246] one_slot INFO pending block 16 in 0.027301 
2024-07-21 19:33:50,284 superfastpath.py [line:255] one_slot INFO 2pending block 16 in 0.030848 
2024-07-21 19:33:50,285 superfastpath.py [line:273] one_slot INFO read pending block 16 in 0.031158 
2024-07-21 19:33:50,285 superfastpath.py [line:282] one_slot INFO 3pending block 16 in 0.031266 
2024-07-21 19:33:50,285 superfastpath.py [line:286] one_slot INFO delay block 15 in 0.091288 
2024-07-21 19:33:50,290 superfastpath.py [line:293] one_slot INFO Fast block at Node 14 for Epoch sidAFAST0 and Slot 15 has delay, TPS and TXs: 0.09128832817077637, 8000 
2024-07-21 19:33:50,290 superfastpath.py [line:295] one_slot INFO AVG TPS: 15208, running time 0.526027, weighted delay: 0.117165 
2024-07-21 19:33:50,290 superfastpath.py [line:300] one_slot INFO output block for slot 15 taking 0.096942 sec 
2024-07-21 19:33:50,291 superfastpath.py [line:304] one_slot INFO Leaving slot 16 
2024-07-21 19:33:50,291 superfastpath.py [line:369] sufastpath INFO Leaves fastpath at 17 slot 
2024-07-21 19:33:50,291 Superfast.py [line:308] wait_for_fastpath INFO Fastpath of epoch 0 completed 
2024-07-21 19:33:50,291 Superfast.py [line:337] _run_epoch INFO Fastpath tps: 15202 delay 0.117165 
2024-07-21 19:35:34,864 sufp_node.py [line:79] run INFO node 14's starts to run consensus on process id 524 
2024-07-21 19:35:34,864 sufp_node.py [line:80] run INFO parameters: N=16, f=5, S=15, T=5, fast-batch=1000, acs-batch=62, K=1, O=0 
2024-07-21 19:35:34,864 sufp_node.py [line:62] prepare_bootstrap INFO node id 14 is inserting dummy payload TXs 
2024-07-21 19:35:34,864 sufp_node.py [line:70] prepare_bootstrap INFO node id 14 just inserts 50000 TXs 
2024-07-21 19:35:34,864 sufp_node.py [line:70] prepare_bootstrap INFO node id 14 just inserts 50000 TXs 
2024-07-21 19:35:34,864 sufp_node.py [line:74] prepare_bootstrap INFO node id 14 completed the loading of dummy TXs 
2024-07-21 19:35:34,865 Superfast.py [line:178] run_bft INFO Node 14 starts to run at time:1721561734.8650055 
2024-07-21 19:35:34,865 Superfast.py [line:231] _run_epoch INFO Node enters epoch 0 
2024-07-21 19:35:34,865 superfastpath.py [line:43] sufastpath INFO Entering fast path 
2024-07-21 19:35:34,865 superfastpath.py [line:231] one_slot INFO Entering slot 1 
2024-07-21 19:35:35,896 superfastpath.py [line:247] one_slot INFO pending block 1 in 1.030974 
2024-07-21 19:35:35,896 superfastpath.py [line:256] one_slot INFO 2pending block 1 in 1.031140 
2024-07-21 19:35:35,899 superfastpath.py [line:274] one_slot INFO read pending block 1 in 1.033380 
2024-07-21 19:35:35,899 superfastpath.py [line:305] one_slot INFO Leaving slot 1 
2024-07-21 19:35:35,899 superfastpath.py [line:231] one_slot INFO Entering slot 2 
2024-07-21 19:35:35,957 superfastpath.py [line:247] one_slot INFO pending block 2 in 0.057848 
2024-07-21 19:35:35,957 superfastpath.py [line:256] one_slot INFO 2pending block 2 in 0.058030 
2024-07-21 19:35:35,958 superfastpath.py [line:274] one_slot INFO read pending block 2 in 0.059399 
2024-07-21 19:35:35,959 superfastpath.py [line:305] one_slot INFO Leaving slot 2 
2024-07-21 19:35:35,959 superfastpath.py [line:231] one_slot INFO Entering slot 3 
2024-07-21 19:35:36,017 superfastpath.py [line:247] one_slot INFO pending block 3 in 0.057994 
2024-07-21 19:35:36,018 superfastpath.py [line:256] one_slot INFO 2pending block 3 in 0.058985 
2024-07-21 19:35:36,020 superfastpath.py [line:274] one_slot INFO read pending block 3 in 0.060895 
2024-07-21 19:35:36,020 superfastpath.py [line:305] one_slot INFO Leaving slot 3 
2024-07-21 19:35:36,020 superfastpath.py [line:231] one_slot INFO Entering slot 4 
2024-07-21 19:35:36,061 superfastpath.py [line:247] one_slot INFO pending block 4 in 0.040567 
2024-07-21 19:35:36,061 superfastpath.py [line:256] one_slot INFO 2pending block 4 in 0.040740 
2024-07-21 19:35:36,063 superfastpath.py [line:274] one_slot INFO read pending block 4 in 0.042484 
2024-07-21 19:35:36,063 superfastpath.py [line:305] one_slot INFO Leaving slot 4 
2024-07-21 19:35:36,063 superfastpath.py [line:231] one_slot INFO Entering slot 5 
2024-07-21 19:35:36,119 superfastpath.py [line:247] one_slot INFO pending block 5 in 0.055947 
2024-07-21 19:35:36,119 superfastpath.py [line:256] one_slot INFO 2pending block 5 in 0.056145 
2024-07-21 19:35:36,121 superfastpath.py [line:274] one_slot INFO read pending block 5 in 0.057768 
2024-07-21 19:35:36,121 superfastpath.py [line:305] one_slot INFO Leaving slot 5 
2024-07-21 19:35:36,121 superfastpath.py [line:231] one_slot INFO Entering slot 6 
2024-07-21 19:35:36,173 superfastpath.py [line:247] one_slot INFO pending block 6 in 0.051707 
2024-07-21 19:35:36,173 superfastpath.py [line:256] one_slot INFO 2pending block 6 in 0.051900 
2024-07-21 19:35:36,177 superfastpath.py [line:274] one_slot INFO read pending block 6 in 0.055650 
2024-07-21 19:35:36,177 superfastpath.py [line:305] one_slot INFO Leaving slot 6 
2024-07-21 19:35:36,177 superfastpath.py [line:231] one_slot INFO Entering slot 7 
2024-07-21 19:35:36,222 superfastpath.py [line:247] one_slot INFO pending block 7 in 0.044755 
2024-07-21 19:35:36,222 superfastpath.py [line:256] one_slot INFO 2pending block 7 in 0.044970 
2024-07-21 19:35:36,224 superfastpath.py [line:274] one_slot INFO read pending block 7 in 0.046791 
2024-07-21 19:35:36,224 superfastpath.py [line:305] one_slot INFO Leaving slot 7 
2024-07-21 19:35:36,224 superfastpath.py [line:231] one_slot INFO Entering slot 8 
2024-07-21 19:35:36,272 superfastpath.py [line:247] one_slot INFO pending block 8 in 0.047319 
2024-07-21 19:35:36,272 superfastpath.py [line:256] one_slot INFO 2pending block 8 in 0.047506 
2024-07-21 19:35:36,274 superfastpath.py [line:274] one_slot INFO read pending block 8 in 0.049317 
2024-07-21 19:35:36,274 superfastpath.py [line:305] one_slot INFO Leaving slot 8 
2024-07-21 19:35:36,274 superfastpath.py [line:231] one_slot INFO Entering slot 9 
2024-07-21 19:35:36,320 superfastpath.py [line:247] one_slot INFO pending block 9 in 0.045417 
2024-07-21 19:35:36,320 superfastpath.py [line:256] one_slot INFO 2pending block 9 in 0.045596 
2024-07-21 19:35:36,326 superfastpath.py [line:274] one_slot INFO read pending block 9 in 0.050019 
2024-07-21 19:35:36,326 superfastpath.py [line:283] one_slot INFO 3pending block 9 in 0.051173 
2024-07-21 19:35:36,326 superfastpath.py [line:287] one_slot INFO delay block 8 in 0.101421 
2024-07-21 19:35:36,328 superfastpath.py [line:294] one_slot INFO Fast block at Node 14 for Epoch sidAFAST0 and Slot 8 has delay, TPS and TXs: 0.10142135620117188, 1000 
2024-07-21 19:35:36,328 superfastpath.py [line:296] one_slot INFO AVG TPS: 9672, running time 0.103390, weighted delay: 0.101421 
2024-07-21 19:35:36,328 superfastpath.py [line:301] one_slot INFO output block for slot 8 taking 0.103384 sec 
2024-07-21 19:35:36,328 superfastpath.py [line:305] one_slot INFO Leaving slot 9 
2024-07-21 19:35:36,328 superfastpath.py [line:231] one_slot INFO Entering slot 10 
2024-07-21 19:35:36,370 superfastpath.py [line:247] one_slot INFO pending block 10 in 0.042097 
2024-07-21 19:35:36,373 superfastpath.py [line:256] one_slot INFO 2pending block 10 in 0.045377 
2024-07-21 19:35:36,378 superfastpath.py [line:274] one_slot INFO read pending block 10 in 0.050148 
2024-07-21 19:35:36,378 superfastpath.py [line:283] one_slot INFO 3pending block 10 in 0.050310 
2024-07-21 19:35:36,378 superfastpath.py [line:287] one_slot INFO delay block 9 in 0.103881 
2024-07-21 19:35:36,385 superfastpath.py [line:294] one_slot INFO Fast block at Node 14 for Epoch sidAFAST0 and Slot 9 has delay, TPS and TXs: 0.10388064384460449, 2000 
2024-07-21 19:35:36,386 superfastpath.py [line:296] one_slot INFO AVG TPS: 12401, running time 0.161271, weighted delay: 0.102651 
2024-07-21 19:35:36,386 superfastpath.py [line:301] one_slot INFO output block for slot 9 taking 0.111181 sec 
2024-07-21 19:35:36,386 superfastpath.py [line:305] one_slot INFO Leaving slot 10 
2024-07-21 19:35:36,386 superfastpath.py [line:231] one_slot INFO Entering slot 11 
2024-07-21 19:35:36,435 superfastpath.py [line:247] one_slot INFO pending block 11 in 0.048790 
2024-07-21 19:35:36,435 superfastpath.py [line:256] one_slot INFO 2pending block 11 in 0.048931 
2024-07-21 19:35:36,437 superfastpath.py [line:274] one_slot INFO read pending block 11 in 0.050221 
2024-07-21 19:35:36,437 superfastpath.py [line:283] one_slot INFO 3pending block 11 in 0.050363 
2024-07-21 19:35:36,437 superfastpath.py [line:287] one_slot INFO delay block 10 in 0.108680 
2024-07-21 19:35:36,438 superfastpath.py [line:294] one_slot INFO Fast block at Node 14 for Epoch sidAFAST0 and Slot 10 has delay, TPS and TXs: 0.10868000984191895, 3000 
2024-07-21 19:35:36,438 superfastpath.py [line:296] one_slot INFO AVG TPS: 14024, running time 0.213916, weighted delay: 0.104661 
2024-07-21 19:35:36,438 superfastpath.py [line:301] one_slot INFO output block for slot 10 taking 0.110252 sec 
2024-07-21 19:35:36,438 superfastpath.py [line:305] one_slot INFO Leaving slot 11 
2024-07-21 19:35:36,438 superfastpath.py [line:231] one_slot INFO Entering slot 12 
2024-07-21 19:35:36,479 superfastpath.py [line:247] one_slot INFO pending block 12 in 0.039093 
2024-07-21 19:35:36,479 superfastpath.py [line:256] one_slot INFO 2pending block 12 in 0.040339 
2024-07-21 19:35:36,484 superfastpath.py [line:274] one_slot INFO read pending block 12 in 0.045129 
2024-07-21 19:35:36,484 superfastpath.py [line:283] one_slot INFO 3pending block 12 in 0.045304 
2024-07-21 19:35:36,484 superfastpath.py [line:287] one_slot INFO delay block 11 in 0.097667 
2024-07-21 19:35:36,486 superfastpath.py [line:294] one_slot INFO Fast block at Node 14 for Epoch sidAFAST0 and Slot 11 has delay, TPS and TXs: 0.09766721725463867, 4000 
2024-07-21 19:35:36,486 superfastpath.py [line:296] one_slot INFO AVG TPS: 15291, running time 0.261585, weighted delay: 0.102912 
2024-07-21 19:35:36,486 superfastpath.py [line:301] one_slot INFO output block for slot 11 taking 0.099684 sec 
2024-07-21 19:35:36,486 superfastpath.py [line:305] one_slot INFO Leaving slot 12 
2024-07-21 19:35:36,486 superfastpath.py [line:231] one_slot INFO Entering slot 13 
2024-07-21 19:35:36,522 superfastpath.py [line:247] one_slot INFO pending block 13 in 0.036162 
2024-07-21 19:35:36,523 superfastpath.py [line:256] one_slot INFO 2pending block 13 in 0.036330 
2024-07-21 19:35:36,528 superfastpath.py [line:274] one_slot INFO read pending block 13 in 0.041348 
2024-07-21 19:35:36,528 superfastpath.py [line:283] one_slot INFO 3pending block 13 in 0.041506 
2024-07-21 19:35:36,529 superfastpath.py [line:287] one_slot INFO delay block 12 in 0.090745 
2024-07-21 19:35:36,534 superfastpath.py [line:294] one_slot INFO Fast block at Node 14 for Epoch sidAFAST0 and Slot 12 has delay, TPS and TXs: 0.0907449722290039, 5000 
2024-07-21 19:35:36,535 superfastpath.py [line:296] one_slot INFO AVG TPS: 16111, running time 0.310345, weighted delay: 0.100479 
2024-07-21 19:35:36,535 superfastpath.py [line:301] one_slot INFO output block for slot 12 taking 0.096186 sec 
2024-07-21 19:35:36,536 superfastpath.py [line:305] one_slot INFO Leaving slot 13 
2024-07-21 19:35:36,536 superfastpath.py [line:231] one_slot INFO Entering slot 14 
2024-07-21 19:35:36,568 superfastpath.py [line:247] one_slot INFO pending block 14 in 0.031092 
2024-07-21 19:35:36,569 superfastpath.py [line:256] one_slot INFO 2pending block 14 in 0.033110 
2024-07-21 19:35:36,577 superfastpath.py [line:274] one_slot INFO read pending block 14 in 0.041010 
2024-07-21 19:35:36,577 superfastpath.py [line:283] one_slot INFO 3pending block 14 in 0.041191 
2024-07-21 19:35:36,577 superfastpath.py [line:287] one_slot INFO delay block 13 in 0.090904 
2024-07-21 19:35:36,582 superfastpath.py [line:294] one_slot INFO Fast block at Node 14 for Epoch sidAFAST0 and Slot 13 has delay, TPS and TXs: 0.09090375900268555, 6000 
2024-07-21 19:35:36,583 superfastpath.py [line:296] one_slot INFO AVG TPS: 16747, running time 0.358258, weighted delay: 0.098883 
2024-07-21 19:35:36,583 superfastpath.py [line:301] one_slot INFO output block for slot 13 taking 0.096473 sec 
2024-07-21 19:35:36,583 superfastpath.py [line:305] one_slot INFO Leaving slot 14 
2024-07-21 19:35:36,585 superfastpath.py [line:231] one_slot INFO Entering slot 15 
2024-07-21 19:35:36,612 superfastpath.py [line:247] one_slot INFO pending block 15 in 0.026502 
2024-07-21 19:35:36,613 superfastpath.py [line:256] one_slot INFO 2pending block 15 in 0.026680 
2024-07-21 19:35:36,614 superfastpath.py [line:274] one_slot INFO read pending block 15 in 0.028431 
2024-07-21 19:35:36,614 superfastpath.py [line:283] one_slot INFO 3pending block 15 in 0.028577 
2024-07-21 19:35:36,622 superfastpath.py [line:287] one_slot INFO delay block 14 in 0.078677 
2024-07-21 19:35:36,624 superfastpath.py [line:294] one_slot INFO Fast block at Node 14 for Epoch sidAFAST0 and Slot 14 has delay, TPS and TXs: 0.07867741584777832, 7000 
2024-07-21 19:35:36,624 superfastpath.py [line:296] one_slot INFO AVG TPS: 17527, running time 0.399372, weighted delay: 0.095996 
2024-07-21 19:35:36,624 superfastpath.py [line:301] one_slot INFO output block for slot 14 taking 0.087868 sec 
2024-07-21 19:35:36,624 superfastpath.py [line:305] one_slot INFO Leaving slot 15 
2024-07-21 19:35:36,624 superfastpath.py [line:231] one_slot INFO Entering slot 16 
2024-07-21 19:35:36,647 superfastpath.py [line:247] one_slot INFO pending block 16 in 0.022933 
2024-07-21 19:35:36,647 superfastpath.py [line:256] one_slot INFO 2pending block 16 in 0.023081 
2024-07-21 19:35:36,647 superfastpath.py [line:274] one_slot INFO read pending block 16 in 0.023386 
2024-07-21 19:35:36,647 superfastpath.py [line:283] one_slot INFO 3pending block 16 in 0.023459 
2024-07-21 19:35:36,647 superfastpath.py [line:287] one_slot INFO delay block 15 in 0.061604 
2024-07-21 19:35:36,650 superfastpath.py [line:294] one_slot INFO Fast block at Node 14 for Epoch sidAFAST0 and Slot 15 has delay, TPS and TXs: 0.06160426139831543, 8000 
2024-07-21 19:35:36,650 superfastpath.py [line:296] one_slot INFO AVG TPS: 18807, running time 0.425373, weighted delay: 0.091697 
2024-07-21 19:35:36,650 superfastpath.py [line:301] one_slot INFO output block for slot 15 taking 0.063871 sec 
2024-07-21 19:35:36,650 superfastpath.py [line:305] one_slot INFO Leaving slot 16 
2024-07-21 19:35:36,650 superfastpath.py [line:370] sufastpath INFO Leaves fastpath at 17 slot 
2024-07-21 19:35:36,650 Superfast.py [line:308] wait_for_fastpath INFO Fastpath of epoch 0 completed 
2024-07-21 19:35:36,650 Superfast.py [line:337] _run_epoch INFO Fastpath tps: 18799 delay 0.091697 
2024-07-21 19:37:55,512 sufp_node.py [line:79] run INFO node 14's starts to run consensus on process id 865 
2024-07-21 19:37:55,512 sufp_node.py [line:80] run INFO parameters: N=16, f=5, S=15, T=5, fast-batch=1000, acs-batch=62, K=1, O=0 
2024-07-21 19:37:55,513 sufp_node.py [line:62] prepare_bootstrap INFO node id 14 is inserting dummy payload TXs 
2024-07-21 19:37:55,514 sufp_node.py [line:70] prepare_bootstrap INFO node id 14 just inserts 50000 TXs 
2024-07-21 19:37:55,514 sufp_node.py [line:70] prepare_bootstrap INFO node id 14 just inserts 50000 TXs 
2024-07-21 19:37:55,514 sufp_node.py [line:74] prepare_bootstrap INFO node id 14 completed the loading of dummy TXs 
2024-07-21 19:37:55,515 Superfast.py [line:178] run_bft INFO Node 14 starts to run at time:1721561875.5149484 
2024-07-21 19:37:55,515 Superfast.py [line:231] _run_epoch INFO Node enters epoch 0 
2024-07-21 19:37:55,516 superfastpath.py [line:43] sufastpath INFO Entering fast path 
2024-07-21 19:37:55,517 superfastpath.py [line:233] one_slot INFO Entering slot 1 
2024-07-21 19:37:56,187 superfastpath.py [line:249] one_slot INFO pending block 1 in 0.669999 
2024-07-21 19:37:56,187 superfastpath.py [line:258] one_slot INFO 2pending block 1 in 0.670168 
2024-07-21 19:37:56,190 superfastpath.py [line:276] one_slot INFO read pending block 1 in 0.672966 
2024-07-21 19:37:56,190 superfastpath.py [line:307] one_slot INFO Leaving slot 1 
2024-07-21 19:37:56,190 superfastpath.py [line:233] one_slot INFO Entering slot 2 
2024-07-21 19:37:56,251 superfastpath.py [line:249] one_slot INFO pending block 2 in 0.060305 
2024-07-21 19:37:56,251 superfastpath.py [line:258] one_slot INFO 2pending block 2 in 0.060459 
2024-07-21 19:37:56,252 superfastpath.py [line:276] one_slot INFO read pending block 2 in 0.061995 
2024-07-21 19:37:56,252 superfastpath.py [line:307] one_slot INFO Leaving slot 2 
2024-07-21 19:37:56,253 superfastpath.py [line:233] one_slot INFO Entering slot 3 
2024-07-21 19:37:56,291 superfastpath.py [line:249] one_slot INFO pending block 3 in 0.038003 
2024-07-21 19:37:56,291 superfastpath.py [line:258] one_slot INFO 2pending block 3 in 0.038476 
2024-07-21 19:37:56,294 superfastpath.py [line:276] one_slot INFO read pending block 3 in 0.041526 
2024-07-21 19:37:56,294 superfastpath.py [line:307] one_slot INFO Leaving slot 3 
2024-07-21 19:37:56,294 superfastpath.py [line:233] one_slot INFO Entering slot 4 
2024-07-21 19:37:56,333 superfastpath.py [line:249] one_slot INFO pending block 4 in 0.038577 
2024-07-21 19:37:56,333 superfastpath.py [line:258] one_slot INFO 2pending block 4 in 0.038749 
2024-07-21 19:37:56,335 superfastpath.py [line:276] one_slot INFO read pending block 4 in 0.040505 
2024-07-21 19:37:56,335 superfastpath.py [line:307] one_slot INFO Leaving slot 4 
2024-07-21 19:37:56,336 superfastpath.py [line:233] one_slot INFO Entering slot 5 
2024-07-21 19:37:56,398 superfastpath.py [line:249] one_slot INFO pending block 5 in 0.061843 
2024-07-21 19:37:56,398 superfastpath.py [line:258] one_slot INFO 2pending block 5 in 0.062700 
2024-07-21 19:37:56,403 superfastpath.py [line:276] one_slot INFO read pending block 5 in 0.066920 
2024-07-21 19:37:56,403 superfastpath.py [line:307] one_slot INFO Leaving slot 5 
2024-07-21 19:37:56,403 superfastpath.py [line:233] one_slot INFO Entering slot 6 
2024-07-21 19:37:56,460 superfastpath.py [line:249] one_slot INFO pending block 6 in 0.056363 
2024-07-21 19:37:56,460 superfastpath.py [line:258] one_slot INFO 2pending block 6 in 0.056581 
2024-07-21 19:37:56,462 superfastpath.py [line:276] one_slot INFO read pending block 6 in 0.058428 
2024-07-21 19:37:56,463 superfastpath.py [line:307] one_slot INFO Leaving slot 6 
2024-07-21 19:37:56,463 superfastpath.py [line:233] one_slot INFO Entering slot 7 
2024-07-21 19:37:56,499 superfastpath.py [line:249] one_slot INFO pending block 7 in 0.036484 
2024-07-21 19:37:56,499 superfastpath.py [line:258] one_slot INFO 2pending block 7 in 0.036671 
2024-07-21 19:37:56,501 superfastpath.py [line:276] one_slot INFO read pending block 7 in 0.038401 
2024-07-21 19:37:56,502 superfastpath.py [line:307] one_slot INFO Leaving slot 7 
2024-07-21 19:37:56,502 superfastpath.py [line:233] one_slot INFO Entering slot 8 
2024-07-21 19:37:56,553 superfastpath.py [line:249] one_slot INFO pending block 8 in 0.050774 
2024-07-21 19:37:56,553 superfastpath.py [line:258] one_slot INFO 2pending block 8 in 0.050963 
2024-07-21 19:37:56,554 superfastpath.py [line:276] one_slot INFO read pending block 8 in 0.052564 
2024-07-21 19:37:56,555 superfastpath.py [line:307] one_slot INFO Leaving slot 8 
2024-07-21 19:37:56,555 superfastpath.py [line:233] one_slot INFO Entering slot 9 
2024-07-21 19:37:56,600 superfastpath.py [line:249] one_slot INFO pending block 9 in 0.045424 
2024-07-21 19:37:56,601 superfastpath.py [line:258] one_slot INFO 2pending block 9 in 0.045601 
2024-07-21 19:37:56,602 superfastpath.py [line:276] one_slot INFO read pending block 9 in 0.047250 
2024-07-21 19:37:56,602 superfastpath.py [line:285] one_slot INFO 3pending block 9 in 0.047507 
2024-07-21 19:37:56,603 superfastpath.py [line:289] one_slot INFO delay block 8 in 0.100701 
2024-07-21 19:37:56,604 superfastpath.py [line:296] one_slot INFO Fast block at Node 14 for Epoch sidAFAST0 and Slot 8 has delay, TPS and TXs: 0.10070109367370605, 1000 
2024-07-21 19:37:56,604 superfastpath.py [line:298] one_slot INFO AVG TPS: 9731, running time 0.102762, weighted delay: 0.100701 
2024-07-21 19:37:56,605 superfastpath.py [line:303] one_slot INFO output block for slot 8 taking 0.102885 sec 
2024-07-21 19:37:56,605 superfastpath.py [line:307] one_slot INFO Leaving slot 9 
2024-07-21 19:37:56,605 superfastpath.py [line:233] one_slot INFO Entering slot 10 
2024-07-21 19:37:56,648 superfastpath.py [line:249] one_slot INFO pending block 10 in 0.042765 
2024-07-21 19:37:56,648 superfastpath.py [line:258] one_slot INFO 2pending block 10 in 0.042939 
2024-07-21 19:37:56,650 superfastpath.py [line:276] one_slot INFO read pending block 10 in 0.045214 
2024-07-21 19:37:56,651 superfastpath.py [line:285] one_slot INFO 3pending block 10 in 0.045388 
2024-07-21 19:37:56,651 superfastpath.py [line:289] one_slot INFO delay block 9 in 0.095835 
2024-07-21 19:37:56,653 superfastpath.py [line:296] one_slot INFO Fast block at Node 14 for Epoch sidAFAST0 and Slot 9 has delay, TPS and TXs: 0.09583520889282227, 2000 
2024-07-21 19:37:56,653 superfastpath.py [line:298] one_slot INFO AVG TPS: 13216, running time 0.151323, weighted delay: 0.098268 
2024-07-21 19:37:56,653 superfastpath.py [line:303] one_slot INFO output block for slot 9 taking 0.098282 sec 
2024-07-21 19:37:56,653 superfastpath.py [line:307] one_slot INFO Leaving slot 10 
2024-07-21 19:37:56,653 superfastpath.py [line:233] one_slot INFO Entering slot 11 
2024-07-21 19:37:56,711 superfastpath.py [line:249] one_slot INFO pending block 11 in 0.057786 
2024-07-21 19:37:56,712 superfastpath.py [line:258] one_slot INFO 2pending block 11 in 0.057957 
2024-07-21 19:37:56,714 superfastpath.py [line:276] one_slot INFO read pending block 11 in 0.060249 
2024-07-21 19:37:56,714 superfastpath.py [line:285] one_slot INFO 3pending block 11 in 0.060401 
2024-07-21 19:37:56,714 superfastpath.py [line:289] one_slot INFO delay block 10 in 0.108794 
2024-07-21 19:37:56,716 superfastpath.py [line:296] one_slot INFO Fast block at Node 14 for Epoch sidAFAST0 and Slot 10 has delay, TPS and TXs: 0.1087944507598877, 3000 
2024-07-21 19:37:56,717 superfastpath.py [line:298] one_slot INFO AVG TPS: 13964, running time 0.214838, weighted delay: 0.101777 
2024-07-21 19:37:56,717 superfastpath.py [line:303] one_slot INFO output block for slot 10 taking 0.111361 sec 
2024-07-21 19:37:56,717 superfastpath.py [line:307] one_slot INFO Leaving slot 11 
2024-07-21 19:37:56,717 superfastpath.py [line:233] one_slot INFO Entering slot 12 
2024-07-21 19:37:56,770 superfastpath.py [line:249] one_slot INFO pending block 12 in 0.052722 
2024-07-21 19:37:56,770 superfastpath.py [line:258] one_slot INFO 2pending block 12 in 0.052890 
2024-07-21 19:37:56,772 superfastpath.py [line:276] one_slot INFO read pending block 12 in 0.054685 
2024-07-21 19:37:56,772 superfastpath.py [line:285] one_slot INFO 3pending block 12 in 0.054821 
2024-07-21 19:37:56,772 superfastpath.py [line:289] one_slot INFO delay block 11 in 0.118842 
2024-07-21 19:37:56,774 superfastpath.py [line:296] one_slot INFO Fast block at Node 14 for Epoch sidAFAST0 and Slot 11 has delay, TPS and TXs: 0.11884212493896484, 4000 
2024-07-21 19:37:56,774 superfastpath.py [line:298] one_slot INFO AVG TPS: 14670, running time 0.272666, weighted delay: 0.106043 
2024-07-21 19:37:56,774 superfastpath.py [line:303] one_slot INFO output block for slot 11 taking 0.120920 sec 
2024-07-21 19:37:56,775 superfastpath.py [line:307] one_slot INFO Leaving slot 12 
2024-07-21 19:37:56,775 superfastpath.py [line:233] one_slot INFO Entering slot 13 
2024-07-21 19:37:56,814 superfastpath.py [line:249] one_slot INFO pending block 13 in 0.038777 
2024-07-21 19:37:56,814 superfastpath.py [line:258] one_slot INFO 2pending block 13 in 0.038930 
2024-07-21 19:37:56,816 superfastpath.py [line:276] one_slot INFO read pending block 13 in 0.041271 
2024-07-21 19:37:56,816 superfastpath.py [line:285] one_slot INFO 3pending block 13 in 0.041419 
2024-07-21 19:37:56,816 superfastpath.py [line:289] one_slot INFO delay block 12 in 0.098776 
2024-07-21 19:37:56,819 superfastpath.py [line:296] one_slot INFO Fast block at Node 14 for Epoch sidAFAST0 and Slot 12 has delay, TPS and TXs: 0.09877634048461914, 5000 
2024-07-21 19:37:56,820 superfastpath.py [line:298] one_slot INFO AVG TPS: 15727, running time 0.317915, weighted delay: 0.104590 
2024-07-21 19:37:56,820 superfastpath.py [line:303] one_slot INFO output block for slot 12 taking 0.102224 sec 
2024-07-21 19:37:56,820 superfastpath.py [line:307] one_slot INFO Leaving slot 13 
2024-07-21 19:37:56,820 superfastpath.py [line:233] one_slot INFO Entering slot 14 
2024-07-21 19:37:56,878 superfastpath.py [line:249] one_slot INFO pending block 14 in 0.058163 
2024-07-21 19:37:56,878 superfastpath.py [line:258] one_slot INFO 2pending block 14 in 0.058359 
2024-07-21 19:37:56,890 superfastpath.py [line:276] one_slot INFO read pending block 14 in 0.070306 
2024-07-21 19:37:56,891 superfastpath.py [line:285] one_slot INFO 3pending block 14 in 0.070480 
2024-07-21 19:37:56,891 superfastpath.py [line:289] one_slot INFO delay block 13 in 0.116058 
2024-07-21 19:37:56,894 superfastpath.py [line:296] one_slot INFO Fast block at Node 14 for Epoch sidAFAST0 and Slot 13 has delay, TPS and TXs: 0.1160578727722168, 6000 
2024-07-21 19:37:56,894 superfastpath.py [line:298] one_slot INFO AVG TPS: 15286, running time 0.392509, weighted delay: 0.106501 
2024-07-21 19:37:56,894 superfastpath.py [line:303] one_slot INFO output block for slot 13 taking 0.119556 sec 
2024-07-21 19:37:56,894 superfastpath.py [line:307] one_slot INFO Leaving slot 14 
2024-07-21 19:37:56,895 superfastpath.py [line:233] one_slot INFO Entering slot 15 
2024-07-21 19:37:56,946 superfastpath.py [line:249] one_slot INFO pending block 15 in 0.050972 
2024-07-21 19:37:56,947 superfastpath.py [line:258] one_slot INFO 2pending block 15 in 0.051122 
2024-07-21 19:37:56,951 superfastpath.py [line:276] one_slot INFO read pending block 15 in 0.056442 
2024-07-21 19:37:56,951 superfastpath.py [line:285] one_slot INFO 3pending block 15 in 0.056879 
2024-07-21 19:37:56,952 superfastpath.py [line:289] one_slot INFO delay block 14 in 0.131529 
2024-07-21 19:37:56,953 superfastpath.py [line:296] one_slot INFO Fast block at Node 14 for Epoch sidAFAST0 and Slot 14 has delay, TPS and TXs: 0.13152861595153809, 7000 
2024-07-21 19:37:56,954 superfastpath.py [line:298] one_slot INFO AVG TPS: 15491, running time 0.451866, weighted delay: 0.110077 
2024-07-21 19:37:56,954 superfastpath.py [line:303] one_slot INFO output block for slot 14 taking 0.133650 sec 
2024-07-21 19:37:56,954 superfastpath.py [line:307] one_slot INFO Leaving slot 15 
2024-07-21 19:37:56,954 superfastpath.py [line:233] one_slot INFO Entering slot 16 
2024-07-21 19:37:56,975 superfastpath.py [line:249] one_slot INFO pending block 16 in 0.021147 
2024-07-21 19:37:56,975 superfastpath.py [line:258] one_slot INFO 2pending block 16 in 0.021351 
2024-07-21 19:37:56,975 superfastpath.py [line:276] one_slot INFO read pending block 16 in 0.021489 
2024-07-21 19:37:56,976 superfastpath.py [line:285] one_slot INFO 3pending block 16 in 0.021576 
2024-07-21 19:37:56,976 superfastpath.py [line:289] one_slot INFO delay block 15 in 0.081016 
2024-07-21 19:37:56,978 superfastpath.py [line:296] one_slot INFO Fast block at Node 14 for Epoch sidAFAST0 and Slot 15 has delay, TPS and TXs: 0.08101630210876465, 8000 
2024-07-21 19:37:56,978 superfastpath.py [line:298] one_slot INFO AVG TPS: 16788, running time 0.476522, weighted delay: 0.106444 
2024-07-21 19:37:56,978 superfastpath.py [line:303] one_slot INFO output block for slot 15 taking 0.083695 sec 
2024-07-21 19:37:56,978 superfastpath.py [line:307] one_slot INFO Leaving slot 16 
2024-07-21 19:37:56,978 superfastpath.py [line:372] sufastpath INFO Leaves fastpath at 17 slot 
2024-07-21 19:37:56,979 Superfast.py [line:308] wait_for_fastpath INFO Fastpath of epoch 0 completed 
2024-07-21 19:37:56,979 Superfast.py [line:337] _run_epoch INFO Fastpath tps: 16781 delay 0.106444 
2024-07-21 19:41:33,947 sufp_node.py [line:79] run INFO node 14's starts to run consensus on process id 1289 
2024-07-21 19:41:33,948 sufp_node.py [line:80] run INFO parameters: N=16, f=5, S=15, T=5, fast-batch=1000, acs-batch=62, K=1, O=0 
2024-07-21 19:41:33,948 sufp_node.py [line:62] prepare_bootstrap INFO node id 14 is inserting dummy payload TXs 
2024-07-21 19:41:33,948 sufp_node.py [line:70] prepare_bootstrap INFO node id 14 just inserts 50000 TXs 
2024-07-21 19:41:33,948 sufp_node.py [line:70] prepare_bootstrap INFO node id 14 just inserts 50000 TXs 
2024-07-21 19:41:33,948 sufp_node.py [line:74] prepare_bootstrap INFO node id 14 completed the loading of dummy TXs 
2024-07-21 19:41:33,949 Superfast.py [line:178] run_bft INFO Node 14 starts to run at time:1721562093.949064 
2024-07-21 19:41:33,949 Superfast.py [line:231] _run_epoch INFO Node enters epoch 0 
2024-07-21 19:41:33,949 superfastpath.py [line:43] sufastpath INFO Entering fast path 
2024-07-21 19:41:33,950 superfastpath.py [line:233] one_slot INFO Entering slot 1 
2024-07-21 19:41:34,386 superfastpath.py [line:249] one_slot INFO pending block 1 in 0.435826 
2024-07-21 19:41:34,386 superfastpath.py [line:258] one_slot INFO 2pending block 1 in 0.436214 
2024-07-21 19:41:34,387 superfastpath.py [line:276] one_slot INFO read pending block 1 in 0.437582 
2024-07-21 19:41:34,387 superfastpath.py [line:307] one_slot INFO Leaving slot 1 
2024-07-21 19:41:34,388 superfastpath.py [line:233] one_slot INFO Entering slot 2 
2024-07-21 19:41:34,448 superfastpath.py [line:249] one_slot INFO pending block 2 in 0.060522 
2024-07-21 19:41:34,448 superfastpath.py [line:258] one_slot INFO 2pending block 2 in 0.060700 
2024-07-21 19:41:34,451 superfastpath.py [line:276] one_slot INFO read pending block 2 in 0.063667 
2024-07-21 19:41:34,452 superfastpath.py [line:307] one_slot INFO Leaving slot 2 
2024-07-21 19:41:34,453 superfastpath.py [line:233] one_slot INFO Entering slot 3 
2024-07-21 19:41:34,483 superfastpath.py [line:249] one_slot INFO pending block 3 in 0.030255 
2024-07-21 19:41:34,483 superfastpath.py [line:258] one_slot INFO 2pending block 3 in 0.030633 
2024-07-21 19:41:34,485 superfastpath.py [line:276] one_slot INFO read pending block 3 in 0.032215 
2024-07-21 19:41:34,485 superfastpath.py [line:307] one_slot INFO Leaving slot 3 
2024-07-21 19:41:34,485 superfastpath.py [line:233] one_slot INFO Entering slot 4 
2024-07-21 19:41:34,551 superfastpath.py [line:249] one_slot INFO pending block 4 in 0.065547 
2024-07-21 19:41:34,551 superfastpath.py [line:258] one_slot INFO 2pending block 4 in 0.065729 
2024-07-21 19:41:34,553 superfastpath.py [line:276] one_slot INFO read pending block 4 in 0.067350 
2024-07-21 19:41:34,553 superfastpath.py [line:307] one_slot INFO Leaving slot 4 
2024-07-21 19:41:34,553 superfastpath.py [line:233] one_slot INFO Entering slot 5 
2024-07-21 19:41:34,630 superfastpath.py [line:249] one_slot INFO pending block 5 in 0.076819 
2024-07-21 19:41:34,631 superfastpath.py [line:258] one_slot INFO 2pending block 5 in 0.077236 
2024-07-21 19:41:34,634 superfastpath.py [line:276] one_slot INFO read pending block 5 in 0.080351 
2024-07-21 19:41:34,634 superfastpath.py [line:307] one_slot INFO Leaving slot 5 
2024-07-21 19:41:34,634 superfastpath.py [line:233] one_slot INFO Entering slot 6 
2024-07-21 19:41:34,710 superfastpath.py [line:249] one_slot INFO pending block 6 in 0.076090 
2024-07-21 19:41:34,711 superfastpath.py [line:258] one_slot INFO 2pending block 6 in 0.076290 
2024-07-21 19:41:34,715 superfastpath.py [line:276] one_slot INFO read pending block 6 in 0.080653 
2024-07-21 19:41:34,715 superfastpath.py [line:307] one_slot INFO Leaving slot 6 
2024-07-21 19:41:34,715 superfastpath.py [line:233] one_slot INFO Entering slot 7 
2024-07-21 19:41:34,765 superfastpath.py [line:249] one_slot INFO pending block 7 in 0.049638 
2024-07-21 19:41:34,765 superfastpath.py [line:258] one_slot INFO 2pending block 7 in 0.049825 
2024-07-21 19:41:34,772 superfastpath.py [line:276] one_slot INFO read pending block 7 in 0.056461 
2024-07-21 19:41:34,773 superfastpath.py [line:307] one_slot INFO Leaving slot 7 
2024-07-21 19:41:34,773 superfastpath.py [line:233] one_slot INFO Entering slot 8 
2024-07-21 19:41:34,841 superfastpath.py [line:249] one_slot INFO pending block 8 in 0.068506 
2024-07-21 19:41:34,842 superfastpath.py [line:258] one_slot INFO 2pending block 8 in 0.068694 
2024-07-21 19:41:34,843 superfastpath.py [line:276] one_slot INFO read pending block 8 in 0.070367 
2024-07-21 19:41:34,843 superfastpath.py [line:307] one_slot INFO Leaving slot 8 
2024-07-21 19:41:34,844 superfastpath.py [line:233] one_slot INFO Entering slot 9 
2024-07-21 19:41:34,916 superfastpath.py [line:249] one_slot INFO pending block 9 in 0.072313 
2024-07-21 19:41:34,973 superfastpath.py [line:258] one_slot INFO 2pending block 9 in 0.129621 
2024-07-21 19:41:34,975 superfastpath.py [line:276] one_slot INFO read pending block 9 in 0.131737 
2024-07-21 19:41:34,976 superfastpath.py [line:285] one_slot INFO 3pending block 9 in 0.131861 
2024-07-21 19:41:34,976 superfastpath.py [line:289] one_slot INFO delay block 8 in 0.202794 
2024-07-21 19:41:34,978 superfastpath.py [line:296] one_slot INFO Fast block at Node 14 for Epoch sidAFAST0 and Slot 8 has delay, TPS and TXs: 0.20279359817504883, 1000 
2024-07-21 19:41:34,978 superfastpath.py [line:298] one_slot INFO AVG TPS: 4871, running time 0.205276, weighted delay: 0.202794 
2024-07-21 19:41:34,978 superfastpath.py [line:303] one_slot INFO output block for slot 8 taking 0.205208 sec 
2024-07-21 19:41:34,978 superfastpath.py [line:307] one_slot INFO Leaving slot 9 
2024-07-21 19:41:34,978 superfastpath.py [line:233] one_slot INFO Entering slot 10 
2024-07-21 19:41:35,018 superfastpath.py [line:249] one_slot INFO pending block 10 in 0.039615 
2024-07-21 19:41:35,018 superfastpath.py [line:258] one_slot INFO 2pending block 10 in 0.039904 
2024-07-21 19:41:35,021 superfastpath.py [line:276] one_slot INFO read pending block 10 in 0.042959 
2024-07-21 19:41:35,022 superfastpath.py [line:285] one_slot INFO 3pending block 10 in 0.043314 
2024-07-21 19:41:35,022 superfastpath.py [line:289] one_slot INFO delay block 9 in 0.178513 
2024-07-21 19:41:35,025 superfastpath.py [line:296] one_slot INFO Fast block at Node 14 for Epoch sidAFAST0 and Slot 9 has delay, TPS and TXs: 0.1785128116607666, 2000 
2024-07-21 19:41:35,025 superfastpath.py [line:298] one_slot INFO AVG TPS: 7926, running time 0.252312, weighted delay: 0.190653 
2024-07-21 19:41:35,025 superfastpath.py [line:303] one_slot INFO output block for slot 9 taking 0.181419 sec 
2024-07-21 19:41:35,025 superfastpath.py [line:307] one_slot INFO Leaving slot 10 
2024-07-21 19:41:35,025 superfastpath.py [line:233] one_slot INFO Entering slot 11 
2024-07-21 19:41:35,106 superfastpath.py [line:249] one_slot INFO pending block 11 in 0.080545 
2024-07-21 19:41:35,107 superfastpath.py [line:258] one_slot INFO 2pending block 11 in 0.081127 
2024-07-21 19:41:35,112 superfastpath.py [line:276] one_slot INFO read pending block 11 in 0.086217 
2024-07-21 19:41:35,112 superfastpath.py [line:285] one_slot INFO 3pending block 11 in 0.086426 
2024-07-21 19:41:35,113 superfastpath.py [line:289] one_slot INFO delay block 10 in 0.134420 
2024-07-21 19:41:35,116 superfastpath.py [line:296] one_slot INFO Fast block at Node 14 for Epoch sidAFAST0 and Slot 10 has delay, TPS and TXs: 0.13442015647888184, 3000 
2024-07-21 19:41:35,116 superfastpath.py [line:298] one_slot INFO AVG TPS: 8738, running time 0.343314, weighted delay: 0.171909 
2024-07-21 19:41:35,117 superfastpath.py [line:303] one_slot INFO output block for slot 10 taking 0.138259 sec 
2024-07-21 19:41:35,117 superfastpath.py [line:307] one_slot INFO Leaving slot 11 
2024-07-21 19:41:35,117 superfastpath.py [line:233] one_slot INFO Entering slot 12 
2024-07-21 19:41:35,166 superfastpath.py [line:249] one_slot INFO pending block 12 in 0.049073 
2024-07-21 19:41:35,166 superfastpath.py [line:258] one_slot INFO 2pending block 12 in 0.049272 
2024-07-21 19:41:35,173 superfastpath.py [line:276] one_slot INFO read pending block 12 in 0.052954 
2024-07-21 19:41:35,173 superfastpath.py [line:285] one_slot INFO 3pending block 12 in 0.056436 
2024-07-21 19:41:35,174 superfastpath.py [line:289] one_slot INFO delay block 11 in 0.148162 
2024-07-21 19:41:35,178 superfastpath.py [line:296] one_slot INFO Fast block at Node 14 for Epoch sidAFAST0 and Slot 11 has delay, TPS and TXs: 0.1481616497039795, 4000 
2024-07-21 19:41:35,178 superfastpath.py [line:298] one_slot INFO AVG TPS: 9858, running time 0.405763, weighted delay: 0.165972 
2024-07-21 19:41:35,179 superfastpath.py [line:303] one_slot INFO output block for slot 11 taking 0.153156 sec 
2024-07-21 19:41:35,179 superfastpath.py [line:307] one_slot INFO Leaving slot 12 
2024-07-21 19:41:35,179 superfastpath.py [line:233] one_slot INFO Entering slot 13 
2024-07-21 19:41:35,229 superfastpath.py [line:249] one_slot INFO pending block 13 in 0.050537 
2024-07-21 19:41:35,230 superfastpath.py [line:258] one_slot INFO 2pending block 13 in 0.050720 
2024-07-21 19:41:35,232 superfastpath.py [line:276] one_slot INFO read pending block 13 in 0.052809 
2024-07-21 19:41:35,232 superfastpath.py [line:285] one_slot INFO 3pending block 13 in 0.052991 
2024-07-21 19:41:35,232 superfastpath.py [line:289] one_slot INFO delay block 12 in 0.114941 
2024-07-21 19:41:35,234 superfastpath.py [line:296] one_slot INFO Fast block at Node 14 for Epoch sidAFAST0 and Slot 12 has delay, TPS and TXs: 0.11494064331054688, 5000 
2024-07-21 19:41:35,234 superfastpath.py [line:298] one_slot INFO AVG TPS: 10843, running time 0.461113, weighted delay: 0.155766 
2024-07-21 19:41:35,234 superfastpath.py [line:303] one_slot INFO output block for slot 12 taking 0.116937 sec 
2024-07-21 19:41:35,234 superfastpath.py [line:307] one_slot INFO Leaving slot 13 
2024-07-21 19:41:35,234 superfastpath.py [line:233] one_slot INFO Entering slot 14 
2024-07-21 19:41:35,300 superfastpath.py [line:249] one_slot INFO pending block 14 in 0.065741 
2024-07-21 19:41:35,300 superfastpath.py [line:258] one_slot INFO 2pending block 14 in 0.065913 
2024-07-21 19:41:35,302 superfastpath.py [line:276] one_slot INFO read pending block 14 in 0.068192 
2024-07-21 19:41:35,303 superfastpath.py [line:285] one_slot INFO 3pending block 14 in 0.068395 
2024-07-21 19:41:35,303 superfastpath.py [line:289] one_slot INFO delay block 13 in 0.123889 
2024-07-21 19:41:35,304 superfastpath.py [line:296] one_slot INFO Fast block at Node 14 for Epoch sidAFAST0 and Slot 13 has delay, TPS and TXs: 0.12388873100280762, 6000 
2024-07-21 19:41:35,305 superfastpath.py [line:298] one_slot INFO AVG TPS: 11278, running time 0.531974, weighted delay: 0.150453 
2024-07-21 19:41:35,305 superfastpath.py [line:303] one_slot INFO output block for slot 13 taking 0.125973 sec 
2024-07-21 19:41:35,305 superfastpath.py [line:307] one_slot INFO Leaving slot 14 
2024-07-21 19:41:35,305 superfastpath.py [line:233] one_slot INFO Entering slot 15 
2024-07-21 19:41:35,383 superfastpath.py [line:249] one_slot INFO pending block 15 in 0.078292 
2024-07-21 19:41:35,384 superfastpath.py [line:258] one_slot INFO 2pending block 15 in 0.078483 
2024-07-21 19:41:35,390 superfastpath.py [line:276] one_slot INFO read pending block 15 in 0.085184 
2024-07-21 19:41:35,391 superfastpath.py [line:285] one_slot INFO 3pending block 15 in 0.085536 
2024-07-21 19:41:35,391 superfastpath.py [line:289] one_slot INFO delay block 14 in 0.156557 
2024-07-21 19:41:35,393 superfastpath.py [line:296] one_slot INFO Fast block at Node 14 for Epoch sidAFAST0 and Slot 14 has delay, TPS and TXs: 0.15655732154846191, 7000 
2024-07-21 19:41:35,394 superfastpath.py [line:298] one_slot INFO AVG TPS: 11272, running time 0.620965, weighted delay: 0.151325 
2024-07-21 19:41:35,394 superfastpath.py [line:303] one_slot INFO output block for slot 14 taking 0.159580 sec 
2024-07-21 19:41:35,394 superfastpath.py [line:307] one_slot INFO Leaving slot 15 
2024-07-21 19:41:35,394 superfastpath.py [line:233] one_slot INFO Entering slot 16 
2024-07-21 19:41:35,445 superfastpath.py [line:249] one_slot INFO pending block 16 in 0.050309 
2024-07-21 19:41:35,445 superfastpath.py [line:258] one_slot INFO 2pending block 16 in 0.050454 
2024-07-21 19:41:35,446 superfastpath.py [line:276] one_slot INFO read pending block 16 in 0.051228 
2024-07-21 19:41:35,446 superfastpath.py [line:285] one_slot INFO 3pending block 16 in 0.051337 
2024-07-21 19:41:35,446 superfastpath.py [line:289] one_slot INFO delay block 15 in 0.140725 
2024-07-21 19:41:35,451 superfastpath.py [line:296] one_slot INFO Fast block at Node 14 for Epoch sidAFAST0 and Slot 15 has delay, TPS and TXs: 0.14072465896606445, 8000 
2024-07-21 19:41:35,451 superfastpath.py [line:298] one_slot INFO AVG TPS: 11795, running time 0.678247, weighted delay: 0.150000 
2024-07-21 19:41:35,453 superfastpath.py [line:303] one_slot INFO output block for slot 15 taking 0.147467 sec 
2024-07-21 19:41:35,453 superfastpath.py [line:307] one_slot INFO Leaving slot 16 
2024-07-21 19:41:35,455 superfastpath.py [line:372] sufastpath INFO Leaves fastpath at 17 slot 
2024-07-21 19:41:35,456 Superfast.py [line:308] wait_for_fastpath INFO Fastpath of epoch 0 completed 
2024-07-21 19:41:35,456 Superfast.py [line:337] _run_epoch INFO Fastpath tps: 11761 delay 0.150000 
2024-07-21 19:41:40,458 Superfast.py [line:208] run_bft INFO node 14 breaks in 6.509200 seconds in epoch 0 with total delivered Txs 0 and average delay 0.000000 
2024-07-21 19:43:08,622 sufp_node.py [line:79] run INFO node 14's starts to run consensus on process id 1709 
2024-07-21 19:43:08,622 sufp_node.py [line:80] run INFO parameters: N=16, f=5, S=15, T=5, fast-batch=1000, acs-batch=62, K=1, O=0 
2024-07-21 19:43:08,622 sufp_node.py [line:62] prepare_bootstrap INFO node id 14 is inserting dummy payload TXs 
2024-07-21 19:43:08,623 sufp_node.py [line:70] prepare_bootstrap INFO node id 14 just inserts 50000 TXs 
2024-07-21 19:43:08,623 sufp_node.py [line:70] prepare_bootstrap INFO node id 14 just inserts 50000 TXs 
2024-07-21 19:43:08,623 sufp_node.py [line:74] prepare_bootstrap INFO node id 14 completed the loading of dummy TXs 
2024-07-21 19:43:08,623 Superfast.py [line:178] run_bft INFO Node 14 starts to run at time:1721562188.6236115 
2024-07-21 19:43:08,623 Superfast.py [line:231] _run_epoch INFO Node enters epoch 0 
2024-07-21 19:43:08,624 superfastpath.py [line:43] sufastpath INFO Entering fast path 
2024-07-21 19:43:08,624 superfastpath.py [line:233] one_slot INFO Entering slot 1 
2024-07-21 19:43:08,801 superfastpath.py [line:249] one_slot INFO pending block 1 in 0.177096 
2024-07-21 19:43:08,801 superfastpath.py [line:258] one_slot INFO 2pending block 1 in 0.177267 
2024-07-21 19:43:08,804 superfastpath.py [line:276] one_slot INFO read pending block 1 in 0.179594 
2024-07-21 19:43:08,804 superfastpath.py [line:307] one_slot INFO Leaving slot 1 
2024-07-21 19:43:08,804 superfastpath.py [line:233] one_slot INFO Entering slot 2 
2024-07-21 19:43:08,872 superfastpath.py [line:249] one_slot INFO pending block 2 in 0.068203 
2024-07-21 19:43:08,873 superfastpath.py [line:258] one_slot INFO 2pending block 2 in 0.068368 
2024-07-21 19:43:08,874 superfastpath.py [line:276] one_slot INFO read pending block 2 in 0.069831 
2024-07-21 19:43:08,874 superfastpath.py [line:307] one_slot INFO Leaving slot 2 
2024-07-21 19:43:08,874 superfastpath.py [line:233] one_slot INFO Entering slot 3 
2024-07-21 19:43:08,911 superfastpath.py [line:249] one_slot INFO pending block 3 in 0.036914 
2024-07-21 19:43:08,912 superfastpath.py [line:258] one_slot INFO 2pending block 3 in 0.037339 
2024-07-21 19:43:08,915 superfastpath.py [line:276] one_slot INFO read pending block 3 in 0.040882 
2024-07-21 19:43:08,916 superfastpath.py [line:307] one_slot INFO Leaving slot 3 
2024-07-21 19:43:08,917 superfastpath.py [line:233] one_slot INFO Entering slot 4 
2024-07-21 19:43:13,918 superfastpath.py [line:365] sufastpath INFO Fastpath Timeout! 
2024-07-21 19:43:13,918 superfastpath.py [line:372] sufastpath INFO Leaves fastpath at 4 slot 
2024-07-21 19:43:13,918 Superfast.py [line:308] wait_for_fastpath INFO Fastpath of epoch 0 completed 
2024-07-21 19:47:39,585 sufp_node.py [line:79] run INFO node 14's starts to run consensus on process id 2001 
2024-07-21 19:47:39,585 sufp_node.py [line:80] run INFO parameters: N=16, f=5, S=15, T=5, fast-batch=1000, acs-batch=62, K=1, O=0 
2024-07-21 19:47:39,586 sufp_node.py [line:62] prepare_bootstrap INFO node id 14 is inserting dummy payload TXs 
2024-07-21 19:47:39,586 sufp_node.py [line:70] prepare_bootstrap INFO node id 14 just inserts 50000 TXs 
2024-07-21 19:47:39,586 sufp_node.py [line:70] prepare_bootstrap INFO node id 14 just inserts 50000 TXs 
2024-07-21 19:47:39,586 sufp_node.py [line:74] prepare_bootstrap INFO node id 14 completed the loading of dummy TXs 
2024-07-21 19:47:39,586 Superfast.py [line:178] run_bft INFO Node 14 starts to run at time:1721562459.5868654 
2024-07-21 19:47:39,586 Superfast.py [line:231] _run_epoch INFO Node enters epoch 0 
2024-07-21 19:47:39,587 superfastpath.py [line:43] sufastpath INFO Entering fast path 
2024-07-21 19:47:39,587 superfastpath.py [line:234] one_slot INFO Entering slot 1 
2024-07-21 19:47:40,312 superfastpath.py [line:250] one_slot INFO pending block 1 in 0.724575 
2024-07-21 19:47:40,312 superfastpath.py [line:259] one_slot INFO 2pending block 1 in 0.724750 
2024-07-21 19:47:40,314 superfastpath.py [line:277] one_slot INFO read pending block 1 in 0.726349 
2024-07-21 19:47:40,314 superfastpath.py [line:308] one_slot INFO Leaving slot 1 
2024-07-21 19:47:40,314 superfastpath.py [line:234] one_slot INFO Entering slot 2 
2024-07-21 19:47:40,369 superfastpath.py [line:250] one_slot INFO pending block 2 in 0.054775 
2024-07-21 19:47:40,369 superfastpath.py [line:259] one_slot INFO 2pending block 2 in 0.054929 
2024-07-21 19:47:40,371 superfastpath.py [line:277] one_slot INFO read pending block 2 in 0.056643 
2024-07-21 19:47:40,371 superfastpath.py [line:308] one_slot INFO Leaving slot 2 
2024-07-21 19:47:40,371 superfastpath.py [line:234] one_slot INFO Entering slot 3 
2024-07-21 19:47:40,396 superfastpath.py [line:250] one_slot INFO pending block 3 in 0.024801 
2024-07-21 19:47:40,396 superfastpath.py [line:259] one_slot INFO 2pending block 3 in 0.024975 
2024-07-21 19:47:40,398 superfastpath.py [line:277] one_slot INFO read pending block 3 in 0.026678 
2024-07-21 19:47:40,398 superfastpath.py [line:308] one_slot INFO Leaving slot 3 
2024-07-21 19:47:40,398 superfastpath.py [line:234] one_slot INFO Entering slot 4 
2024-07-21 19:47:45,399 superfastpath.py [line:366] sufastpath INFO Fastpath Timeout! 
2024-07-21 19:47:45,399 superfastpath.py [line:373] sufastpath INFO Leaves fastpath at 4 slot 
2024-07-21 19:47:45,399 Superfast.py [line:308] wait_for_fastpath INFO Fastpath of epoch 0 completed 
2024-07-21 19:47:50,425 Superfast.py [line:208] run_bft INFO node 14 breaks in 10.838976 seconds in epoch 0 with total delivered Txs 0 and average delay 0.000000 
2024-07-21 19:49:15,107 sufp_node.py [line:79] run INFO node 14's starts to run consensus on process id 2279 
2024-07-21 19:49:15,107 sufp_node.py [line:80] run INFO parameters: N=16, f=5, S=15, T=5, fast-batch=1000, acs-batch=62, K=1, O=0 
2024-07-21 19:49:15,107 sufp_node.py [line:62] prepare_bootstrap INFO node id 14 is inserting dummy payload TXs 
2024-07-21 19:49:15,107 sufp_node.py [line:70] prepare_bootstrap INFO node id 14 just inserts 50000 TXs 
2024-07-21 19:49:15,108 sufp_node.py [line:70] prepare_bootstrap INFO node id 14 just inserts 50000 TXs 
2024-07-21 19:49:15,108 sufp_node.py [line:74] prepare_bootstrap INFO node id 14 completed the loading of dummy TXs 
2024-07-21 19:49:15,108 Superfast.py [line:178] run_bft INFO Node 14 starts to run at time:1721562555.1082597 
2024-07-21 19:49:15,108 Superfast.py [line:231] _run_epoch INFO Node enters epoch 0 
2024-07-21 19:49:15,109 superfastpath.py [line:43] sufastpath INFO Entering fast path 
2024-07-21 19:49:15,109 superfastpath.py [line:234] one_slot INFO Entering slot 1 
2024-07-21 19:49:15,353 superfastpath.py [line:250] one_slot INFO pending block 1 in 0.243640 
2024-07-21 19:49:15,353 superfastpath.py [line:259] one_slot INFO 2pending block 1 in 0.243820 
2024-07-21 19:49:15,354 superfastpath.py [line:277] one_slot INFO read pending block 1 in 0.245282 
2024-07-21 19:49:15,354 superfastpath.py [line:308] one_slot INFO Leaving slot 1 
2024-07-21 19:49:15,354 superfastpath.py [line:234] one_slot INFO Entering slot 2 
2024-07-21 19:49:15,404 superfastpath.py [line:250] one_slot INFO pending block 2 in 0.048976 
2024-07-21 19:49:15,404 superfastpath.py [line:259] one_slot INFO 2pending block 2 in 0.049187 
2024-07-21 19:49:15,405 superfastpath.py [line:277] one_slot INFO read pending block 2 in 0.050696 
2024-07-21 19:49:15,405 superfastpath.py [line:308] one_slot INFO Leaving slot 2 
2024-07-21 19:49:15,406 superfastpath.py [line:234] one_slot INFO Entering slot 3 
2024-07-21 19:49:15,419 superfastpath.py [line:250] one_slot INFO pending block 3 in 0.012372 
2024-07-21 19:49:15,419 superfastpath.py [line:259] one_slot INFO 2pending block 3 in 0.013247 
2024-07-21 19:49:15,423 superfastpath.py [line:277] one_slot INFO read pending block 3 in 0.016884 
2024-07-21 19:49:15,423 superfastpath.py [line:308] one_slot INFO Leaving slot 3 
2024-07-21 19:49:15,423 superfastpath.py [line:234] one_slot INFO Entering slot 4 
2024-07-21 19:49:20,423 superfastpath.py [line:366] sufastpath INFO Fastpath Timeout! 
2024-07-21 19:49:20,423 superfastpath.py [line:373] sufastpath INFO Leaves fastpath at 4 slot 
2024-07-21 19:49:20,424 Superfast.py [line:308] wait_for_fastpath INFO Fastpath of epoch 0 completed 
2024-07-21 19:52:59,358 sufp_node.py [line:79] run INFO node 14's starts to run consensus on process id 2779 
2024-07-21 19:52:59,359 sufp_node.py [line:80] run INFO parameters: N=16, f=5, S=15, T=5, fast-batch=1000, acs-batch=62, K=1, O=0 
2024-07-21 19:52:59,359 sufp_node.py [line:62] prepare_bootstrap INFO node id 14 is inserting dummy payload TXs 
2024-07-21 19:52:59,360 sufp_node.py [line:70] prepare_bootstrap INFO node id 14 just inserts 50000 TXs 
2024-07-21 19:52:59,360 sufp_node.py [line:70] prepare_bootstrap INFO node id 14 just inserts 50000 TXs 
2024-07-21 19:52:59,361 sufp_node.py [line:74] prepare_bootstrap INFO node id 14 completed the loading of dummy TXs 
2024-07-21 19:52:59,361 Superfast.py [line:180] run_bft INFO Node 14 starts to run at time:1721562779.3615232 
2024-07-21 19:52:59,361 Superfast.py [line:233] _run_epoch INFO Node enters epoch 0 
2024-07-21 19:52:59,363 superfastpath.py [line:43] sufastpath INFO Entering fast path 
2024-07-21 19:52:59,363 superfastpath.py [line:234] one_slot INFO Entering slot 1 
2024-07-21 19:53:00,079 superfastpath.py [line:250] one_slot INFO pending block 1 in 0.715426 
2024-07-21 19:53:00,079 superfastpath.py [line:259] one_slot INFO 2pending block 1 in 0.715796 
2024-07-21 19:53:00,081 superfastpath.py [line:277] one_slot INFO read pending block 1 in 0.717482 
2024-07-21 19:53:00,081 superfastpath.py [line:308] one_slot INFO Leaving slot 1 
2024-07-21 19:53:00,081 superfastpath.py [line:234] one_slot INFO Entering slot 2 
2024-07-21 19:53:00,130 superfastpath.py [line:250] one_slot INFO pending block 2 in 0.048758 
2024-07-21 19:53:00,130 superfastpath.py [line:259] one_slot INFO 2pending block 2 in 0.048949 
2024-07-21 19:53:00,132 superfastpath.py [line:277] one_slot INFO read pending block 2 in 0.050614 
2024-07-21 19:53:00,132 superfastpath.py [line:308] one_slot INFO Leaving slot 2 
2024-07-21 19:53:00,132 superfastpath.py [line:234] one_slot INFO Entering slot 3 
2024-07-21 19:53:00,173 superfastpath.py [line:250] one_slot INFO pending block 3 in 0.040675 
2024-07-21 19:53:00,174 superfastpath.py [line:259] one_slot INFO 2pending block 3 in 0.041156 
2024-07-21 19:53:00,176 superfastpath.py [line:277] one_slot INFO read pending block 3 in 0.043290 
2024-07-21 19:53:00,176 superfastpath.py [line:308] one_slot INFO Leaving slot 3 
2024-07-21 19:53:00,176 superfastpath.py [line:234] one_slot INFO Entering slot 4 
2024-07-21 19:53:05,178 superfastpath.py [line:366] sufastpath INFO Fastpath Timeout! 
2024-07-21 19:53:05,178 superfastpath.py [line:373] sufastpath INFO Leaves fastpath at 4 slot 
2024-07-21 19:53:05,178 Superfast.py [line:310] wait_for_fastpath INFO Fastpath of epoch 0 completed 
2024-07-21 19:53:10,179 Superfast.py [line:210] run_bft INFO node 14 breaks in 10.817959 seconds in epoch 0 with total delivered Txs 0 and average delay 0.000000 
2024-07-21 19:58:44,045 sufp_node.py [line:79] run INFO node 14's starts to run consensus on process id 3421 
2024-07-21 19:58:44,046 sufp_node.py [line:80] run INFO parameters: N=16, f=5, S=15, T=5, fast-batch=1000, acs-batch=62, K=1, O=0 
2024-07-21 19:58:44,046 sufp_node.py [line:62] prepare_bootstrap INFO node id 14 is inserting dummy payload TXs 
2024-07-21 19:58:44,046 sufp_node.py [line:70] prepare_bootstrap INFO node id 14 just inserts 50000 TXs 
2024-07-21 19:58:44,047 sufp_node.py [line:70] prepare_bootstrap INFO node id 14 just inserts 50000 TXs 
2024-07-21 19:58:44,047 sufp_node.py [line:74] prepare_bootstrap INFO node id 14 completed the loading of dummy TXs 
2024-07-21 19:58:44,047 Superfast.py [line:180] run_bft INFO Node 14 starts to run at time:1721563124.0473654 
2024-07-21 19:58:44,047 Superfast.py [line:233] _run_epoch INFO Node enters epoch 0 
2024-07-21 19:58:44,048 superfastpath.py [line:43] sufastpath INFO Entering fast path 
2024-07-21 19:58:44,048 superfastpath.py [line:234] one_slot INFO Entering slot 1 
2024-07-21 19:58:44,462 superfastpath.py [line:250] one_slot INFO pending block 1 in 0.413866 
2024-07-21 19:58:44,462 superfastpath.py [line:259] one_slot INFO 2pending block 1 in 0.414019 
2024-07-21 19:58:44,464 superfastpath.py [line:277] one_slot INFO read pending block 1 in 0.415774 
2024-07-21 19:58:44,464 superfastpath.py [line:308] one_slot INFO Leaving slot 1 
2024-07-21 19:58:44,464 superfastpath.py [line:234] one_slot INFO Entering slot 2 
2024-07-21 19:58:44,561 superfastpath.py [line:250] one_slot INFO pending block 2 in 0.097023 
2024-07-21 19:58:44,562 superfastpath.py [line:259] one_slot INFO 2pending block 2 in 0.097722 
2024-07-21 19:58:44,566 superfastpath.py [line:277] one_slot INFO read pending block 2 in 0.101933 
2024-07-21 19:58:44,566 superfastpath.py [line:308] one_slot INFO Leaving slot 2 
2024-07-21 19:58:44,567 superfastpath.py [line:234] one_slot INFO Entering slot 3 
2024-07-21 19:58:44,589 superfastpath.py [line:250] one_slot INFO pending block 3 in 0.022380 
2024-07-21 19:58:44,589 superfastpath.py [line:259] one_slot INFO 2pending block 3 in 0.022619 
2024-07-21 19:58:44,594 superfastpath.py [line:277] one_slot INFO read pending block 3 in 0.027561 
2024-07-21 19:58:44,594 superfastpath.py [line:308] one_slot INFO Leaving slot 3 
2024-07-21 19:58:44,595 superfastpath.py [line:234] one_slot INFO Entering slot 4 
2024-07-21 19:58:44,666 superfastpath.py [line:250] one_slot INFO pending block 4 in 0.071669 
2024-07-21 19:58:44,667 superfastpath.py [line:259] one_slot INFO 2pending block 4 in 0.071906 
2024-07-21 19:58:44,669 superfastpath.py [line:277] one_slot INFO read pending block 4 in 0.074503 
2024-07-21 19:58:44,670 superfastpath.py [line:308] one_slot INFO Leaving slot 4 
2024-07-21 19:58:44,670 superfastpath.py [line:234] one_slot INFO Entering slot 5 
2024-07-21 19:58:44,750 superfastpath.py [line:250] one_slot INFO pending block 5 in 0.080261 
2024-07-21 19:58:44,750 superfastpath.py [line:259] one_slot INFO 2pending block 5 in 0.080464 
2024-07-21 19:58:44,753 superfastpath.py [line:277] one_slot INFO read pending block 5 in 0.083395 
2024-07-21 19:58:44,754 superfastpath.py [line:308] one_slot INFO Leaving slot 5 
2024-07-21 19:58:44,754 superfastpath.py [line:234] one_slot INFO Entering slot 6 
2024-07-21 19:58:44,822 superfastpath.py [line:250] one_slot INFO pending block 6 in 0.067770 
2024-07-21 19:58:44,822 superfastpath.py [line:259] one_slot INFO 2pending block 6 in 0.068099 
2024-07-21 19:58:44,827 superfastpath.py [line:277] one_slot INFO read pending block 6 in 0.072974 
2024-07-21 19:58:44,827 superfastpath.py [line:308] one_slot INFO Leaving slot 6 
2024-07-21 19:58:44,828 superfastpath.py [line:234] one_slot INFO Entering slot 7 
2024-07-21 19:58:44,889 superfastpath.py [line:250] one_slot INFO pending block 7 in 0.060823 
2024-07-21 19:58:44,889 superfastpath.py [line:259] one_slot INFO 2pending block 7 in 0.061078 
2024-07-21 19:58:44,891 superfastpath.py [line:277] one_slot INFO read pending block 7 in 0.062731 
2024-07-21 19:58:44,891 superfastpath.py [line:308] one_slot INFO Leaving slot 7 
2024-07-21 19:58:44,891 superfastpath.py [line:234] one_slot INFO Entering slot 8 
2024-07-21 19:58:44,960 superfastpath.py [line:250] one_slot INFO pending block 8 in 0.067910 
2024-07-21 19:58:44,960 superfastpath.py [line:259] one_slot INFO 2pending block 8 in 0.068132 
2024-07-21 19:58:44,961 superfastpath.py [line:277] one_slot INFO read pending block 8 in 0.069762 
2024-07-21 19:58:44,962 superfastpath.py [line:308] one_slot INFO Leaving slot 8 
2024-07-21 19:58:44,962 superfastpath.py [line:234] one_slot INFO Entering slot 9 
2024-07-21 19:58:45,044 superfastpath.py [line:250] one_slot INFO pending block 9 in 0.081836 
2024-07-21 19:58:45,044 superfastpath.py [line:259] one_slot INFO 2pending block 9 in 0.082006 
2024-07-21 19:58:45,047 superfastpath.py [line:277] one_slot INFO read pending block 9 in 0.084180 
2024-07-21 19:58:45,047 superfastpath.py [line:286] one_slot INFO 3pending block 9 in 0.084385 
2024-07-21 19:58:45,047 superfastpath.py [line:290] one_slot INFO delay block 8 in 0.155584 
2024-07-21 19:58:45,049 superfastpath.py [line:297] one_slot INFO Fast block at Node 14 for Epoch sidAFAST0 and Slot 8 has delay, TPS and TXs: 0.15558385848999023, 1000 
2024-07-21 19:58:45,050 superfastpath.py [line:299] one_slot INFO AVG TPS: 6325, running time 0.158089, weighted delay: 0.155584 
2024-07-21 19:58:45,050 superfastpath.py [line:304] one_slot INFO output block for slot 8 taking 0.158093 sec 
2024-07-21 19:58:45,050 superfastpath.py [line:308] one_slot INFO Leaving slot 9 
2024-07-21 19:58:45,050 superfastpath.py [line:234] one_slot INFO Entering slot 10 
2024-07-21 19:58:45,131 superfastpath.py [line:250] one_slot INFO pending block 10 in 0.080816 
2024-07-21 19:58:45,132 superfastpath.py [line:259] one_slot INFO 2pending block 10 in 0.081392 
2024-07-21 19:58:45,140 superfastpath.py [line:277] one_slot INFO read pending block 10 in 0.089686 
2024-07-21 19:58:45,140 superfastpath.py [line:286] one_slot INFO 3pending block 10 in 0.089907 
2024-07-21 19:58:45,140 superfastpath.py [line:290] one_slot INFO delay block 9 in 0.177874 
2024-07-21 19:58:45,144 superfastpath.py [line:297] one_slot INFO Fast block at Node 14 for Epoch sidAFAST0 and Slot 9 has delay, TPS and TXs: 0.17787432670593262, 2000 
2024-07-21 19:58:45,144 superfastpath.py [line:299] one_slot INFO AVG TPS: 7915, running time 0.252661, weighted delay: 0.166729 
2024-07-21 19:58:45,144 superfastpath.py [line:304] one_slot INFO output block for slot 9 taking 0.181818 sec 
2024-07-21 19:58:45,144 superfastpath.py [line:308] one_slot INFO Leaving slot 10 
2024-07-21 19:58:45,144 superfastpath.py [line:234] one_slot INFO Entering slot 11 
2024-07-21 19:58:45,215 superfastpath.py [line:250] one_slot INFO pending block 11 in 0.070946 
2024-07-21 19:58:45,216 superfastpath.py [line:259] one_slot INFO 2pending block 11 in 0.071174 
2024-07-21 19:58:45,218 superfastpath.py [line:277] one_slot INFO read pending block 11 in 0.073552 
2024-07-21 19:58:45,218 superfastpath.py [line:286] one_slot INFO 3pending block 11 in 0.073778 
2024-07-21 19:58:45,218 superfastpath.py [line:290] one_slot INFO delay block 10 in 0.168129 
2024-07-21 19:58:45,221 superfastpath.py [line:297] one_slot INFO Fast block at Node 14 for Epoch sidAFAST0 and Slot 10 has delay, TPS and TXs: 0.16812944412231445, 3000 
2024-07-21 19:58:45,221 superfastpath.py [line:299] one_slot INFO AVG TPS: 9111, running time 0.329270, weighted delay: 0.167196 
2024-07-21 19:58:45,221 superfastpath.py [line:304] one_slot INFO output block for slot 10 taking 0.170594 sec 
2024-07-21 19:58:45,221 superfastpath.py [line:308] one_slot INFO Leaving slot 11 
2024-07-21 19:58:45,221 superfastpath.py [line:234] one_slot INFO Entering slot 12 
2024-07-21 19:58:45,316 superfastpath.py [line:250] one_slot INFO pending block 12 in 0.094958 
2024-07-21 19:58:45,317 superfastpath.py [line:259] one_slot INFO 2pending block 12 in 0.095824 
2024-07-21 19:58:45,320 superfastpath.py [line:277] one_slot INFO read pending block 12 in 0.098447 
2024-07-21 19:58:45,320 superfastpath.py [line:286] one_slot INFO 3pending block 12 in 0.098636 
2024-07-21 19:58:45,320 superfastpath.py [line:290] one_slot INFO delay block 11 in 0.175448 
2024-07-21 19:58:45,324 superfastpath.py [line:297] one_slot INFO Fast block at Node 14 for Epoch sidAFAST0 and Slot 11 has delay, TPS and TXs: 0.17544817924499512, 4000 
2024-07-21 19:58:45,324 superfastpath.py [line:299] one_slot INFO AVG TPS: 9253, running time 0.432256, weighted delay: 0.169259 
2024-07-21 19:58:45,324 superfastpath.py [line:304] one_slot INFO output block for slot 11 taking 0.179309 sec 
2024-07-21 19:58:45,324 superfastpath.py [line:308] one_slot INFO Leaving slot 12 
2024-07-21 19:58:45,324 superfastpath.py [line:234] one_slot INFO Entering slot 13 
2024-07-21 19:58:45,379 superfastpath.py [line:250] one_slot INFO pending block 13 in 0.054185 
2024-07-21 19:58:45,379 superfastpath.py [line:259] one_slot INFO 2pending block 13 in 0.054384 
2024-07-21 19:58:45,383 superfastpath.py [line:277] one_slot INFO read pending block 13 in 0.058412 
2024-07-21 19:58:45,383 superfastpath.py [line:286] one_slot INFO 3pending block 13 in 0.058708 
2024-07-21 19:58:45,383 superfastpath.py [line:290] one_slot INFO delay block 12 in 0.161967 
2024-07-21 19:58:45,387 superfastpath.py [line:297] one_slot INFO Fast block at Node 14 for Epoch sidAFAST0 and Slot 12 has delay, TPS and TXs: 0.16196727752685547, 5000 
2024-07-21 19:58:45,387 superfastpath.py [line:299] one_slot INFO AVG TPS: 10086, running time 0.495713, weighted delay: 0.167801 
2024-07-21 19:58:45,387 superfastpath.py [line:304] one_slot INFO output block for slot 12 taking 0.166050 sec 
2024-07-21 19:58:45,387 superfastpath.py [line:308] one_slot INFO Leaving slot 13 
2024-07-21 19:58:45,387 superfastpath.py [line:234] one_slot INFO Entering slot 14 
2024-07-21 19:58:45,444 superfastpath.py [line:250] one_slot INFO pending block 14 in 0.056146 
2024-07-21 19:58:45,444 superfastpath.py [line:259] one_slot INFO 2pending block 14 in 0.056348 
2024-07-21 19:58:45,446 superfastpath.py [line:277] one_slot INFO read pending block 14 in 0.058157 
2024-07-21 19:58:45,446 superfastpath.py [line:286] one_slot INFO 3pending block 14 in 0.058387 
2024-07-21 19:58:45,446 superfastpath.py [line:290] one_slot INFO delay block 13 in 0.121690 
2024-07-21 19:58:45,448 superfastpath.py [line:297] one_slot INFO Fast block at Node 14 for Epoch sidAFAST0 and Slot 13 has delay, TPS and TXs: 0.1216897964477539, 6000 
2024-07-21 19:58:45,448 superfastpath.py [line:299] one_slot INFO AVG TPS: 10780, running time 0.556543, weighted delay: 0.160115 
2024-07-21 19:58:45,448 superfastpath.py [line:304] one_slot INFO output block for slot 13 taking 0.123730 sec 
2024-07-21 19:58:45,448 superfastpath.py [line:308] one_slot INFO Leaving slot 14 
2024-07-21 19:58:45,449 superfastpath.py [line:234] one_slot INFO Entering slot 15 
2024-07-21 19:58:45,526 superfastpath.py [line:250] one_slot INFO pending block 15 in 0.076373 
2024-07-21 19:58:45,526 superfastpath.py [line:259] one_slot INFO 2pending block 15 in 0.076793 
2024-07-21 19:58:45,528 superfastpath.py [line:277] one_slot INFO read pending block 15 in 0.078761 
2024-07-21 19:58:45,528 superfastpath.py [line:286] one_slot INFO 3pending block 15 in 0.078934 
2024-07-21 19:58:45,529 superfastpath.py [line:290] one_slot INFO delay block 14 in 0.141054 
2024-07-21 19:58:45,531 superfastpath.py [line:297] one_slot INFO Fast block at Node 14 for Epoch sidAFAST0 and Slot 14 has delay, TPS and TXs: 0.1410539150238037, 7000 
2024-07-21 19:58:45,531 superfastpath.py [line:299] one_slot INFO AVG TPS: 10950, running time 0.639239, weighted delay: 0.157392 
2024-07-21 19:58:45,531 superfastpath.py [line:304] one_slot INFO output block for slot 14 taking 0.143692 sec 
2024-07-21 19:58:45,531 superfastpath.py [line:308] one_slot INFO Leaving slot 15 
2024-07-21 19:58:45,532 superfastpath.py [line:234] one_slot INFO Entering slot 16 
2024-07-21 19:58:45,611 superfastpath.py [line:250] one_slot INFO pending block 16 in 0.078760 
2024-07-21 19:58:45,611 superfastpath.py [line:259] one_slot INFO 2pending block 16 in 0.079460 
2024-07-21 19:58:45,611 superfastpath.py [line:277] one_slot INFO read pending block 16 in 0.079626 
2024-07-21 19:58:45,611 superfastpath.py [line:286] one_slot INFO 3pending block 16 in 0.079723 
2024-07-21 19:58:45,611 superfastpath.py [line:290] one_slot INFO delay block 15 in 0.162036 
2024-07-21 19:58:45,623 superfastpath.py [line:297] one_slot INFO Fast block at Node 14 for Epoch sidAFAST0 and Slot 15 has delay, TPS and TXs: 0.16203570365905762, 8000 
2024-07-21 19:58:45,624 superfastpath.py [line:299] one_slot INFO AVG TPS: 10924, running time 0.732301, weighted delay: 0.157973 
2024-07-21 19:58:45,624 superfastpath.py [line:304] one_slot INFO output block for slot 15 taking 0.174742 sec 
2024-07-21 19:58:45,624 superfastpath.py [line:308] one_slot INFO Leaving slot 16 
2024-07-21 19:58:45,625 superfastpath.py [line:373] sufastpath INFO Leaves fastpath at 17 slot 
2024-07-21 19:58:45,626 Superfast.py [line:310] wait_for_fastpath INFO Fastpath of epoch 0 completed 
2024-07-21 19:58:45,626 Superfast.py [line:339] _run_epoch INFO Fastpath tps: 10915 delay 0.157973 
2024-07-21 20:04:30,978 sufp_node.py [line:79] run INFO node 14's starts to run consensus on process id 3728 
2024-07-21 20:04:30,978 sufp_node.py [line:80] run INFO parameters: N=16, f=5, S=15, T=5, fast-batch=10000, acs-batch=62, K=1, O=0 
2024-07-21 20:04:30,979 sufp_node.py [line:62] prepare_bootstrap INFO node id 14 is inserting dummy payload TXs 
2024-07-21 20:04:30,980 sufp_node.py [line:70] prepare_bootstrap INFO node id 14 just inserts 50000 TXs 
2024-07-21 20:04:30,980 sufp_node.py [line:70] prepare_bootstrap INFO node id 14 just inserts 50000 TXs 
2024-07-21 20:04:30,980 sufp_node.py [line:74] prepare_bootstrap INFO node id 14 completed the loading of dummy TXs 
2024-07-21 20:04:30,981 Superfast.py [line:180] run_bft INFO Node 14 starts to run at time:1721563470.9811075 
2024-07-21 20:04:30,981 Superfast.py [line:233] _run_epoch INFO Node enters epoch 0 
2024-07-21 20:04:30,982 superfastpath.py [line:43] sufastpath INFO Entering fast path 
2024-07-21 20:04:30,983 superfastpath.py [line:234] one_slot INFO Entering slot 1 
2024-07-21 20:04:31,998 superfastpath.py [line:250] one_slot INFO pending block 1 in 1.014726 
2024-07-21 20:04:31,998 superfastpath.py [line:259] one_slot INFO 2pending block 1 in 1.014947 
2024-07-21 20:04:32,014 superfastpath.py [line:277] one_slot INFO read pending block 1 in 1.030660 
2024-07-21 20:04:32,014 superfastpath.py [line:308] one_slot INFO Leaving slot 1 
2024-07-21 20:04:32,014 superfastpath.py [line:234] one_slot INFO Entering slot 2 
2024-07-21 20:04:32,250 superfastpath.py [line:250] one_slot INFO pending block 2 in 0.235563 
2024-07-21 20:04:32,250 superfastpath.py [line:259] one_slot INFO 2pending block 2 in 0.235881 
2024-07-21 20:04:32,270 superfastpath.py [line:277] one_slot INFO read pending block 2 in 0.255423 
2024-07-21 20:04:32,270 superfastpath.py [line:308] one_slot INFO Leaving slot 2 
2024-07-21 20:04:32,270 superfastpath.py [line:234] one_slot INFO Entering slot 3 
2024-07-21 20:04:32,427 superfastpath.py [line:250] one_slot INFO pending block 3 in 0.156753 
2024-07-21 20:04:32,427 superfastpath.py [line:259] one_slot INFO 2pending block 3 in 0.156976 
2024-07-21 20:04:32,458 superfastpath.py [line:277] one_slot INFO read pending block 3 in 0.187341 
2024-07-21 20:04:32,458 superfastpath.py [line:308] one_slot INFO Leaving slot 3 
2024-07-21 20:04:32,459 superfastpath.py [line:234] one_slot INFO Entering slot 4 
2024-07-21 20:04:32,875 superfastpath.py [line:250] one_slot INFO pending block 4 in 0.416420 
2024-07-21 20:04:32,875 superfastpath.py [line:259] one_slot INFO 2pending block 4 in 0.416691 
2024-07-21 20:04:32,896 superfastpath.py [line:277] one_slot INFO read pending block 4 in 0.437418 
2024-07-21 20:04:32,896 superfastpath.py [line:308] one_slot INFO Leaving slot 4 
2024-07-21 20:04:32,897 superfastpath.py [line:234] one_slot INFO Entering slot 5 
2024-07-21 20:04:33,369 superfastpath.py [line:250] one_slot INFO pending block 5 in 0.472550 
2024-07-21 20:04:33,370 superfastpath.py [line:259] one_slot INFO 2pending block 5 in 0.473075 
2024-07-21 20:04:33,387 superfastpath.py [line:277] one_slot INFO read pending block 5 in 0.489919 
2024-07-21 20:04:33,387 superfastpath.py [line:308] one_slot INFO Leaving slot 5 
2024-07-21 20:04:33,387 superfastpath.py [line:234] one_slot INFO Entering slot 6 
2024-07-21 20:04:33,842 superfastpath.py [line:250] one_slot INFO pending block 6 in 0.454008 
2024-07-21 20:04:33,842 superfastpath.py [line:259] one_slot INFO 2pending block 6 in 0.455184 
2024-07-21 20:04:33,869 superfastpath.py [line:277] one_slot INFO read pending block 6 in 0.481452 
2024-07-21 20:04:33,869 superfastpath.py [line:308] one_slot INFO Leaving slot 6 
2024-07-21 20:04:33,869 superfastpath.py [line:234] one_slot INFO Entering slot 7 
2024-07-21 20:04:34,308 superfastpath.py [line:250] one_slot INFO pending block 7 in 0.438937 
2024-07-21 20:04:34,308 superfastpath.py [line:259] one_slot INFO 2pending block 7 in 0.439147 
2024-07-21 20:04:34,326 superfastpath.py [line:277] one_slot INFO read pending block 7 in 0.456954 
2024-07-21 20:04:34,326 superfastpath.py [line:308] one_slot INFO Leaving slot 7 
2024-07-21 20:04:34,326 superfastpath.py [line:234] one_slot INFO Entering slot 8 
2024-07-21 20:04:34,823 superfastpath.py [line:250] one_slot INFO pending block 8 in 0.496720 
2024-07-21 20:04:34,823 superfastpath.py [line:259] one_slot INFO 2pending block 8 in 0.496921 
2024-07-21 20:04:34,842 superfastpath.py [line:277] one_slot INFO read pending block 8 in 0.515075 
2024-07-21 20:04:34,842 superfastpath.py [line:308] one_slot INFO Leaving slot 8 
2024-07-21 20:04:34,842 superfastpath.py [line:234] one_slot INFO Entering slot 9 
2024-07-21 20:04:35,225 superfastpath.py [line:250] one_slot INFO pending block 9 in 0.382061 
2024-07-21 20:04:35,225 superfastpath.py [line:259] one_slot INFO 2pending block 9 in 0.382268 
2024-07-21 20:04:35,250 superfastpath.py [line:277] one_slot INFO read pending block 9 in 0.407585 
2024-07-21 20:04:35,250 superfastpath.py [line:286] one_slot INFO 3pending block 9 in 0.407784 
2024-07-21 20:04:35,250 superfastpath.py [line:290] one_slot INFO delay block 8 in 0.923865 
2024-07-21 20:04:35,266 superfastpath.py [line:297] one_slot INFO Fast block at Node 14 for Epoch sidAFAST0 and Slot 8 has delay, TPS and TXs: 0.9238646030426025, 10000 
2024-07-21 20:04:35,266 superfastpath.py [line:299] one_slot INFO AVG TPS: 10644, running time 0.939495, weighted delay: 0.923865 
2024-07-21 20:04:35,266 superfastpath.py [line:304] one_slot INFO output block for slot 8 taking 0.939531 sec 
2024-07-21 20:04:35,266 superfastpath.py [line:308] one_slot INFO Leaving slot 9 
2024-07-21 20:04:35,266 superfastpath.py [line:234] one_slot INFO Entering slot 10 
2024-07-21 20:04:35,708 superfastpath.py [line:250] one_slot INFO pending block 10 in 0.441475 
2024-07-21 20:04:35,708 superfastpath.py [line:259] one_slot INFO 2pending block 10 in 0.441693 
2024-07-21 20:04:35,727 superfastpath.py [line:277] one_slot INFO read pending block 10 in 0.461058 
2024-07-21 20:04:35,728 superfastpath.py [line:286] one_slot INFO 3pending block 10 in 0.461303 
2024-07-21 20:04:35,728 superfastpath.py [line:290] one_slot INFO delay block 9 in 0.885254 
2024-07-21 20:04:35,746 superfastpath.py [line:297] one_slot INFO Fast block at Node 14 for Epoch sidAFAST0 and Slot 9 has delay, TPS and TXs: 0.88525390625, 20000 
2024-07-21 20:04:35,746 superfastpath.py [line:299] one_slot INFO AVG TPS: 14083, running time 1.420092, weighted delay: 0.904559 
2024-07-21 20:04:35,747 superfastpath.py [line:304] one_slot INFO output block for slot 9 taking 0.904417 sec 
2024-07-21 20:04:35,747 superfastpath.py [line:308] one_slot INFO Leaving slot 10 
2024-07-21 20:04:35,747 superfastpath.py [line:234] one_slot INFO Entering slot 11 
2024-07-21 20:04:36,194 superfastpath.py [line:250] one_slot INFO pending block 11 in 0.446601 
2024-07-21 20:04:36,194 superfastpath.py [line:259] one_slot INFO 2pending block 11 in 0.446879 
2024-07-21 20:04:36,211 superfastpath.py [line:277] one_slot INFO read pending block 11 in 0.463574 
2024-07-21 20:04:36,211 superfastpath.py [line:286] one_slot INFO 3pending block 11 in 0.463801 
2024-07-21 20:04:36,211 superfastpath.py [line:290] one_slot INFO delay block 10 in 0.944917 
2024-07-21 20:04:36,233 superfastpath.py [line:297] one_slot INFO Fast block at Node 14 for Epoch sidAFAST0 and Slot 10 has delay, TPS and TXs: 0.9449169635772705, 30000 
2024-07-21 20:04:36,234 superfastpath.py [line:299] one_slot INFO AVG TPS: 15729, running time 1.907229, weighted delay: 0.918012 
2024-07-21 20:04:36,234 superfastpath.py [line:304] one_slot INFO output block for slot 10 taking 0.967797 sec 
2024-07-21 20:04:36,234 superfastpath.py [line:308] one_slot INFO Leaving slot 11 
2024-07-21 20:04:36,234 superfastpath.py [line:234] one_slot INFO Entering slot 12 
2024-07-21 20:04:36,747 superfastpath.py [line:250] one_slot INFO pending block 12 in 0.512634 
2024-07-21 20:04:36,747 superfastpath.py [line:259] one_slot INFO 2pending block 12 in 0.512856 
2024-07-21 20:04:36,769 superfastpath.py [line:277] one_slot INFO read pending block 12 in 0.534683 
2024-07-21 20:04:36,769 superfastpath.py [line:286] one_slot INFO 3pending block 12 in 0.534981 
2024-07-21 20:04:36,770 superfastpath.py [line:290] one_slot INFO delay block 11 in 1.022261 
2024-07-21 20:04:36,786 superfastpath.py [line:297] one_slot INFO Fast block at Node 14 for Epoch sidAFAST0 and Slot 11 has delay, TPS and TXs: 1.022261381149292, 40000 
2024-07-21 20:04:36,786 superfastpath.py [line:299] one_slot INFO AVG TPS: 16260, running time 2.460004, weighted delay: 0.944074 
2024-07-21 20:04:36,787 superfastpath.py [line:304] one_slot INFO output block for slot 11 taking 1.039205 sec 
2024-07-21 20:04:36,787 superfastpath.py [line:308] one_slot INFO Leaving slot 12 
2024-07-21 20:04:36,787 superfastpath.py [line:234] one_slot INFO Entering slot 13 
2024-07-21 20:04:37,233 superfastpath.py [line:250] one_slot INFO pending block 13 in 0.446091 
2024-07-21 20:04:37,233 superfastpath.py [line:259] one_slot INFO 2pending block 13 in 0.446289 
2024-07-21 20:04:37,249 superfastpath.py [line:277] one_slot INFO read pending block 13 in 0.462149 
2024-07-21 20:04:37,249 superfastpath.py [line:286] one_slot INFO 3pending block 13 in 0.462339 
2024-07-21 20:04:37,249 superfastpath.py [line:290] one_slot INFO delay block 12 in 1.014825 
2024-07-21 20:04:37,283 superfastpath.py [line:297] one_slot INFO Fast block at Node 14 for Epoch sidAFAST0 and Slot 12 has delay, TPS and TXs: 1.014824628829956, 50000 
2024-07-21 20:04:37,283 superfastpath.py [line:299] one_slot INFO AVG TPS: 16912, running time 2.956469, weighted delay: 0.958224 
2024-07-21 20:04:37,283 superfastpath.py [line:304] one_slot INFO output block for slot 12 taking 1.048457 sec 
2024-07-21 20:04:37,283 superfastpath.py [line:308] one_slot INFO Leaving slot 13 
2024-07-21 20:04:37,283 superfastpath.py [line:234] one_slot INFO Entering slot 14 
2024-07-21 20:04:37,697 superfastpath.py [line:250] one_slot INFO pending block 14 in 0.413820 
2024-07-21 20:04:37,697 superfastpath.py [line:259] one_slot INFO 2pending block 14 in 0.414066 
2024-07-21 20:04:37,718 superfastpath.py [line:277] one_slot INFO read pending block 14 in 0.434615 
2024-07-21 20:04:37,718 superfastpath.py [line:286] one_slot INFO 3pending block 14 in 0.434992 
2024-07-21 20:04:37,718 superfastpath.py [line:290] one_slot INFO delay block 13 in 0.931418 
2024-07-21 20:04:37,737 superfastpath.py [line:297] one_slot INFO Fast block at Node 14 for Epoch sidAFAST0 and Slot 13 has delay, TPS and TXs: 0.9314181804656982, 60000 
2024-07-21 20:04:37,737 superfastpath.py [line:299] one_slot INFO AVG TPS: 17590, running time 3.410982, weighted delay: 0.953757 
2024-07-21 20:04:37,738 superfastpath.py [line:304] one_slot INFO output block for slot 13 taking 0.951277 sec 
2024-07-21 20:04:37,738 superfastpath.py [line:308] one_slot INFO Leaving slot 14 
2024-07-21 20:04:37,739 superfastpath.py [line:234] one_slot INFO Entering slot 15 
2024-07-21 20:04:38,258 superfastpath.py [line:250] one_slot INFO pending block 15 in 0.519679 
2024-07-21 20:04:38,259 superfastpath.py [line:259] one_slot INFO 2pending block 15 in 0.519882 
2024-07-21 20:04:38,272 superfastpath.py [line:277] one_slot INFO read pending block 15 in 0.533603 
2024-07-21 20:04:38,273 superfastpath.py [line:286] one_slot INFO 3pending block 15 in 0.533801 
2024-07-21 20:04:38,273 superfastpath.py [line:290] one_slot INFO delay block 14 in 0.989505 
2024-07-21 20:04:38,286 superfastpath.py [line:297] one_slot INFO Fast block at Node 14 for Epoch sidAFAST0 and Slot 14 has delay, TPS and TXs: 0.9895052909851074, 70000 
2024-07-21 20:04:38,287 superfastpath.py [line:299] one_slot INFO AVG TPS: 17675, running time 3.960298, weighted delay: 0.958864 
2024-07-21 20:04:38,287 superfastpath.py [line:304] one_slot INFO output block for slot 14 taking 1.003634 sec 
2024-07-21 20:04:38,287 superfastpath.py [line:308] one_slot INFO Leaving slot 15 
2024-07-21 20:04:38,287 superfastpath.py [line:234] one_slot INFO Entering slot 16 
2024-07-21 20:04:38,655 superfastpath.py [line:250] one_slot INFO pending block 16 in 0.368242 
2024-07-21 20:04:38,656 superfastpath.py [line:259] one_slot INFO 2pending block 16 in 0.368456 
2024-07-21 20:04:38,656 superfastpath.py [line:277] one_slot INFO read pending block 16 in 0.368600 
2024-07-21 20:04:38,656 superfastpath.py [line:286] one_slot INFO 3pending block 16 in 0.368700 
2024-07-21 20:04:38,656 superfastpath.py [line:290] one_slot INFO delay block 15 in 0.917102 
2024-07-21 20:04:38,694 superfastpath.py [line:297] one_slot INFO Fast block at Node 14 for Epoch sidAFAST0 and Slot 15 has delay, TPS and TXs: 0.9171016216278076, 80000 
2024-07-21 20:04:38,694 superfastpath.py [line:299] one_slot INFO AVG TPS: 18317, running time 4.367451, weighted delay: 0.953643 
2024-07-21 20:04:38,694 superfastpath.py [line:304] one_slot INFO output block for slot 15 taking 0.955155 sec 
2024-07-21 20:04:38,694 superfastpath.py [line:308] one_slot INFO Leaving slot 16 
2024-07-21 20:04:38,694 superfastpath.py [line:373] sufastpath INFO Leaves fastpath at 17 slot 
2024-07-21 20:04:38,711 Superfast.py [line:310] wait_for_fastpath INFO Fastpath of epoch 0 completed 
2024-07-21 20:04:38,711 Superfast.py [line:339] _run_epoch INFO Fastpath tps: 18316 delay 0.953643 
2024-07-21 20:04:43,742 Superfast.py [line:210] run_bft INFO node 14 breaks in 12.760986 seconds in epoch 0 with total delivered Txs 0 and average delay 0.000000 
2024-07-21 20:59:43,970 sufp_node.py [line:79] run INFO node 14's starts to run consensus on process id 4579 
2024-07-21 20:59:43,970 sufp_node.py [line:80] run INFO parameters: N=16, f=5, S=15, T=5, fast-batch=10000, acs-batch=62, K=1, O=0 
2024-07-21 20:59:43,970 sufp_node.py [line:62] prepare_bootstrap INFO node id 14 is inserting dummy payload TXs 
2024-07-21 20:59:43,971 sufp_node.py [line:70] prepare_bootstrap INFO node id 14 just inserts 50000 TXs 
2024-07-21 20:59:43,971 sufp_node.py [line:70] prepare_bootstrap INFO node id 14 just inserts 50000 TXs 
2024-07-21 20:59:43,971 sufp_node.py [line:74] prepare_bootstrap INFO node id 14 completed the loading of dummy TXs 
2024-07-21 20:59:43,971 Superfast.py [line:180] run_bft INFO Node 14 starts to run at time:1721566783.9715898 
2024-07-21 20:59:43,971 Superfast.py [line:233] _run_epoch INFO Node enters epoch 0 
2024-07-21 20:59:43,972 superfastpath_3.py [line:43] sufastpath INFO Entering fast path 
2024-07-21 20:59:43,972 superfastpath_3.py [line:236] one_slot INFO Entering slot 1 
2024-07-21 20:59:44,428 superfastpath_3.py [line:252] one_slot INFO pending block 1 in 0.263096 
2024-07-21 20:59:44,429 superfastpath_3.py [line:261] one_slot INFO 2pending block 1 in 0.263285 
2024-07-21 20:59:44,443 superfastpath_3.py [line:279] one_slot INFO read pending block 1 in 0.277611 
2024-07-21 20:59:44,443 superfastpath_3.py [line:310] one_slot INFO Leaving slot 1 
2024-07-21 20:59:44,443 superfastpath_3.py [line:236] one_slot INFO Entering slot 2 
2024-07-21 20:59:44,676 superfastpath_3.py [line:252] one_slot INFO pending block 2 in 0.204273 
2024-07-21 20:59:44,676 superfastpath_3.py [line:261] one_slot INFO 2pending block 2 in 0.204519 
2024-07-21 20:59:44,695 superfastpath_3.py [line:279] one_slot INFO read pending block 2 in 0.223818 
2024-07-21 20:59:44,695 superfastpath_3.py [line:310] one_slot INFO Leaving slot 2 
2024-07-21 20:59:44,695 superfastpath_3.py [line:236] one_slot INFO Entering slot 3 
2024-07-21 20:59:44,811 superfastpath_3.py [line:252] one_slot INFO pending block 3 in 0.078357 
2024-07-21 20:59:44,811 superfastpath_3.py [line:261] one_slot INFO 2pending block 3 in 0.078912 
2024-07-21 20:59:44,831 superfastpath_3.py [line:279] one_slot INFO read pending block 3 in 0.098337 
2024-07-21 20:59:44,831 superfastpath_3.py [line:310] one_slot INFO Leaving slot 3 
2024-07-21 20:59:44,831 superfastpath_3.py [line:236] one_slot INFO Entering slot 4 
2024-07-21 20:59:45,288 superfastpath_3.py [line:252] one_slot INFO pending block 4 in 0.101682 
2024-07-21 20:59:45,290 superfastpath_3.py [line:261] one_slot INFO 2pending block 4 in 0.103380 
2024-07-21 20:59:45,323 superfastpath_3.py [line:279] one_slot INFO read pending block 4 in 0.137774 
2024-07-21 20:59:45,323 superfastpath_3.py [line:310] one_slot INFO Leaving slot 4 
2024-07-21 20:59:45,323 superfastpath_3.py [line:236] one_slot INFO Entering slot 5 
2024-07-21 20:59:45,766 superfastpath_3.py [line:252] one_slot INFO pending block 5 in 0.090000 
2024-07-21 20:59:45,769 superfastpath_3.py [line:261] one_slot INFO 2pending block 5 in 0.094321 
2024-07-21 20:59:45,810 superfastpath_3.py [line:279] one_slot INFO read pending block 5 in 0.134490 
2024-07-21 20:59:45,810 superfastpath_3.py [line:310] one_slot INFO Leaving slot 5 
2024-07-21 20:59:45,810 superfastpath_3.py [line:236] one_slot INFO Entering slot 6 
2024-07-21 20:59:46,218 superfastpath_3.py [line:252] one_slot INFO pending block 6 in 0.068400 
2024-07-21 20:59:46,219 superfastpath_3.py [line:261] one_slot INFO 2pending block 6 in 0.069243 
2024-07-21 20:59:46,240 superfastpath_3.py [line:279] one_slot INFO read pending block 6 in 0.090701 
2024-07-21 20:59:46,240 superfastpath_3.py [line:310] one_slot INFO Leaving slot 6 
2024-07-21 20:59:46,241 superfastpath_3.py [line:236] one_slot INFO Entering slot 7 
2024-07-21 20:59:46,697 superfastpath_3.py [line:252] one_slot INFO pending block 7 in 0.102901 
2024-07-21 20:59:46,697 superfastpath_3.py [line:261] one_slot INFO 2pending block 7 in 0.103108 
2024-07-21 20:59:46,715 superfastpath_3.py [line:279] one_slot INFO read pending block 7 in 0.121125 
2024-07-21 20:59:46,716 superfastpath_3.py [line:310] one_slot INFO Leaving slot 7 
2024-07-21 20:59:46,716 superfastpath_3.py [line:236] one_slot INFO Entering slot 8 
2024-07-21 20:59:47,209 superfastpath_3.py [line:252] one_slot INFO pending block 8 in 0.098342 
2024-07-21 20:59:47,210 superfastpath_3.py [line:261] one_slot INFO 2pending block 8 in 0.098603 
2024-07-21 20:59:47,233 superfastpath_3.py [line:279] one_slot INFO read pending block 8 in 0.121917 
2024-07-21 20:59:47,234 superfastpath_3.py [line:310] one_slot INFO Leaving slot 8 
2024-07-21 20:59:47,234 superfastpath_3.py [line:236] one_slot INFO Entering slot 9 
2024-07-21 20:59:47,692 superfastpath_3.py [line:252] one_slot INFO pending block 9 in 0.062774 
2024-07-21 20:59:47,692 superfastpath_3.py [line:261] one_slot INFO 2pending block 9 in 0.062928 
2024-07-21 20:59:47,707 superfastpath_3.py [line:279] one_slot INFO read pending block 9 in 0.077375 
2024-07-21 20:59:47,707 superfastpath_3.py [line:288] one_slot INFO 3pending block 9 in 0.077579 
2024-07-21 20:59:47,707 superfastpath_3.py [line:292] one_slot INFO delay block 8 in 0.596102 
2024-07-21 20:59:47,735 superfastpath_3.py [line:299] one_slot INFO Fast block at Node 14 for Epoch sidAFAST0 and Slot 8 has delay, TPS and TXs: 0.5961019992828369, 10000 
2024-07-21 20:59:47,735 superfastpath_3.py [line:301] one_slot INFO AVG TPS: 9809, running time 1.019422, weighted delay: 0.596102 
2024-07-21 20:59:47,735 superfastpath_3.py [line:306] one_slot INFO output block for slot 8 taking 0.624284 sec 
2024-07-21 20:59:47,735 superfastpath_3.py [line:310] one_slot INFO Leaving slot 9 
2024-07-21 20:59:47,736 superfastpath_3.py [line:236] one_slot INFO Entering slot 10 
2024-07-21 20:59:48,200 superfastpath_3.py [line:252] one_slot INFO pending block 10 in 0.096695 
2024-07-21 20:59:48,200 superfastpath_3.py [line:261] one_slot INFO 2pending block 10 in 0.097174 
2024-07-21 20:59:48,239 superfastpath_3.py [line:279] one_slot INFO read pending block 10 in 0.135891 
2024-07-21 20:59:48,239 superfastpath_3.py [line:288] one_slot INFO 3pending block 10 in 0.136090 
2024-07-21 20:59:48,239 superfastpath_3.py [line:292] one_slot INFO delay block 9 in 0.609635 
2024-07-21 20:59:48,259 superfastpath_3.py [line:299] one_slot INFO Fast block at Node 14 for Epoch sidAFAST0 and Slot 9 has delay, TPS and TXs: 0.6096353530883789, 20000 
2024-07-21 20:59:48,260 superfastpath_3.py [line:301] one_slot INFO AVG TPS: 12955, running time 1.543727, weighted delay: 0.602869 
2024-07-21 20:59:48,260 superfastpath_3.py [line:306] one_slot INFO output block for slot 9 taking 0.630146 sec 
2024-07-21 20:59:48,260 superfastpath_3.py [line:310] one_slot INFO Leaving slot 10 
2024-07-21 20:59:48,260 superfastpath_3.py [line:236] one_slot INFO Entering slot 11 
2024-07-21 20:59:48,724 superfastpath_3.py [line:252] one_slot INFO pending block 11 in 0.073914 
2024-07-21 20:59:48,724 superfastpath_3.py [line:261] one_slot INFO 2pending block 11 in 0.074151 
2024-07-21 20:59:48,741 superfastpath_3.py [line:279] one_slot INFO read pending block 11 in 0.091037 
2024-07-21 20:59:48,741 superfastpath_3.py [line:288] one_slot INFO 3pending block 11 in 0.091256 
2024-07-21 20:59:48,741 superfastpath_3.py [line:292] one_slot INFO delay block 10 in 0.638309 
2024-07-21 20:59:48,768 superfastpath_3.py [line:299] one_slot INFO Fast block at Node 14 for Epoch sidAFAST0 and Slot 10 has delay, TPS and TXs: 0.6383087635040283, 30000 
2024-07-21 20:59:48,768 superfastpath_3.py [line:301] one_slot INFO AVG TPS: 14619, running time 2.052112, weighted delay: 0.614682 
2024-07-21 20:59:48,769 superfastpath_3.py [line:306] one_slot INFO output block for slot 10 taking 0.665542 sec 
2024-07-21 20:59:48,769 superfastpath_3.py [line:310] one_slot INFO Leaving slot 11 
2024-07-21 20:59:48,769 superfastpath_3.py [line:236] one_slot INFO Entering slot 12 
2024-07-21 20:59:49,254 superfastpath_3.py [line:252] one_slot INFO pending block 12 in 0.108319 
2024-07-21 20:59:49,254 superfastpath_3.py [line:261] one_slot INFO 2pending block 12 in 0.108559 
2024-07-21 20:59:49,276 superfastpath_3.py [line:279] one_slot INFO read pending block 12 in 0.130519 
2024-07-21 20:59:49,276 superfastpath_3.py [line:288] one_slot INFO 3pending block 12 in 0.131044 
2024-07-21 20:59:49,276 superfastpath_3.py [line:292] one_slot INFO delay block 11 in 0.626424 
2024-07-21 20:59:49,296 superfastpath_3.py [line:299] one_slot INFO Fast block at Node 14 for Epoch sidAFAST0 and Slot 11 has delay, TPS and TXs: 0.6264238357543945, 40000 
2024-07-21 20:59:49,296 superfastpath_3.py [line:301] one_slot INFO AVG TPS: 15501, running time 2.580395, weighted delay: 0.617617 
2024-07-21 20:59:49,296 superfastpath_3.py [line:306] one_slot INFO output block for slot 11 taking 0.646436 sec 
2024-07-21 20:59:49,296 superfastpath_3.py [line:310] one_slot INFO Leaving slot 12 
2024-07-21 20:59:49,297 superfastpath_3.py [line:236] one_slot INFO Entering slot 13 
2024-07-21 20:59:49,783 superfastpath_3.py [line:252] one_slot INFO pending block 13 in 0.076476 
2024-07-21 20:59:49,783 superfastpath_3.py [line:261] one_slot INFO 2pending block 13 in 0.076700 
2024-07-21 20:59:49,800 superfastpath_3.py [line:279] one_slot INFO read pending block 13 in 0.093291 
2024-07-21 20:59:49,800 superfastpath_3.py [line:288] one_slot INFO 3pending block 13 in 0.093496 
2024-07-21 20:59:49,800 superfastpath_3.py [line:292] one_slot INFO delay block 12 in 0.655091 
2024-07-21 20:59:49,839 superfastpath_3.py [line:299] one_slot INFO Fast block at Node 14 for Epoch sidAFAST0 and Slot 12 has delay, TPS and TXs: 0.6550910472869873, 50000 
2024-07-21 20:59:49,839 superfastpath_3.py [line:301] one_slot INFO AVG TPS: 16010, running time 3.123031, weighted delay: 0.625112 
2024-07-21 20:59:49,839 superfastpath_3.py [line:306] one_slot INFO output block for slot 12 taking 0.693801 sec 
2024-07-21 20:59:49,839 superfastpath_3.py [line:310] one_slot INFO Leaving slot 13 
2024-07-21 20:59:49,839 superfastpath_3.py [line:236] one_slot INFO Entering slot 14 
2024-07-21 20:59:50,292 superfastpath_3.py [line:252] one_slot INFO pending block 14 in 0.100137 
2024-07-21 20:59:50,292 superfastpath_3.py [line:261] one_slot INFO 2pending block 14 in 0.100375 
2024-07-21 20:59:50,331 superfastpath_3.py [line:279] one_slot INFO read pending block 14 in 0.139975 
2024-07-21 20:59:50,332 superfastpath_3.py [line:288] one_slot INFO 3pending block 14 in 0.140172 
2024-07-21 20:59:50,332 superfastpath_3.py [line:292] one_slot INFO delay block 13 in 0.624954 
2024-07-21 20:59:50,352 superfastpath_3.py [line:299] one_slot INFO Fast block at Node 14 for Epoch sidAFAST0 and Slot 13 has delay, TPS and TXs: 0.6249542236328125, 60000 
2024-07-21 20:59:50,352 superfastpath_3.py [line:301] one_slot INFO AVG TPS: 16502, running time 3.635919, weighted delay: 0.625086 
2024-07-21 20:59:50,352 superfastpath_3.py [line:306] one_slot INFO output block for slot 13 taking 0.645609 sec 
2024-07-21 20:59:50,352 superfastpath_3.py [line:310] one_slot INFO Leaving slot 14 
2024-07-21 20:59:50,353 superfastpath_3.py [line:236] one_slot INFO Entering slot 15 
2024-07-21 20:59:50,820 superfastpath_3.py [line:252] one_slot INFO pending block 15 in 0.125634 
2024-07-21 20:59:50,821 superfastpath_3.py [line:261] one_slot INFO 2pending block 15 in 0.126716 
2024-07-21 20:59:50,854 superfastpath_3.py [line:279] one_slot INFO read pending block 15 in 0.159380 
2024-07-21 20:59:50,854 superfastpath_3.py [line:288] one_slot INFO 3pending block 15 in 0.159571 
2024-07-21 20:59:50,855 superfastpath_3.py [line:292] one_slot INFO delay block 14 in 0.663154 
2024-07-21 20:59:50,872 superfastpath_3.py [line:299] one_slot INFO Fast block at Node 14 for Epoch sidAFAST0 and Slot 14 has delay, TPS and TXs: 0.6631543636322021, 70000 
2024-07-21 20:59:50,872 superfastpath_3.py [line:301] one_slot INFO AVG TPS: 16841, running time 4.156314, weighted delay: 0.630524 
2024-07-21 20:59:50,872 superfastpath_3.py [line:306] one_slot INFO output block for slot 14 taking 0.680874 sec 
2024-07-21 20:59:50,872 superfastpath_3.py [line:310] one_slot INFO Leaving slot 15 
2024-07-21 20:59:50,873 superfastpath_3.py [line:236] one_slot INFO Entering slot 16 
2024-07-21 20:59:51,232 superfastpath_3.py [line:252] one_slot INFO pending block 16 in 0.028676 
2024-07-21 20:59:51,232 superfastpath_3.py [line:261] one_slot INFO 2pending block 16 in 0.028840 
2024-07-21 20:59:51,232 superfastpath_3.py [line:279] one_slot INFO read pending block 16 in 0.029271 
2024-07-21 20:59:51,233 superfastpath_3.py [line:288] one_slot INFO 3pending block 16 in 0.029356 
2024-07-21 20:59:51,233 superfastpath_3.py [line:292] one_slot INFO delay block 15 in 0.538022 
2024-07-21 20:59:51,288 superfastpath_3.py [line:299] one_slot INFO Fast block at Node 14 for Epoch sidAFAST0 and Slot 15 has delay, TPS and TXs: 0.5380222797393799, 80000 
2024-07-21 20:59:51,288 superfastpath_3.py [line:301] one_slot INFO AVG TPS: 17498, running time 4.571894, weighted delay: 0.618961 
2024-07-21 20:59:51,288 superfastpath_3.py [line:306] one_slot INFO output block for slot 15 taking 0.593235 sec 
2024-07-21 20:59:51,288 superfastpath_3.py [line:310] one_slot INFO Leaving slot 16 
2024-07-21 20:59:51,288 superfastpath_3.py [line:375] sufastpath INFO Leaves fastpath at 17 slot 
2024-07-21 20:59:51,288 Superfast.py [line:310] wait_for_fastpath INFO Fastpath of epoch 0 completed 
2024-07-21 20:59:51,288 Superfast.py [line:339] _run_epoch INFO Fastpath tps: 17497 delay 0.618961 
