2024-07-19 16:50:44,777 sufp_node.py [line:79] run INFO node 10's starts to run consensus on process id 8320 
2024-07-19 16:50:44,778 sufp_node.py [line:80] run INFO parameters: N=16, f=5, S=15, T=5, fast-batch=10000, acs-batch=62, K=1, O=0 
2024-07-19 16:50:44,778 sufp_node.py [line:62] prepare_bootstrap INFO node id 10 is inserting dummy payload TXs 
2024-07-19 16:50:44,778 sufp_node.py [line:70] prepare_bootstrap INFO node id 10 just inserts 50000 TXs 
2024-07-19 16:50:44,778 sufp_node.py [line:70] prepare_bootstrap INFO node id 10 just inserts 50000 TXs 
2024-07-19 16:50:44,779 sufp_node.py [line:74] prepare_bootstrap INFO node id 10 completed the loading of dummy TXs 
2024-07-19 16:50:44,779 Superfast.py [line:178] run_bft INFO Node 10 starts to run at time:1721379044.7791846 
2024-07-19 16:50:44,779 Superfast.py [line:231] _run_epoch INFO Node enters epoch 0 
2024-07-19 16:50:44,780 superfastpath.py [line:43] sufastpath INFO Entering fast path 
2024-07-19 16:50:44,780 superfastpath.py [line:229] one_slot INFO Entering slot 1 
2024-07-19 16:50:44,890 superfastpath.py [line:255] one_slot INFO pending block 1 in 0.109362 
2024-07-19 16:50:44,905 superfastpath.py [line:280] one_slot INFO read pending block 1 in 0.124227 
2024-07-19 16:50:44,905 superfastpath.py [line:309] one_slot INFO Leaving slot 1 
2024-07-19 16:50:44,905 superfastpath.py [line:229] one_slot INFO Entering slot 2 
2024-07-19 16:50:49,906 superfastpath.py [line:367] sufastpath INFO Fastpath Timeout! 
2024-07-19 16:50:49,906 superfastpath.py [line:374] sufastpath INFO Leaves fastpath at 2 slot 
2024-07-19 16:50:49,907 Superfast.py [line:308] wait_for_fastpath INFO Fastpath of epoch 0 completed 
2024-07-19 16:52:41,361 sufp_node.py [line:79] run INFO node 10's starts to run consensus on process id 8591 
2024-07-19 16:52:41,361 sufp_node.py [line:80] run INFO parameters: N=16, f=5, S=15, T=5, fast-batch=10000, acs-batch=62, K=1, O=0 
2024-07-19 16:52:41,361 sufp_node.py [line:62] prepare_bootstrap INFO node id 10 is inserting dummy payload TXs 
2024-07-19 16:52:41,362 sufp_node.py [line:70] prepare_bootstrap INFO node id 10 just inserts 50000 TXs 
2024-07-19 16:52:41,362 sufp_node.py [line:70] prepare_bootstrap INFO node id 10 just inserts 50000 TXs 
2024-07-19 16:52:41,362 sufp_node.py [line:74] prepare_bootstrap INFO node id 10 completed the loading of dummy TXs 
2024-07-19 16:52:41,362 Superfast.py [line:178] run_bft INFO Node 10 starts to run at time:1721379161.362319 
2024-07-19 16:52:41,362 Superfast.py [line:231] _run_epoch INFO Node enters epoch 0 
2024-07-19 16:52:41,363 superfastpath.py [line:43] sufastpath INFO Entering fast path 
2024-07-19 16:52:41,363 superfastpath.py [line:223] one_slot INFO Entering slot 1 
2024-07-19 16:52:41,742 superfastpath.py [line:248] one_slot INFO pending block 1 in 0.378953 
2024-07-19 16:52:41,757 superfastpath.py [line:273] one_slot INFO read pending block 1 in 0.394174 
2024-07-19 16:52:41,757 superfastpath.py [line:301] one_slot INFO Leaving slot 1 
2024-07-19 16:52:41,759 superfastpath.py [line:223] one_slot INFO Entering slot 2 
2024-07-19 16:52:42,094 superfastpath.py [line:248] one_slot INFO pending block 2 in 0.335302 
2024-07-19 16:52:42,140 superfastpath.py [line:273] one_slot INFO read pending block 2 in 0.381133 
2024-07-19 16:52:42,141 superfastpath.py [line:301] one_slot INFO Leaving slot 2 
2024-07-19 16:52:42,141 superfastpath.py [line:223] one_slot INFO Entering slot 3 
2024-07-19 16:52:42,382 superfastpath.py [line:248] one_slot INFO pending block 3 in 0.233855 
2024-07-19 16:52:42,405 superfastpath.py [line:273] one_slot INFO read pending block 3 in 0.256763 
2024-07-19 16:52:42,405 superfastpath.py [line:301] one_slot INFO Leaving slot 3 
2024-07-19 16:52:42,405 superfastpath.py [line:223] one_slot INFO Entering slot 4 
2024-07-19 16:52:42,615 superfastpath.py [line:248] one_slot INFO pending block 4 in 0.209608 
2024-07-19 16:52:42,631 superfastpath.py [line:273] one_slot INFO read pending block 4 in 0.226360 
2024-07-19 16:52:42,632 superfastpath.py [line:301] one_slot INFO Leaving slot 4 
2024-07-19 16:52:42,632 superfastpath.py [line:223] one_slot INFO Entering slot 5 
2024-07-19 16:52:42,933 superfastpath.py [line:248] one_slot INFO pending block 5 in 0.301355 
2024-07-19 16:52:42,951 superfastpath.py [line:273] one_slot INFO read pending block 5 in 0.318604 
2024-07-19 16:52:42,951 superfastpath.py [line:301] one_slot INFO Leaving slot 5 
2024-07-19 16:52:42,951 superfastpath.py [line:223] one_slot INFO Entering slot 6 
2024-07-19 16:52:43,217 superfastpath.py [line:248] one_slot INFO pending block 6 in 0.266054 
2024-07-19 16:52:43,241 superfastpath.py [line:273] one_slot INFO read pending block 6 in 0.290013 
2024-07-19 16:52:43,241 superfastpath.py [line:301] one_slot INFO Leaving slot 6 
2024-07-19 16:52:43,241 superfastpath.py [line:223] one_slot INFO Entering slot 7 
2024-07-19 16:52:43,475 superfastpath.py [line:248] one_slot INFO pending block 7 in 0.232934 
2024-07-19 16:52:43,489 superfastpath.py [line:273] one_slot INFO read pending block 7 in 0.247120 
2024-07-19 16:52:43,489 superfastpath.py [line:301] one_slot INFO Leaving slot 7 
2024-07-19 16:52:43,489 superfastpath.py [line:223] one_slot INFO Entering slot 8 
2024-07-19 16:52:43,818 superfastpath.py [line:248] one_slot INFO pending block 8 in 0.328773 
2024-07-19 16:52:43,837 superfastpath.py [line:273] one_slot INFO read pending block 8 in 0.347609 
2024-07-19 16:52:43,837 superfastpath.py [line:301] one_slot INFO Leaving slot 8 
2024-07-19 16:52:43,837 superfastpath.py [line:223] one_slot INFO Entering slot 9 
2024-07-19 16:52:44,114 superfastpath.py [line:248] one_slot INFO pending block 9 in 0.276861 
2024-07-19 16:52:44,158 superfastpath.py [line:273] one_slot INFO read pending block 9 in 0.320357 
2024-07-19 16:52:44,194 superfastpath.py [line:290] one_slot INFO Fast block at Node 10 for Epoch sidAFAST0 and Slot 8 has delay, TPS and TXs: 0.6687335968017578, 10000 
2024-07-19 16:52:44,194 superfastpath.py [line:292] one_slot INFO AVG TPS: 14188, running time 0.704798, weighted delay: 0.668734 
2024-07-19 16:52:44,194 superfastpath.py [line:297] one_slot INFO output block for slot 8 taking 0.704783 sec 
2024-07-19 16:52:44,194 superfastpath.py [line:301] one_slot INFO Leaving slot 9 
2024-07-19 16:52:44,194 superfastpath.py [line:223] one_slot INFO Entering slot 10 
2024-07-19 16:52:44,398 superfastpath.py [line:248] one_slot INFO pending block 10 in 0.203868 
2024-07-19 16:52:44,429 superfastpath.py [line:273] one_slot INFO read pending block 10 in 0.234996 
2024-07-19 16:52:44,465 superfastpath.py [line:290] one_slot INFO Fast block at Node 10 for Epoch sidAFAST0 and Slot 9 has delay, TPS and TXs: 0.5929667949676514, 20000 
2024-07-19 16:52:44,465 superfastpath.py [line:292] one_slot INFO AVG TPS: 20484, running time 0.976328, weighted delay: 0.630850 
2024-07-19 16:52:44,466 superfastpath.py [line:297] one_slot INFO output block for slot 9 taking 0.628465 sec 
2024-07-19 16:52:44,466 superfastpath.py [line:301] one_slot INFO Leaving slot 10 
2024-07-19 16:52:44,466 superfastpath.py [line:223] one_slot INFO Entering slot 11 
2024-07-19 16:52:44,657 superfastpath.py [line:248] one_slot INFO pending block 11 in 0.190973 
2024-07-19 16:52:44,695 superfastpath.py [line:273] one_slot INFO read pending block 11 in 0.228446 
2024-07-19 16:52:44,718 superfastpath.py [line:290] one_slot INFO Fast block at Node 10 for Epoch sidAFAST0 and Slot 10 has delay, TPS and TXs: 0.5005159378051758, 30000 
2024-07-19 16:52:44,718 superfastpath.py [line:292] one_slot INFO AVG TPS: 24399, running time 1.229510, weighted delay: 0.587405 
2024-07-19 16:52:44,719 superfastpath.py [line:297] one_slot INFO output block for slot 10 taking 0.524378 sec 
2024-07-19 16:52:44,719 superfastpath.py [line:301] one_slot INFO Leaving slot 11 
2024-07-19 16:52:44,719 superfastpath.py [line:223] one_slot INFO Entering slot 12 
2024-07-19 16:52:44,984 superfastpath.py [line:248] one_slot INFO pending block 12 in 0.265169 
2024-07-19 16:52:45,004 superfastpath.py [line:273] one_slot INFO read pending block 12 in 0.285281 
2024-07-19 16:52:45,030 superfastpath.py [line:290] one_slot INFO Fast block at Node 10 for Epoch sidAFAST0 and Slot 11 has delay, TPS and TXs: 0.5380945205688477, 40000 
2024-07-19 16:52:45,031 superfastpath.py [line:292] one_slot INFO AVG TPS: 25943, running time 1.541805, weighted delay: 0.575078 
2024-07-19 16:52:45,031 superfastpath.py [line:297] one_slot INFO output block for slot 11 taking 0.564949 sec 
2024-07-19 16:52:45,031 superfastpath.py [line:301] one_slot INFO Leaving slot 12 
2024-07-19 16:52:45,032 superfastpath.py [line:223] one_slot INFO Entering slot 13 
2024-07-19 16:52:45,308 superfastpath.py [line:248] one_slot INFO pending block 13 in 0.276233 
2024-07-19 16:52:45,362 superfastpath.py [line:273] one_slot INFO read pending block 13 in 0.330735 
2024-07-19 16:52:45,382 superfastpath.py [line:290] one_slot INFO Fast block at Node 10 for Epoch sidAFAST0 and Slot 12 has delay, TPS and TXs: 0.6438465118408203, 50000 
2024-07-19 16:52:45,382 superfastpath.py [line:292] one_slot INFO AVG TPS: 26411, running time 1.893090, weighted delay: 0.588831 
2024-07-19 16:52:45,383 superfastpath.py [line:297] one_slot INFO output block for slot 12 taking 0.663884 sec 
2024-07-19 16:52:45,383 superfastpath.py [line:301] one_slot INFO Leaving slot 13 
2024-07-19 16:52:45,383 superfastpath.py [line:223] one_slot INFO Entering slot 14 
2024-07-19 16:52:45,537 superfastpath.py [line:248] one_slot INFO pending block 14 in 0.154190 
2024-07-19 16:52:45,584 superfastpath.py [line:273] one_slot INFO read pending block 14 in 0.200678 
2024-07-19 16:52:45,624 superfastpath.py [line:290] one_slot INFO Fast block at Node 10 for Epoch sidAFAST0 and Slot 13 has delay, TPS and TXs: 0.552032470703125, 60000 
2024-07-19 16:52:45,624 superfastpath.py [line:292] one_slot INFO AVG TPS: 28097, running time 2.135405, weighted delay: 0.582698 
2024-07-19 16:52:45,624 superfastpath.py [line:297] one_slot INFO output block for slot 13 taking 0.592777 sec 
2024-07-19 16:52:45,625 superfastpath.py [line:301] one_slot INFO Leaving slot 14 
2024-07-19 16:52:45,625 superfastpath.py [line:223] one_slot INFO Entering slot 15 
2024-07-19 16:52:45,846 superfastpath.py [line:248] one_slot INFO pending block 15 in 0.220960 
2024-07-19 16:52:45,871 superfastpath.py [line:273] one_slot INFO read pending block 15 in 0.246264 
2024-07-19 16:52:45,921 superfastpath.py [line:290] one_slot INFO Fast block at Node 10 for Epoch sidAFAST0 and Slot 14 has delay, TPS and TXs: 0.48826050758361816, 70000 
2024-07-19 16:52:45,922 superfastpath.py [line:292] one_slot INFO AVG TPS: 28776, running time 2.432566, weighted delay: 0.569207 
2024-07-19 16:52:45,922 superfastpath.py [line:297] one_slot INFO output block for slot 14 taking 0.538688 sec 
2024-07-19 16:52:45,922 superfastpath.py [line:301] one_slot INFO Leaving slot 15 
2024-07-19 16:52:45,922 superfastpath.py [line:223] one_slot INFO Entering slot 16 
2024-07-19 16:52:45,939 superfastpath.py [line:248] one_slot INFO pending block 16 in 0.017384 
2024-07-19 16:52:45,939 superfastpath.py [line:273] one_slot INFO read pending block 16 in 0.017632 
2024-07-19 16:52:45,976 superfastpath.py [line:290] one_slot INFO Fast block at Node 10 for Epoch sidAFAST0 and Slot 15 has delay, TPS and TXs: 0.31478023529052734, 80000 
2024-07-19 16:52:45,976 superfastpath.py [line:292] one_slot INFO AVG TPS: 32167, running time 2.486989, weighted delay: 0.537404 
2024-07-19 16:52:45,977 superfastpath.py [line:297] one_slot INFO output block for slot 15 taking 0.352138 sec 
2024-07-19 16:52:45,977 superfastpath.py [line:301] one_slot INFO Leaving slot 16 
2024-07-19 16:52:45,977 superfastpath.py [line:366] sufastpath INFO Leaves fastpath at 17 slot 
2024-07-19 16:52:45,978 Superfast.py [line:308] wait_for_fastpath INFO Fastpath of epoch 0 completed 
2024-07-19 16:52:45,978 Superfast.py [line:337] _run_epoch INFO Fastpath tps: 32153 
2024-07-19 16:52:50,979 Superfast.py [line:208] run_bft INFO node 10 breaks in 9.616755 seconds in epoch 0 with total delivered Txs 0 and average delay 0.000000 
2024-07-19 16:54:34,880 sufp_node.py [line:79] run INFO node 10's starts to run consensus on process id 8855 
2024-07-19 16:54:34,881 sufp_node.py [line:80] run INFO parameters: N=16, f=5, S=15, T=5, fast-batch=10000, acs-batch=62, K=1, O=0 
2024-07-19 16:54:34,881 sufp_node.py [line:62] prepare_bootstrap INFO node id 10 is inserting dummy payload TXs 
2024-07-19 16:54:34,881 sufp_node.py [line:70] prepare_bootstrap INFO node id 10 just inserts 50000 TXs 
2024-07-19 16:54:34,881 sufp_node.py [line:70] prepare_bootstrap INFO node id 10 just inserts 50000 TXs 
2024-07-19 16:54:34,881 sufp_node.py [line:74] prepare_bootstrap INFO node id 10 completed the loading of dummy TXs 
2024-07-19 16:54:34,881 Superfast.py [line:178] run_bft INFO Node 10 starts to run at time:1721379274.8816285 
2024-07-19 16:54:34,881 Superfast.py [line:231] _run_epoch INFO Node enters epoch 0 
2024-07-19 16:54:34,882 superfastpath.py [line:43] sufastpath INFO Entering fast path 
2024-07-19 16:54:34,883 superfastpath.py [line:223] one_slot INFO Entering slot 1 
2024-07-19 16:54:35,411 superfastpath.py [line:248] one_slot INFO pending block 1 in 0.527509 
2024-07-19 16:54:35,411 superfastpath.py [line:257] one_slot INFO 2pending block 1 in 0.527828 
2024-07-19 16:54:35,432 superfastpath.py [line:274] one_slot INFO read pending block 1 in 0.549093 
2024-07-19 16:54:35,432 superfastpath.py [line:303] one_slot INFO Leaving slot 1 
2024-07-19 16:54:35,432 superfastpath.py [line:223] one_slot INFO Entering slot 2 
2024-07-19 16:54:36,121 superfastpath.py [line:248] one_slot INFO pending block 2 in 0.688572 
2024-07-19 16:54:36,121 superfastpath.py [line:257] one_slot INFO 2pending block 2 in 0.689009 
2024-07-19 16:54:36,139 superfastpath.py [line:274] one_slot INFO read pending block 2 in 0.706851 
2024-07-19 16:54:36,140 superfastpath.py [line:303] one_slot INFO Leaving slot 2 
2024-07-19 16:54:36,140 superfastpath.py [line:223] one_slot INFO Entering slot 3 
2024-07-19 16:54:36,337 superfastpath.py [line:248] one_slot INFO pending block 3 in 0.196802 
2024-07-19 16:54:36,338 superfastpath.py [line:257] one_slot INFO 2pending block 3 in 0.197035 
2024-07-19 16:54:36,352 superfastpath.py [line:274] one_slot INFO read pending block 3 in 0.211713 
2024-07-19 16:54:36,352 superfastpath.py [line:303] one_slot INFO Leaving slot 3 
2024-07-19 16:54:36,353 superfastpath.py [line:223] one_slot INFO Entering slot 4 
2024-07-19 16:54:36,646 superfastpath.py [line:248] one_slot INFO pending block 4 in 0.293797 
2024-07-19 16:54:36,648 superfastpath.py [line:257] one_slot INFO 2pending block 4 in 0.294879 
2024-07-19 16:54:36,666 superfastpath.py [line:274] one_slot INFO read pending block 4 in 0.313043 
2024-07-19 16:54:36,666 superfastpath.py [line:303] one_slot INFO Leaving slot 4 
2024-07-19 16:54:36,667 superfastpath.py [line:223] one_slot INFO Entering slot 5 
2024-07-19 16:54:36,947 superfastpath.py [line:248] one_slot INFO pending block 5 in 0.280272 
2024-07-19 16:54:36,948 superfastpath.py [line:257] one_slot INFO 2pending block 5 in 0.280537 
2024-07-19 16:54:36,963 superfastpath.py [line:274] one_slot INFO read pending block 5 in 0.296335 
2024-07-19 16:54:36,964 superfastpath.py [line:303] one_slot INFO Leaving slot 5 
2024-07-19 16:54:36,964 superfastpath.py [line:223] one_slot INFO Entering slot 6 
2024-07-19 16:54:37,221 superfastpath.py [line:248] one_slot INFO pending block 6 in 0.257086 
2024-07-19 16:54:37,221 superfastpath.py [line:257] one_slot INFO 2pending block 6 in 0.257545 
2024-07-19 16:54:37,277 superfastpath.py [line:274] one_slot INFO read pending block 6 in 0.313126 
2024-07-19 16:54:37,277 superfastpath.py [line:303] one_slot INFO Leaving slot 6 
2024-07-19 16:54:37,277 superfastpath.py [line:223] one_slot INFO Entering slot 7 
2024-07-19 16:54:37,527 superfastpath.py [line:248] one_slot INFO pending block 7 in 0.249291 
2024-07-19 16:54:37,527 superfastpath.py [line:257] one_slot INFO 2pending block 7 in 0.249445 
2024-07-19 16:54:37,561 superfastpath.py [line:274] one_slot INFO read pending block 7 in 0.284049 
2024-07-19 16:54:37,561 superfastpath.py [line:303] one_slot INFO Leaving slot 7 
2024-07-19 16:54:37,562 superfastpath.py [line:223] one_slot INFO Entering slot 8 
2024-07-19 16:54:37,787 superfastpath.py [line:248] one_slot INFO pending block 8 in 0.225656 
2024-07-19 16:54:37,788 superfastpath.py [line:257] one_slot INFO 2pending block 8 in 0.226297 
2024-07-19 16:54:37,816 superfastpath.py [line:274] one_slot INFO read pending block 8 in 0.254560 
2024-07-19 16:54:37,816 superfastpath.py [line:303] one_slot INFO Leaving slot 8 
2024-07-19 16:54:37,816 superfastpath.py [line:223] one_slot INFO Entering slot 9 
2024-07-19 16:54:38,066 superfastpath.py [line:248] one_slot INFO pending block 9 in 0.249667 
2024-07-19 16:54:38,070 superfastpath.py [line:257] one_slot INFO 2pending block 9 in 0.253199 
2024-07-19 16:54:38,097 superfastpath.py [line:274] one_slot INFO read pending block 9 in 0.280185 
2024-07-19 16:54:38,097 superfastpath.py [line:285] one_slot INFO delay block 8 in 0.535211 
2024-07-19 16:54:38,120 superfastpath.py [line:292] one_slot INFO Fast block at Node 10 for Epoch sidAFAST0 and Slot 8 has delay, TPS and TXs: 0.5352113246917725, 10000 
2024-07-19 16:54:38,121 superfastpath.py [line:294] one_slot INFO AVG TPS: 17886, running time 0.559088, weighted delay: 0.535211 
2024-07-19 16:54:38,121 superfastpath.py [line:299] one_slot INFO output block for slot 8 taking 0.559042 sec 
2024-07-19 16:54:38,121 superfastpath.py [line:303] one_slot INFO Leaving slot 9 
2024-07-19 16:54:38,121 superfastpath.py [line:223] one_slot INFO Entering slot 10 
2024-07-19 16:54:38,356 superfastpath.py [line:248] one_slot INFO pending block 10 in 0.235494 
2024-07-19 16:54:38,357 superfastpath.py [line:257] one_slot INFO 2pending block 10 in 0.235652 
2024-07-19 16:54:38,388 superfastpath.py [line:274] one_slot INFO read pending block 10 in 0.266686 
2024-07-19 16:54:38,388 superfastpath.py [line:285] one_slot INFO delay block 9 in 0.571207 
2024-07-19 16:54:38,427 superfastpath.py [line:292] one_slot INFO Fast block at Node 10 for Epoch sidAFAST0 and Slot 9 has delay, TPS and TXs: 0.5712072849273682, 20000 
2024-07-19 16:54:38,427 superfastpath.py [line:294] one_slot INFO AVG TPS: 23109, running time 0.865463, weighted delay: 0.553209 
2024-07-19 16:54:38,427 superfastpath.py [line:299] one_slot INFO output block for slot 9 taking 0.610963 sec 
2024-07-19 16:54:38,428 superfastpath.py [line:303] one_slot INFO Leaving slot 10 
2024-07-19 16:54:38,428 superfastpath.py [line:223] one_slot INFO Entering slot 11 
2024-07-19 16:54:38,590 superfastpath.py [line:248] one_slot INFO pending block 11 in 0.162315 
2024-07-19 16:54:38,591 superfastpath.py [line:257] one_slot INFO 2pending block 11 in 0.163169 
2024-07-19 16:54:38,624 superfastpath.py [line:274] one_slot INFO read pending block 11 in 0.196330 
2024-07-19 16:54:38,624 superfastpath.py [line:285] one_slot INFO delay block 10 in 0.503429 
2024-07-19 16:54:38,643 superfastpath.py [line:292] one_slot INFO Fast block at Node 10 for Epoch sidAFAST0 and Slot 10 has delay, TPS and TXs: 0.5034294128417969, 30000 
2024-07-19 16:54:38,644 superfastpath.py [line:294] one_slot INFO AVG TPS: 27726, running time 1.082007, weighted delay: 0.536616 
2024-07-19 16:54:38,644 superfastpath.py [line:299] one_slot INFO output block for slot 10 taking 0.522740 sec 
2024-07-19 16:54:38,644 superfastpath.py [line:303] one_slot INFO Leaving slot 11 
2024-07-19 16:54:38,648 superfastpath.py [line:223] one_slot INFO Entering slot 12 
2024-07-19 16:54:38,895 superfastpath.py [line:248] one_slot INFO pending block 12 in 0.246619 
2024-07-19 16:54:38,896 superfastpath.py [line:257] one_slot INFO 2pending block 12 in 0.247398 
2024-07-19 16:54:38,940 superfastpath.py [line:274] one_slot INFO read pending block 12 in 0.292228 
2024-07-19 16:54:38,941 superfastpath.py [line:285] one_slot INFO delay block 11 in 0.512835 
2024-07-19 16:54:38,985 superfastpath.py [line:292] one_slot INFO Fast block at Node 10 for Epoch sidAFAST0 and Slot 11 has delay, TPS and TXs: 0.5128350257873535, 40000 
2024-07-19 16:54:38,985 superfastpath.py [line:294] one_slot INFO AVG TPS: 28099, running time 1.423534, weighted delay: 0.530671 
2024-07-19 16:54:38,985 superfastpath.py [line:299] one_slot INFO output block for slot 11 taking 0.557360 sec 
2024-07-19 16:54:38,985 superfastpath.py [line:303] one_slot INFO Leaving slot 12 
2024-07-19 16:54:38,986 superfastpath.py [line:223] one_slot INFO Entering slot 13 
2024-07-19 16:54:39,186 superfastpath.py [line:248] one_slot INFO pending block 13 in 0.200301 
2024-07-19 16:54:39,191 superfastpath.py [line:257] one_slot INFO 2pending block 13 in 0.205297 
2024-07-19 16:54:39,238 superfastpath.py [line:274] one_slot INFO read pending block 13 in 0.251504 
2024-07-19 16:54:39,239 superfastpath.py [line:285] one_slot INFO delay block 12 in 0.590806 
2024-07-19 16:54:39,271 superfastpath.py [line:292] one_slot INFO Fast block at Node 10 for Epoch sidAFAST0 and Slot 12 has delay, TPS and TXs: 0.5908055305480957, 50000 
2024-07-19 16:54:39,272 superfastpath.py [line:294] one_slot INFO AVG TPS: 29238, running time 1.710057, weighted delay: 0.542698 
2024-07-19 16:54:39,272 superfastpath.py [line:299] one_slot INFO output block for slot 12 taking 0.623739 sec 
2024-07-19 16:54:39,272 superfastpath.py [line:303] one_slot INFO Leaving slot 13 
2024-07-19 16:54:39,272 superfastpath.py [line:223] one_slot INFO Entering slot 14 
2024-07-19 16:54:39,480 superfastpath.py [line:248] one_slot INFO pending block 14 in 0.207740 
2024-07-19 16:54:39,480 superfastpath.py [line:257] one_slot INFO 2pending block 14 in 0.207870 
2024-07-19 16:54:39,509 superfastpath.py [line:274] one_slot INFO read pending block 14 in 0.237063 
2024-07-19 16:54:39,509 superfastpath.py [line:285] one_slot INFO delay block 13 in 0.523425 
2024-07-19 16:54:39,534 superfastpath.py [line:292] one_slot INFO Fast block at Node 10 for Epoch sidAFAST0 and Slot 13 has delay, TPS and TXs: 0.5234253406524658, 60000 
2024-07-19 16:54:39,534 superfastpath.py [line:294] one_slot INFO AVG TPS: 30423, running time 1.972160, weighted delay: 0.539486 
2024-07-19 16:54:39,534 superfastpath.py [line:299] one_slot INFO output block for slot 13 taking 0.547711 sec 
2024-07-19 16:54:39,534 superfastpath.py [line:303] one_slot INFO Leaving slot 14 
2024-07-19 16:54:39,534 superfastpath.py [line:223] one_slot INFO Entering slot 15 
2024-07-19 16:54:39,772 superfastpath.py [line:248] one_slot INFO pending block 15 in 0.237980 
2024-07-19 16:54:39,772 superfastpath.py [line:257] one_slot INFO 2pending block 15 in 0.238165 
2024-07-19 16:54:39,841 superfastpath.py [line:274] one_slot INFO read pending block 15 in 0.307447 
2024-07-19 16:54:39,842 superfastpath.py [line:285] one_slot INFO delay block 14 in 0.570257 
2024-07-19 16:54:39,869 superfastpath.py [line:292] one_slot INFO Fast block at Node 10 for Epoch sidAFAST0 and Slot 14 has delay, TPS and TXs: 0.5702571868896484, 70000 
2024-07-19 16:54:39,869 superfastpath.py [line:294] one_slot INFO AVG TPS: 30340, running time 2.307134, weighted delay: 0.543882 
2024-07-19 16:54:39,869 superfastpath.py [line:299] one_slot INFO output block for slot 14 taking 0.596681 sec 
2024-07-19 16:54:39,869 superfastpath.py [line:303] one_slot INFO Leaving slot 15 
2024-07-19 16:54:39,869 superfastpath.py [line:223] one_slot INFO Entering slot 16 
2024-07-19 16:54:39,872 superfastpath.py [line:248] one_slot INFO pending block 16 in 0.002798 
2024-07-19 16:54:39,873 superfastpath.py [line:257] one_slot INFO 2pending block 16 in 0.003198 
2024-07-19 16:54:39,873 superfastpath.py [line:274] one_slot INFO read pending block 16 in 0.003523 
2024-07-19 16:54:39,873 superfastpath.py [line:285] one_slot INFO delay block 15 in 0.338988 
2024-07-19 16:54:39,892 superfastpath.py [line:292] one_slot INFO Fast block at Node 10 for Epoch sidAFAST0 and Slot 15 has delay, TPS and TXs: 0.3389880657196045, 80000 
2024-07-19 16:54:39,892 superfastpath.py [line:294] one_slot INFO AVG TPS: 34328, running time 2.330455, weighted delay: 0.518270 
2024-07-19 16:54:39,893 superfastpath.py [line:299] one_slot INFO output block for slot 15 taking 0.358531 sec 
2024-07-19 16:54:39,893 superfastpath.py [line:303] one_slot INFO Leaving slot 16 
2024-07-19 16:54:39,893 superfastpath.py [line:368] sufastpath INFO Leaves fastpath at 17 slot 
2024-07-19 16:54:39,893 Superfast.py [line:308] wait_for_fastpath INFO Fastpath of epoch 0 completed 
2024-07-19 16:54:39,893 Superfast.py [line:337] _run_epoch INFO Fastpath tps: 34318 
2024-07-19 16:57:20,614 sufp_node.py [line:79] run INFO node 10's starts to run consensus on process id 9152 
2024-07-19 16:57:20,614 sufp_node.py [line:80] run INFO parameters: N=16, f=5, S=15, T=5, fast-batch=10000, acs-batch=62, K=1, O=0 
2024-07-19 16:57:20,614 sufp_node.py [line:62] prepare_bootstrap INFO node id 10 is inserting dummy payload TXs 
2024-07-19 16:57:20,615 sufp_node.py [line:70] prepare_bootstrap INFO node id 10 just inserts 50000 TXs 
2024-07-19 16:57:20,615 sufp_node.py [line:70] prepare_bootstrap INFO node id 10 just inserts 50000 TXs 
2024-07-19 16:57:20,615 sufp_node.py [line:74] prepare_bootstrap INFO node id 10 completed the loading of dummy TXs 
2024-07-19 16:57:20,615 Superfast.py [line:178] run_bft INFO Node 10 starts to run at time:1721379440.615962 
2024-07-19 16:57:20,616 Superfast.py [line:231] _run_epoch INFO Node enters epoch 0 
2024-07-19 16:57:20,617 superfastpath.py [line:43] sufastpath INFO Entering fast path 
2024-07-19 16:57:20,617 superfastpath.py [line:223] one_slot INFO Entering slot 1 
2024-07-19 16:57:20,651 superfastpath.py [line:248] one_slot INFO pending block 1 in 0.033450 
2024-07-19 16:57:20,651 superfastpath.py [line:257] one_slot INFO 2pending block 1 in 0.033646 
2024-07-19 16:57:20,667 superfastpath.py [line:275] one_slot INFO read pending block 1 in 0.049793 
2024-07-19 16:57:20,667 superfastpath.py [line:306] one_slot INFO Leaving slot 1 
2024-07-19 16:57:20,667 superfastpath.py [line:223] one_slot INFO Entering slot 2 
2024-07-19 16:57:20,917 superfastpath.py [line:248] one_slot INFO pending block 2 in 0.249117 
2024-07-19 16:57:20,918 superfastpath.py [line:257] one_slot INFO 2pending block 2 in 0.250004 
2024-07-19 16:57:20,944 superfastpath.py [line:275] one_slot INFO read pending block 2 in 0.276565 
2024-07-19 16:57:20,945 superfastpath.py [line:306] one_slot INFO Leaving slot 2 
2024-07-19 16:57:20,945 superfastpath.py [line:223] one_slot INFO Entering slot 3 
2024-07-19 16:57:21,188 superfastpath.py [line:248] one_slot INFO pending block 3 in 0.243076 
2024-07-19 16:57:21,189 superfastpath.py [line:257] one_slot INFO 2pending block 3 in 0.243297 
2024-07-19 16:57:21,212 superfastpath.py [line:275] one_slot INFO read pending block 3 in 0.266648 
2024-07-19 16:57:21,212 superfastpath.py [line:306] one_slot INFO Leaving slot 3 
2024-07-19 16:57:21,212 superfastpath.py [line:223] one_slot INFO Entering slot 4 
2024-07-19 16:57:21,418 superfastpath.py [line:248] one_slot INFO pending block 4 in 0.205569 
2024-07-19 16:57:21,418 superfastpath.py [line:257] one_slot INFO 2pending block 4 in 0.206071 
2024-07-19 16:57:21,440 superfastpath.py [line:275] one_slot INFO read pending block 4 in 0.227837 
2024-07-19 16:57:21,441 superfastpath.py [line:306] one_slot INFO Leaving slot 4 
2024-07-19 16:57:21,441 superfastpath.py [line:223] one_slot INFO Entering slot 5 
2024-07-19 16:57:21,733 superfastpath.py [line:248] one_slot INFO pending block 5 in 0.292386 
2024-07-19 16:57:21,735 superfastpath.py [line:257] one_slot INFO 2pending block 5 in 0.293781 
2024-07-19 16:57:21,759 superfastpath.py [line:275] one_slot INFO read pending block 5 in 0.318537 
2024-07-19 16:57:21,760 superfastpath.py [line:306] one_slot INFO Leaving slot 5 
2024-07-19 16:57:21,760 superfastpath.py [line:223] one_slot INFO Entering slot 6 
2024-07-19 16:57:22,033 superfastpath.py [line:248] one_slot INFO pending block 6 in 0.273517 
2024-07-19 16:57:22,035 superfastpath.py [line:257] one_slot INFO 2pending block 6 in 0.274774 
2024-07-19 16:57:22,061 superfastpath.py [line:275] one_slot INFO read pending block 6 in 0.300769 
2024-07-19 16:57:22,061 superfastpath.py [line:306] one_slot INFO Leaving slot 6 
2024-07-19 16:57:22,061 superfastpath.py [line:223] one_slot INFO Entering slot 7 
2024-07-19 16:57:22,277 superfastpath.py [line:248] one_slot INFO pending block 7 in 0.214893 
2024-07-19 16:57:22,277 superfastpath.py [line:257] one_slot INFO 2pending block 7 in 0.215464 
2024-07-19 16:57:22,292 superfastpath.py [line:275] one_slot INFO read pending block 7 in 0.230733 
2024-07-19 16:57:22,293 superfastpath.py [line:306] one_slot INFO Leaving slot 7 
2024-07-19 16:57:22,293 superfastpath.py [line:223] one_slot INFO Entering slot 8 
2024-07-19 16:57:22,518 superfastpath.py [line:248] one_slot INFO pending block 8 in 0.224994 
2024-07-19 16:57:22,518 superfastpath.py [line:257] one_slot INFO 2pending block 8 in 0.225471 
2024-07-19 16:57:22,537 superfastpath.py [line:275] one_slot INFO read pending block 8 in 0.244151 
2024-07-19 16:57:22,537 superfastpath.py [line:306] one_slot INFO Leaving slot 8 
2024-07-19 16:57:22,537 superfastpath.py [line:223] one_slot INFO Entering slot 9 
2024-07-19 16:57:22,814 superfastpath.py [line:248] one_slot INFO pending block 9 in 0.277122 
2024-07-19 16:57:22,828 superfastpath.py [line:257] one_slot INFO 2pending block 9 in 0.290695 
2024-07-19 16:57:22,855 superfastpath.py [line:275] one_slot INFO read pending block 9 in 0.318048 
2024-07-19 16:57:22,855 superfastpath.py [line:284] one_slot INFO 3pending block 9 in 0.318228 
2024-07-19 16:57:22,856 superfastpath.py [line:288] one_slot INFO delay block 8 in 0.562750 
2024-07-19 16:57:22,871 superfastpath.py [line:295] one_slot INFO Fast block at Node 10 for Epoch sidAFAST0 and Slot 8 has delay, TPS and TXs: 0.5627501010894775, 10000 
2024-07-19 16:57:22,871 superfastpath.py [line:297] one_slot INFO AVG TPS: 17293, running time 0.578249, weighted delay: 0.562750 
2024-07-19 16:57:22,871 superfastpath.py [line:302] one_slot INFO output block for slot 8 taking 0.578277 sec 
2024-07-19 16:57:22,871 superfastpath.py [line:306] one_slot INFO Leaving slot 9 
2024-07-19 16:57:22,871 superfastpath.py [line:223] one_slot INFO Entering slot 10 
2024-07-19 16:57:23,011 superfastpath.py [line:248] one_slot INFO pending block 10 in 0.139169 
2024-07-19 16:57:23,011 superfastpath.py [line:257] one_slot INFO 2pending block 10 in 0.139932 
2024-07-19 16:57:23,039 superfastpath.py [line:275] one_slot INFO read pending block 10 in 0.167955 
2024-07-19 16:57:23,040 superfastpath.py [line:284] one_slot INFO 3pending block 10 in 0.168270 
2024-07-19 16:57:23,040 superfastpath.py [line:288] one_slot INFO delay block 9 in 0.502479 
2024-07-19 16:57:23,078 superfastpath.py [line:295] one_slot INFO Fast block at Node 10 for Epoch sidAFAST0 and Slot 9 has delay, TPS and TXs: 0.502478837966919, 20000 
2024-07-19 16:57:23,079 superfastpath.py [line:297] one_slot INFO AVG TPS: 25450, running time 0.785837, weighted delay: 0.532614 
2024-07-19 16:57:23,079 superfastpath.py [line:302] one_slot INFO output block for slot 9 taking 0.541402 sec 
2024-07-19 16:57:23,079 superfastpath.py [line:306] one_slot INFO Leaving slot 10 
2024-07-19 16:57:23,079 superfastpath.py [line:223] one_slot INFO Entering slot 11 
2024-07-19 16:57:23,296 superfastpath.py [line:248] one_slot INFO pending block 11 in 0.216311 
2024-07-19 16:57:23,320 superfastpath.py [line:257] one_slot INFO 2pending block 11 in 0.239792 
2024-07-19 16:57:23,338 superfastpath.py [line:275] one_slot INFO read pending block 11 in 0.257901 
2024-07-19 16:57:23,338 superfastpath.py [line:284] one_slot INFO 3pending block 11 in 0.258076 
2024-07-19 16:57:23,338 superfastpath.py [line:288] one_slot INFO delay block 10 in 0.466495 
2024-07-19 16:57:23,355 superfastpath.py [line:295] one_slot INFO Fast block at Node 10 for Epoch sidAFAST0 and Slot 10 has delay, TPS and TXs: 0.4664950370788574, 30000 
2024-07-19 16:57:23,355 superfastpath.py [line:297] one_slot INFO AVG TPS: 28227, running time 1.062778, weighted delay: 0.510575 
2024-07-19 16:57:23,356 superfastpath.py [line:302] one_slot INFO output block for slot 10 taking 0.484212 sec 
2024-07-19 16:57:23,356 superfastpath.py [line:306] one_slot INFO Leaving slot 11 
2024-07-19 16:57:23,356 superfastpath.py [line:223] one_slot INFO Entering slot 12 
2024-07-19 16:57:23,669 superfastpath.py [line:248] one_slot INFO pending block 12 in 0.313393 
2024-07-19 16:57:23,670 superfastpath.py [line:257] one_slot INFO 2pending block 12 in 0.314340 
2024-07-19 16:57:23,708 superfastpath.py [line:275] one_slot INFO read pending block 12 in 0.351621 
2024-07-19 16:57:23,708 superfastpath.py [line:284] one_slot INFO 3pending block 12 in 0.352215 
2024-07-19 16:57:23,709 superfastpath.py [line:288] one_slot INFO delay block 11 in 0.629500 
2024-07-19 16:57:23,729 superfastpath.py [line:295] one_slot INFO Fast block at Node 10 for Epoch sidAFAST0 and Slot 11 has delay, TPS and TXs: 0.6295003890991211, 40000 
2024-07-19 16:57:23,729 superfastpath.py [line:297] one_slot INFO AVG TPS: 27848, running time 1.436335, weighted delay: 0.540306 
2024-07-19 16:57:23,730 superfastpath.py [line:302] one_slot INFO output block for slot 11 taking 0.649846 sec 
2024-07-19 16:57:23,730 superfastpath.py [line:306] one_slot INFO Leaving slot 12 
2024-07-19 16:57:23,730 superfastpath.py [line:223] one_slot INFO Entering slot 13 
2024-07-19 16:57:23,942 superfastpath.py [line:248] one_slot INFO pending block 13 in 0.212519 
2024-07-19 16:57:23,943 superfastpath.py [line:257] one_slot INFO 2pending block 13 in 0.213110 
2024-07-19 16:57:23,967 superfastpath.py [line:275] one_slot INFO read pending block 13 in 0.237200 
2024-07-19 16:57:23,967 superfastpath.py [line:284] one_slot INFO 3pending block 13 in 0.237367 
2024-07-19 16:57:23,967 superfastpath.py [line:288] one_slot INFO delay block 12 in 0.611642 
2024-07-19 16:57:23,986 superfastpath.py [line:295] one_slot INFO Fast block at Node 10 for Epoch sidAFAST0 and Slot 12 has delay, TPS and TXs: 0.6116423606872559, 50000 
2024-07-19 16:57:23,986 superfastpath.py [line:297] one_slot INFO AVG TPS: 29533, running time 1.692978, weighted delay: 0.554573 
2024-07-19 16:57:23,986 superfastpath.py [line:302] one_slot INFO output block for slot 12 taking 0.629927 sec 
2024-07-19 16:57:23,986 superfastpath.py [line:306] one_slot INFO Leaving slot 13 
2024-07-19 16:57:23,986 superfastpath.py [line:223] one_slot INFO Entering slot 14 
2024-07-19 16:57:24,260 superfastpath.py [line:248] one_slot INFO pending block 14 in 0.273766 
2024-07-19 16:57:24,260 superfastpath.py [line:257] one_slot INFO 2pending block 14 in 0.274033 
2024-07-19 16:57:24,296 superfastpath.py [line:275] one_slot INFO read pending block 14 in 0.309783 
2024-07-19 16:57:24,296 superfastpath.py [line:284] one_slot INFO 3pending block 14 in 0.309928 
2024-07-19 16:57:24,296 superfastpath.py [line:288] one_slot INFO delay block 13 in 0.566076 
2024-07-19 16:57:24,335 superfastpath.py [line:295] one_slot INFO Fast block at Node 10 for Epoch sidAFAST0 and Slot 13 has delay, TPS and TXs: 0.5660755634307861, 60000 
2024-07-19 16:57:24,335 superfastpath.py [line:297] one_slot INFO AVG TPS: 29379, running time 2.042236, weighted delay: 0.556490 
2024-07-19 16:57:24,335 superfastpath.py [line:302] one_slot INFO output block for slot 13 taking 0.605191 sec 
2024-07-19 16:57:24,335 superfastpath.py [line:306] one_slot INFO Leaving slot 14 
2024-07-19 16:57:24,335 superfastpath.py [line:223] one_slot INFO Entering slot 15 
2024-07-19 16:57:24,506 superfastpath.py [line:248] one_slot INFO pending block 15 in 0.170622 
2024-07-19 16:57:24,506 superfastpath.py [line:257] one_slot INFO 2pending block 15 in 0.170780 
2024-07-19 16:57:24,546 superfastpath.py [line:275] one_slot INFO read pending block 15 in 0.210460 
2024-07-19 16:57:24,546 superfastpath.py [line:284] one_slot INFO 3pending block 15 in 0.210608 
2024-07-19 16:57:24,546 superfastpath.py [line:288] one_slot INFO delay block 14 in 0.560073 
2024-07-19 16:57:24,590 superfastpath.py [line:295] one_slot INFO Fast block at Node 10 for Epoch sidAFAST0 and Slot 14 has delay, TPS and TXs: 0.5600728988647461, 70000 
2024-07-19 16:57:24,590 superfastpath.py [line:297] one_slot INFO AVG TPS: 30468, running time 2.297454, weighted delay: 0.557002 
2024-07-19 16:57:24,592 superfastpath.py [line:302] one_slot INFO output block for slot 14 taking 0.606210 sec 
2024-07-19 16:57:24,593 superfastpath.py [line:306] one_slot INFO Leaving slot 15 
2024-07-19 16:57:24,594 superfastpath.py [line:223] one_slot INFO Entering slot 16 
2024-07-19 16:57:24,598 superfastpath.py [line:248] one_slot INFO pending block 16 in 0.004586 
2024-07-19 16:57:24,599 superfastpath.py [line:257] one_slot INFO 2pending block 16 in 0.005217 
2024-07-19 16:57:24,599 superfastpath.py [line:275] one_slot INFO read pending block 16 in 0.005398 
2024-07-19 16:57:24,599 superfastpath.py [line:284] one_slot INFO 3pending block 16 in 0.005484 
2024-07-19 16:57:24,599 superfastpath.py [line:288] one_slot INFO delay block 15 in 0.263875 
2024-07-19 16:57:24,640 superfastpath.py [line:295] one_slot INFO Fast block at Node 10 for Epoch sidAFAST0 and Slot 15 has delay, TPS and TXs: 0.26387500762939453, 80000 
2024-07-19 16:57:24,640 superfastpath.py [line:297] one_slot INFO AVG TPS: 34074, running time 2.347816, weighted delay: 0.520361 
2024-07-19 16:57:24,641 superfastpath.py [line:302] one_slot INFO output block for slot 15 taking 0.305240 sec 
2024-07-19 16:57:24,641 superfastpath.py [line:306] one_slot INFO Leaving slot 16 
2024-07-19 16:57:24,641 superfastpath.py [line:371] sufastpath INFO Leaves fastpath at 17 slot 
2024-07-19 16:57:24,641 Superfast.py [line:308] wait_for_fastpath INFO Fastpath of epoch 0 completed 
2024-07-19 16:57:24,641 Superfast.py [line:337] _run_epoch INFO Fastpath tps: 34071 
2024-07-19 17:14:38,904 sufp_node.py [line:79] run INFO node 10's starts to run consensus on process id 9595 
2024-07-19 17:14:38,904 sufp_node.py [line:80] run INFO parameters: N=16, f=5, S=15, T=5, fast-batch=10000, acs-batch=62, K=1, O=0 
2024-07-19 17:14:38,905 sufp_node.py [line:62] prepare_bootstrap INFO node id 10 is inserting dummy payload TXs 
2024-07-19 17:14:38,905 sufp_node.py [line:70] prepare_bootstrap INFO node id 10 just inserts 50000 TXs 
2024-07-19 17:14:38,905 sufp_node.py [line:70] prepare_bootstrap INFO node id 10 just inserts 50000 TXs 
2024-07-19 17:14:38,905 sufp_node.py [line:74] prepare_bootstrap INFO node id 10 completed the loading of dummy TXs 
2024-07-19 17:14:38,905 Superfast.py [line:178] run_bft INFO Node 10 starts to run at time:1721380478.905821 
2024-07-19 17:14:38,905 Superfast.py [line:231] _run_epoch INFO Node enters epoch 0 
2024-07-19 17:14:38,906 superfastpath.py [line:43] sufastpath INFO Entering fast path 
2024-07-19 17:14:38,906 superfastpath.py [line:223] one_slot INFO Entering slot 1 
2024-07-19 17:14:43,908 superfastpath.py [line:355] sufastpath INFO Fastpath Timeout! 
2024-07-19 17:14:43,909 superfastpath.py [line:362] sufastpath INFO Leaves fastpath at 1 slot 
2024-07-19 17:14:43,909 Superfast.py [line:308] wait_for_fastpath INFO Fastpath of epoch 0 completed 
2024-07-19 17:16:53,595 sufp_node.py [line:79] run INFO node 10's starts to run consensus on process id 9849 
2024-07-19 17:16:53,595 sufp_node.py [line:80] run INFO parameters: N=16, f=5, S=15, T=5, fast-batch=10000, acs-batch=62, K=1, O=0 
2024-07-19 17:16:53,596 sufp_node.py [line:62] prepare_bootstrap INFO node id 10 is inserting dummy payload TXs 
2024-07-19 17:16:53,596 sufp_node.py [line:70] prepare_bootstrap INFO node id 10 just inserts 50000 TXs 
2024-07-19 17:16:53,596 sufp_node.py [line:70] prepare_bootstrap INFO node id 10 just inserts 50000 TXs 
2024-07-19 17:16:53,597 sufp_node.py [line:74] prepare_bootstrap INFO node id 10 completed the loading of dummy TXs 
2024-07-19 17:16:53,597 Superfast.py [line:178] run_bft INFO Node 10 starts to run at time:1721380613.5972316 
2024-07-19 17:16:53,597 Superfast.py [line:231] _run_epoch INFO Node enters epoch 0 
2024-07-19 17:16:53,598 superfastpath.py [line:43] sufastpath INFO Entering fast path 
2024-07-19 17:16:53,598 superfastpath.py [line:223] one_slot INFO Entering slot 1 
2024-07-19 17:16:58,599 superfastpath.py [line:355] sufastpath INFO Fastpath Timeout! 
2024-07-19 17:16:58,600 superfastpath.py [line:362] sufastpath INFO Leaves fastpath at 1 slot 
2024-07-19 17:16:58,600 Superfast.py [line:308] wait_for_fastpath INFO Fastpath of epoch 0 completed 
2024-07-19 17:18:39,427 sufp_node.py [line:79] run INFO node 10's starts to run consensus on process id 10114 
2024-07-19 17:18:39,427 sufp_node.py [line:80] run INFO parameters: N=16, f=5, S=15, T=5, fast-batch=10000, acs-batch=62, K=1, O=0 
2024-07-19 17:18:39,427 sufp_node.py [line:62] prepare_bootstrap INFO node id 10 is inserting dummy payload TXs 
2024-07-19 17:18:39,428 sufp_node.py [line:70] prepare_bootstrap INFO node id 10 just inserts 50000 TXs 
2024-07-19 17:18:39,428 sufp_node.py [line:70] prepare_bootstrap INFO node id 10 just inserts 50000 TXs 
2024-07-19 17:18:39,428 sufp_node.py [line:74] prepare_bootstrap INFO node id 10 completed the loading of dummy TXs 
2024-07-19 17:18:39,428 Superfast.py [line:178] run_bft INFO Node 10 starts to run at time:1721380719.428551 
2024-07-19 17:18:39,428 Superfast.py [line:231] _run_epoch INFO Node enters epoch 0 
2024-07-19 17:18:39,429 superfastpath.py [line:43] sufastpath INFO Entering fast path 
2024-07-19 17:18:39,429 superfastpath.py [line:223] one_slot INFO Entering slot 1 
2024-07-19 17:18:40,083 superfastpath.py [line:239] one_slot INFO pending block 1 in 0.653211 
2024-07-19 17:18:40,083 superfastpath.py [line:248] one_slot INFO 2pending block 1 in 0.653843 
2024-07-19 17:18:40,109 superfastpath.py [line:266] one_slot INFO read pending block 1 in 0.679527 
2024-07-19 17:18:40,109 superfastpath.py [line:297] one_slot INFO Leaving slot 1 
2024-07-19 17:18:40,109 superfastpath.py [line:223] one_slot INFO Entering slot 2 
2024-07-19 17:18:40,393 superfastpath.py [line:239] one_slot INFO pending block 2 in 0.284084 
2024-07-19 17:18:40,410 superfastpath.py [line:248] one_slot INFO 2pending block 2 in 0.300890 
2024-07-19 17:18:40,422 superfastpath.py [line:266] one_slot INFO read pending block 2 in 0.312989 
2024-07-19 17:18:40,423 superfastpath.py [line:297] one_slot INFO Leaving slot 2 
2024-07-19 17:18:40,423 superfastpath.py [line:223] one_slot INFO Entering slot 3 
2024-07-19 17:18:40,743 superfastpath.py [line:239] one_slot INFO pending block 3 in 0.320513 
2024-07-19 17:18:40,743 superfastpath.py [line:248] one_slot INFO 2pending block 3 in 0.320771 
2024-07-19 17:18:40,760 superfastpath.py [line:266] one_slot INFO read pending block 3 in 0.336876 
2024-07-19 17:18:40,761 superfastpath.py [line:297] one_slot INFO Leaving slot 3 
2024-07-19 17:18:40,761 superfastpath.py [line:223] one_slot INFO Entering slot 4 
2024-07-19 17:18:41,007 superfastpath.py [line:239] one_slot INFO pending block 4 in 0.243994 
2024-07-19 17:18:41,008 superfastpath.py [line:248] one_slot INFO 2pending block 4 in 0.245492 
2024-07-19 17:18:41,043 superfastpath.py [line:266] one_slot INFO read pending block 4 in 0.280794 
2024-07-19 17:18:41,044 superfastpath.py [line:297] one_slot INFO Leaving slot 4 
2024-07-19 17:18:41,044 superfastpath.py [line:223] one_slot INFO Entering slot 5 
2024-07-19 17:18:41,328 superfastpath.py [line:239] one_slot INFO pending block 5 in 0.284282 
2024-07-19 17:18:41,329 superfastpath.py [line:248] one_slot INFO 2pending block 5 in 0.284733 
2024-07-19 17:18:41,345 superfastpath.py [line:266] one_slot INFO read pending block 5 in 0.301316 
2024-07-19 17:18:41,346 superfastpath.py [line:297] one_slot INFO Leaving slot 5 
2024-07-19 17:18:41,346 superfastpath.py [line:223] one_slot INFO Entering slot 6 
2024-07-19 17:18:41,576 superfastpath.py [line:239] one_slot INFO pending block 6 in 0.229790 
2024-07-19 17:18:41,577 superfastpath.py [line:248] one_slot INFO 2pending block 6 in 0.231014 
2024-07-19 17:18:41,619 superfastpath.py [line:266] one_slot INFO read pending block 6 in 0.272736 
2024-07-19 17:18:41,619 superfastpath.py [line:297] one_slot INFO Leaving slot 6 
2024-07-19 17:18:41,619 superfastpath.py [line:223] one_slot INFO Entering slot 7 
2024-07-19 17:18:41,859 superfastpath.py [line:239] one_slot INFO pending block 7 in 0.239698 
2024-07-19 17:18:41,861 superfastpath.py [line:248] one_slot INFO 2pending block 7 in 0.241612 
2024-07-19 17:18:41,890 superfastpath.py [line:266] one_slot INFO read pending block 7 in 0.270361 
2024-07-19 17:18:41,897 superfastpath.py [line:297] one_slot INFO Leaving slot 7 
2024-07-19 17:18:41,897 superfastpath.py [line:223] one_slot INFO Entering slot 8 
2024-07-19 17:18:42,153 superfastpath.py [line:239] one_slot INFO pending block 8 in 0.255370 
2024-07-19 17:18:42,153 superfastpath.py [line:248] one_slot INFO 2pending block 8 in 0.255649 
2024-07-19 17:18:42,175 superfastpath.py [line:266] one_slot INFO read pending block 8 in 0.278183 
2024-07-19 17:18:42,176 superfastpath.py [line:297] one_slot INFO Leaving slot 8 
2024-07-19 17:18:42,176 superfastpath.py [line:223] one_slot INFO Entering slot 9 
2024-07-19 17:18:42,487 superfastpath.py [line:239] one_slot INFO pending block 9 in 0.311401 
2024-07-19 17:18:42,489 superfastpath.py [line:248] one_slot INFO 2pending block 9 in 0.313141 
2024-07-19 17:18:42,534 superfastpath.py [line:266] one_slot INFO read pending block 9 in 0.358027 
2024-07-19 17:18:42,534 superfastpath.py [line:275] one_slot INFO 3pending block 9 in 0.358250 
2024-07-19 17:18:42,534 superfastpath.py [line:279] one_slot INFO delay block 8 in 0.636868 
2024-07-19 17:18:42,564 superfastpath.py [line:286] one_slot INFO Fast block at Node 10 for Epoch sidAFAST0 and Slot 8 has delay, TPS and TXs: 0.6368677616119385, 10000 
2024-07-19 17:18:42,564 superfastpath.py [line:288] one_slot INFO AVG TPS: 15002, running time 0.666551, weighted delay: 0.636868 
2024-07-19 17:18:42,564 superfastpath.py [line:293] one_slot INFO output block for slot 8 taking 0.666555 sec 
2024-07-19 17:18:42,564 superfastpath.py [line:297] one_slot INFO Leaving slot 9 
2024-07-19 17:18:42,564 superfastpath.py [line:223] one_slot INFO Entering slot 10 
2024-07-19 17:18:42,804 superfastpath.py [line:239] one_slot INFO pending block 10 in 0.239626 
2024-07-19 17:18:42,806 superfastpath.py [line:248] one_slot INFO 2pending block 10 in 0.241727 
2024-07-19 17:18:42,849 superfastpath.py [line:266] one_slot INFO read pending block 10 in 0.285078 
2024-07-19 17:18:42,849 superfastpath.py [line:275] one_slot INFO 3pending block 10 in 0.285218 
2024-07-19 17:18:42,849 superfastpath.py [line:279] one_slot INFO delay block 9 in 0.673616 
2024-07-19 17:18:42,861 superfastpath.py [line:286] one_slot INFO Fast block at Node 10 for Epoch sidAFAST0 and Slot 9 has delay, TPS and TXs: 0.6736161708831787, 20000 
2024-07-19 17:18:42,861 superfastpath.py [line:288] one_slot INFO AVG TPS: 20748, running time 0.963905, weighted delay: 0.655242 
2024-07-19 17:18:42,861 superfastpath.py [line:293] one_slot INFO output block for slot 9 taking 0.685393 sec 
2024-07-19 17:18:42,861 superfastpath.py [line:297] one_slot INFO Leaving slot 10 
2024-07-19 17:18:42,861 superfastpath.py [line:223] one_slot INFO Entering slot 11 
2024-07-19 17:18:43,044 superfastpath.py [line:239] one_slot INFO pending block 11 in 0.182688 
2024-07-19 17:18:43,044 superfastpath.py [line:248] one_slot INFO 2pending block 11 in 0.182861 
2024-07-19 17:18:43,079 superfastpath.py [line:266] one_slot INFO read pending block 11 in 0.217077 
2024-07-19 17:18:43,079 superfastpath.py [line:275] one_slot INFO 3pending block 11 in 0.217389 
2024-07-19 17:18:43,079 superfastpath.py [line:279] one_slot INFO delay block 10 in 0.514809 
2024-07-19 17:18:43,104 superfastpath.py [line:286] one_slot INFO Fast block at Node 10 for Epoch sidAFAST0 and Slot 10 has delay, TPS and TXs: 0.5148086547851562, 30000 
2024-07-19 17:18:43,104 superfastpath.py [line:288] one_slot INFO AVG TPS: 24849, running time 1.207261, weighted delay: 0.608431 
2024-07-19 17:18:43,104 superfastpath.py [line:293] one_slot INFO output block for slot 10 taking 0.540445 sec 
2024-07-19 17:18:43,105 superfastpath.py [line:297] one_slot INFO Leaving slot 11 
2024-07-19 17:18:43,105 superfastpath.py [line:223] one_slot INFO Entering slot 12 
2024-07-19 17:18:43,423 superfastpath.py [line:239] one_slot INFO pending block 12 in 0.317961 
2024-07-19 17:18:43,425 superfastpath.py [line:248] one_slot INFO 2pending block 12 in 0.319781 
2024-07-19 17:18:43,453 superfastpath.py [line:266] one_slot INFO read pending block 12 in 0.347983 
2024-07-19 17:18:43,453 superfastpath.py [line:275] one_slot INFO 3pending block 12 in 0.348489 
2024-07-19 17:18:43,454 superfastpath.py [line:279] one_slot INFO delay block 11 in 0.592231 
2024-07-19 17:18:43,470 superfastpath.py [line:286] one_slot INFO Fast block at Node 10 for Epoch sidAFAST0 and Slot 11 has delay, TPS and TXs: 0.592231035232544, 40000 
2024-07-19 17:18:43,470 superfastpath.py [line:288] one_slot INFO AVG TPS: 25426, running time 1.573148, weighted delay: 0.604381 
2024-07-19 17:18:43,471 superfastpath.py [line:293] one_slot INFO output block for slot 11 taking 0.609311 sec 
2024-07-19 17:18:43,471 superfastpath.py [line:297] one_slot INFO Leaving slot 12 
2024-07-19 17:18:43,471 superfastpath.py [line:223] one_slot INFO Entering slot 13 
2024-07-19 17:18:43,749 superfastpath.py [line:239] one_slot INFO pending block 13 in 0.277781 
2024-07-19 17:18:43,763 superfastpath.py [line:248] one_slot INFO 2pending block 13 in 0.291593 
2024-07-19 17:18:43,796 superfastpath.py [line:266] one_slot INFO read pending block 13 in 0.324939 
2024-07-19 17:18:43,796 superfastpath.py [line:275] one_slot INFO 3pending block 13 in 0.325100 
2024-07-19 17:18:43,796 superfastpath.py [line:279] one_slot INFO delay block 12 in 0.691338 
2024-07-19 17:18:43,819 superfastpath.py [line:286] one_slot INFO Fast block at Node 10 for Epoch sidAFAST0 and Slot 12 has delay, TPS and TXs: 0.691338062286377, 50000 
2024-07-19 17:18:43,819 superfastpath.py [line:288] one_slot INFO AVG TPS: 26016, running time 1.921861, weighted delay: 0.621772 
2024-07-19 17:18:43,819 superfastpath.py [line:293] one_slot INFO output block for slot 12 taking 0.714334 sec 
2024-07-19 17:18:43,819 superfastpath.py [line:297] one_slot INFO Leaving slot 13 
2024-07-19 17:18:43,819 superfastpath.py [line:223] one_slot INFO Entering slot 14 
2024-07-19 17:18:44,069 superfastpath.py [line:239] one_slot INFO pending block 14 in 0.250074 
2024-07-19 17:18:44,070 superfastpath.py [line:248] one_slot INFO 2pending block 14 in 0.250840 
2024-07-19 17:18:44,105 superfastpath.py [line:266] one_slot INFO read pending block 14 in 0.285356 
2024-07-19 17:18:44,105 superfastpath.py [line:275] one_slot INFO 3pending block 14 in 0.285501 
2024-07-19 17:18:44,105 superfastpath.py [line:279] one_slot INFO delay block 13 in 0.634012 
2024-07-19 17:18:44,133 superfastpath.py [line:286] one_slot INFO Fast block at Node 10 for Epoch sidAFAST0 and Slot 13 has delay, TPS and TXs: 0.6340122222900391, 60000 
2024-07-19 17:18:44,133 superfastpath.py [line:288] one_slot INFO AVG TPS: 26829, running time 2.236312, weighted delay: 0.623812 
2024-07-19 17:18:44,134 superfastpath.py [line:293] one_slot INFO output block for slot 13 taking 0.662655 sec 
2024-07-19 17:18:44,134 superfastpath.py [line:297] one_slot INFO Leaving slot 14 
2024-07-19 17:18:44,134 superfastpath.py [line:223] one_slot INFO Entering slot 15 
2024-07-19 17:18:44,377 superfastpath.py [line:239] one_slot INFO pending block 15 in 0.243366 
2024-07-19 17:18:44,378 superfastpath.py [line:248] one_slot INFO 2pending block 15 in 0.243734 
2024-07-19 17:18:44,411 superfastpath.py [line:266] one_slot INFO read pending block 15 in 0.277043 
2024-07-19 17:18:44,411 superfastpath.py [line:275] one_slot INFO 3pending block 15 in 0.277443 
2024-07-19 17:18:44,411 superfastpath.py [line:279] one_slot INFO delay block 14 in 0.592007 
2024-07-19 17:18:44,434 superfastpath.py [line:286] one_slot INFO Fast block at Node 10 for Epoch sidAFAST0 and Slot 14 has delay, TPS and TXs: 0.5920071601867676, 70000 
2024-07-19 17:18:44,435 superfastpath.py [line:288] one_slot INFO AVG TPS: 27587, running time 2.537398, weighted delay: 0.619269 
2024-07-19 17:18:44,435 superfastpath.py [line:293] one_slot INFO output block for slot 14 taking 0.615597 sec 
2024-07-19 17:18:44,435 superfastpath.py [line:297] one_slot INFO Leaving slot 15 
2024-07-19 17:18:44,435 superfastpath.py [line:223] one_slot INFO Entering slot 16 
2024-07-19 17:18:44,503 superfastpath.py [line:239] one_slot INFO pending block 16 in 0.067684 
2024-07-19 17:18:44,518 superfastpath.py [line:248] one_slot INFO 2pending block 16 in 0.082393 
2024-07-19 17:18:44,518 superfastpath.py [line:266] one_slot INFO read pending block 16 in 0.082563 
2024-07-19 17:18:44,518 superfastpath.py [line:275] one_slot INFO 3pending block 16 in 0.082648 
2024-07-19 17:18:44,518 superfastpath.py [line:279] one_slot INFO delay block 15 in 0.384053 
2024-07-19 17:18:44,554 superfastpath.py [line:286] one_slot INFO Fast block at Node 10 for Epoch sidAFAST0 and Slot 15 has delay, TPS and TXs: 0.38405299186706543, 80000 
2024-07-19 17:18:44,554 superfastpath.py [line:288] one_slot INFO AVG TPS: 30108, running time 2.657097, weighted delay: 0.589867 
2024-07-19 17:18:44,554 superfastpath.py [line:293] one_slot INFO output block for slot 15 taking 0.420488 sec 
2024-07-19 17:18:44,554 superfastpath.py [line:297] one_slot INFO Leaving slot 16 
2024-07-19 17:18:44,554 superfastpath.py [line:362] sufastpath INFO Leaves fastpath at 17 slot 
2024-07-19 17:18:44,555 Superfast.py [line:308] wait_for_fastpath INFO Fastpath of epoch 0 completed 
2024-07-19 17:18:44,555 Superfast.py [line:337] _run_epoch INFO Fastpath tps: 30105 
2024-07-21 16:27:56,335 sufp_node.py [line:79] run INFO node 10's starts to run consensus on process id 25922 
2024-07-21 16:27:56,335 sufp_node.py [line:80] run INFO parameters: N=16, f=5, S=15, T=5, fast-batch=10000, acs-batch=62, K=1, O=0 
2024-07-21 16:27:56,335 sufp_node.py [line:62] prepare_bootstrap INFO node id 10 is inserting dummy payload TXs 
2024-07-21 16:27:56,336 sufp_node.py [line:70] prepare_bootstrap INFO node id 10 just inserts 50000 TXs 
2024-07-21 16:27:56,336 sufp_node.py [line:70] prepare_bootstrap INFO node id 10 just inserts 50000 TXs 
2024-07-21 16:27:56,336 sufp_node.py [line:74] prepare_bootstrap INFO node id 10 completed the loading of dummy TXs 
2024-07-21 16:27:56,336 Superfast.py [line:178] run_bft INFO Node 10 starts to run at time:1721550476.3365054 
2024-07-21 16:27:56,336 Superfast.py [line:231] _run_epoch INFO Node enters epoch 0 
2024-07-21 16:27:56,337 superfastpath.py [line:43] sufastpath INFO Entering fast path 
2024-07-21 16:27:56,337 superfastpath.py [line:230] one_slot INFO Entering slot 1 
2024-07-21 16:27:57,001 superfastpath.py [line:246] one_slot INFO pending block 1 in 0.663502 
2024-07-21 16:27:57,001 superfastpath.py [line:255] one_slot INFO 2pending block 1 in 0.664098 
2024-07-21 16:27:57,038 superfastpath.py [line:273] one_slot INFO read pending block 1 in 0.700424 
2024-07-21 16:27:57,038 superfastpath.py [line:304] one_slot INFO Leaving slot 1 
2024-07-21 16:27:57,038 superfastpath.py [line:230] one_slot INFO Entering slot 2 
2024-07-21 16:27:57,327 superfastpath.py [line:246] one_slot INFO pending block 2 in 0.288095 
2024-07-21 16:27:57,327 superfastpath.py [line:255] one_slot INFO 2pending block 2 in 0.288301 
2024-07-21 16:27:57,377 superfastpath.py [line:273] one_slot INFO read pending block 2 in 0.338575 
2024-07-21 16:27:57,382 superfastpath.py [line:304] one_slot INFO Leaving slot 2 
2024-07-21 16:27:57,382 superfastpath.py [line:230] one_slot INFO Entering slot 3 
2024-07-21 16:27:57,548 superfastpath.py [line:246] one_slot INFO pending block 3 in 0.165287 
2024-07-21 16:27:57,548 superfastpath.py [line:255] one_slot INFO 2pending block 3 in 0.165687 
2024-07-21 16:27:57,575 superfastpath.py [line:273] one_slot INFO read pending block 3 in 0.192118 
2024-07-21 16:27:57,575 superfastpath.py [line:304] one_slot INFO Leaving slot 3 
2024-07-21 16:27:57,575 superfastpath.py [line:230] one_slot INFO Entering slot 4 
2024-07-21 16:27:58,302 superfastpath.py [line:246] one_slot INFO pending block 4 in 0.726686 
2024-07-21 16:27:58,302 superfastpath.py [line:255] one_slot INFO 2pending block 4 in 0.727375 
2024-07-21 16:27:58,321 superfastpath.py [line:273] one_slot INFO read pending block 4 in 0.745961 
2024-07-21 16:27:58,321 superfastpath.py [line:304] one_slot INFO Leaving slot 4 
2024-07-21 16:27:58,321 superfastpath.py [line:230] one_slot INFO Entering slot 5 
2024-07-21 16:27:59,026 superfastpath.py [line:246] one_slot INFO pending block 5 in 0.704942 
2024-07-21 16:27:59,027 superfastpath.py [line:255] one_slot INFO 2pending block 5 in 0.705372 
2024-07-21 16:27:59,044 superfastpath.py [line:273] one_slot INFO read pending block 5 in 0.722841 
2024-07-21 16:27:59,044 superfastpath.py [line:304] one_slot INFO Leaving slot 5 
2024-07-21 16:27:59,045 superfastpath.py [line:230] one_slot INFO Entering slot 6 
2024-07-21 16:27:59,740 superfastpath.py [line:246] one_slot INFO pending block 6 in 0.695299 
2024-07-21 16:27:59,740 superfastpath.py [line:255] one_slot INFO 2pending block 6 in 0.695600 
2024-07-21 16:27:59,757 superfastpath.py [line:273] one_slot INFO read pending block 6 in 0.712148 
2024-07-21 16:27:59,757 superfastpath.py [line:304] one_slot INFO Leaving slot 6 
2024-07-21 16:27:59,757 superfastpath.py [line:230] one_slot INFO Entering slot 7 
2024-07-21 16:28:00,401 superfastpath.py [line:246] one_slot INFO pending block 7 in 0.643996 
2024-07-21 16:28:00,402 superfastpath.py [line:255] one_slot INFO 2pending block 7 in 0.644247 
2024-07-21 16:28:00,415 superfastpath.py [line:273] one_slot INFO read pending block 7 in 0.657683 
2024-07-21 16:28:00,415 superfastpath.py [line:304] one_slot INFO Leaving slot 7 
2024-07-21 16:28:00,416 superfastpath.py [line:230] one_slot INFO Entering slot 8 
2024-07-21 16:28:01,061 superfastpath.py [line:246] one_slot INFO pending block 8 in 0.644848 
2024-07-21 16:28:01,062 superfastpath.py [line:255] one_slot INFO 2pending block 8 in 0.645788 
2024-07-21 16:28:01,080 superfastpath.py [line:273] one_slot INFO read pending block 8 in 0.663539 
2024-07-21 16:28:01,080 superfastpath.py [line:304] one_slot INFO Leaving slot 8 
2024-07-21 16:28:01,081 superfastpath.py [line:230] one_slot INFO Entering slot 9 
2024-07-21 16:28:01,676 superfastpath.py [line:246] one_slot INFO pending block 9 in 0.594946 
2024-07-21 16:28:01,676 superfastpath.py [line:255] one_slot INFO 2pending block 9 in 0.595456 
2024-07-21 16:28:01,691 superfastpath.py [line:273] one_slot INFO read pending block 9 in 0.610344 
2024-07-21 16:28:01,691 superfastpath.py [line:282] one_slot INFO 3pending block 9 in 0.610642 
2024-07-21 16:28:01,691 superfastpath.py [line:286] one_slot INFO delay block 8 in 1.274861 
2024-07-21 16:28:01,706 superfastpath.py [line:293] one_slot INFO Fast block at Node 10 for Epoch sidAFAST0 and Slot 8 has delay, TPS and TXs: 1.2748613357543945, 10000 
2024-07-21 16:28:01,706 superfastpath.py [line:295] one_slot INFO AVG TPS: 7751, running time 1.290062, weighted delay: 1.274861 
2024-07-21 16:28:01,706 superfastpath.py [line:300] one_slot INFO output block for slot 8 taking 1.289252 sec 
2024-07-21 16:28:01,706 superfastpath.py [line:304] one_slot INFO Leaving slot 9 
2024-07-21 16:28:01,706 superfastpath.py [line:230] one_slot INFO Entering slot 10 
2024-07-21 16:28:02,447 superfastpath.py [line:246] one_slot INFO pending block 10 in 0.741378 
2024-07-21 16:28:02,448 superfastpath.py [line:255] one_slot INFO 2pending block 10 in 0.741733 
2024-07-21 16:28:02,464 superfastpath.py [line:273] one_slot INFO read pending block 10 in 0.757393 
2024-07-21 16:28:02,464 superfastpath.py [line:282] one_slot INFO 3pending block 10 in 0.757663 
2024-07-21 16:28:02,464 superfastpath.py [line:286] one_slot INFO delay block 9 in 1.383232 
2024-07-21 16:28:02,494 superfastpath.py [line:293] one_slot INFO Fast block at Node 10 for Epoch sidAFAST0 and Slot 9 has delay, TPS and TXs: 1.3832318782806396, 20000 
2024-07-21 16:28:02,494 superfastpath.py [line:295] one_slot INFO AVG TPS: 9622, running time 2.078359, weighted delay: 1.329047 
2024-07-21 16:28:02,494 superfastpath.py [line:300] one_slot INFO output block for slot 9 taking 1.413595 sec 
2024-07-21 16:28:02,494 superfastpath.py [line:304] one_slot INFO Leaving slot 10 
2024-07-21 16:28:02,495 superfastpath.py [line:230] one_slot INFO Entering slot 11 
2024-07-21 16:28:03,134 superfastpath.py [line:246] one_slot INFO pending block 11 in 0.639458 
2024-07-21 16:28:03,134 superfastpath.py [line:255] one_slot INFO 2pending block 11 in 0.639756 
2024-07-21 16:28:03,151 superfastpath.py [line:273] one_slot INFO read pending block 11 in 0.656026 
2024-07-21 16:28:03,151 superfastpath.py [line:282] one_slot INFO 3pending block 11 in 0.656228 
2024-07-21 16:28:03,151 superfastpath.py [line:286] one_slot INFO delay block 10 in 1.444921 
2024-07-21 16:28:03,185 superfastpath.py [line:293] one_slot INFO Fast block at Node 10 for Epoch sidAFAST0 and Slot 10 has delay, TPS and TXs: 1.4449207782745361, 30000 
2024-07-21 16:28:03,185 superfastpath.py [line:295] one_slot INFO AVG TPS: 10832, running time 2.769425, weighted delay: 1.367671 
2024-07-21 16:28:03,185 superfastpath.py [line:300] one_slot INFO output block for slot 10 taking 1.479117 sec 
2024-07-21 16:28:03,185 superfastpath.py [line:304] one_slot INFO Leaving slot 11 
2024-07-21 16:28:03,185 superfastpath.py [line:230] one_slot INFO Entering slot 12 
2024-07-21 16:28:03,834 superfastpath.py [line:246] one_slot INFO pending block 12 in 0.648017 
2024-07-21 16:28:03,834 superfastpath.py [line:255] one_slot INFO 2pending block 12 in 0.648552 
2024-07-21 16:28:03,848 superfastpath.py [line:273] one_slot INFO read pending block 12 in 0.662582 
2024-07-21 16:28:03,848 superfastpath.py [line:282] one_slot INFO 3pending block 12 in 0.662791 
2024-07-21 16:28:03,848 superfastpath.py [line:286] one_slot INFO delay block 11 in 1.353756 
2024-07-21 16:28:03,864 superfastpath.py [line:293] one_slot INFO Fast block at Node 10 for Epoch sidAFAST0 and Slot 11 has delay, TPS and TXs: 1.3537557125091553, 40000 
2024-07-21 16:28:03,865 superfastpath.py [line:295] one_slot INFO AVG TPS: 11598, running time 3.448869, weighted delay: 1.364192 
2024-07-21 16:28:03,865 superfastpath.py [line:300] one_slot INFO output block for slot 11 taking 1.369986 sec 
2024-07-21 16:28:03,865 superfastpath.py [line:304] one_slot INFO Leaving slot 12 
2024-07-21 16:28:03,865 superfastpath.py [line:230] one_slot INFO Entering slot 13 
2024-07-21 16:28:04,558 superfastpath.py [line:246] one_slot INFO pending block 13 in 0.693291 
2024-07-21 16:28:04,559 superfastpath.py [line:255] one_slot INFO 2pending block 13 in 0.693778 
2024-07-21 16:28:04,573 superfastpath.py [line:273] one_slot INFO read pending block 13 in 0.708342 
2024-07-21 16:28:04,574 superfastpath.py [line:282] one_slot INFO 3pending block 13 in 0.708594 
2024-07-21 16:28:04,574 superfastpath.py [line:286] one_slot INFO delay block 12 in 1.388160 
2024-07-21 16:28:04,590 superfastpath.py [line:293] one_slot INFO Fast block at Node 10 for Epoch sidAFAST0 and Slot 12 has delay, TPS and TXs: 1.388159990310669, 50000 
2024-07-21 16:28:04,591 superfastpath.py [line:295] one_slot INFO AVG TPS: 11976, running time 4.174938, weighted delay: 1.368986 
2024-07-21 16:28:04,591 superfastpath.py [line:300] one_slot INFO output block for slot 12 taking 1.405163 sec 
2024-07-21 16:28:04,591 superfastpath.py [line:304] one_slot INFO Leaving slot 13 
2024-07-21 16:28:04,591 superfastpath.py [line:230] one_slot INFO Entering slot 14 
2024-07-21 16:28:05,284 superfastpath.py [line:246] one_slot INFO pending block 14 in 0.692562 
2024-07-21 16:28:05,284 superfastpath.py [line:255] one_slot INFO 2pending block 14 in 0.692866 
2024-07-21 16:28:05,317 superfastpath.py [line:273] one_slot INFO read pending block 14 in 0.726161 
2024-07-21 16:28:05,317 superfastpath.py [line:282] one_slot INFO 3pending block 14 in 0.726393 
2024-07-21 16:28:05,318 superfastpath.py [line:286] one_slot INFO delay block 13 in 1.452523 
2024-07-21 16:28:05,340 superfastpath.py [line:293] one_slot INFO Fast block at Node 10 for Epoch sidAFAST0 and Slot 13 has delay, TPS and TXs: 1.4525232315063477, 60000 
2024-07-21 16:28:05,340 superfastpath.py [line:295] one_slot INFO AVG TPS: 12184, running time 4.924489, weighted delay: 1.382909 
2024-07-21 16:28:05,340 superfastpath.py [line:300] one_slot INFO output block for slot 13 taking 1.475320 sec 
2024-07-21 16:28:05,340 superfastpath.py [line:304] one_slot INFO Leaving slot 14 
2024-07-21 16:28:05,341 superfastpath.py [line:230] one_slot INFO Entering slot 15 
2024-07-21 16:28:06,005 superfastpath.py [line:246] one_slot INFO pending block 15 in 0.664227 
2024-07-21 16:28:06,005 superfastpath.py [line:255] one_slot INFO 2pending block 15 in 0.664449 
2024-07-21 16:28:06,021 superfastpath.py [line:273] one_slot INFO read pending block 15 in 0.680542 
2024-07-21 16:28:06,022 superfastpath.py [line:282] one_slot INFO 3pending block 15 in 0.680818 
2024-07-21 16:28:06,022 superfastpath.py [line:286] one_slot INFO delay block 14 in 1.430809 
2024-07-21 16:28:06,039 superfastpath.py [line:293] one_slot INFO Fast block at Node 10 for Epoch sidAFAST0 and Slot 14 has delay, TPS and TXs: 1.430809497833252, 70000 
2024-07-21 16:28:06,040 superfastpath.py [line:295] one_slot INFO AVG TPS: 12446, running time 5.624021, weighted delay: 1.389752 
2024-07-21 16:28:06,040 superfastpath.py [line:300] one_slot INFO output block for slot 14 taking 1.448762 sec 
2024-07-21 16:28:06,040 superfastpath.py [line:304] one_slot INFO Leaving slot 15 
2024-07-21 16:28:06,040 superfastpath.py [line:230] one_slot INFO Entering slot 16 
2024-07-21 16:28:06,571 superfastpath.py [line:246] one_slot INFO pending block 16 in 0.530376 
2024-07-21 16:28:06,571 superfastpath.py [line:255] one_slot INFO 2pending block 16 in 0.530550 
2024-07-21 16:28:06,571 superfastpath.py [line:273] one_slot INFO read pending block 16 in 0.530669 
2024-07-21 16:28:06,571 superfastpath.py [line:282] one_slot INFO 3pending block 16 in 0.530746 
2024-07-21 16:28:06,571 superfastpath.py [line:286] one_slot INFO delay block 15 in 1.230098 
2024-07-21 16:28:06,611 superfastpath.py [line:293] one_slot INFO Fast block at Node 10 for Epoch sidAFAST0 and Slot 15 has delay, TPS and TXs: 1.230097770690918, 80000 
2024-07-21 16:28:06,612 superfastpath.py [line:295] one_slot INFO AVG TPS: 12911, running time 6.196020, weighted delay: 1.369795 
2024-07-21 16:28:06,613 superfastpath.py [line:300] one_slot INFO output block for slot 15 taking 1.271656 sec 
2024-07-21 16:28:06,613 superfastpath.py [line:304] one_slot INFO Leaving slot 16 
2024-07-21 16:28:06,613 superfastpath.py [line:369] sufastpath INFO Leaves fastpath at 17 slot 
2024-07-21 16:28:06,614 Superfast.py [line:308] wait_for_fastpath INFO Fastpath of epoch 0 completed 
2024-07-21 16:28:06,614 Superfast.py [line:337] _run_epoch INFO Fastpath tps: 12909 
2024-07-21 16:28:11,630 Superfast.py [line:208] run_bft INFO node 10 breaks in 15.293825 seconds in epoch 0 with total delivered Txs 0 and average delay 0.000000 
2024-07-21 16:30:06,115 sufp_node.py [line:79] run INFO node 10's starts to run consensus on process id 26250 
2024-07-21 16:30:06,115 sufp_node.py [line:80] run INFO parameters: N=16, f=5, S=15, T=5, fast-batch=10000, acs-batch=62, K=1, O=0 
2024-07-21 16:30:06,115 sufp_node.py [line:62] prepare_bootstrap INFO node id 10 is inserting dummy payload TXs 
2024-07-21 16:30:06,116 sufp_node.py [line:70] prepare_bootstrap INFO node id 10 just inserts 50000 TXs 
2024-07-21 16:30:06,116 sufp_node.py [line:70] prepare_bootstrap INFO node id 10 just inserts 50000 TXs 
2024-07-21 16:30:06,116 sufp_node.py [line:74] prepare_bootstrap INFO node id 10 completed the loading of dummy TXs 
2024-07-21 16:30:06,116 Superfast.py [line:178] run_bft INFO Node 10 starts to run at time:1721550606.1169553 
2024-07-21 16:30:06,117 Superfast.py [line:231] _run_epoch INFO Node enters epoch 0 
2024-07-21 16:30:06,118 superfastpath.py [line:43] sufastpath INFO Entering fast path 
2024-07-21 16:30:06,118 superfastpath.py [line:230] one_slot INFO Entering slot 1 
2024-07-21 16:30:06,790 superfastpath.py [line:246] one_slot INFO pending block 1 in 0.672194 
2024-07-21 16:30:06,791 superfastpath.py [line:255] one_slot INFO 2pending block 1 in 0.673113 
2024-07-21 16:30:06,806 superfastpath.py [line:273] one_slot INFO read pending block 1 in 0.687942 
2024-07-21 16:30:06,806 superfastpath.py [line:304] one_slot INFO Leaving slot 1 
2024-07-21 16:30:06,806 superfastpath.py [line:230] one_slot INFO Entering slot 2 
2024-07-21 16:30:07,030 superfastpath.py [line:246] one_slot INFO pending block 2 in 0.223484 
2024-07-21 16:30:07,031 superfastpath.py [line:255] one_slot INFO 2pending block 2 in 0.224416 
2024-07-21 16:30:07,069 superfastpath.py [line:273] one_slot INFO read pending block 2 in 0.262377 
2024-07-21 16:30:07,069 superfastpath.py [line:304] one_slot INFO Leaving slot 2 
2024-07-21 16:30:07,069 superfastpath.py [line:230] one_slot INFO Entering slot 3 
2024-07-21 16:30:07,409 superfastpath.py [line:246] one_slot INFO pending block 3 in 0.339937 
2024-07-21 16:30:07,410 superfastpath.py [line:255] one_slot INFO 2pending block 3 in 0.340372 
2024-07-21 16:30:07,425 superfastpath.py [line:273] one_slot INFO read pending block 3 in 0.355239 
2024-07-21 16:30:07,425 superfastpath.py [line:304] one_slot INFO Leaving slot 3 
2024-07-21 16:30:07,425 superfastpath.py [line:230] one_slot INFO Entering slot 4 
2024-07-21 16:30:08,176 superfastpath.py [line:246] one_slot INFO pending block 4 in 0.750347 
2024-07-21 16:30:08,176 superfastpath.py [line:255] one_slot INFO 2pending block 4 in 0.750646 
2024-07-21 16:30:08,204 superfastpath.py [line:273] one_slot INFO read pending block 4 in 0.779067 
2024-07-21 16:30:08,205 superfastpath.py [line:304] one_slot INFO Leaving slot 4 
2024-07-21 16:30:08,205 superfastpath.py [line:230] one_slot INFO Entering slot 5 
2024-07-21 16:30:08,882 superfastpath.py [line:246] one_slot INFO pending block 5 in 0.676548 
2024-07-21 16:30:08,882 superfastpath.py [line:255] one_slot INFO 2pending block 5 in 0.676768 
2024-07-21 16:30:08,897 superfastpath.py [line:273] one_slot INFO read pending block 5 in 0.691687 
2024-07-21 16:30:08,897 superfastpath.py [line:304] one_slot INFO Leaving slot 5 
2024-07-21 16:30:08,898 superfastpath.py [line:230] one_slot INFO Entering slot 6 
2024-07-21 16:30:09,564 superfastpath.py [line:246] one_slot INFO pending block 6 in 0.666008 
2024-07-21 16:30:09,564 superfastpath.py [line:255] one_slot INFO 2pending block 6 in 0.666485 
2024-07-21 16:30:09,578 superfastpath.py [line:273] one_slot INFO read pending block 6 in 0.680039 
2024-07-21 16:30:09,578 superfastpath.py [line:304] one_slot INFO Leaving slot 6 
2024-07-21 16:30:09,578 superfastpath.py [line:230] one_slot INFO Entering slot 7 
2024-07-21 16:30:10,303 superfastpath.py [line:246] one_slot INFO pending block 7 in 0.724375 
2024-07-21 16:30:10,303 superfastpath.py [line:255] one_slot INFO 2pending block 7 in 0.724694 
2024-07-21 16:30:10,318 superfastpath.py [line:273] one_slot INFO read pending block 7 in 0.739299 
2024-07-21 16:30:10,318 superfastpath.py [line:304] one_slot INFO Leaving slot 7 
2024-07-21 16:30:10,318 superfastpath.py [line:230] one_slot INFO Entering slot 8 
2024-07-21 16:30:10,979 superfastpath.py [line:246] one_slot INFO pending block 8 in 0.660459 
2024-07-21 16:30:10,979 superfastpath.py [line:255] one_slot INFO 2pending block 8 in 0.660755 
2024-07-21 16:30:10,997 superfastpath.py [line:273] one_slot INFO read pending block 8 in 0.678854 
2024-07-21 16:30:10,998 superfastpath.py [line:304] one_slot INFO Leaving slot 8 
2024-07-21 16:30:10,998 superfastpath.py [line:230] one_slot INFO Entering slot 9 
2024-07-21 16:30:11,724 superfastpath.py [line:246] one_slot INFO pending block 9 in 0.725427 
2024-07-21 16:30:11,724 superfastpath.py [line:255] one_slot INFO 2pending block 9 in 0.725706 
2024-07-21 16:30:11,740 superfastpath.py [line:273] one_slot INFO read pending block 9 in 0.741369 
2024-07-21 16:30:11,740 superfastpath.py [line:282] one_slot INFO 3pending block 9 in 0.741550 
2024-07-21 16:30:11,740 superfastpath.py [line:286] one_slot INFO delay block 8 in 1.421463 
2024-07-21 16:30:11,754 superfastpath.py [line:293] one_slot INFO Fast block at Node 10 for Epoch sidAFAST0 and Slot 8 has delay, TPS and TXs: 1.4214625358581543, 10000 
2024-07-21 16:30:11,754 superfastpath.py [line:295] one_slot INFO AVG TPS: 6964, running time 1.435949, weighted delay: 1.421463 
2024-07-21 16:30:11,754 superfastpath.py [line:300] one_slot INFO output block for slot 8 taking 1.435909 sec 
2024-07-21 16:30:11,754 superfastpath.py [line:304] one_slot INFO Leaving slot 9 
2024-07-21 16:30:11,755 superfastpath.py [line:230] one_slot INFO Entering slot 10 
2024-07-21 16:30:12,432 superfastpath.py [line:246] one_slot INFO pending block 10 in 0.677371 
2024-07-21 16:30:12,432 superfastpath.py [line:255] one_slot INFO 2pending block 10 in 0.677640 
2024-07-21 16:30:12,446 superfastpath.py [line:273] one_slot INFO read pending block 10 in 0.691766 
2024-07-21 16:30:12,447 superfastpath.py [line:282] one_slot INFO 3pending block 10 in 0.691976 
2024-07-21 16:30:12,447 superfastpath.py [line:286] one_slot INFO delay block 9 in 1.448583 
2024-07-21 16:30:12,466 superfastpath.py [line:293] one_slot INFO Fast block at Node 10 for Epoch sidAFAST0 and Slot 9 has delay, TPS and TXs: 1.4485831260681152, 20000 
2024-07-21 16:30:12,466 superfastpath.py [line:295] one_slot INFO AVG TPS: 9310, running time 2.148078, weighted delay: 1.435023 
2024-07-21 16:30:12,466 superfastpath.py [line:300] one_slot INFO output block for slot 9 taking 1.468215 sec 
2024-07-21 16:30:12,466 superfastpath.py [line:304] one_slot INFO Leaving slot 10 
2024-07-21 16:30:12,467 superfastpath.py [line:230] one_slot INFO Entering slot 11 
2024-07-21 16:30:13,185 superfastpath.py [line:246] one_slot INFO pending block 11 in 0.718614 
2024-07-21 16:30:13,195 superfastpath.py [line:255] one_slot INFO 2pending block 11 in 0.728474 
2024-07-21 16:30:13,216 superfastpath.py [line:273] one_slot INFO read pending block 11 in 0.748956 
2024-07-21 16:30:13,216 superfastpath.py [line:282] one_slot INFO 3pending block 11 in 0.749147 
2024-07-21 16:30:13,216 superfastpath.py [line:286] one_slot INFO delay block 10 in 1.461203 
2024-07-21 16:30:13,230 superfastpath.py [line:293] one_slot INFO Fast block at Node 10 for Epoch sidAFAST0 and Slot 10 has delay, TPS and TXs: 1.46120285987854, 30000 
2024-07-21 16:30:13,230 superfastpath.py [line:295] one_slot INFO AVG TPS: 10302, running time 2.911996, weighted delay: 1.443750 
2024-07-21 16:30:13,230 superfastpath.py [line:300] one_slot INFO output block for slot 10 taking 1.475656 sec 
2024-07-21 16:30:13,230 superfastpath.py [line:304] one_slot INFO Leaving slot 11 
2024-07-21 16:30:13,231 superfastpath.py [line:230] one_slot INFO Entering slot 12 
2024-07-21 16:30:13,921 superfastpath.py [line:246] one_slot INFO pending block 12 in 0.689852 
2024-07-21 16:30:13,921 superfastpath.py [line:255] one_slot INFO 2pending block 12 in 0.690259 
2024-07-21 16:30:13,937 superfastpath.py [line:273] one_slot INFO read pending block 12 in 0.706785 
2024-07-21 16:30:13,938 superfastpath.py [line:282] one_slot INFO 3pending block 12 in 0.706968 
2024-07-21 16:30:13,938 superfastpath.py [line:286] one_slot INFO delay block 11 in 1.471023 
2024-07-21 16:30:13,955 superfastpath.py [line:293] one_slot INFO Fast block at Node 10 for Epoch sidAFAST0 and Slot 11 has delay, TPS and TXs: 1.4710230827331543, 40000 
2024-07-21 16:30:13,955 superfastpath.py [line:295] one_slot INFO AVG TPS: 10997, running time 3.637161, weighted delay: 1.450568 
2024-07-21 16:30:13,956 superfastpath.py [line:300] one_slot INFO output block for slot 11 taking 1.489698 sec 
2024-07-21 16:30:13,957 superfastpath.py [line:304] one_slot INFO Leaving slot 12 
2024-07-21 16:30:13,957 superfastpath.py [line:230] one_slot INFO Entering slot 13 
2024-07-21 16:30:14,695 superfastpath.py [line:246] one_slot INFO pending block 13 in 0.738056 
2024-07-21 16:30:14,697 superfastpath.py [line:255] one_slot INFO 2pending block 13 in 0.739658 
2024-07-21 16:30:14,718 superfastpath.py [line:273] one_slot INFO read pending block 13 in 0.760881 
2024-07-21 16:30:14,718 superfastpath.py [line:282] one_slot INFO 3pending block 13 in 0.761114 
2024-07-21 16:30:14,718 superfastpath.py [line:286] one_slot INFO delay block 12 in 1.487734 
2024-07-21 16:30:14,736 superfastpath.py [line:293] one_slot INFO Fast block at Node 10 for Epoch sidAFAST0 and Slot 12 has delay, TPS and TXs: 1.487734317779541, 50000 
2024-07-21 16:30:14,737 superfastpath.py [line:295] one_slot INFO AVG TPS: 11316, running time 4.418476, weighted delay: 1.458001 
2024-07-21 16:30:14,737 superfastpath.py [line:300] one_slot INFO output block for slot 12 taking 1.506391 sec 
2024-07-21 16:30:14,737 superfastpath.py [line:304] one_slot INFO Leaving slot 13 
2024-07-21 16:30:14,738 superfastpath.py [line:230] one_slot INFO Entering slot 14 
2024-07-21 16:30:15,455 superfastpath.py [line:246] one_slot INFO pending block 14 in 0.717261 
2024-07-21 16:30:15,458 superfastpath.py [line:255] one_slot INFO 2pending block 14 in 0.719826 
2024-07-21 16:30:15,476 superfastpath.py [line:273] one_slot INFO read pending block 14 in 0.738528 
2024-07-21 16:30:15,477 superfastpath.py [line:282] one_slot INFO 3pending block 14 in 0.738800 
2024-07-21 16:30:15,477 superfastpath.py [line:286] one_slot INFO delay block 13 in 1.519544 
2024-07-21 16:30:15,495 superfastpath.py [line:293] one_slot INFO Fast block at Node 10 for Epoch sidAFAST0 and Slot 13 has delay, TPS and TXs: 1.5195441246032715, 60000 
2024-07-21 16:30:15,495 superfastpath.py [line:295] one_slot INFO AVG TPS: 11589, running time 5.177229, weighted delay: 1.468258 
2024-07-21 16:30:15,496 superfastpath.py [line:300] one_slot INFO output block for slot 13 taking 1.538442 sec 
2024-07-21 16:30:15,496 superfastpath.py [line:304] one_slot INFO Leaving slot 14 
2024-07-21 16:30:15,496 superfastpath.py [line:230] one_slot INFO Entering slot 15 
2024-07-21 16:30:16,215 superfastpath.py [line:246] one_slot INFO pending block 15 in 0.718591 
2024-07-21 16:30:16,215 superfastpath.py [line:255] one_slot INFO 2pending block 15 in 0.718892 
2024-07-21 16:30:16,240 superfastpath.py [line:273] one_slot INFO read pending block 15 in 0.744144 
2024-07-21 16:30:16,258 superfastpath.py [line:282] one_slot INFO 3pending block 15 in 0.762188 
2024-07-21 16:30:16,258 superfastpath.py [line:286] one_slot INFO delay block 14 in 1.520545 
2024-07-21 16:30:16,275 superfastpath.py [line:293] one_slot INFO Fast block at Node 10 for Epoch sidAFAST0 and Slot 14 has delay, TPS and TXs: 1.520545482635498, 70000 
2024-07-21 16:30:16,276 superfastpath.py [line:295] one_slot INFO AVG TPS: 11749, running time 5.957463, weighted delay: 1.475728 
2024-07-21 16:30:16,276 superfastpath.py [line:300] one_slot INFO output block for slot 14 taking 1.538032 sec 
2024-07-21 16:30:16,276 superfastpath.py [line:304] one_slot INFO Leaving slot 15 
2024-07-21 16:30:16,276 superfastpath.py [line:230] one_slot INFO Entering slot 16 
2024-07-21 16:30:16,595 superfastpath.py [line:246] one_slot INFO pending block 16 in 0.318679 
2024-07-21 16:30:16,596 superfastpath.py [line:255] one_slot INFO 2pending block 16 in 0.319706 
2024-07-21 16:30:16,596 superfastpath.py [line:273] one_slot INFO read pending block 16 in 0.319986 
2024-07-21 16:30:16,596 superfastpath.py [line:282] one_slot INFO 3pending block 16 in 0.320115 
2024-07-21 16:30:16,596 superfastpath.py [line:286] one_slot INFO delay block 15 in 1.100289 
2024-07-21 16:30:16,668 superfastpath.py [line:293] one_slot INFO Fast block at Node 10 for Epoch sidAFAST0 and Slot 15 has delay, TPS and TXs: 1.1002888679504395, 80000 
2024-07-21 16:30:16,668 superfastpath.py [line:295] one_slot INFO AVG TPS: 12598, running time 6.350160, weighted delay: 1.428798 
2024-07-21 16:30:16,669 superfastpath.py [line:300] one_slot INFO output block for slot 15 taking 1.172522 sec 
2024-07-21 16:30:16,669 superfastpath.py [line:304] one_slot INFO Leaving slot 16 
2024-07-21 16:30:16,669 superfastpath.py [line:369] sufastpath INFO Leaves fastpath at 17 slot 
2024-07-21 16:30:16,674 Superfast.py [line:308] wait_for_fastpath INFO Fastpath of epoch 0 completed 
2024-07-21 16:30:16,674 Superfast.py [line:337] _run_epoch INFO Fastpath tps: 12597 
2024-07-21 16:32:37,635 sufp_node.py [line:79] run INFO node 10's starts to run consensus on process id 26511 
2024-07-21 16:32:37,635 sufp_node.py [line:80] run INFO parameters: N=16, f=5, S=15, T=5, fast-batch=10000, acs-batch=62, K=1, O=0 
2024-07-21 16:32:37,636 sufp_node.py [line:62] prepare_bootstrap INFO node id 10 is inserting dummy payload TXs 
2024-07-21 16:32:37,636 sufp_node.py [line:70] prepare_bootstrap INFO node id 10 just inserts 50000 TXs 
2024-07-21 16:32:37,637 sufp_node.py [line:70] prepare_bootstrap INFO node id 10 just inserts 50000 TXs 
2024-07-21 16:32:37,637 sufp_node.py [line:74] prepare_bootstrap INFO node id 10 completed the loading of dummy TXs 
2024-07-21 16:32:37,637 Superfast.py [line:178] run_bft INFO Node 10 starts to run at time:1721550757.6376 
2024-07-21 16:32:37,637 Superfast.py [line:231] _run_epoch INFO Node enters epoch 0 
2024-07-21 16:32:37,639 superfastpath.py [line:43] sufastpath INFO Entering fast path 
2024-07-21 16:32:37,639 superfastpath.py [line:230] one_slot INFO Entering slot 1 
2024-07-21 16:32:38,523 superfastpath.py [line:246] one_slot INFO pending block 1 in 0.883864 
2024-07-21 16:32:38,524 superfastpath.py [line:255] one_slot INFO 2pending block 1 in 0.884194 
2024-07-21 16:32:38,538 superfastpath.py [line:273] one_slot INFO read pending block 1 in 0.898251 
2024-07-21 16:32:38,538 superfastpath.py [line:304] one_slot INFO Leaving slot 1 
2024-07-21 16:32:38,538 superfastpath.py [line:230] one_slot INFO Entering slot 2 
2024-07-21 16:32:38,832 superfastpath.py [line:246] one_slot INFO pending block 2 in 0.293757 
2024-07-21 16:32:38,870 superfastpath.py [line:255] one_slot INFO 2pending block 2 in 0.331568 
2024-07-21 16:32:38,901 superfastpath.py [line:273] one_slot INFO read pending block 2 in 0.362287 
2024-07-21 16:32:38,901 superfastpath.py [line:304] one_slot INFO Leaving slot 2 
2024-07-21 16:32:38,901 superfastpath.py [line:230] one_slot INFO Entering slot 3 
2024-07-21 16:32:39,083 superfastpath.py [line:246] one_slot INFO pending block 3 in 0.181959 
2024-07-21 16:32:39,085 superfastpath.py [line:255] one_slot INFO 2pending block 3 in 0.183904 
2024-07-21 16:32:39,108 superfastpath.py [line:273] one_slot INFO read pending block 3 in 0.206863 
2024-07-21 16:32:39,108 superfastpath.py [line:304] one_slot INFO Leaving slot 3 
2024-07-21 16:32:39,108 superfastpath.py [line:230] one_slot INFO Entering slot 4 
2024-07-21 16:32:39,764 superfastpath.py [line:246] one_slot INFO pending block 4 in 0.656384 
2024-07-21 16:32:39,765 superfastpath.py [line:255] one_slot INFO 2pending block 4 in 0.656657 
2024-07-21 16:32:39,780 superfastpath.py [line:273] one_slot INFO read pending block 4 in 0.672073 
2024-07-21 16:32:39,781 superfastpath.py [line:304] one_slot INFO Leaving slot 4 
2024-07-21 16:32:39,781 superfastpath.py [line:230] one_slot INFO Entering slot 5 
2024-07-21 16:32:40,429 superfastpath.py [line:246] one_slot INFO pending block 5 in 0.647198 
2024-07-21 16:32:40,429 superfastpath.py [line:255] one_slot INFO 2pending block 5 in 0.647620 
2024-07-21 16:32:40,446 superfastpath.py [line:273] one_slot INFO read pending block 5 in 0.664518 
2024-07-21 16:32:40,446 superfastpath.py [line:304] one_slot INFO Leaving slot 5 
2024-07-21 16:32:40,447 superfastpath.py [line:230] one_slot INFO Entering slot 6 
2024-07-21 16:32:41,063 superfastpath.py [line:246] one_slot INFO pending block 6 in 0.616058 
2024-07-21 16:32:41,063 superfastpath.py [line:255] one_slot INFO 2pending block 6 in 0.616803 
2024-07-21 16:32:41,081 superfastpath.py [line:273] one_slot INFO read pending block 6 in 0.633923 
2024-07-21 16:32:41,081 superfastpath.py [line:304] one_slot INFO Leaving slot 6 
2024-07-21 16:32:41,081 superfastpath.py [line:230] one_slot INFO Entering slot 7 
2024-07-21 16:32:41,766 superfastpath.py [line:246] one_slot INFO pending block 7 in 0.684819 
2024-07-21 16:32:41,766 superfastpath.py [line:255] one_slot INFO 2pending block 7 in 0.685036 
2024-07-21 16:32:41,781 superfastpath.py [line:273] one_slot INFO read pending block 7 in 0.700239 
2024-07-21 16:32:41,782 superfastpath.py [line:304] one_slot INFO Leaving slot 7 
2024-07-21 16:32:41,782 superfastpath.py [line:230] one_slot INFO Entering slot 8 
2024-07-21 16:32:42,455 superfastpath.py [line:246] one_slot INFO pending block 8 in 0.673622 
2024-07-21 16:32:42,457 superfastpath.py [line:255] one_slot INFO 2pending block 8 in 0.674905 
2024-07-21 16:32:42,502 superfastpath.py [line:273] one_slot INFO read pending block 8 in 0.719646 
2024-07-21 16:32:42,502 superfastpath.py [line:304] one_slot INFO Leaving slot 8 
2024-07-21 16:32:42,502 superfastpath.py [line:230] one_slot INFO Entering slot 9 
2024-07-21 16:32:43,128 superfastpath.py [line:246] one_slot INFO pending block 9 in 0.626461 
2024-07-21 16:32:43,129 superfastpath.py [line:255] one_slot INFO 2pending block 9 in 0.626779 
2024-07-21 16:32:43,143 superfastpath.py [line:273] one_slot INFO read pending block 9 in 0.641436 
2024-07-21 16:32:43,144 superfastpath.py [line:282] one_slot INFO 3pending block 9 in 0.641785 
2024-07-21 16:32:43,144 superfastpath.py [line:286] one_slot INFO delay block 8 in 1.361884 
2024-07-21 16:32:43,160 superfastpath.py [line:293] one_slot INFO Fast block at Node 10 for Epoch sidAFAST0 and Slot 8 has delay, TPS and TXs: 1.361884355545044, 10000 
2024-07-21 16:32:43,160 superfastpath.py [line:295] one_slot INFO AVG TPS: 7253, running time 1.378682, weighted delay: 1.361884 
2024-07-21 16:32:43,160 superfastpath.py [line:300] one_slot INFO output block for slot 8 taking 1.378627 sec 
2024-07-21 16:32:43,161 superfastpath.py [line:304] one_slot INFO Leaving slot 9 
2024-07-21 16:32:43,161 superfastpath.py [line:230] one_slot INFO Entering slot 10 
2024-07-21 16:32:43,789 superfastpath.py [line:246] one_slot INFO pending block 10 in 0.628498 
2024-07-21 16:32:43,790 superfastpath.py [line:255] one_slot INFO 2pending block 10 in 0.628792 
2024-07-21 16:32:43,807 superfastpath.py [line:273] one_slot INFO read pending block 10 in 0.645933 
2024-07-21 16:32:43,807 superfastpath.py [line:282] one_slot INFO 3pending block 10 in 0.646330 
2024-07-21 16:32:43,807 superfastpath.py [line:286] one_slot INFO delay block 9 in 1.305431 
2024-07-21 16:32:43,826 superfastpath.py [line:293] one_slot INFO Fast block at Node 10 for Epoch sidAFAST0 and Slot 9 has delay, TPS and TXs: 1.3054313659667969, 20000 
2024-07-21 16:32:43,886 superfastpath.py [line:295] one_slot INFO AVG TPS: 9503, running time 2.104563, weighted delay: 1.333658 
2024-07-21 16:32:43,886 superfastpath.py [line:300] one_slot INFO output block for slot 9 taking 1.384662 sec 
2024-07-21 16:32:43,887 superfastpath.py [line:304] one_slot INFO Leaving slot 10 
2024-07-21 16:32:43,887 superfastpath.py [line:230] one_slot INFO Entering slot 11 
2024-07-21 16:32:44,553 superfastpath.py [line:246] one_slot INFO pending block 11 in 0.666361 
2024-07-21 16:32:44,554 superfastpath.py [line:255] one_slot INFO 2pending block 11 in 0.666759 
2024-07-21 16:32:44,569 superfastpath.py [line:273] one_slot INFO read pending block 11 in 0.682370 
2024-07-21 16:32:44,570 superfastpath.py [line:282] one_slot INFO 3pending block 11 in 0.682600 
2024-07-21 16:32:44,570 superfastpath.py [line:286] one_slot INFO delay block 10 in 1.408906 
2024-07-21 16:32:44,587 superfastpath.py [line:293] one_slot INFO Fast block at Node 10 for Epoch sidAFAST0 and Slot 10 has delay, TPS and TXs: 1.4089062213897705, 30000 
2024-07-21 16:32:44,587 superfastpath.py [line:295] one_slot INFO AVG TPS: 10693, running time 2.805445, weighted delay: 1.358741 
2024-07-21 16:32:44,587 superfastpath.py [line:300] one_slot INFO output block for slot 10 taking 1.426544 sec 
2024-07-21 16:32:44,587 superfastpath.py [line:304] one_slot INFO Leaving slot 11 
2024-07-21 16:32:44,588 superfastpath.py [line:230] one_slot INFO Entering slot 12 
2024-07-21 16:32:45,230 superfastpath.py [line:246] one_slot INFO pending block 12 in 0.642009 
2024-07-21 16:32:45,245 superfastpath.py [line:255] one_slot INFO 2pending block 12 in 0.657322 
2024-07-21 16:32:45,263 superfastpath.py [line:273] one_slot INFO read pending block 12 in 0.675147 
2024-07-21 16:32:45,263 superfastpath.py [line:282] one_slot INFO 3pending block 12 in 0.675345 
2024-07-21 16:32:45,263 superfastpath.py [line:286] one_slot INFO delay block 11 in 1.376132 
2024-07-21 16:32:45,279 superfastpath.py [line:293] one_slot INFO Fast block at Node 10 for Epoch sidAFAST0 and Slot 11 has delay, TPS and TXs: 1.376131534576416, 40000 
2024-07-21 16:32:45,279 superfastpath.py [line:295] one_slot INFO AVG TPS: 11435, running time 3.497731, weighted delay: 1.363088 
2024-07-21 16:32:45,280 superfastpath.py [line:300] one_slot INFO output block for slot 11 taking 1.392595 sec 
2024-07-21 16:32:45,280 superfastpath.py [line:304] one_slot INFO Leaving slot 12 
2024-07-21 16:32:45,280 superfastpath.py [line:230] one_slot INFO Entering slot 13 
2024-07-21 16:32:45,910 superfastpath.py [line:246] one_slot INFO pending block 13 in 0.629965 
2024-07-21 16:32:45,910 superfastpath.py [line:255] one_slot INFO 2pending block 13 in 0.630225 
2024-07-21 16:32:45,925 superfastpath.py [line:273] one_slot INFO read pending block 13 in 0.645555 
2024-07-21 16:32:45,926 superfastpath.py [line:282] one_slot INFO 3pending block 13 in 0.645777 
2024-07-21 16:32:45,926 superfastpath.py [line:286] one_slot INFO delay block 12 in 1.338069 
2024-07-21 16:32:45,942 superfastpath.py [line:293] one_slot INFO Fast block at Node 10 for Epoch sidAFAST0 and Slot 12 has delay, TPS and TXs: 1.3380687236785889, 50000 
2024-07-21 16:32:45,942 superfastpath.py [line:295] one_slot INFO AVG TPS: 12017, running time 4.160653, weighted delay: 1.358084 
2024-07-21 16:32:45,942 superfastpath.py [line:300] one_slot INFO output block for slot 12 taking 1.354854 sec 
2024-07-21 16:32:45,943 superfastpath.py [line:304] one_slot INFO Leaving slot 13 
2024-07-21 16:32:45,943 superfastpath.py [line:230] one_slot INFO Entering slot 14 
2024-07-21 16:32:46,616 superfastpath.py [line:246] one_slot INFO pending block 14 in 0.673269 
2024-07-21 16:32:46,616 superfastpath.py [line:255] one_slot INFO 2pending block 14 in 0.673666 
2024-07-21 16:32:46,632 superfastpath.py [line:273] one_slot INFO read pending block 14 in 0.688813 
2024-07-21 16:32:46,632 superfastpath.py [line:282] one_slot INFO 3pending block 14 in 0.689133 
2024-07-21 16:32:46,632 superfastpath.py [line:286] one_slot INFO delay block 13 in 1.352247 
2024-07-21 16:32:46,649 superfastpath.py [line:293] one_slot INFO Fast block at Node 10 for Epoch sidAFAST0 and Slot 13 has delay, TPS and TXs: 1.3522469997406006, 60000 
2024-07-21 16:32:46,649 superfastpath.py [line:295] one_slot INFO AVG TPS: 12326, running time 4.867571, weighted delay: 1.357112 
2024-07-21 16:32:46,649 superfastpath.py [line:300] one_slot INFO output block for slot 13 taking 1.369571 sec 
2024-07-21 16:32:46,649 superfastpath.py [line:304] one_slot INFO Leaving slot 14 
2024-07-21 16:32:46,650 superfastpath.py [line:230] one_slot INFO Entering slot 15 
2024-07-21 16:32:47,284 superfastpath.py [line:246] one_slot INFO pending block 15 in 0.634787 
2024-07-21 16:32:47,285 superfastpath.py [line:255] one_slot INFO 2pending block 15 in 0.635347 
2024-07-21 16:32:47,300 superfastpath.py [line:273] one_slot INFO read pending block 15 in 0.650228 
2024-07-21 16:32:47,300 superfastpath.py [line:282] one_slot INFO 3pending block 15 in 0.650430 
2024-07-21 16:32:47,300 superfastpath.py [line:286] one_slot INFO delay block 14 in 1.357402 
2024-07-21 16:32:47,317 superfastpath.py [line:293] one_slot INFO Fast block at Node 10 for Epoch sidAFAST0 and Slot 14 has delay, TPS and TXs: 1.3574023246765137, 70000 
2024-07-21 16:32:47,317 superfastpath.py [line:295] one_slot INFO AVG TPS: 12645, running time 5.535715, weighted delay: 1.357153 
2024-07-21 16:32:47,318 superfastpath.py [line:300] one_slot INFO output block for slot 14 taking 1.374753 sec 
2024-07-21 16:32:47,318 superfastpath.py [line:304] one_slot INFO Leaving slot 15 
2024-07-21 16:32:47,318 superfastpath.py [line:230] one_slot INFO Entering slot 16 
2024-07-21 16:32:47,817 superfastpath.py [line:246] one_slot INFO pending block 16 in 0.498898 
2024-07-21 16:32:47,817 superfastpath.py [line:255] one_slot INFO 2pending block 16 in 0.499103 
2024-07-21 16:32:47,825 superfastpath.py [line:273] one_slot INFO read pending block 16 in 0.507460 
2024-07-21 16:32:47,826 superfastpath.py [line:282] one_slot INFO 3pending block 16 in 0.507682 
2024-07-21 16:32:47,826 superfastpath.py [line:286] one_slot INFO delay block 15 in 1.175991 
2024-07-21 16:32:47,888 superfastpath.py [line:293] one_slot INFO Fast block at Node 10 for Epoch sidAFAST0 and Slot 15 has delay, TPS and TXs: 1.1759910583496094, 80000 
2024-07-21 16:32:47,889 superfastpath.py [line:295] one_slot INFO AVG TPS: 13100, running time 6.106836, weighted delay: 1.334508 
2024-07-21 16:32:47,889 superfastpath.py [line:300] one_slot INFO output block for slot 15 taking 1.238951 sec 
2024-07-21 16:32:47,889 superfastpath.py [line:304] one_slot INFO Leaving slot 16 
2024-07-21 16:32:47,889 superfastpath.py [line:369] sufastpath INFO Leaves fastpath at 17 slot 
2024-07-21 16:32:47,889 Superfast.py [line:308] wait_for_fastpath INFO Fastpath of epoch 0 completed 
2024-07-21 16:32:47,889 Superfast.py [line:337] _run_epoch INFO Fastpath tps: 13099 
2024-07-21 16:35:17,835 sufp_node.py [line:79] run INFO node 10's starts to run consensus on process id 26773 
2024-07-21 16:35:17,835 sufp_node.py [line:80] run INFO parameters: N=16, f=5, S=15, T=5, fast-batch=10000, acs-batch=62, K=1, O=0 
2024-07-21 16:35:17,836 sufp_node.py [line:62] prepare_bootstrap INFO node id 10 is inserting dummy payload TXs 
2024-07-21 16:35:17,836 sufp_node.py [line:70] prepare_bootstrap INFO node id 10 just inserts 50000 TXs 
2024-07-21 16:35:17,837 sufp_node.py [line:70] prepare_bootstrap INFO node id 10 just inserts 50000 TXs 
2024-07-21 16:35:17,837 sufp_node.py [line:74] prepare_bootstrap INFO node id 10 completed the loading of dummy TXs 
2024-07-21 16:35:17,837 Superfast.py [line:178] run_bft INFO Node 10 starts to run at time:1721550917.837669 
2024-07-21 16:35:17,837 Superfast.py [line:231] _run_epoch INFO Node enters epoch 0 
2024-07-21 16:35:17,839 superfastpath.py [line:43] sufastpath INFO Entering fast path 
2024-07-21 16:35:17,839 superfastpath.py [line:230] one_slot INFO Entering slot 1 
2024-07-21 16:35:18,795 superfastpath.py [line:246] one_slot INFO pending block 1 in 0.955958 
2024-07-21 16:35:18,795 superfastpath.py [line:255] one_slot INFO 2pending block 1 in 0.956161 
2024-07-21 16:35:18,840 superfastpath.py [line:273] one_slot INFO read pending block 1 in 1.000764 
2024-07-21 16:35:18,841 superfastpath.py [line:304] one_slot INFO Leaving slot 1 
2024-07-21 16:35:18,841 superfastpath.py [line:230] one_slot INFO Entering slot 2 
2024-07-21 16:35:19,066 superfastpath.py [line:246] one_slot INFO pending block 2 in 0.224707 
2024-07-21 16:35:19,067 superfastpath.py [line:255] one_slot INFO 2pending block 2 in 0.225905 
2024-07-21 16:35:19,108 superfastpath.py [line:273] one_slot INFO read pending block 2 in 0.266783 
2024-07-21 16:35:19,108 superfastpath.py [line:304] one_slot INFO Leaving slot 2 
2024-07-21 16:35:19,108 superfastpath.py [line:230] one_slot INFO Entering slot 3 
2024-07-21 16:35:19,254 superfastpath.py [line:246] one_slot INFO pending block 3 in 0.145607 
2024-07-21 16:35:19,254 superfastpath.py [line:255] one_slot INFO 2pending block 3 in 0.145920 
2024-07-21 16:35:19,271 superfastpath.py [line:273] one_slot INFO read pending block 3 in 0.162741 
2024-07-21 16:35:19,271 superfastpath.py [line:304] one_slot INFO Leaving slot 3 
2024-07-21 16:35:19,271 superfastpath.py [line:230] one_slot INFO Entering slot 4 
2024-07-21 16:35:19,675 superfastpath.py [line:246] one_slot INFO pending block 4 in 0.403706 
2024-07-21 16:35:19,676 superfastpath.py [line:255] one_slot INFO 2pending block 4 in 0.404560 
2024-07-21 16:35:19,696 superfastpath.py [line:273] one_slot INFO read pending block 4 in 0.424175 
2024-07-21 16:35:19,696 superfastpath.py [line:304] one_slot INFO Leaving slot 4 
2024-07-21 16:35:19,696 superfastpath.py [line:230] one_slot INFO Entering slot 5 
2024-07-21 16:35:20,126 superfastpath.py [line:246] one_slot INFO pending block 5 in 0.429052 
2024-07-21 16:35:20,126 superfastpath.py [line:255] one_slot INFO 2pending block 5 in 0.429274 
2024-07-21 16:35:20,140 superfastpath.py [line:273] one_slot INFO read pending block 5 in 0.443656 
2024-07-21 16:35:20,140 superfastpath.py [line:304] one_slot INFO Leaving slot 5 
2024-07-21 16:35:20,141 superfastpath.py [line:230] one_slot INFO Entering slot 6 
2024-07-21 16:35:20,509 superfastpath.py [line:246] one_slot INFO pending block 6 in 0.367967 
2024-07-21 16:35:20,509 superfastpath.py [line:255] one_slot INFO 2pending block 6 in 0.368176 
2024-07-21 16:35:20,526 superfastpath.py [line:273] one_slot INFO read pending block 6 in 0.384787 
2024-07-21 16:35:20,526 superfastpath.py [line:304] one_slot INFO Leaving slot 6 
2024-07-21 16:35:20,527 superfastpath.py [line:230] one_slot INFO Entering slot 7 
2024-07-21 16:35:20,916 superfastpath.py [line:246] one_slot INFO pending block 7 in 0.389136 
2024-07-21 16:35:20,916 superfastpath.py [line:255] one_slot INFO 2pending block 7 in 0.389339 
2024-07-21 16:35:20,932 superfastpath.py [line:273] one_slot INFO read pending block 7 in 0.404724 
2024-07-21 16:35:20,932 superfastpath.py [line:304] one_slot INFO Leaving slot 7 
2024-07-21 16:35:20,932 superfastpath.py [line:230] one_slot INFO Entering slot 8 
2024-07-21 16:35:21,362 superfastpath.py [line:246] one_slot INFO pending block 8 in 0.429364 
2024-07-21 16:35:21,362 superfastpath.py [line:255] one_slot INFO 2pending block 8 in 0.429552 
2024-07-21 16:35:21,395 superfastpath.py [line:273] one_slot INFO read pending block 8 in 0.462960 
2024-07-21 16:35:21,396 superfastpath.py [line:304] one_slot INFO Leaving slot 8 
2024-07-21 16:35:21,396 superfastpath.py [line:230] one_slot INFO Entering slot 9 
2024-07-21 16:35:21,776 superfastpath.py [line:246] one_slot INFO pending block 9 in 0.380319 
2024-07-21 16:35:21,777 superfastpath.py [line:255] one_slot INFO 2pending block 9 in 0.381094 
2024-07-21 16:35:21,803 superfastpath.py [line:273] one_slot INFO read pending block 9 in 0.407595 
2024-07-21 16:35:21,804 superfastpath.py [line:282] one_slot INFO 3pending block 9 in 0.407933 
2024-07-21 16:35:21,804 superfastpath.py [line:286] one_slot INFO delay block 8 in 0.871535 
2024-07-21 16:35:21,829 superfastpath.py [line:293] one_slot INFO Fast block at Node 10 for Epoch sidAFAST0 and Slot 8 has delay, TPS and TXs: 0.8715345859527588, 10000 
2024-07-21 16:35:21,830 superfastpath.py [line:295] one_slot INFO AVG TPS: 11136, running time 0.897941, weighted delay: 0.871535 
2024-07-21 16:35:21,830 superfastpath.py [line:300] one_slot INFO output block for slot 8 taking 0.897752 sec 
2024-07-21 16:35:21,830 superfastpath.py [line:304] one_slot INFO Leaving slot 9 
2024-07-21 16:35:21,830 superfastpath.py [line:230] one_slot INFO Entering slot 10 
2024-07-21 16:35:22,204 superfastpath.py [line:246] one_slot INFO pending block 10 in 0.373852 
2024-07-21 16:35:22,204 superfastpath.py [line:255] one_slot INFO 2pending block 10 in 0.374063 
2024-07-21 16:35:22,236 superfastpath.py [line:273] one_slot INFO read pending block 10 in 0.405602 
2024-07-21 16:35:22,236 superfastpath.py [line:282] one_slot INFO 3pending block 10 in 0.405801 
2024-07-21 16:35:22,236 superfastpath.py [line:286] one_slot INFO delay block 9 in 0.840522 
2024-07-21 16:35:22,260 superfastpath.py [line:293] one_slot INFO Fast block at Node 10 for Epoch sidAFAST0 and Slot 9 has delay, TPS and TXs: 0.8405215740203857, 20000 
2024-07-21 16:35:22,261 superfastpath.py [line:295] one_slot INFO AVG TPS: 15053, running time 1.328584, weighted delay: 0.856028 
2024-07-21 16:35:22,261 superfastpath.py [line:300] one_slot INFO output block for slot 9 taking 0.864848 sec 
2024-07-21 16:35:22,261 superfastpath.py [line:304] one_slot INFO Leaving slot 10 
2024-07-21 16:35:22,261 superfastpath.py [line:230] one_slot INFO Entering slot 11 
2024-07-21 16:35:22,683 superfastpath.py [line:246] one_slot INFO pending block 11 in 0.421627 
2024-07-21 16:35:22,683 superfastpath.py [line:255] one_slot INFO 2pending block 11 in 0.422069 
2024-07-21 16:35:22,704 superfastpath.py [line:273] one_slot INFO read pending block 11 in 0.442683 
2024-07-21 16:35:22,704 superfastpath.py [line:282] one_slot INFO 3pending block 11 in 0.442896 
2024-07-21 16:35:22,704 superfastpath.py [line:286] one_slot INFO delay block 10 in 0.873493 
2024-07-21 16:35:22,728 superfastpath.py [line:293] one_slot INFO Fast block at Node 10 for Epoch sidAFAST0 and Slot 10 has delay, TPS and TXs: 0.873492956161499, 30000 
2024-07-21 16:35:22,728 superfastpath.py [line:295] one_slot INFO AVG TPS: 16703, running time 1.796038, weighted delay: 0.861850 
2024-07-21 16:35:22,729 superfastpath.py [line:300] one_slot INFO output block for slot 10 taking 0.898082 sec 
2024-07-21 16:35:22,729 superfastpath.py [line:304] one_slot INFO Leaving slot 11 
2024-07-21 16:35:22,729 superfastpath.py [line:230] one_slot INFO Entering slot 12 
2024-07-21 16:35:23,152 superfastpath.py [line:246] one_slot INFO pending block 12 in 0.422699 
2024-07-21 16:35:23,152 superfastpath.py [line:255] one_slot INFO 2pending block 12 in 0.422895 
2024-07-21 16:35:23,167 superfastpath.py [line:273] one_slot INFO read pending block 12 in 0.437540 
2024-07-21 16:35:23,167 superfastpath.py [line:282] one_slot INFO 3pending block 12 in 0.437976 
2024-07-21 16:35:23,167 superfastpath.py [line:286] one_slot INFO delay block 11 in 0.906197 
2024-07-21 16:35:23,184 superfastpath.py [line:293] one_slot INFO Fast block at Node 10 for Epoch sidAFAST0 and Slot 11 has delay, TPS and TXs: 0.9061973094940186, 40000 
2024-07-21 16:35:23,184 superfastpath.py [line:295] one_slot INFO AVG TPS: 17763, running time 2.251854, weighted delay: 0.872937 
2024-07-21 16:35:23,184 superfastpath.py [line:300] one_slot INFO output block for slot 11 taking 0.923000 sec 
2024-07-21 16:35:23,184 superfastpath.py [line:304] one_slot INFO Leaving slot 12 
2024-07-21 16:35:23,185 superfastpath.py [line:230] one_slot INFO Entering slot 13 
2024-07-21 16:35:23,599 superfastpath.py [line:246] one_slot INFO pending block 13 in 0.414309 
2024-07-21 16:35:23,599 superfastpath.py [line:255] one_slot INFO 2pending block 13 in 0.414707 
2024-07-21 16:35:23,630 superfastpath.py [line:273] one_slot INFO read pending block 13 in 0.445589 
2024-07-21 16:35:23,631 superfastpath.py [line:282] one_slot INFO 3pending block 13 in 0.445802 
2024-07-21 16:35:23,631 superfastpath.py [line:286] one_slot INFO delay block 12 in 0.901691 
2024-07-21 16:35:23,653 superfastpath.py [line:293] one_slot INFO Fast block at Node 10 for Epoch sidAFAST0 and Slot 12 has delay, TPS and TXs: 0.9016914367675781, 50000 
2024-07-21 16:35:23,653 superfastpath.py [line:295] one_slot INFO AVG TPS: 18373, running time 2.721320, weighted delay: 0.878688 
2024-07-21 16:35:23,653 superfastpath.py [line:300] one_slot INFO output block for slot 12 taking 0.924437 sec 
2024-07-21 16:35:23,653 superfastpath.py [line:304] one_slot INFO Leaving slot 13 
2024-07-21 16:35:23,654 superfastpath.py [line:230] one_slot INFO Entering slot 14 
2024-07-21 16:35:24,036 superfastpath.py [line:246] one_slot INFO pending block 14 in 0.382201 
2024-07-21 16:35:24,036 superfastpath.py [line:255] one_slot INFO 2pending block 14 in 0.382494 
2024-07-21 16:35:24,055 superfastpath.py [line:273] one_slot INFO read pending block 14 in 0.400930 
2024-07-21 16:35:24,055 superfastpath.py [line:282] one_slot INFO 3pending block 14 in 0.401217 
2024-07-21 16:35:24,055 superfastpath.py [line:286] one_slot INFO delay block 13 in 0.870600 
2024-07-21 16:35:24,078 superfastpath.py [line:293] one_slot INFO Fast block at Node 10 for Epoch sidAFAST0 and Slot 13 has delay, TPS and TXs: 0.8705999851226807, 60000 
2024-07-21 16:35:24,079 superfastpath.py [line:295] one_slot INFO AVG TPS: 19067, running time 3.146717, weighted delay: 0.877340 
2024-07-21 16:35:24,080 superfastpath.py [line:300] one_slot INFO output block for slot 13 taking 0.895419 sec 
2024-07-21 16:35:24,081 superfastpath.py [line:304] one_slot INFO Leaving slot 14 
2024-07-21 16:35:24,082 superfastpath.py [line:230] one_slot INFO Entering slot 15 
2024-07-21 16:35:24,472 superfastpath.py [line:246] one_slot INFO pending block 15 in 0.389281 
2024-07-21 16:35:24,472 superfastpath.py [line:255] one_slot INFO 2pending block 15 in 0.389491 
2024-07-21 16:35:24,489 superfastpath.py [line:273] one_slot INFO read pending block 15 in 0.406400 
2024-07-21 16:35:24,489 superfastpath.py [line:282] one_slot INFO 3pending block 15 in 0.406689 
2024-07-21 16:35:24,489 superfastpath.py [line:286] one_slot INFO delay block 14 in 0.835513 
2024-07-21 16:35:24,505 superfastpath.py [line:293] one_slot INFO Fast block at Node 10 for Epoch sidAFAST0 and Slot 14 has delay, TPS and TXs: 0.8355133533477783, 70000 
2024-07-21 16:35:24,505 superfastpath.py [line:295] one_slot INFO AVG TPS: 19588, running time 3.573513, weighted delay: 0.871364 
2024-07-21 16:35:24,506 superfastpath.py [line:300] one_slot INFO output block for slot 14 taking 0.851865 sec 
2024-07-21 16:35:24,506 superfastpath.py [line:304] one_slot INFO Leaving slot 15 
2024-07-21 16:35:24,506 superfastpath.py [line:230] one_slot INFO Entering slot 16 
2024-07-21 16:35:24,793 superfastpath.py [line:246] one_slot INFO pending block 16 in 0.287209 
2024-07-21 16:35:24,793 superfastpath.py [line:255] one_slot INFO 2pending block 16 in 0.287369 
2024-07-21 16:35:24,793 superfastpath.py [line:273] one_slot INFO read pending block 16 in 0.287499 
2024-07-21 16:35:24,794 superfastpath.py [line:282] one_slot INFO 3pending block 16 in 0.287590 
2024-07-21 16:35:24,794 superfastpath.py [line:286] one_slot INFO delay block 15 in 0.711185 
2024-07-21 16:35:24,836 superfastpath.py [line:293] one_slot INFO Fast block at Node 10 for Epoch sidAFAST0 and Slot 15 has delay, TPS and TXs: 0.7111854553222656, 80000 
2024-07-21 16:35:24,836 superfastpath.py [line:295] one_slot INFO AVG TPS: 20491, running time 3.904030, weighted delay: 0.851342 
2024-07-21 16:35:24,836 superfastpath.py [line:300] one_slot INFO output block for slot 15 taking 0.753649 sec 
2024-07-21 16:35:24,836 superfastpath.py [line:304] one_slot INFO Leaving slot 16 
2024-07-21 16:35:24,836 superfastpath.py [line:369] sufastpath INFO Leaves fastpath at 17 slot 
2024-07-21 16:35:24,837 Superfast.py [line:308] wait_for_fastpath INFO Fastpath of epoch 0 completed 
2024-07-21 16:35:24,837 Superfast.py [line:337] _run_epoch INFO Fastpath tps: 20490 
2024-07-21 16:35:29,838 Superfast.py [line:208] run_bft INFO node 10 breaks in 12.000401 seconds in epoch 0 with total delivered Txs 0 and average delay 0.000000 
2024-07-21 16:39:10,770 sufp_node.py [line:79] run INFO node 10's starts to run consensus on process id 27063 
2024-07-21 16:39:10,770 sufp_node.py [line:80] run INFO parameters: N=16, f=5, S=15, T=5, fast-batch=10000, acs-batch=62, K=1, O=0 
2024-07-21 16:39:10,770 sufp_node.py [line:62] prepare_bootstrap INFO node id 10 is inserting dummy payload TXs 
2024-07-21 16:39:10,771 sufp_node.py [line:70] prepare_bootstrap INFO node id 10 just inserts 50000 TXs 
2024-07-21 16:39:10,771 sufp_node.py [line:70] prepare_bootstrap INFO node id 10 just inserts 50000 TXs 
2024-07-21 16:39:10,771 sufp_node.py [line:74] prepare_bootstrap INFO node id 10 completed the loading of dummy TXs 
2024-07-21 16:39:10,771 Superfast.py [line:178] run_bft INFO Node 10 starts to run at time:1721551150.771415 
2024-07-21 16:39:10,771 Superfast.py [line:231] _run_epoch INFO Node enters epoch 0 
2024-07-21 16:39:10,772 superfastpath.py [line:43] sufastpath INFO Entering fast path 
2024-07-21 16:39:10,772 superfastpath.py [line:230] one_slot INFO Entering slot 1 
2024-07-21 16:39:11,925 superfastpath.py [line:246] one_slot INFO pending block 1 in 1.153449 
2024-07-21 16:39:11,926 superfastpath.py [line:255] one_slot INFO 2pending block 1 in 1.153644 
2024-07-21 16:39:11,966 superfastpath.py [line:273] one_slot INFO read pending block 1 in 1.193332 
2024-07-21 16:39:11,967 superfastpath.py [line:304] one_slot INFO Leaving slot 1 
2024-07-21 16:39:11,968 superfastpath.py [line:230] one_slot INFO Entering slot 2 
2024-07-21 16:39:12,163 superfastpath.py [line:246] one_slot INFO pending block 2 in 0.194427 
2024-07-21 16:39:12,163 superfastpath.py [line:255] one_slot INFO 2pending block 2 in 0.194625 
2024-07-21 16:39:12,183 superfastpath.py [line:273] one_slot INFO read pending block 2 in 0.214557 
2024-07-21 16:39:12,183 superfastpath.py [line:304] one_slot INFO Leaving slot 2 
2024-07-21 16:39:12,183 superfastpath.py [line:230] one_slot INFO Entering slot 3 
2024-07-21 16:39:12,359 superfastpath.py [line:246] one_slot INFO pending block 3 in 0.175378 
2024-07-21 16:39:12,359 superfastpath.py [line:255] one_slot INFO 2pending block 3 in 0.175694 
2024-07-21 16:39:12,376 superfastpath.py [line:273] one_slot INFO read pending block 3 in 0.192626 
2024-07-21 16:39:12,376 superfastpath.py [line:304] one_slot INFO Leaving slot 3 
2024-07-21 16:39:12,377 superfastpath.py [line:230] one_slot INFO Entering slot 4 
2024-07-21 16:39:12,749 superfastpath.py [line:246] one_slot INFO pending block 4 in 0.371838 
2024-07-21 16:39:12,749 superfastpath.py [line:255] one_slot INFO 2pending block 4 in 0.372052 
2024-07-21 16:39:12,766 superfastpath.py [line:273] one_slot INFO read pending block 4 in 0.388731 
2024-07-21 16:39:12,766 superfastpath.py [line:304] one_slot INFO Leaving slot 4 
2024-07-21 16:39:12,766 superfastpath.py [line:230] one_slot INFO Entering slot 5 
2024-07-21 16:39:13,156 superfastpath.py [line:246] one_slot INFO pending block 5 in 0.390051 
2024-07-21 16:39:13,157 superfastpath.py [line:255] one_slot INFO 2pending block 5 in 0.390264 
2024-07-21 16:39:13,171 superfastpath.py [line:273] one_slot INFO read pending block 5 in 0.404180 
2024-07-21 16:39:13,171 superfastpath.py [line:304] one_slot INFO Leaving slot 5 
2024-07-21 16:39:13,171 superfastpath.py [line:230] one_slot INFO Entering slot 6 
2024-07-21 16:39:13,542 superfastpath.py [line:246] one_slot INFO pending block 6 in 0.370279 
2024-07-21 16:39:13,542 superfastpath.py [line:255] one_slot INFO 2pending block 6 in 0.371186 
2024-07-21 16:39:13,561 superfastpath.py [line:273] one_slot INFO read pending block 6 in 0.390146 
2024-07-21 16:39:13,562 superfastpath.py [line:304] one_slot INFO Leaving slot 6 
2024-07-21 16:39:13,562 superfastpath.py [line:230] one_slot INFO Entering slot 7 
2024-07-21 16:39:13,960 superfastpath.py [line:246] one_slot INFO pending block 7 in 0.397813 
2024-07-21 16:39:13,960 superfastpath.py [line:255] one_slot INFO 2pending block 7 in 0.398253 
2024-07-21 16:39:13,979 superfastpath.py [line:273] one_slot INFO read pending block 7 in 0.416592 
2024-07-21 16:39:13,979 superfastpath.py [line:304] one_slot INFO Leaving slot 7 
2024-07-21 16:39:13,979 superfastpath.py [line:230] one_slot INFO Entering slot 8 
2024-07-21 16:39:14,412 superfastpath.py [line:246] one_slot INFO pending block 8 in 0.432534 
2024-07-21 16:39:14,412 superfastpath.py [line:255] one_slot INFO 2pending block 8 in 0.432770 
2024-07-21 16:39:14,438 superfastpath.py [line:273] one_slot INFO read pending block 8 in 0.458962 
2024-07-21 16:39:14,439 superfastpath.py [line:304] one_slot INFO Leaving slot 8 
2024-07-21 16:39:14,439 superfastpath.py [line:230] one_slot INFO Entering slot 9 
2024-07-21 16:39:14,811 superfastpath.py [line:246] one_slot INFO pending block 9 in 0.372547 
2024-07-21 16:39:14,812 superfastpath.py [line:255] one_slot INFO 2pending block 9 in 0.372763 
2024-07-21 16:39:14,872 superfastpath.py [line:273] one_slot INFO read pending block 9 in 0.432541 
2024-07-21 16:39:14,872 superfastpath.py [line:282] one_slot INFO 3pending block 9 in 0.433408 
2024-07-21 16:39:14,873 superfastpath.py [line:286] one_slot INFO delay block 8 in 0.893150 
2024-07-21 16:39:14,895 superfastpath.py [line:293] one_slot INFO Fast block at Node 10 for Epoch sidAFAST0 and Slot 8 has delay, TPS and TXs: 0.8931503295898438, 10000 
2024-07-21 16:39:14,895 superfastpath.py [line:295] one_slot INFO AVG TPS: 10921, running time 0.915657, weighted delay: 0.893150 
2024-07-21 16:39:14,896 superfastpath.py [line:300] one_slot INFO output block for slot 8 taking 0.916162 sec 
2024-07-21 16:39:14,896 superfastpath.py [line:304] one_slot INFO Leaving slot 9 
2024-07-21 16:39:14,896 superfastpath.py [line:230] one_slot INFO Entering slot 10 
2024-07-21 16:39:15,196 superfastpath.py [line:246] one_slot INFO pending block 10 in 0.300035 
2024-07-21 16:39:15,196 superfastpath.py [line:255] one_slot INFO 2pending block 10 in 0.300232 
2024-07-21 16:39:15,222 superfastpath.py [line:273] one_slot INFO read pending block 10 in 0.325524 
2024-07-21 16:39:15,222 superfastpath.py [line:282] one_slot INFO 3pending block 10 in 0.325902 
2024-07-21 16:39:15,222 superfastpath.py [line:286] one_slot INFO delay block 9 in 0.783089 
2024-07-21 16:39:15,245 superfastpath.py [line:293] one_slot INFO Fast block at Node 10 for Epoch sidAFAST0 and Slot 9 has delay, TPS and TXs: 0.7830891609191895, 20000 
2024-07-21 16:39:15,245 superfastpath.py [line:295] one_slot INFO AVG TPS: 15795, running time 1.266186, weighted delay: 0.838120 
2024-07-21 16:39:15,245 superfastpath.py [line:300] one_slot INFO output block for slot 9 taking 0.806567 sec 
2024-07-21 16:39:15,246 superfastpath.py [line:304] one_slot INFO Leaving slot 10 
2024-07-21 16:39:15,246 superfastpath.py [line:230] one_slot INFO Entering slot 11 
2024-07-21 16:39:15,684 superfastpath.py [line:246] one_slot INFO pending block 11 in 0.438307 
2024-07-21 16:39:15,685 superfastpath.py [line:255] one_slot INFO 2pending block 11 in 0.438738 
2024-07-21 16:39:15,707 superfastpath.py [line:273] one_slot INFO read pending block 11 in 0.460677 
2024-07-21 16:39:15,707 superfastpath.py [line:282] one_slot INFO 3pending block 11 in 0.460914 
2024-07-21 16:39:15,707 superfastpath.py [line:286] one_slot INFO delay block 10 in 0.810882 
2024-07-21 16:39:15,723 superfastpath.py [line:293] one_slot INFO Fast block at Node 10 for Epoch sidAFAST0 and Slot 10 has delay, TPS and TXs: 0.8108823299407959, 30000 
2024-07-21 16:39:15,723 superfastpath.py [line:295] one_slot INFO AVG TPS: 17200, running time 1.744110, weighted delay: 0.829041 
2024-07-21 16:39:15,724 superfastpath.py [line:300] one_slot INFO output block for slot 10 taking 0.827748 sec 
2024-07-21 16:39:15,724 superfastpath.py [line:304] one_slot INFO Leaving slot 11 
2024-07-21 16:39:15,724 superfastpath.py [line:230] one_slot INFO Entering slot 12 
2024-07-21 16:39:16,169 superfastpath.py [line:246] one_slot INFO pending block 12 in 0.445223 
2024-07-21 16:39:16,170 superfastpath.py [line:255] one_slot INFO 2pending block 12 in 0.445653 
2024-07-21 16:39:16,188 superfastpath.py [line:273] one_slot INFO read pending block 12 in 0.463824 
2024-07-21 16:39:16,188 superfastpath.py [line:282] one_slot INFO 3pending block 12 in 0.464058 
2024-07-21 16:39:16,188 superfastpath.py [line:286] one_slot INFO delay block 11 in 0.942556 
2024-07-21 16:39:16,205 superfastpath.py [line:293] one_slot INFO Fast block at Node 10 for Epoch sidAFAST0 and Slot 11 has delay, TPS and TXs: 0.9425559043884277, 40000 
2024-07-21 16:39:16,205 superfastpath.py [line:295] one_slot INFO AVG TPS: 17971, running time 2.225807, weighted delay: 0.857419 
2024-07-21 16:39:16,205 superfastpath.py [line:300] one_slot INFO output block for slot 11 taking 0.959260 sec 
2024-07-21 16:39:16,205 superfastpath.py [line:304] one_slot INFO Leaving slot 12 
2024-07-21 16:39:16,205 superfastpath.py [line:230] one_slot INFO Entering slot 13 
2024-07-21 16:39:16,633 superfastpath.py [line:246] one_slot INFO pending block 13 in 0.427608 
2024-07-21 16:39:16,633 superfastpath.py [line:255] one_slot INFO 2pending block 13 in 0.427820 
2024-07-21 16:39:16,665 superfastpath.py [line:273] one_slot INFO read pending block 13 in 0.460020 
2024-07-21 16:39:16,666 superfastpath.py [line:282] one_slot INFO 3pending block 13 in 0.460182 
2024-07-21 16:39:16,666 superfastpath.py [line:286] one_slot INFO delay block 12 in 0.941470 
2024-07-21 16:39:16,712 superfastpath.py [line:293] one_slot INFO Fast block at Node 10 for Epoch sidAFAST0 and Slot 12 has delay, TPS and TXs: 0.9414703845977783, 50000 
2024-07-21 16:39:16,713 superfastpath.py [line:295] one_slot INFO AVG TPS: 18292, running time 2.733425, weighted delay: 0.874230 
2024-07-21 16:39:16,713 superfastpath.py [line:300] one_slot INFO output block for slot 12 taking 0.988539 sec 
2024-07-21 16:39:16,713 superfastpath.py [line:304] one_slot INFO Leaving slot 13 
2024-07-21 16:39:16,713 superfastpath.py [line:230] one_slot INFO Entering slot 14 
2024-07-21 16:39:17,112 superfastpath.py [line:246] one_slot INFO pending block 14 in 0.398677 
2024-07-21 16:39:17,112 superfastpath.py [line:255] one_slot INFO 2pending block 14 in 0.398900 
2024-07-21 16:39:17,138 superfastpath.py [line:273] one_slot INFO read pending block 14 in 0.424822 
2024-07-21 16:39:17,139 superfastpath.py [line:282] one_slot INFO 3pending block 14 in 0.425107 
2024-07-21 16:39:17,139 superfastpath.py [line:286] one_slot INFO delay block 13 in 0.933307 
2024-07-21 16:39:17,157 superfastpath.py [line:293] one_slot INFO Fast block at Node 10 for Epoch sidAFAST0 and Slot 13 has delay, TPS and TXs: 0.9333066940307617, 60000 
2024-07-21 16:39:17,158 superfastpath.py [line:295] one_slot INFO AVG TPS: 18877, running time 3.178438, weighted delay: 0.884076 
2024-07-21 16:39:17,158 superfastpath.py [line:300] one_slot INFO output block for slot 13 taking 0.952821 sec 
2024-07-21 16:39:17,158 superfastpath.py [line:304] one_slot INFO Leaving slot 14 
2024-07-21 16:39:17,158 superfastpath.py [line:230] one_slot INFO Entering slot 15 
2024-07-21 16:39:17,537 superfastpath.py [line:246] one_slot INFO pending block 15 in 0.378217 
2024-07-21 16:39:17,537 superfastpath.py [line:255] one_slot INFO 2pending block 15 in 0.378404 
2024-07-21 16:39:17,560 superfastpath.py [line:273] one_slot INFO read pending block 15 in 0.401293 
2024-07-21 16:39:17,560 superfastpath.py [line:282] one_slot INFO 3pending block 15 in 0.401425 
2024-07-21 16:39:17,560 superfastpath.py [line:286] one_slot INFO delay block 14 in 0.846624 
2024-07-21 16:39:17,576 superfastpath.py [line:293] one_slot INFO Fast block at Node 10 for Epoch sidAFAST0 and Slot 14 has delay, TPS and TXs: 0.8466236591339111, 70000 
2024-07-21 16:39:17,576 superfastpath.py [line:295] one_slot INFO AVG TPS: 19462, running time 3.596661, weighted delay: 0.878725 
2024-07-21 16:39:17,576 superfastpath.py [line:300] one_slot INFO output block for slot 14 taking 0.862451 sec 
2024-07-21 16:39:17,576 superfastpath.py [line:304] one_slot INFO Leaving slot 15 
2024-07-21 16:39:17,576 superfastpath.py [line:230] one_slot INFO Entering slot 16 
2024-07-21 16:39:17,902 superfastpath.py [line:246] one_slot INFO pending block 16 in 0.326110 
2024-07-21 16:39:17,902 superfastpath.py [line:255] one_slot INFO 2pending block 16 in 0.326267 
2024-07-21 16:39:17,903 superfastpath.py [line:273] one_slot INFO read pending block 16 in 0.326380 
2024-07-21 16:39:17,903 superfastpath.py [line:282] one_slot INFO 3pending block 16 in 0.326449 
2024-07-21 16:39:17,903 superfastpath.py [line:286] one_slot INFO delay block 15 in 0.744036 
2024-07-21 16:39:17,921 superfastpath.py [line:293] one_slot INFO Fast block at Node 10 for Epoch sidAFAST0 and Slot 15 has delay, TPS and TXs: 0.7440359592437744, 80000 
2024-07-21 16:39:17,922 superfastpath.py [line:295] one_slot INFO AVG TPS: 20292, running time 3.942379, weighted delay: 0.861889 
2024-07-21 16:39:17,922 superfastpath.py [line:300] one_slot INFO output block for slot 15 taking 0.763034 sec 
2024-07-21 16:39:17,922 superfastpath.py [line:304] one_slot INFO Leaving slot 16 
2024-07-21 16:39:17,922 superfastpath.py [line:369] sufastpath INFO Leaves fastpath at 17 slot 
2024-07-21 16:39:17,922 Superfast.py [line:308] wait_for_fastpath INFO Fastpath of epoch 0 completed 
2024-07-21 16:39:17,922 Superfast.py [line:337] _run_epoch INFO Fastpath tps: 20291 delay 0.861889 
2024-07-21 16:39:22,923 Superfast.py [line:208] run_bft INFO node 10 breaks in 12.152450 seconds in epoch 0 with total delivered Txs 0 and average delay 0.000000 
2024-07-21 16:42:41,459 sufp_node.py [line:79] run INFO node 10's starts to run consensus on process id 27616 
2024-07-21 16:42:41,460 sufp_node.py [line:80] run INFO parameters: N=16, f=5, S=15, T=5, fast-batch=10000, acs-batch=62, K=1, O=0 
2024-07-21 16:42:41,460 sufp_node.py [line:62] prepare_bootstrap INFO node id 10 is inserting dummy payload TXs 
2024-07-21 16:42:41,461 sufp_node.py [line:70] prepare_bootstrap INFO node id 10 just inserts 50000 TXs 
2024-07-21 16:42:41,461 sufp_node.py [line:70] prepare_bootstrap INFO node id 10 just inserts 50000 TXs 
2024-07-21 16:42:41,461 sufp_node.py [line:74] prepare_bootstrap INFO node id 10 completed the loading of dummy TXs 
2024-07-21 16:42:41,461 Superfast.py [line:178] run_bft INFO Node 10 starts to run at time:1721551361.4618459 
2024-07-21 16:42:41,462 Superfast.py [line:231] _run_epoch INFO Node enters epoch 0 
2024-07-21 16:42:41,463 superfastpath.py [line:43] sufastpath INFO Entering fast path 
2024-07-21 16:42:41,463 superfastpath.py [line:230] one_slot INFO Entering slot 1 
2024-07-21 16:42:42,348 superfastpath.py [line:246] one_slot INFO pending block 1 in 0.884178 
2024-07-21 16:42:42,348 superfastpath.py [line:255] one_slot INFO 2pending block 1 in 0.884396 
2024-07-21 16:42:42,371 superfastpath.py [line:273] one_slot INFO read pending block 1 in 0.907065 
2024-07-21 16:42:42,371 superfastpath.py [line:304] one_slot INFO Leaving slot 1 
2024-07-21 16:42:42,371 superfastpath.py [line:230] one_slot INFO Entering slot 2 
2024-07-21 16:42:42,576 superfastpath.py [line:246] one_slot INFO pending block 2 in 0.204450 
2024-07-21 16:42:42,576 superfastpath.py [line:255] one_slot INFO 2pending block 2 in 0.204690 
2024-07-21 16:42:42,598 superfastpath.py [line:273] one_slot INFO read pending block 2 in 0.226237 
2024-07-21 16:42:42,598 superfastpath.py [line:304] one_slot INFO Leaving slot 2 
2024-07-21 16:42:42,598 superfastpath.py [line:230] one_slot INFO Entering slot 3 
2024-07-21 16:42:42,751 superfastpath.py [line:246] one_slot INFO pending block 3 in 0.152393 
2024-07-21 16:42:42,751 superfastpath.py [line:255] one_slot INFO 2pending block 3 in 0.152583 
2024-07-21 16:42:42,771 superfastpath.py [line:273] one_slot INFO read pending block 3 in 0.172504 
2024-07-21 16:42:42,771 superfastpath.py [line:304] one_slot INFO Leaving slot 3 
2024-07-21 16:42:42,771 superfastpath.py [line:230] one_slot INFO Entering slot 4 
2024-07-21 16:42:43,142 superfastpath.py [line:246] one_slot INFO pending block 4 in 0.370624 
2024-07-21 16:42:43,142 superfastpath.py [line:255] one_slot INFO 2pending block 4 in 0.370833 
2024-07-21 16:42:43,158 superfastpath.py [line:273] one_slot INFO read pending block 4 in 0.387190 
2024-07-21 16:42:43,158 superfastpath.py [line:304] one_slot INFO Leaving slot 4 
2024-07-21 16:42:43,159 superfastpath.py [line:230] one_slot INFO Entering slot 5 
2024-07-21 16:42:43,542 superfastpath.py [line:246] one_slot INFO pending block 5 in 0.383286 
2024-07-21 16:42:43,542 superfastpath.py [line:255] one_slot INFO 2pending block 5 in 0.383481 
2024-07-21 16:42:43,558 superfastpath.py [line:273] one_slot INFO read pending block 5 in 0.399287 
2024-07-21 16:42:43,558 superfastpath.py [line:304] one_slot INFO Leaving slot 5 
2024-07-21 16:42:43,558 superfastpath.py [line:230] one_slot INFO Entering slot 6 
2024-07-21 16:42:43,956 superfastpath.py [line:246] one_slot INFO pending block 6 in 0.397207 
2024-07-21 16:42:43,956 superfastpath.py [line:255] one_slot INFO 2pending block 6 in 0.397422 
2024-07-21 16:42:43,989 superfastpath.py [line:273] one_slot INFO read pending block 6 in 0.430008 
2024-07-21 16:42:43,989 superfastpath.py [line:304] one_slot INFO Leaving slot 6 
2024-07-21 16:42:43,989 superfastpath.py [line:230] one_slot INFO Entering slot 7 
2024-07-21 16:42:44,382 superfastpath.py [line:246] one_slot INFO pending block 7 in 0.392712 
2024-07-21 16:42:44,382 superfastpath.py [line:255] one_slot INFO 2pending block 7 in 0.392909 
2024-07-21 16:42:44,396 superfastpath.py [line:273] one_slot INFO read pending block 7 in 0.407383 
2024-07-21 16:42:44,397 superfastpath.py [line:304] one_slot INFO Leaving slot 7 
2024-07-21 16:42:44,397 superfastpath.py [line:230] one_slot INFO Entering slot 8 
2024-07-21 16:42:44,797 superfastpath.py [line:246] one_slot INFO pending block 8 in 0.399901 
2024-07-21 16:42:44,797 superfastpath.py [line:255] one_slot INFO 2pending block 8 in 0.400073 
2024-07-21 16:42:44,812 superfastpath.py [line:273] one_slot INFO read pending block 8 in 0.414268 
2024-07-21 16:42:44,812 superfastpath.py [line:304] one_slot INFO Leaving slot 8 
2024-07-21 16:42:44,812 superfastpath.py [line:230] one_slot INFO Entering slot 9 
2024-07-21 16:42:45,227 superfastpath.py [line:246] one_slot INFO pending block 9 in 0.414660 
2024-07-21 16:42:45,228 superfastpath.py [line:255] one_slot INFO 2pending block 9 in 0.415346 
2024-07-21 16:42:45,244 superfastpath.py [line:273] one_slot INFO read pending block 9 in 0.431586 
2024-07-21 16:42:45,244 superfastpath.py [line:282] one_slot INFO 3pending block 9 in 0.432052 
2024-07-21 16:42:45,244 superfastpath.py [line:286] one_slot INFO delay block 8 in 0.847273 
2024-07-21 16:42:45,263 superfastpath.py [line:293] one_slot INFO Fast block at Node 10 for Epoch sidAFAST0 and Slot 8 has delay, TPS and TXs: 0.8472728729248047, 10000 
2024-07-21 16:42:45,263 superfastpath.py [line:295] one_slot INFO AVG TPS: 11543, running time 0.866289, weighted delay: 0.847273 
2024-07-21 16:42:45,263 superfastpath.py [line:300] one_slot INFO output block for slot 8 taking 0.866209 sec 
2024-07-21 16:42:45,263 superfastpath.py [line:304] one_slot INFO Leaving slot 9 
2024-07-21 16:42:45,264 superfastpath.py [line:230] one_slot INFO Entering slot 10 
2024-07-21 16:42:45,719 superfastpath.py [line:246] one_slot INFO pending block 10 in 0.455307 
2024-07-21 16:42:45,719 superfastpath.py [line:255] one_slot INFO 2pending block 10 in 0.455507 
2024-07-21 16:42:45,759 superfastpath.py [line:273] one_slot INFO read pending block 10 in 0.495493 
2024-07-21 16:42:45,760 superfastpath.py [line:282] one_slot INFO 3pending block 10 in 0.495710 
2024-07-21 16:42:45,760 superfastpath.py [line:286] one_slot INFO delay block 9 in 0.947531 
2024-07-21 16:42:45,791 superfastpath.py [line:293] one_slot INFO Fast block at Node 10 for Epoch sidAFAST0 and Slot 9 has delay, TPS and TXs: 0.9475312232971191, 20000 
2024-07-21 16:42:45,791 superfastpath.py [line:295] one_slot INFO AVG TPS: 14344, running time 1.394269, weighted delay: 0.897402 
2024-07-21 16:42:45,791 superfastpath.py [line:300] one_slot INFO output block for slot 9 taking 0.979131 sec 
2024-07-21 16:42:45,791 superfastpath.py [line:304] one_slot INFO Leaving slot 10 
2024-07-21 16:42:45,792 superfastpath.py [line:230] one_slot INFO Entering slot 11 
2024-07-21 16:42:46,160 superfastpath.py [line:246] one_slot INFO pending block 11 in 0.368234 
2024-07-21 16:42:46,160 superfastpath.py [line:255] one_slot INFO 2pending block 11 in 0.368478 
2024-07-21 16:42:46,201 superfastpath.py [line:273] one_slot INFO read pending block 11 in 0.409149 
2024-07-21 16:42:46,201 superfastpath.py [line:282] one_slot INFO 3pending block 11 in 0.409374 
2024-07-21 16:42:46,201 superfastpath.py [line:286] one_slot INFO delay block 10 in 0.937243 
2024-07-21 16:42:46,220 superfastpath.py [line:293] one_slot INFO Fast block at Node 10 for Epoch sidAFAST0 and Slot 10 has delay, TPS and TXs: 0.9372432231903076, 30000 
2024-07-21 16:42:46,221 superfastpath.py [line:295] one_slot INFO AVG TPS: 16450, running time 1.823624, weighted delay: 0.910682 
2024-07-21 16:42:46,221 superfastpath.py [line:300] one_slot INFO output block for slot 10 taking 0.956882 sec 
2024-07-21 16:42:46,221 superfastpath.py [line:304] one_slot INFO Leaving slot 11 
2024-07-21 16:42:46,221 superfastpath.py [line:230] one_slot INFO Entering slot 12 
2024-07-21 16:42:46,568 superfastpath.py [line:246] one_slot INFO pending block 12 in 0.346595 
2024-07-21 16:42:46,568 superfastpath.py [line:255] one_slot INFO 2pending block 12 in 0.346792 
2024-07-21 16:42:46,596 superfastpath.py [line:273] one_slot INFO read pending block 12 in 0.374512 
2024-07-21 16:42:46,596 superfastpath.py [line:282] one_slot INFO 3pending block 12 in 0.374714 
2024-07-21 16:42:46,596 superfastpath.py [line:286] one_slot INFO delay block 11 in 0.804513 
2024-07-21 16:42:46,623 superfastpath.py [line:293] one_slot INFO Fast block at Node 10 for Epoch sidAFAST0 and Slot 11 has delay, TPS and TXs: 0.8045127391815186, 40000 
2024-07-21 16:42:46,623 superfastpath.py [line:295] one_slot INFO AVG TPS: 17969, running time 2.226016, weighted delay: 0.884140 
2024-07-21 16:42:46,623 superfastpath.py [line:300] one_slot INFO output block for slot 11 taking 0.831475 sec 
2024-07-21 16:42:46,623 superfastpath.py [line:304] one_slot INFO Leaving slot 12 
2024-07-21 16:42:46,623 superfastpath.py [line:230] one_slot INFO Entering slot 13 
2024-07-21 16:42:47,055 superfastpath.py [line:246] one_slot INFO pending block 13 in 0.431497 
2024-07-21 16:42:47,055 superfastpath.py [line:255] one_slot INFO 2pending block 13 in 0.431698 
2024-07-21 16:42:47,072 superfastpath.py [line:273] one_slot INFO read pending block 13 in 0.448140 
2024-07-21 16:42:47,072 superfastpath.py [line:282] one_slot INFO 3pending block 13 in 0.448564 
2024-07-21 16:42:47,072 superfastpath.py [line:286] one_slot INFO delay block 12 in 0.850863 
2024-07-21 16:42:47,090 superfastpath.py [line:293] one_slot INFO Fast block at Node 10 for Epoch sidAFAST0 and Slot 12 has delay, TPS and TXs: 0.8508634567260742, 50000 
2024-07-21 16:42:47,090 superfastpath.py [line:295] one_slot INFO AVG TPS: 18567, running time 2.692830, weighted delay: 0.877485 
2024-07-21 16:42:47,090 superfastpath.py [line:300] one_slot INFO output block for slot 12 taking 0.868543 sec 
2024-07-21 16:42:47,090 superfastpath.py [line:304] one_slot INFO Leaving slot 13 
2024-07-21 16:42:47,090 superfastpath.py [line:230] one_slot INFO Entering slot 14 
2024-07-21 16:42:47,471 superfastpath.py [line:246] one_slot INFO pending block 14 in 0.380494 
2024-07-21 16:42:47,471 superfastpath.py [line:255] one_slot INFO 2pending block 14 in 0.380713 
2024-07-21 16:42:47,492 superfastpath.py [line:273] one_slot INFO read pending block 14 in 0.401382 
2024-07-21 16:42:47,492 superfastpath.py [line:282] one_slot INFO 3pending block 14 in 0.401669 
2024-07-21 16:42:47,492 superfastpath.py [line:286] one_slot INFO delay block 13 in 0.868599 
2024-07-21 16:42:47,511 superfastpath.py [line:293] one_slot INFO Fast block at Node 10 for Epoch sidAFAST0 and Slot 13 has delay, TPS and TXs: 0.8685994148254395, 60000 
2024-07-21 16:42:47,511 superfastpath.py [line:295] one_slot INFO AVG TPS: 19266, running time 3.114283, weighted delay: 0.876004 
2024-07-21 16:42:47,511 superfastpath.py [line:300] one_slot INFO output block for slot 13 taking 0.887864 sec 
2024-07-21 16:42:47,511 superfastpath.py [line:304] one_slot INFO Leaving slot 14 
2024-07-21 16:42:47,512 superfastpath.py [line:230] one_slot INFO Entering slot 15 
2024-07-21 16:42:47,901 superfastpath.py [line:246] one_slot INFO pending block 15 in 0.389375 
2024-07-21 16:42:47,901 superfastpath.py [line:255] one_slot INFO 2pending block 15 in 0.389588 
2024-07-21 16:42:47,917 superfastpath.py [line:273] one_slot INFO read pending block 15 in 0.405099 
2024-07-21 16:42:47,917 superfastpath.py [line:282] one_slot INFO 3pending block 15 in 0.405349 
2024-07-21 16:42:47,917 superfastpath.py [line:286] one_slot INFO delay block 14 in 0.826861 
2024-07-21 16:42:47,935 superfastpath.py [line:293] one_slot INFO Fast block at Node 10 for Epoch sidAFAST0 and Slot 14 has delay, TPS and TXs: 0.8268606662750244, 70000 
2024-07-21 16:42:47,936 superfastpath.py [line:295] one_slot INFO AVG TPS: 19782, running time 3.538567, weighted delay: 0.868983 
2024-07-21 16:42:47,936 superfastpath.py [line:300] one_slot INFO output block for slot 14 taking 0.845364 sec 
2024-07-21 16:42:47,936 superfastpath.py [line:304] one_slot INFO Leaving slot 15 
2024-07-21 16:42:47,936 superfastpath.py [line:230] one_slot INFO Entering slot 16 
2024-07-21 16:42:48,229 superfastpath.py [line:246] one_slot INFO pending block 16 in 0.292875 
2024-07-21 16:42:48,229 superfastpath.py [line:255] one_slot INFO 2pending block 16 in 0.293013 
2024-07-21 16:42:48,229 superfastpath.py [line:273] one_slot INFO read pending block 16 in 0.293110 
2024-07-21 16:42:48,229 superfastpath.py [line:282] one_slot INFO 3pending block 16 in 0.293172 
2024-07-21 16:42:48,231 superfastpath.py [line:286] one_slot INFO delay block 15 in 0.719300 
2024-07-21 16:42:48,290 superfastpath.py [line:293] one_slot INFO Fast block at Node 10 for Epoch sidAFAST0 and Slot 15 has delay, TPS and TXs: 0.7192997932434082, 80000 
2024-07-21 16:42:48,290 superfastpath.py [line:295] one_slot INFO AVG TPS: 20550, running time 3.892864, weighted delay: 0.850273 
2024-07-21 16:42:48,290 superfastpath.py [line:300] one_slot INFO output block for slot 15 taking 0.778191 sec 
2024-07-21 16:42:48,290 superfastpath.py [line:304] one_slot INFO Leaving slot 16 
2024-07-21 16:42:48,290 superfastpath.py [line:369] sufastpath INFO Leaves fastpath at 17 slot 
2024-07-21 16:42:48,290 Superfast.py [line:308] wait_for_fastpath INFO Fastpath of epoch 0 completed 
2024-07-21 16:42:48,291 Superfast.py [line:337] _run_epoch INFO Fastpath tps: 20549 delay 0.850273 
2024-07-21 16:42:53,291 Superfast.py [line:208] run_bft INFO node 10 breaks in 11.829605 seconds in epoch 0 with total delivered Txs 0 and average delay 0.000000 
2024-07-21 17:23:11,330 sufp_node.py [line:79] run INFO node 10's starts to run consensus on process id 28275 
2024-07-21 17:23:11,331 sufp_node.py [line:80] run INFO parameters: N=16, f=5, S=15, T=5, fast-batch=10000, acs-batch=62, K=1, O=0 
2024-07-21 17:23:11,331 sufp_node.py [line:62] prepare_bootstrap INFO node id 10 is inserting dummy payload TXs 
2024-07-21 17:23:11,331 sufp_node.py [line:70] prepare_bootstrap INFO node id 10 just inserts 50000 TXs 
2024-07-21 17:23:11,332 sufp_node.py [line:70] prepare_bootstrap INFO node id 10 just inserts 50000 TXs 
2024-07-21 17:23:11,332 sufp_node.py [line:74] prepare_bootstrap INFO node id 10 completed the loading of dummy TXs 
2024-07-21 17:23:11,332 Superfast.py [line:178] run_bft INFO Node 10 starts to run at time:1721553791.3322942 
2024-07-21 17:23:11,332 Superfast.py [line:231] _run_epoch INFO Node enters epoch 0 
2024-07-21 17:23:11,333 superfastpath_3.py [line:43] sufastpath INFO Entering fast path 
2024-07-21 17:23:11,333 superfastpath_3.py [line:232] one_slot INFO Entering slot 1 
2024-07-21 17:23:11,503 superfastpath_3.py [line:248] one_slot INFO pending block 1 in 0.149187 
2024-07-21 17:23:11,503 superfastpath_3.py [line:257] one_slot INFO 2pending block 1 in 0.149404 
2024-07-21 17:23:11,545 superfastpath_3.py [line:275] one_slot INFO read pending block 1 in 0.191087 
2024-07-21 17:23:11,545 superfastpath_3.py [line:306] one_slot INFO Leaving slot 1 
2024-07-21 17:23:11,547 superfastpath_3.py [line:232] one_slot INFO Entering slot 2 
2024-07-21 17:23:11,735 superfastpath_3.py [line:248] one_slot INFO pending block 2 in 0.124138 
2024-07-21 17:23:11,735 superfastpath_3.py [line:257] one_slot INFO 2pending block 2 in 0.124584 
2024-07-21 17:23:11,783 superfastpath_3.py [line:275] one_slot INFO read pending block 2 in 0.172460 
2024-07-21 17:23:11,785 superfastpath_3.py [line:306] one_slot INFO Leaving slot 2 
2024-07-21 17:23:11,785 superfastpath_3.py [line:232] one_slot INFO Entering slot 3 
2024-07-21 17:23:12,015 superfastpath_3.py [line:248] one_slot INFO pending block 3 in 0.181094 
2024-07-21 17:23:12,015 superfastpath_3.py [line:257] one_slot INFO 2pending block 3 in 0.181308 
2024-07-21 17:23:12,041 superfastpath_3.py [line:275] one_slot INFO read pending block 3 in 0.207503 
2024-07-21 17:23:12,041 superfastpath_3.py [line:306] one_slot INFO Leaving slot 3 
2024-07-21 17:23:12,041 superfastpath_3.py [line:232] one_slot INFO Entering slot 4 
2024-07-21 17:23:12,413 superfastpath_3.py [line:248] one_slot INFO pending block 4 in 0.196034 
2024-07-21 17:23:12,413 superfastpath_3.py [line:257] one_slot INFO 2pending block 4 in 0.196265 
2024-07-21 17:23:12,430 superfastpath_3.py [line:275] one_slot INFO read pending block 4 in 0.213234 
2024-07-21 17:23:12,430 superfastpath_3.py [line:306] one_slot INFO Leaving slot 4 
2024-07-21 17:23:12,430 superfastpath_3.py [line:232] one_slot INFO Entering slot 5 
2024-07-21 17:23:12,831 superfastpath_3.py [line:248] one_slot INFO pending block 5 in 0.176164 
2024-07-21 17:23:12,831 superfastpath_3.py [line:257] one_slot INFO 2pending block 5 in 0.176389 
2024-07-21 17:23:12,849 superfastpath_3.py [line:275] one_slot INFO read pending block 5 in 0.194035 
2024-07-21 17:23:12,849 superfastpath_3.py [line:306] one_slot INFO Leaving slot 5 
2024-07-21 17:23:12,850 superfastpath_3.py [line:232] one_slot INFO Entering slot 6 
2024-07-21 17:23:13,249 superfastpath_3.py [line:248] one_slot INFO pending block 6 in 0.172785 
2024-07-21 17:23:13,249 superfastpath_3.py [line:257] one_slot INFO 2pending block 6 in 0.173004 
2024-07-21 17:23:13,268 superfastpath_3.py [line:275] one_slot INFO read pending block 6 in 0.191065 
2024-07-21 17:23:13,268 superfastpath_3.py [line:306] one_slot INFO Leaving slot 6 
2024-07-21 17:23:13,268 superfastpath_3.py [line:232] one_slot INFO Entering slot 7 
2024-07-21 17:23:13,675 superfastpath_3.py [line:248] one_slot INFO pending block 7 in 0.178504 
2024-07-21 17:23:13,675 superfastpath_3.py [line:257] one_slot INFO 2pending block 7 in 0.178693 
2024-07-21 17:23:13,692 superfastpath_3.py [line:275] one_slot INFO read pending block 7 in 0.195940 
2024-07-21 17:23:13,693 superfastpath_3.py [line:306] one_slot INFO Leaving slot 7 
2024-07-21 17:23:13,693 superfastpath_3.py [line:232] one_slot INFO Entering slot 8 
2024-07-21 17:23:14,129 superfastpath_3.py [line:248] one_slot INFO pending block 8 in 0.197025 
2024-07-21 17:23:14,129 superfastpath_3.py [line:257] one_slot INFO 2pending block 8 in 0.197441 
2024-07-21 17:23:14,154 superfastpath_3.py [line:275] one_slot INFO read pending block 8 in 0.222066 
2024-07-21 17:23:14,154 superfastpath_3.py [line:306] one_slot INFO Leaving slot 8 
2024-07-21 17:23:14,154 superfastpath_3.py [line:232] one_slot INFO Entering slot 9 
2024-07-21 17:23:14,517 superfastpath_3.py [line:248] one_slot INFO pending block 9 in 0.179628 
2024-07-21 17:23:14,517 superfastpath_3.py [line:257] one_slot INFO 2pending block 9 in 0.179861 
2024-07-21 17:23:14,538 superfastpath_3.py [line:275] one_slot INFO read pending block 9 in 0.200907 
2024-07-21 17:23:14,538 superfastpath_3.py [line:284] one_slot INFO 3pending block 9 in 0.201135 
2024-07-21 17:23:14,538 superfastpath_3.py [line:288] one_slot INFO delay block 8 in 0.606536 
2024-07-21 17:23:14,574 superfastpath_3.py [line:295] one_slot INFO Fast block at Node 10 for Epoch sidAFAST0 and Slot 8 has delay, TPS and TXs: 0.6065363883972168, 10000 
2024-07-21 17:23:14,574 superfastpath_3.py [line:297] one_slot INFO AVG TPS: 11351, running time 0.880956, weighted delay: 0.606536 
2024-07-21 17:23:14,574 superfastpath_3.py [line:302] one_slot INFO output block for slot 8 taking 0.642129 sec 
2024-07-21 17:23:14,574 superfastpath_3.py [line:306] one_slot INFO Leaving slot 9 
2024-07-21 17:23:14,576 superfastpath_3.py [line:232] one_slot INFO Entering slot 10 
2024-07-21 17:23:14,942 superfastpath_3.py [line:248] one_slot INFO pending block 10 in 0.204883 
2024-07-21 17:23:14,942 superfastpath_3.py [line:257] one_slot INFO 2pending block 10 in 0.205110 
2024-07-21 17:23:14,974 superfastpath_3.py [line:275] one_slot INFO read pending block 10 in 0.236778 
2024-07-21 17:23:14,974 superfastpath_3.py [line:284] one_slot INFO 3pending block 10 in 0.236987 
2024-07-21 17:23:14,974 superfastpath_3.py [line:288] one_slot INFO delay block 9 in 0.637394 
2024-07-21 17:23:14,991 superfastpath_3.py [line:295] one_slot INFO Fast block at Node 10 for Epoch sidAFAST0 and Slot 9 has delay, TPS and TXs: 0.6373937129974365, 20000 
2024-07-21 17:23:14,991 superfastpath_3.py [line:297] one_slot INFO AVG TPS: 15400, running time 1.298663, weighted delay: 0.621965 
2024-07-21 17:23:14,992 superfastpath_3.py [line:302] one_slot INFO output block for slot 9 taking 0.654506 sec 
2024-07-21 17:23:14,992 superfastpath_3.py [line:306] one_slot INFO Leaving slot 10 
2024-07-21 17:23:14,992 superfastpath_3.py [line:232] one_slot INFO Entering slot 11 
2024-07-21 17:23:15,364 superfastpath_3.py [line:248] one_slot INFO pending block 11 in 0.181833 
2024-07-21 17:23:15,365 superfastpath_3.py [line:257] one_slot INFO 2pending block 11 in 0.182038 
2024-07-21 17:23:15,380 superfastpath_3.py [line:275] one_slot INFO read pending block 11 in 0.197638 
2024-07-21 17:23:15,381 superfastpath_3.py [line:284] one_slot INFO 3pending block 11 in 0.198389 
2024-07-21 17:23:15,381 superfastpath_3.py [line:288] one_slot INFO delay block 10 in 0.643811 
2024-07-21 17:23:15,398 superfastpath_3.py [line:295] one_slot INFO Fast block at Node 10 for Epoch sidAFAST0 and Slot 10 has delay, TPS and TXs: 0.6438107490539551, 30000 
2024-07-21 17:23:15,398 superfastpath_3.py [line:297] one_slot INFO AVG TPS: 17593, running time 1.705184, weighted delay: 0.629247 
2024-07-21 17:23:15,398 superfastpath_3.py [line:302] one_slot INFO output block for slot 10 taking 0.660729 sec 
2024-07-21 17:23:15,398 superfastpath_3.py [line:306] one_slot INFO Leaving slot 11 
2024-07-21 17:23:15,398 superfastpath_3.py [line:232] one_slot INFO Entering slot 12 
2024-07-21 17:23:15,754 superfastpath_3.py [line:248] one_slot INFO pending block 12 in 0.168744 
2024-07-21 17:23:15,755 superfastpath_3.py [line:257] one_slot INFO 2pending block 12 in 0.169723 
2024-07-21 17:23:15,785 superfastpath_3.py [line:275] one_slot INFO read pending block 12 in 0.200322 
2024-07-21 17:23:15,786 superfastpath_3.py [line:284] one_slot INFO 3pending block 12 in 0.200539 
2024-07-21 17:23:15,786 superfastpath_3.py [line:288] one_slot INFO delay block 11 in 0.603258 
2024-07-21 17:23:15,817 superfastpath_3.py [line:295] one_slot INFO Fast block at Node 10 for Epoch sidAFAST0 and Slot 11 has delay, TPS and TXs: 0.6032578945159912, 40000 
2024-07-21 17:23:15,818 superfastpath_3.py [line:297] one_slot INFO AVG TPS: 18824, running time 2.124838, weighted delay: 0.622750 
2024-07-21 17:23:15,819 superfastpath_3.py [line:302] one_slot INFO output block for slot 11 taking 0.636212 sec 
2024-07-21 17:23:15,819 superfastpath_3.py [line:306] one_slot INFO Leaving slot 12 
2024-07-21 17:23:15,819 superfastpath_3.py [line:232] one_slot INFO Entering slot 13 
2024-07-21 17:23:16,201 superfastpath_3.py [line:248] one_slot INFO pending block 13 in 0.188474 
2024-07-21 17:23:16,202 superfastpath_3.py [line:257] one_slot INFO 2pending block 13 in 0.188707 
2024-07-21 17:23:16,218 superfastpath_3.py [line:275] one_slot INFO read pending block 13 in 0.205781 
2024-07-21 17:23:16,218 superfastpath_3.py [line:284] one_slot INFO 3pending block 13 in 0.205959 
2024-07-21 17:23:16,218 superfastpath_3.py [line:288] one_slot INFO delay block 12 in 0.633317 
2024-07-21 17:23:16,234 superfastpath_3.py [line:295] one_slot INFO Fast block at Node 10 for Epoch sidAFAST0 and Slot 12 has delay, TPS and TXs: 0.6333165168762207, 50000 
2024-07-21 17:23:16,234 superfastpath_3.py [line:297] one_slot INFO AVG TPS: 19674, running time 2.541309, weighted delay: 0.624863 
2024-07-21 17:23:16,234 superfastpath_3.py [line:302] one_slot INFO output block for slot 12 taking 0.649085 sec 
2024-07-21 17:23:16,234 superfastpath_3.py [line:306] one_slot INFO Leaving slot 13 
2024-07-21 17:23:16,234 superfastpath_3.py [line:232] one_slot INFO Entering slot 14 
2024-07-21 17:23:16,670 superfastpath_3.py [line:248] one_slot INFO pending block 14 in 0.212856 
2024-07-21 17:23:16,670 superfastpath_3.py [line:257] one_slot INFO 2pending block 14 in 0.213051 
2024-07-21 17:23:16,686 superfastpath_3.py [line:275] one_slot INFO read pending block 14 in 0.229451 
2024-07-21 17:23:16,687 superfastpath_3.py [line:284] one_slot INFO 3pending block 14 in 0.229706 
2024-07-21 17:23:16,687 superfastpath_3.py [line:288] one_slot INFO delay block 13 in 0.674475 
2024-07-21 17:23:16,703 superfastpath_3.py [line:295] one_slot INFO Fast block at Node 10 for Epoch sidAFAST0 and Slot 13 has delay, TPS and TXs: 0.6744751930236816, 60000 
2024-07-21 17:23:16,703 superfastpath_3.py [line:297] one_slot INFO AVG TPS: 19929, running time 3.010686, weighted delay: 0.633132 
2024-07-21 17:23:16,704 superfastpath_3.py [line:302] one_slot INFO output block for slot 13 taking 0.691186 sec 
2024-07-21 17:23:16,704 superfastpath_3.py [line:306] one_slot INFO Leaving slot 14 
2024-07-21 17:23:16,704 superfastpath_3.py [line:232] one_slot INFO Entering slot 15 
2024-07-21 17:23:17,118 superfastpath_3.py [line:248] one_slot INFO pending block 15 in 0.193923 
2024-07-21 17:23:17,119 superfastpath_3.py [line:257] one_slot INFO 2pending block 15 in 0.194125 
2024-07-21 17:23:17,143 superfastpath_3.py [line:275] one_slot INFO read pending block 15 in 0.218052 
2024-07-21 17:23:17,143 superfastpath_3.py [line:284] one_slot INFO 3pending block 15 in 0.218570 
2024-07-21 17:23:17,143 superfastpath_3.py [line:288] one_slot INFO delay block 14 in 0.686345 
2024-07-21 17:23:17,163 superfastpath_3.py [line:295] one_slot INFO Fast block at Node 10 for Epoch sidAFAST0 and Slot 14 has delay, TPS and TXs: 0.686345100402832, 70000 
2024-07-21 17:23:17,164 superfastpath_3.py [line:297] one_slot INFO AVG TPS: 20168, running time 3.470771, weighted delay: 0.640734 
2024-07-21 17:23:17,164 superfastpath_3.py [line:302] one_slot INFO output block for slot 14 taking 0.707222 sec 
2024-07-21 17:23:17,164 superfastpath_3.py [line:306] one_slot INFO Leaving slot 15 
2024-07-21 17:23:17,164 superfastpath_3.py [line:232] one_slot INFO Entering slot 16 
2024-07-21 17:23:17,385 superfastpath_3.py [line:248] one_slot INFO pending block 16 in 0.016850 
2024-07-21 17:23:17,385 superfastpath_3.py [line:257] one_slot INFO 2pending block 16 in 0.017016 
2024-07-21 17:23:17,385 superfastpath_3.py [line:275] one_slot INFO read pending block 16 in 0.017148 
2024-07-21 17:23:17,385 superfastpath_3.py [line:284] one_slot INFO 3pending block 16 in 0.017235 
2024-07-21 17:23:17,385 superfastpath_3.py [line:288] one_slot INFO delay block 15 in 0.460524 
2024-07-21 17:23:17,430 superfastpath_3.py [line:295] one_slot INFO Fast block at Node 10 for Epoch sidAFAST0 and Slot 15 has delay, TPS and TXs: 0.4605240821838379, 80000 
2024-07-21 17:23:17,430 superfastpath_3.py [line:297] one_slot INFO AVG TPS: 21404, running time 3.737563, weighted delay: 0.618207 
2024-07-21 17:23:17,430 superfastpath_3.py [line:302] one_slot INFO output block for slot 15 taking 0.505940 sec 
2024-07-21 17:23:17,430 superfastpath_3.py [line:306] one_slot INFO Leaving slot 16 
2024-07-21 17:23:17,431 superfastpath_3.py [line:371] sufastpath INFO Leaves fastpath at 17 slot 
2024-07-21 17:23:17,431 Superfast.py [line:308] wait_for_fastpath INFO Fastpath of epoch 0 completed 
2024-07-21 17:23:17,431 Superfast.py [line:337] _run_epoch INFO Fastpath tps: 21403 delay 0.618207 
2024-07-21 17:23:22,432 Superfast.py [line:208] run_bft INFO node 10 breaks in 11.099771 seconds in epoch 0 with total delivered Txs 0 and average delay 0.000000 
2024-07-21 17:26:58,976 sufp_node.py [line:79] run INFO node 10's starts to run consensus on process id 28556 
2024-07-21 17:26:58,977 sufp_node.py [line:80] run INFO parameters: N=16, f=5, S=15, T=5, fast-batch=10000, acs-batch=62, K=1, O=0 
2024-07-21 17:26:58,977 sufp_node.py [line:62] prepare_bootstrap INFO node id 10 is inserting dummy payload TXs 
2024-07-21 17:26:58,977 sufp_node.py [line:70] prepare_bootstrap INFO node id 10 just inserts 50000 TXs 
2024-07-21 17:26:58,977 sufp_node.py [line:70] prepare_bootstrap INFO node id 10 just inserts 50000 TXs 
2024-07-21 17:26:58,977 sufp_node.py [line:74] prepare_bootstrap INFO node id 10 completed the loading of dummy TXs 
2024-07-21 17:26:58,978 Superfast.py [line:178] run_bft INFO Node 10 starts to run at time:1721554018.9779994 
2024-07-21 17:26:58,978 Superfast.py [line:231] _run_epoch INFO Node enters epoch 0 
2024-07-21 17:26:58,978 superfastpath_3.py [line:43] sufastpath INFO Entering fast path 
2024-07-21 17:26:58,979 superfastpath_3.py [line:232] one_slot INFO Entering slot 1 
2024-07-21 17:26:59,524 superfastpath_3.py [line:248] one_slot INFO pending block 1 in 0.238625 
2024-07-21 17:26:59,524 superfastpath_3.py [line:257] one_slot INFO 2pending block 1 in 0.238826 
2024-07-21 17:26:59,544 superfastpath_3.py [line:275] one_slot INFO read pending block 1 in 0.258841 
2024-07-21 17:26:59,545 superfastpath_3.py [line:306] one_slot INFO Leaving slot 1 
2024-07-21 17:26:59,546 superfastpath_3.py [line:232] one_slot INFO Entering slot 2 
2024-07-21 17:26:59,793 superfastpath_3.py [line:248] one_slot INFO pending block 2 in 0.184368 
2024-07-21 17:26:59,793 superfastpath_3.py [line:257] one_slot INFO 2pending block 2 in 0.184843 
2024-07-21 17:26:59,819 superfastpath_3.py [line:275] one_slot INFO read pending block 2 in 0.210226 
2024-07-21 17:26:59,819 superfastpath_3.py [line:306] one_slot INFO Leaving slot 2 
2024-07-21 17:26:59,819 superfastpath_3.py [line:232] one_slot INFO Entering slot 3 
2024-07-21 17:27:00,078 superfastpath_3.py [line:248] one_slot INFO pending block 3 in 0.184566 
2024-07-21 17:27:00,078 superfastpath_3.py [line:257] one_slot INFO 2pending block 3 in 0.185412 
2024-07-21 17:27:00,099 superfastpath_3.py [line:275] one_slot INFO read pending block 3 in 0.206661 
2024-07-21 17:27:00,099 superfastpath_3.py [line:306] one_slot INFO Leaving slot 3 
2024-07-21 17:27:00,099 superfastpath_3.py [line:232] one_slot INFO Entering slot 4 
2024-07-21 17:27:00,537 superfastpath_3.py [line:248] one_slot INFO pending block 4 in 0.174241 
2024-07-21 17:27:00,537 superfastpath_3.py [line:257] one_slot INFO 2pending block 4 in 0.174594 
2024-07-21 17:27:00,559 superfastpath_3.py [line:275] one_slot INFO read pending block 4 in 0.196524 
2024-07-21 17:27:00,559 superfastpath_3.py [line:306] one_slot INFO Leaving slot 4 
2024-07-21 17:27:00,560 superfastpath_3.py [line:232] one_slot INFO Entering slot 5 
2024-07-21 17:27:00,972 superfastpath_3.py [line:248] one_slot INFO pending block 5 in 0.167067 
2024-07-21 17:27:00,972 superfastpath_3.py [line:257] one_slot INFO 2pending block 5 in 0.167277 
2024-07-21 17:27:00,987 superfastpath_3.py [line:275] one_slot INFO read pending block 5 in 0.182303 
2024-07-21 17:27:00,987 superfastpath_3.py [line:306] one_slot INFO Leaving slot 5 
2024-07-21 17:27:00,988 superfastpath_3.py [line:232] one_slot INFO Entering slot 6 
2024-07-21 17:27:01,387 superfastpath_3.py [line:248] one_slot INFO pending block 6 in 0.146963 
2024-07-21 17:27:01,387 superfastpath_3.py [line:257] one_slot INFO 2pending block 6 in 0.147145 
2024-07-21 17:27:01,404 superfastpath_3.py [line:275] one_slot INFO read pending block 6 in 0.163442 
2024-07-21 17:27:01,404 superfastpath_3.py [line:306] one_slot INFO Leaving slot 6 
2024-07-21 17:27:01,404 superfastpath_3.py [line:232] one_slot INFO Entering slot 7 
2024-07-21 17:27:01,820 superfastpath_3.py [line:248] one_slot INFO pending block 7 in 0.178455 
2024-07-21 17:27:01,821 superfastpath_3.py [line:257] one_slot INFO 2pending block 7 in 0.179102 
2024-07-21 17:27:01,845 superfastpath_3.py [line:275] one_slot INFO read pending block 7 in 0.203491 
2024-07-21 17:27:01,845 superfastpath_3.py [line:306] one_slot INFO Leaving slot 7 
2024-07-21 17:27:01,845 superfastpath_3.py [line:232] one_slot INFO Entering slot 8 
2024-07-21 17:27:02,246 superfastpath_3.py [line:248] one_slot INFO pending block 8 in 0.164782 
2024-07-21 17:27:02,246 superfastpath_3.py [line:257] one_slot INFO 2pending block 8 in 0.165012 
2024-07-21 17:27:02,263 superfastpath_3.py [line:275] one_slot INFO read pending block 8 in 0.182485 
2024-07-21 17:27:02,263 superfastpath_3.py [line:306] one_slot INFO Leaving slot 8 
2024-07-21 17:27:02,264 superfastpath_3.py [line:232] one_slot INFO Entering slot 9 
2024-07-21 17:27:02,677 superfastpath_3.py [line:248] one_slot INFO pending block 9 in 0.155232 
2024-07-21 17:27:02,677 superfastpath_3.py [line:257] one_slot INFO 2pending block 9 in 0.156243 
2024-07-21 17:27:02,698 superfastpath_3.py [line:275] one_slot INFO read pending block 9 in 0.176628 
2024-07-21 17:27:02,698 superfastpath_3.py [line:284] one_slot INFO 3pending block 9 in 0.176862 
2024-07-21 17:27:02,698 superfastpath_3.py [line:288] one_slot INFO delay block 8 in 0.617329 
2024-07-21 17:27:02,715 superfastpath_3.py [line:295] one_slot INFO Fast block at Node 10 for Epoch sidAFAST0 and Slot 8 has delay, TPS and TXs: 0.6173286437988281, 10000 
2024-07-21 17:27:02,716 superfastpath_3.py [line:297] one_slot INFO AVG TPS: 11489, running time 0.870381, weighted delay: 0.617329 
2024-07-21 17:27:02,716 superfastpath_3.py [line:302] one_slot INFO output block for slot 8 taking 0.635168 sec 
2024-07-21 17:27:02,716 superfastpath_3.py [line:306] one_slot INFO Leaving slot 9 
2024-07-21 17:27:02,716 superfastpath_3.py [line:232] one_slot INFO Entering slot 10 
2024-07-21 17:27:03,144 superfastpath_3.py [line:248] one_slot INFO pending block 10 in 0.152606 
2024-07-21 17:27:03,144 superfastpath_3.py [line:257] one_slot INFO 2pending block 10 in 0.152830 
2024-07-21 17:27:03,170 superfastpath_3.py [line:275] one_slot INFO read pending block 10 in 0.178799 
2024-07-21 17:27:03,171 superfastpath_3.py [line:284] one_slot INFO 3pending block 10 in 0.179041 
2024-07-21 17:27:03,171 superfastpath_3.py [line:288] one_slot INFO delay block 9 in 0.649549 
2024-07-21 17:27:03,189 superfastpath_3.py [line:295] one_slot INFO Fast block at Node 10 for Epoch sidAFAST0 and Slot 9 has delay, TPS and TXs: 0.6495485305786133, 20000 
2024-07-21 17:27:03,189 superfastpath_3.py [line:297] one_slot INFO AVG TPS: 14886, running time 1.343497, weighted delay: 0.633439 
2024-07-21 17:27:03,189 superfastpath_3.py [line:302] one_slot INFO output block for slot 9 taking 0.667835 sec 
2024-07-21 17:27:03,189 superfastpath_3.py [line:306] one_slot INFO Leaving slot 10 
2024-07-21 17:27:03,189 superfastpath_3.py [line:232] one_slot INFO Entering slot 11 
2024-07-21 17:27:03,593 superfastpath_3.py [line:248] one_slot INFO pending block 11 in 0.142187 
2024-07-21 17:27:03,593 superfastpath_3.py [line:257] one_slot INFO 2pending block 11 in 0.142404 
2024-07-21 17:27:03,620 superfastpath_3.py [line:275] one_slot INFO read pending block 11 in 0.169683 
2024-07-21 17:27:03,620 superfastpath_3.py [line:284] one_slot INFO 3pending block 11 in 0.169896 
2024-07-21 17:27:03,620 superfastpath_3.py [line:288] one_slot INFO delay block 10 in 0.628893 
2024-07-21 17:27:03,637 superfastpath_3.py [line:295] one_slot INFO Fast block at Node 10 for Epoch sidAFAST0 and Slot 10 has delay, TPS and TXs: 0.6288928985595703, 30000 
2024-07-21 17:27:03,637 superfastpath_3.py [line:297] one_slot INFO AVG TPS: 16743, running time 1.791763, weighted delay: 0.631923 
2024-07-21 17:27:03,638 superfastpath_3.py [line:302] one_slot INFO output block for slot 10 taking 0.646086 sec 
2024-07-21 17:27:03,638 superfastpath_3.py [line:306] one_slot INFO Leaving slot 11 
2024-07-21 17:27:03,638 superfastpath_3.py [line:232] one_slot INFO Entering slot 12 
2024-07-21 17:27:04,081 superfastpath_3.py [line:248] one_slot INFO pending block 12 in 0.167110 
2024-07-21 17:27:04,081 superfastpath_3.py [line:257] one_slot INFO 2pending block 12 in 0.167315 
2024-07-21 17:27:04,102 superfastpath_3.py [line:275] one_slot INFO read pending block 12 in 0.188506 
2024-07-21 17:27:04,102 superfastpath_3.py [line:284] one_slot INFO 3pending block 12 in 0.188710 
2024-07-21 17:27:04,102 superfastpath_3.py [line:288] one_slot INFO delay block 11 in 0.652036 
2024-07-21 17:27:04,120 superfastpath_3.py [line:295] one_slot INFO Fast block at Node 10 for Epoch sidAFAST0 and Slot 11 has delay, TPS and TXs: 0.652036190032959, 40000 
2024-07-21 17:27:04,120 superfastpath_3.py [line:297] one_slot INFO AVG TPS: 17586, running time 2.274441, weighted delay: 0.636952 
2024-07-21 17:27:04,120 superfastpath_3.py [line:302] one_slot INFO output block for slot 11 taking 0.669549 sec 
2024-07-21 17:27:04,120 superfastpath_3.py [line:306] one_slot INFO Leaving slot 12 
2024-07-21 17:27:04,120 superfastpath_3.py [line:232] one_slot INFO Entering slot 13 
2024-07-21 17:27:04,501 superfastpath_3.py [line:248] one_slot INFO pending block 13 in 0.111679 
2024-07-21 17:27:04,501 superfastpath_3.py [line:257] one_slot INFO 2pending block 13 in 0.111842 
2024-07-21 17:27:04,519 superfastpath_3.py [line:275] one_slot INFO read pending block 13 in 0.130092 
2024-07-21 17:27:04,519 superfastpath_3.py [line:284] one_slot INFO 3pending block 13 in 0.130244 
2024-07-21 17:27:04,519 superfastpath_3.py [line:288] one_slot INFO delay block 12 in 0.605714 
2024-07-21 17:27:04,534 superfastpath_3.py [line:295] one_slot INFO Fast block at Node 10 for Epoch sidAFAST0 and Slot 12 has delay, TPS and TXs: 0.6057140827178955, 50000 
2024-07-21 17:27:04,534 superfastpath_3.py [line:297] one_slot INFO AVG TPS: 18594, running time 2.688930, weighted delay: 0.630704 
2024-07-21 17:27:04,534 superfastpath_3.py [line:302] one_slot INFO output block for slot 12 taking 0.620712 sec 
2024-07-21 17:27:04,534 superfastpath_3.py [line:306] one_slot INFO Leaving slot 13 
2024-07-21 17:27:04,535 superfastpath_3.py [line:232] one_slot INFO Entering slot 14 
2024-07-21 17:27:05,022 superfastpath_3.py [line:248] one_slot INFO pending block 14 in 0.169397 
2024-07-21 17:27:05,022 superfastpath_3.py [line:257] one_slot INFO 2pending block 14 in 0.169682 
2024-07-21 17:27:05,067 superfastpath_3.py [line:275] one_slot INFO read pending block 14 in 0.214230 
2024-07-21 17:27:05,067 superfastpath_3.py [line:284] one_slot INFO 3pending block 14 in 0.214458 
2024-07-21 17:27:05,067 superfastpath_3.py [line:288] one_slot INFO delay block 13 in 0.677845 
2024-07-21 17:27:05,102 superfastpath_3.py [line:295] one_slot INFO Fast block at Node 10 for Epoch sidAFAST0 and Slot 13 has delay, TPS and TXs: 0.6778450012207031, 60000 
2024-07-21 17:27:05,103 superfastpath_3.py [line:297] one_slot INFO AVG TPS: 18420, running time 3.257316, weighted delay: 0.638561 
2024-07-21 17:27:05,103 superfastpath_3.py [line:302] one_slot INFO output block for slot 13 taking 0.714142 sec 
2024-07-21 17:27:05,103 superfastpath_3.py [line:306] one_slot INFO Leaving slot 14 
2024-07-21 17:27:05,103 superfastpath_3.py [line:232] one_slot INFO Entering slot 15 
2024-07-21 17:27:05,479 superfastpath_3.py [line:248] one_slot INFO pending block 15 in 0.152754 
2024-07-21 17:27:05,479 superfastpath_3.py [line:257] one_slot INFO 2pending block 15 in 0.152956 
2024-07-21 17:27:05,495 superfastpath_3.py [line:275] one_slot INFO read pending block 15 in 0.168771 
2024-07-21 17:27:05,495 superfastpath_3.py [line:284] one_slot INFO 3pending block 15 in 0.169301 
2024-07-21 17:27:05,495 superfastpath_3.py [line:288] one_slot INFO delay block 14 in 0.643144 
2024-07-21 17:27:05,511 superfastpath_3.py [line:295] one_slot INFO Fast block at Node 10 for Epoch sidAFAST0 and Slot 14 has delay, TPS and TXs: 0.6431443691253662, 70000 
2024-07-21 17:27:05,512 superfastpath_3.py [line:297] one_slot INFO AVG TPS: 19093, running time 3.666194, weighted delay: 0.639216 
2024-07-21 17:27:05,512 superfastpath_3.py [line:302] one_slot INFO output block for slot 14 taking 0.659315 sec 
2024-07-21 17:27:05,512 superfastpath_3.py [line:306] one_slot INFO Leaving slot 15 
2024-07-21 17:27:05,512 superfastpath_3.py [line:232] one_slot INFO Entering slot 16 
2024-07-21 17:27:05,764 superfastpath_3.py [line:248] one_slot INFO pending block 16 in 0.012343 
2024-07-21 17:27:05,764 superfastpath_3.py [line:257] one_slot INFO 2pending block 16 in 0.012567 
2024-07-21 17:27:05,764 superfastpath_3.py [line:275] one_slot INFO read pending block 16 in 0.012718 
2024-07-21 17:27:05,764 superfastpath_3.py [line:284] one_slot INFO 3pending block 16 in 0.012800 
2024-07-21 17:27:05,764 superfastpath_3.py [line:288] one_slot INFO delay block 15 in 0.438200 
2024-07-21 17:27:05,829 superfastpath_3.py [line:295] one_slot INFO Fast block at Node 10 for Epoch sidAFAST0 and Slot 15 has delay, TPS and TXs: 0.4382002353668213, 80000 
2024-07-21 17:27:05,829 superfastpath_3.py [line:297] one_slot INFO AVG TPS: 20081, running time 3.983791, weighted delay: 0.614089 
2024-07-21 17:27:05,829 superfastpath_3.py [line:302] one_slot INFO output block for slot 15 taking 0.503230 sec 
2024-07-21 17:27:05,829 superfastpath_3.py [line:306] one_slot INFO Leaving slot 16 
2024-07-21 17:27:05,829 superfastpath_3.py [line:371] sufastpath INFO Leaves fastpath at 17 slot 
2024-07-21 17:27:05,844 Superfast.py [line:308] wait_for_fastpath INFO Fastpath of epoch 0 completed 
2024-07-21 17:27:05,844 Superfast.py [line:337] _run_epoch INFO Fastpath tps: 20080 delay 0.614089 
2024-07-21 17:30:44,959 sufp_node.py [line:79] run INFO node 10's starts to run consensus on process id 28855 
2024-07-21 17:30:44,959 sufp_node.py [line:80] run INFO parameters: N=16, f=5, S=15, T=5, fast-batch=1000, acs-batch=62, K=1, O=0 
2024-07-21 17:30:44,959 sufp_node.py [line:62] prepare_bootstrap INFO node id 10 is inserting dummy payload TXs 
2024-07-21 17:30:44,960 sufp_node.py [line:70] prepare_bootstrap INFO node id 10 just inserts 50000 TXs 
2024-07-21 17:30:44,960 sufp_node.py [line:70] prepare_bootstrap INFO node id 10 just inserts 50000 TXs 
2024-07-21 17:30:44,960 sufp_node.py [line:74] prepare_bootstrap INFO node id 10 completed the loading of dummy TXs 
2024-07-21 17:30:44,960 Superfast.py [line:178] run_bft INFO Node 10 starts to run at time:1721554244.960602 
2024-07-21 17:30:44,960 Superfast.py [line:231] _run_epoch INFO Node enters epoch 0 
2024-07-21 17:30:44,961 superfastpath_3.py [line:43] sufastpath INFO Entering fast path 
2024-07-21 17:30:44,961 superfastpath_3.py [line:232] one_slot INFO Entering slot 1 
2024-07-21 17:30:44,995 superfastpath_3.py [line:248] one_slot INFO pending block 1 in 0.029415 
2024-07-21 17:30:44,995 superfastpath_3.py [line:257] one_slot INFO 2pending block 1 in 0.029614 
2024-07-21 17:30:44,997 superfastpath_3.py [line:275] one_slot INFO read pending block 1 in 0.031204 
2024-07-21 17:30:44,997 superfastpath_3.py [line:306] one_slot INFO Leaving slot 1 
2024-07-21 17:30:44,997 superfastpath_3.py [line:232] one_slot INFO Entering slot 2 
2024-07-21 17:30:45,076 superfastpath_3.py [line:248] one_slot INFO pending block 2 in 0.026451 
2024-07-21 17:30:45,076 superfastpath_3.py [line:257] one_slot INFO 2pending block 2 in 0.026641 
2024-07-21 17:30:45,083 superfastpath_3.py [line:275] one_slot INFO read pending block 2 in 0.032969 
2024-07-21 17:30:45,084 superfastpath_3.py [line:306] one_slot INFO Leaving slot 2 
2024-07-21 17:30:45,084 superfastpath_3.py [line:232] one_slot INFO Entering slot 3 
2024-07-21 17:30:45,144 superfastpath_3.py [line:248] one_slot INFO pending block 3 in 0.043377 
2024-07-21 17:30:45,144 superfastpath_3.py [line:257] one_slot INFO 2pending block 3 in 0.043570 
2024-07-21 17:30:45,146 superfastpath_3.py [line:275] one_slot INFO read pending block 3 in 0.045341 
2024-07-21 17:30:45,146 superfastpath_3.py [line:306] one_slot INFO Leaving slot 3 
2024-07-21 17:30:45,147 superfastpath_3.py [line:232] one_slot INFO Entering slot 4 
2024-07-21 17:30:45,211 superfastpath_3.py [line:248] one_slot INFO pending block 4 in 0.039341 
2024-07-21 17:30:45,211 superfastpath_3.py [line:257] one_slot INFO 2pending block 4 in 0.039572 
2024-07-21 17:30:45,213 superfastpath_3.py [line:275] one_slot INFO read pending block 4 in 0.041700 
2024-07-21 17:30:45,213 superfastpath_3.py [line:306] one_slot INFO Leaving slot 4 
2024-07-21 17:30:45,213 superfastpath_3.py [line:232] one_slot INFO Entering slot 5 
2024-07-21 17:30:45,280 superfastpath_3.py [line:248] one_slot INFO pending block 5 in 0.035502 
2024-07-21 17:30:45,280 superfastpath_3.py [line:257] one_slot INFO 2pending block 5 in 0.035691 
2024-07-21 17:30:45,283 superfastpath_3.py [line:275] one_slot INFO read pending block 5 in 0.038421 
2024-07-21 17:30:45,284 superfastpath_3.py [line:306] one_slot INFO Leaving slot 5 
2024-07-21 17:30:45,284 superfastpath_3.py [line:232] one_slot INFO Entering slot 6 
2024-07-21 17:30:50,285 superfastpath_3.py [line:364] sufastpath INFO Fastpath Timeout! 
2024-07-21 17:30:50,285 superfastpath_3.py [line:371] sufastpath INFO Leaves fastpath at 6 slot 
2024-07-21 17:30:50,285 Superfast.py [line:308] wait_for_fastpath INFO Fastpath of epoch 0 completed 
2024-07-21 17:30:55,285 Superfast.py [line:208] run_bft INFO node 10 breaks in 10.325341 seconds in epoch 0 with total delivered Txs 0 and average delay 0.000000 
2024-07-21 17:32:25,632 sufp_node.py [line:79] run INFO node 10's starts to run consensus on process id 29294 
2024-07-21 17:32:25,632 sufp_node.py [line:80] run INFO parameters: N=16, f=5, S=15, T=5, fast-batch=1000, acs-batch=62, K=1, O=0 
2024-07-21 17:32:25,633 sufp_node.py [line:62] prepare_bootstrap INFO node id 10 is inserting dummy payload TXs 
2024-07-21 17:32:25,633 sufp_node.py [line:70] prepare_bootstrap INFO node id 10 just inserts 50000 TXs 
2024-07-21 17:32:25,633 sufp_node.py [line:70] prepare_bootstrap INFO node id 10 just inserts 50000 TXs 
2024-07-21 17:32:25,633 sufp_node.py [line:74] prepare_bootstrap INFO node id 10 completed the loading of dummy TXs 
2024-07-21 17:32:25,634 Superfast.py [line:178] run_bft INFO Node 10 starts to run at time:1721554345.634069 
2024-07-21 17:32:25,634 Superfast.py [line:231] _run_epoch INFO Node enters epoch 0 
2024-07-21 17:32:25,635 superfastpath_3.py [line:43] sufastpath INFO Entering fast path 
2024-07-21 17:32:25,635 superfastpath_3.py [line:232] one_slot INFO Entering slot 1 
2024-07-21 17:32:25,673 superfastpath_3.py [line:248] one_slot INFO pending block 1 in 0.032830 
2024-07-21 17:32:25,674 superfastpath_3.py [line:257] one_slot INFO 2pending block 1 in 0.033023 
2024-07-21 17:32:25,675 superfastpath_3.py [line:275] one_slot INFO read pending block 1 in 0.034864 
2024-07-21 17:32:25,676 superfastpath_3.py [line:306] one_slot INFO Leaving slot 1 
2024-07-21 17:32:25,676 superfastpath_3.py [line:232] one_slot INFO Entering slot 2 
2024-07-21 17:32:25,753 superfastpath_3.py [line:248] one_slot INFO pending block 2 in 0.023810 
2024-07-21 17:32:25,753 superfastpath_3.py [line:257] one_slot INFO 2pending block 2 in 0.024043 
2024-07-21 17:32:25,765 superfastpath_3.py [line:275] one_slot INFO read pending block 2 in 0.036450 
2024-07-21 17:32:25,766 superfastpath_3.py [line:306] one_slot INFO Leaving slot 2 
2024-07-21 17:32:25,766 superfastpath_3.py [line:232] one_slot INFO Entering slot 3 
2024-07-21 17:32:25,826 superfastpath_3.py [line:248] one_slot INFO pending block 3 in 0.035965 
2024-07-21 17:32:25,826 superfastpath_3.py [line:257] one_slot INFO 2pending block 3 in 0.036150 
2024-07-21 17:32:25,828 superfastpath_3.py [line:275] one_slot INFO read pending block 3 in 0.037982 
2024-07-21 17:32:25,828 superfastpath_3.py [line:306] one_slot INFO Leaving slot 3 
2024-07-21 17:32:25,828 superfastpath_3.py [line:232] one_slot INFO Entering slot 4 
2024-07-21 17:32:30,828 superfastpath_3.py [line:364] sufastpath INFO Fastpath Timeout! 
2024-07-21 17:32:30,828 superfastpath_3.py [line:371] sufastpath INFO Leaves fastpath at 4 slot 
2024-07-21 17:32:30,829 Superfast.py [line:308] wait_for_fastpath INFO Fastpath of epoch 0 completed 
2024-07-21 17:32:35,829 Superfast.py [line:208] run_bft INFO node 10 breaks in 10.195771 seconds in epoch 0 with total delivered Txs 0 and average delay 0.000000 
2024-07-21 17:39:25,907 sufp_node.py [line:79] run INFO node 10's starts to run consensus on process id 29655 
2024-07-21 17:39:25,907 sufp_node.py [line:80] run INFO parameters: N=16, f=5, S=15, T=5, fast-batch=1000, acs-batch=62, K=1, O=0 
2024-07-21 17:39:25,907 sufp_node.py [line:62] prepare_bootstrap INFO node id 10 is inserting dummy payload TXs 
2024-07-21 17:39:25,909 sufp_node.py [line:70] prepare_bootstrap INFO node id 10 just inserts 50000 TXs 
2024-07-21 17:39:25,909 sufp_node.py [line:70] prepare_bootstrap INFO node id 10 just inserts 50000 TXs 
2024-07-21 17:39:25,909 sufp_node.py [line:74] prepare_bootstrap INFO node id 10 completed the loading of dummy TXs 
2024-07-21 17:39:25,909 Superfast.py [line:178] run_bft INFO Node 10 starts to run at time:1721554765.9099329 
2024-07-21 17:39:25,910 Superfast.py [line:231] _run_epoch INFO Node enters epoch 0 
2024-07-21 17:39:25,911 superfastpath_3.py [line:43] sufastpath INFO Entering fast path 
2024-07-21 17:39:25,912 superfastpath_3.py [line:232] one_slot INFO Entering slot 1 
2024-07-21 17:39:26,536 superfastpath_3.py [line:248] one_slot INFO pending block 1 in 0.019647 
2024-07-21 17:39:26,536 superfastpath_3.py [line:257] one_slot INFO 2pending block 1 in 0.019836 
2024-07-21 17:39:26,537 superfastpath_3.py [line:275] one_slot INFO read pending block 1 in 0.021308 
2024-07-21 17:39:26,538 superfastpath_3.py [line:306] one_slot INFO Leaving slot 1 
2024-07-21 17:39:26,538 superfastpath_3.py [line:232] one_slot INFO Entering slot 2 
2024-07-21 17:39:26,613 superfastpath_3.py [line:248] one_slot INFO pending block 2 in 0.017633 
2024-07-21 17:39:26,613 superfastpath_3.py [line:257] one_slot INFO 2pending block 2 in 0.017806 
2024-07-21 17:39:26,616 superfastpath_3.py [line:275] one_slot INFO read pending block 2 in 0.020530 
2024-07-21 17:39:26,616 superfastpath_3.py [line:306] one_slot INFO Leaving slot 2 
2024-07-21 17:39:26,616 superfastpath_3.py [line:232] one_slot INFO Entering slot 3 
2024-07-21 17:39:26,697 superfastpath_3.py [line:248] one_slot INFO pending block 3 in 0.054726 
2024-07-21 17:39:26,697 superfastpath_3.py [line:257] one_slot INFO 2pending block 3 in 0.054916 
2024-07-21 17:39:26,699 superfastpath_3.py [line:275] one_slot INFO read pending block 3 in 0.057459 
2024-07-21 17:39:26,699 superfastpath_3.py [line:306] one_slot INFO Leaving slot 3 
2024-07-21 17:39:26,700 superfastpath_3.py [line:232] one_slot INFO Entering slot 4 
2024-07-21 17:39:31,701 superfastpath_3.py [line:364] sufastpath INFO Fastpath Timeout! 
2024-07-21 17:39:31,701 superfastpath_3.py [line:371] sufastpath INFO Leaves fastpath at 4 slot 
2024-07-21 17:39:31,702 Superfast.py [line:308] wait_for_fastpath INFO Fastpath of epoch 0 completed 
2024-07-21 17:39:36,703 Superfast.py [line:208] run_bft INFO node 10 breaks in 10.793417 seconds in epoch 0 with total delivered Txs 0 and average delay 0.000000 
2024-07-21 17:44:32,790 sufp_node.py [line:79] run INFO node 10's starts to run consensus on process id 29958 
2024-07-21 17:44:32,790 sufp_node.py [line:80] run INFO parameters: N=16, f=5, S=15, T=5, fast-batch=1000, acs-batch=62, K=1, O=0 
2024-07-21 17:44:32,790 sufp_node.py [line:62] prepare_bootstrap INFO node id 10 is inserting dummy payload TXs 
2024-07-21 17:44:32,791 sufp_node.py [line:70] prepare_bootstrap INFO node id 10 just inserts 50000 TXs 
2024-07-21 17:44:32,791 sufp_node.py [line:70] prepare_bootstrap INFO node id 10 just inserts 50000 TXs 
2024-07-21 17:44:32,791 sufp_node.py [line:74] prepare_bootstrap INFO node id 10 completed the loading of dummy TXs 
2024-07-21 17:44:32,791 Superfast.py [line:178] run_bft INFO Node 10 starts to run at time:1721555072.7915452 
2024-07-21 17:44:32,791 Superfast.py [line:231] _run_epoch INFO Node enters epoch 0 
2024-07-21 17:44:32,792 superfastpath_3.py [line:43] sufastpath INFO Entering fast path 
2024-07-21 17:44:32,792 superfastpath_3.py [line:232] one_slot INFO Entering slot 1 
2024-07-21 17:44:32,828 superfastpath_3.py [line:250] one_slot INFO pending block 1 in 0.023153 
2024-07-21 17:44:32,828 superfastpath_3.py [line:259] one_slot INFO 2pending block 1 in 0.023361 
2024-07-21 17:44:32,830 superfastpath_3.py [line:277] one_slot INFO read pending block 1 in 0.024895 
2024-07-21 17:44:32,830 superfastpath_3.py [line:308] one_slot INFO Leaving slot 1 
2024-07-21 17:44:32,830 superfastpath_3.py [line:232] one_slot INFO Entering slot 2 
2024-07-21 17:44:32,900 superfastpath_3.py [line:250] one_slot INFO pending block 2 in 0.015080 
2024-07-21 17:44:32,900 superfastpath_3.py [line:259] one_slot INFO 2pending block 2 in 0.015340 
2024-07-21 17:44:32,903 superfastpath_3.py [line:277] one_slot INFO read pending block 2 in 0.018013 
2024-07-21 17:44:32,903 superfastpath_3.py [line:308] one_slot INFO Leaving slot 2 
2024-07-21 17:44:32,906 superfastpath_3.py [line:232] one_slot INFO Entering slot 3 
2024-07-21 17:44:32,955 superfastpath_3.py [line:250] one_slot INFO pending block 3 in 0.034352 
2024-07-21 17:44:32,955 superfastpath_3.py [line:259] one_slot INFO 2pending block 3 in 0.034543 
2024-07-21 17:44:32,957 superfastpath_3.py [line:277] one_slot INFO read pending block 3 in 0.036107 
2024-07-21 17:44:32,957 superfastpath_3.py [line:308] one_slot INFO Leaving slot 3 
2024-07-21 17:44:32,957 superfastpath_3.py [line:232] one_slot INFO Entering slot 4 
2024-07-21 17:44:37,958 superfastpath_3.py [line:366] sufastpath INFO Fastpath Timeout! 
2024-07-21 17:44:37,958 superfastpath_3.py [line:373] sufastpath INFO Leaves fastpath at 4 slot 
2024-07-21 17:44:37,958 Superfast.py [line:308] wait_for_fastpath INFO Fastpath of epoch 0 completed 
2024-07-21 17:48:21,545 sufp_node.py [line:79] run INFO node 10's starts to run consensus on process id 30241 
2024-07-21 17:48:21,546 sufp_node.py [line:80] run INFO parameters: N=16, f=5, S=15, T=5, fast-batch=1000, acs-batch=62, K=1, O=0 
2024-07-21 17:48:21,546 sufp_node.py [line:62] prepare_bootstrap INFO node id 10 is inserting dummy payload TXs 
2024-07-21 17:48:21,547 sufp_node.py [line:70] prepare_bootstrap INFO node id 10 just inserts 50000 TXs 
2024-07-21 17:48:21,547 sufp_node.py [line:70] prepare_bootstrap INFO node id 10 just inserts 50000 TXs 
2024-07-21 17:48:21,547 sufp_node.py [line:74] prepare_bootstrap INFO node id 10 completed the loading of dummy TXs 
2024-07-21 17:48:21,547 Superfast.py [line:178] run_bft INFO Node 10 starts to run at time:1721555301.5477216 
2024-07-21 17:48:21,547 Superfast.py [line:231] _run_epoch INFO Node enters epoch 0 
2024-07-21 17:48:21,549 superfastpath_3.py [line:43] sufastpath INFO Entering fast path 
2024-07-21 17:48:21,549 superfastpath_3.py [line:232] one_slot INFO Entering slot 1 
2024-07-21 17:48:22,264 superfastpath_3.py [line:250] one_slot INFO pending block 1 in 0.024110 
2024-07-21 17:48:22,265 superfastpath_3.py [line:259] one_slot INFO 2pending block 1 in 0.024298 
2024-07-21 17:48:22,268 superfastpath_3.py [line:277] one_slot INFO read pending block 1 in 0.027747 
2024-07-21 17:48:22,268 superfastpath_3.py [line:308] one_slot INFO Leaving slot 1 
2024-07-21 17:48:22,269 superfastpath_3.py [line:232] one_slot INFO Entering slot 2 
2024-07-21 17:48:22,352 superfastpath_3.py [line:250] one_slot INFO pending block 2 in 0.024895 
2024-07-21 17:48:22,353 superfastpath_3.py [line:259] one_slot INFO 2pending block 2 in 0.025172 
2024-07-21 17:48:22,359 superfastpath_3.py [line:277] one_slot INFO read pending block 2 in 0.031547 
2024-07-21 17:48:22,359 superfastpath_3.py [line:308] one_slot INFO Leaving slot 2 
2024-07-21 17:48:22,359 superfastpath_3.py [line:232] one_slot INFO Entering slot 3 
2024-07-21 17:48:22,390 superfastpath_3.py [line:250] one_slot INFO pending block 3 in 0.014867 
2024-07-21 17:48:22,390 superfastpath_3.py [line:259] one_slot INFO 2pending block 3 in 0.015055 
2024-07-21 17:48:22,393 superfastpath_3.py [line:277] one_slot INFO read pending block 3 in 0.017871 
2024-07-21 17:48:22,393 superfastpath_3.py [line:308] one_slot INFO Leaving slot 3 
2024-07-21 17:48:22,393 superfastpath_3.py [line:232] one_slot INFO Entering slot 4 
2024-07-21 17:48:27,394 superfastpath_3.py [line:366] sufastpath INFO Fastpath Timeout! 
2024-07-21 17:48:27,394 superfastpath_3.py [line:373] sufastpath INFO Leaves fastpath at 4 slot 
2024-07-21 17:48:27,394 Superfast.py [line:308] wait_for_fastpath INFO Fastpath of epoch 0 completed 
2024-07-21 17:52:05,800 sufp_node.py [line:79] run INFO node 10's starts to run consensus on process id 30562 
2024-07-21 17:52:05,800 sufp_node.py [line:80] run INFO parameters: N=16, f=5, S=15, T=5, fast-batch=1000, acs-batch=62, K=1, O=0 
2024-07-21 17:52:05,801 sufp_node.py [line:62] prepare_bootstrap INFO node id 10 is inserting dummy payload TXs 
2024-07-21 17:52:05,801 sufp_node.py [line:70] prepare_bootstrap INFO node id 10 just inserts 50000 TXs 
2024-07-21 17:52:05,801 sufp_node.py [line:70] prepare_bootstrap INFO node id 10 just inserts 50000 TXs 
2024-07-21 17:52:05,801 sufp_node.py [line:74] prepare_bootstrap INFO node id 10 completed the loading of dummy TXs 
2024-07-21 17:52:05,801 Superfast.py [line:178] run_bft INFO Node 10 starts to run at time:1721555525.8017135 
2024-07-21 17:52:05,801 Superfast.py [line:231] _run_epoch INFO Node enters epoch 0 
2024-07-21 17:52:05,802 superfastpath_3.py [line:43] sufastpath INFO Entering fast path 
2024-07-21 17:52:05,802 superfastpath_3.py [line:233] one_slot INFO Entering slot 1 
2024-07-21 17:52:05,803 superfastpath_3.py [line:241] one_slot INFO send vote in 1 b'>\xf6~\x99L\x89?h\xac\xe5z\xd1\x8d\x0e\xb8\xd8ec\x89O\x087\x91\xd2\x14P\x1d\xa2\xae\xfa+d' 
2024-07-21 17:52:05,949 superfastpath_3.py [line:251] one_slot INFO pending block 1 in 0.030664 
2024-07-21 17:52:05,949 superfastpath_3.py [line:260] one_slot INFO 2pending block 1 in 0.030833 
2024-07-21 17:52:05,950 superfastpath_3.py [line:278] one_slot INFO read pending block 1 in 0.032143 
2024-07-21 17:52:05,950 superfastpath_3.py [line:309] one_slot INFO Leaving slot 1 
2024-07-21 17:52:05,950 superfastpath_3.py [line:233] one_slot INFO Entering slot 2 
2024-07-21 17:52:05,951 superfastpath_3.py [line:241] one_slot INFO send vote in 2 b'\x9b\xe1\xaco\x9fV\x04J6\x87v+\xfa6a\xf2\xaaU\xcaN\r:\xf8\xfe\xf9\x11\x8a\x07)\xbf\xa1^' 
2024-07-21 17:52:05,981 superfastpath_3.py [line:251] one_slot INFO pending block 2 in 0.017972 
2024-07-21 17:52:05,982 superfastpath_3.py [line:260] one_slot INFO 2pending block 2 in 0.018327 
2024-07-21 17:52:05,983 superfastpath_3.py [line:278] one_slot INFO read pending block 2 in 0.020246 
2024-07-21 17:52:05,984 superfastpath_3.py [line:309] one_slot INFO Leaving slot 2 
2024-07-21 17:52:05,984 superfastpath_3.py [line:233] one_slot INFO Entering slot 3 
2024-07-21 17:52:05,984 superfastpath_3.py [line:241] one_slot INFO send vote in 3 b'\xba\xa5EM:\xc4\x00\xa3:\x16\xa4\xf9\x98\xf3 \x0b\x99YF\xc2\x12\xbe]\x891\x91\x94\xd9\x80jdA' 
2024-07-21 17:52:06,070 superfastpath_3.py [line:251] one_slot INFO pending block 3 in 0.059151 
2024-07-21 17:52:06,070 superfastpath_3.py [line:260] one_slot INFO 2pending block 3 in 0.059725 
2024-07-21 17:52:06,072 superfastpath_3.py [line:278] one_slot INFO read pending block 3 in 0.061623 
2024-07-21 17:52:06,072 superfastpath_3.py [line:309] one_slot INFO Leaving slot 3 
2024-07-21 17:52:06,073 superfastpath_3.py [line:233] one_slot INFO Entering slot 4 
2024-07-21 17:52:06,073 superfastpath_3.py [line:241] one_slot INFO send vote in 4 b'/\xda.\x80\x02\xe3{\xf4\xed\xf6\x8a\x7flH\x1ag\xc8m\xa94An\xd5\x81\xfa\x91\x97e\x14\x17`k' 
2024-07-21 17:52:11,073 superfastpath_3.py [line:367] sufastpath INFO Fastpath Timeout! 
2024-07-21 17:52:11,073 superfastpath_3.py [line:374] sufastpath INFO Leaves fastpath at 4 slot 
2024-07-21 17:52:11,074 Superfast.py [line:308] wait_for_fastpath INFO Fastpath of epoch 0 completed 
2024-07-21 17:53:16,986 sufp_node.py [line:79] run INFO node 10's starts to run consensus on process id 30823 
2024-07-21 17:53:16,986 sufp_node.py [line:80] run INFO parameters: N=16, f=5, S=15, T=5, fast-batch=1000, acs-batch=62, K=1, O=0 
2024-07-21 17:53:16,987 sufp_node.py [line:62] prepare_bootstrap INFO node id 10 is inserting dummy payload TXs 
2024-07-21 17:53:16,987 sufp_node.py [line:70] prepare_bootstrap INFO node id 10 just inserts 50000 TXs 
2024-07-21 17:53:16,987 sufp_node.py [line:70] prepare_bootstrap INFO node id 10 just inserts 50000 TXs 
2024-07-21 17:53:16,987 sufp_node.py [line:74] prepare_bootstrap INFO node id 10 completed the loading of dummy TXs 
2024-07-21 17:53:16,987 Superfast.py [line:178] run_bft INFO Node 10 starts to run at time:1721555596.9877884 
2024-07-21 17:53:16,987 Superfast.py [line:231] _run_epoch INFO Node enters epoch 0 
2024-07-21 17:53:16,988 superfastpath_3.py [line:43] sufastpath INFO Entering fast path 
2024-07-21 17:53:16,988 superfastpath_3.py [line:233] one_slot INFO Entering slot 1 
2024-07-21 17:53:16,990 superfastpath_3.py [line:241] one_slot INFO send vote in 1 b'>\xf6~\x99L\x89?h\xac\xe5z\xd1\x8d\x0e\xb8\xd8ec\x89O\x087\x91\xd2\x14P\x1d\xa2\xae\xfa+d' 
2024-07-21 17:53:17,290 superfastpath_3.py [line:251] one_slot INFO pending block 1 in 0.026536 
2024-07-21 17:53:17,290 superfastpath_3.py [line:260] one_slot INFO 2pending block 1 in 0.026719 
2024-07-21 17:53:17,292 superfastpath_3.py [line:278] one_slot INFO read pending block 1 in 0.028160 
2024-07-21 17:53:17,292 superfastpath_3.py [line:309] one_slot INFO Leaving slot 1 
2024-07-21 17:53:17,295 superfastpath_3.py [line:233] one_slot INFO Entering slot 2 
2024-07-21 17:53:17,295 superfastpath_3.py [line:241] one_slot INFO send vote in 2 b'\xb0\x9b\x06y\x9cH\x87N\x0b&\xb9\xcf\x99\x8bsl\xad\x93\xc9T\xb7\x1c\xab\x92K\xb4\x99\xcd\x98\xdf\xb4\x1a' 
2024-07-21 17:53:17,350 superfastpath_3.py [line:251] one_slot INFO pending block 2 in 0.025899 
2024-07-21 17:53:17,350 superfastpath_3.py [line:260] one_slot INFO 2pending block 2 in 0.026089 
2024-07-21 17:53:17,352 superfastpath_3.py [line:278] one_slot INFO read pending block 2 in 0.027683 
2024-07-21 17:53:17,352 superfastpath_3.py [line:309] one_slot INFO Leaving slot 2 
2024-07-21 17:53:17,352 superfastpath_3.py [line:233] one_slot INFO Entering slot 3 
2024-07-21 17:53:17,352 superfastpath_3.py [line:241] one_slot INFO send vote in 3 b'_\x03\xf5\xa0G`\xcb\xac\xd7\xdb\x1aA\xcf\x17\xab\x8d`)\xab\xbb\xc9\xb3\x84/\xbd\xf12\x85oYB\x15' 
2024-07-21 17:53:17,384 superfastpath_3.py [line:251] one_slot INFO pending block 3 in 0.023816 
2024-07-21 17:53:17,384 superfastpath_3.py [line:260] one_slot INFO 2pending block 3 in 0.024003 
2024-07-21 17:53:17,389 superfastpath_3.py [line:278] one_slot INFO read pending block 3 in 0.028424 
2024-07-21 17:53:17,390 superfastpath_3.py [line:309] one_slot INFO Leaving slot 3 
2024-07-21 17:53:17,390 superfastpath_3.py [line:233] one_slot INFO Entering slot 4 
2024-07-21 17:53:17,390 superfastpath_3.py [line:241] one_slot INFO send vote in 4 b'\x11M 58\x02MZ\x0e\x18_\x8fQ\xe5I\x97UG\x0f\xf2\x91\xd7\xb3\x8c\xfdw\xa9t\xdd]\xcf\x9a' 
2024-07-21 17:53:22,391 superfastpath_3.py [line:367] sufastpath INFO Fastpath Timeout! 
2024-07-21 17:53:22,391 superfastpath_3.py [line:374] sufastpath INFO Leaves fastpath at 4 slot 
2024-07-21 17:53:22,391 Superfast.py [line:308] wait_for_fastpath INFO Fastpath of epoch 0 completed 
2024-07-21 17:55:45,133 sufp_node.py [line:79] run INFO node 10's starts to run consensus on process id 31092 
2024-07-21 17:55:45,134 sufp_node.py [line:80] run INFO parameters: N=16, f=5, S=15, T=5, fast-batch=1000, acs-batch=62, K=1, O=0 
2024-07-21 17:55:45,134 sufp_node.py [line:62] prepare_bootstrap INFO node id 10 is inserting dummy payload TXs 
2024-07-21 17:55:45,134 sufp_node.py [line:70] prepare_bootstrap INFO node id 10 just inserts 50000 TXs 
2024-07-21 17:55:45,134 sufp_node.py [line:70] prepare_bootstrap INFO node id 10 just inserts 50000 TXs 
2024-07-21 17:55:45,134 sufp_node.py [line:74] prepare_bootstrap INFO node id 10 completed the loading of dummy TXs 
2024-07-21 17:55:45,135 Superfast.py [line:178] run_bft INFO Node 10 starts to run at time:1721555745.1350648 
2024-07-21 17:55:45,135 Superfast.py [line:231] _run_epoch INFO Node enters epoch 0 
2024-07-21 17:55:45,135 superfastpath.py [line:43] sufastpath INFO Entering fast path 
2024-07-21 17:55:45,136 superfastpath.py [line:230] one_slot INFO Entering slot 1 
2024-07-21 17:55:45,867 superfastpath.py [line:246] one_slot INFO pending block 1 in 0.731576 
2024-07-21 17:55:45,867 superfastpath.py [line:255] one_slot INFO 2pending block 1 in 0.731731 
2024-07-21 17:55:45,869 superfastpath.py [line:273] one_slot INFO read pending block 1 in 0.732931 
2024-07-21 17:55:45,869 superfastpath.py [line:304] one_slot INFO Leaving slot 1 
2024-07-21 17:55:45,869 superfastpath.py [line:230] one_slot INFO Entering slot 2 
2024-07-21 17:55:45,961 superfastpath.py [line:246] one_slot INFO pending block 2 in 0.092455 
2024-07-21 17:55:45,963 superfastpath.py [line:255] one_slot INFO 2pending block 2 in 0.093854 
2024-07-21 17:55:45,969 superfastpath.py [line:273] one_slot INFO read pending block 2 in 0.099771 
2024-07-21 17:55:45,969 superfastpath.py [line:304] one_slot INFO Leaving slot 2 
2024-07-21 17:55:45,970 superfastpath.py [line:230] one_slot INFO Entering slot 3 
2024-07-21 17:55:46,021 superfastpath.py [line:246] one_slot INFO pending block 3 in 0.051280 
2024-07-21 17:55:46,021 superfastpath.py [line:255] one_slot INFO 2pending block 3 in 0.051467 
2024-07-21 17:55:46,023 superfastpath.py [line:273] one_slot INFO read pending block 3 in 0.053172 
2024-07-21 17:55:46,024 superfastpath.py [line:304] one_slot INFO Leaving slot 3 
2024-07-21 17:55:46,024 superfastpath.py [line:230] one_slot INFO Entering slot 4 
2024-07-21 17:55:46,108 superfastpath.py [line:246] one_slot INFO pending block 4 in 0.083824 
2024-07-21 17:55:46,108 superfastpath.py [line:255] one_slot INFO 2pending block 4 in 0.084017 
2024-07-21 17:55:46,110 superfastpath.py [line:273] one_slot INFO read pending block 4 in 0.085941 
2024-07-21 17:55:46,111 superfastpath.py [line:304] one_slot INFO Leaving slot 4 
2024-07-21 17:55:46,111 superfastpath.py [line:230] one_slot INFO Entering slot 5 
2024-07-21 17:55:46,197 superfastpath.py [line:246] one_slot INFO pending block 5 in 0.086470 
2024-07-21 17:55:46,198 superfastpath.py [line:255] one_slot INFO 2pending block 5 in 0.086702 
2024-07-21 17:55:46,199 superfastpath.py [line:273] one_slot INFO read pending block 5 in 0.088350 
2024-07-21 17:55:46,199 superfastpath.py [line:304] one_slot INFO Leaving slot 5 
2024-07-21 17:55:46,200 superfastpath.py [line:230] one_slot INFO Entering slot 6 
2024-07-21 17:55:51,200 superfastpath.py [line:362] sufastpath INFO Fastpath Timeout! 
2024-07-21 17:55:51,200 superfastpath.py [line:369] sufastpath INFO Leaves fastpath at 6 slot 
2024-07-21 17:55:51,201 Superfast.py [line:308] wait_for_fastpath INFO Fastpath of epoch 0 completed 
2024-07-21 17:58:38,742 sufp_node.py [line:79] run INFO node 10's starts to run consensus on process id 31370 
2024-07-21 17:58:38,742 sufp_node.py [line:80] run INFO parameters: N=16, f=5, S=15, T=5, fast-batch=1000, acs-batch=62, K=1, O=0 
2024-07-21 17:58:38,742 sufp_node.py [line:62] prepare_bootstrap INFO node id 10 is inserting dummy payload TXs 
2024-07-21 17:58:38,743 sufp_node.py [line:70] prepare_bootstrap INFO node id 10 just inserts 50000 TXs 
2024-07-21 17:58:38,743 sufp_node.py [line:70] prepare_bootstrap INFO node id 10 just inserts 50000 TXs 
2024-07-21 17:58:38,743 sufp_node.py [line:74] prepare_bootstrap INFO node id 10 completed the loading of dummy TXs 
2024-07-21 17:58:38,743 Superfast.py [line:178] run_bft INFO Node 10 starts to run at time:1721555918.7435942 
2024-07-21 17:58:38,743 Superfast.py [line:231] _run_epoch INFO Node enters epoch 0 
2024-07-21 17:58:38,744 superfastpath.py [line:43] sufastpath INFO Entering fast path 
2024-07-21 17:58:38,744 superfastpath.py [line:230] one_slot INFO Entering slot 1 
2024-07-21 17:58:38,971 superfastpath.py [line:246] one_slot INFO pending block 1 in 0.226179 
2024-07-21 17:58:38,971 superfastpath.py [line:255] one_slot INFO 2pending block 1 in 0.226356 
2024-07-21 17:58:38,973 superfastpath.py [line:273] one_slot INFO read pending block 1 in 0.228719 
2024-07-21 17:58:38,974 superfastpath.py [line:304] one_slot INFO Leaving slot 1 
2024-07-21 17:58:38,974 superfastpath.py [line:230] one_slot INFO Entering slot 2 
2024-07-21 17:58:39,021 superfastpath.py [line:246] one_slot INFO pending block 2 in 0.046933 
2024-07-21 17:58:39,021 superfastpath.py [line:255] one_slot INFO 2pending block 2 in 0.047103 
2024-07-21 17:58:39,023 superfastpath.py [line:273] one_slot INFO read pending block 2 in 0.049118 
2024-07-21 17:58:39,023 superfastpath.py [line:304] one_slot INFO Leaving slot 2 
2024-07-21 17:58:39,023 superfastpath.py [line:230] one_slot INFO Entering slot 3 
2024-07-21 17:58:39,072 superfastpath.py [line:246] one_slot INFO pending block 3 in 0.048651 
2024-07-21 17:58:39,072 superfastpath.py [line:255] one_slot INFO 2pending block 3 in 0.048865 
2024-07-21 17:58:39,074 superfastpath.py [line:273] one_slot INFO read pending block 3 in 0.050526 
2024-07-21 17:58:39,074 superfastpath.py [line:304] one_slot INFO Leaving slot 3 
2024-07-21 17:58:39,075 superfastpath.py [line:230] one_slot INFO Entering slot 4 
2024-07-21 17:58:44,075 superfastpath.py [line:362] sufastpath INFO Fastpath Timeout! 
2024-07-21 17:58:44,075 superfastpath.py [line:369] sufastpath INFO Leaves fastpath at 4 slot 
2024-07-21 17:58:44,076 Superfast.py [line:308] wait_for_fastpath INFO Fastpath of epoch 0 completed 
2024-07-21 17:59:51,951 sufp_node.py [line:79] run INFO node 10's starts to run consensus on process id 31623 
2024-07-21 17:59:51,951 sufp_node.py [line:80] run INFO parameters: N=16, f=5, S=15, T=5, fast-batch=1000, acs-batch=62, K=1, O=0 
2024-07-21 17:59:51,951 sufp_node.py [line:62] prepare_bootstrap INFO node id 10 is inserting dummy payload TXs 
2024-07-21 17:59:51,952 sufp_node.py [line:70] prepare_bootstrap INFO node id 10 just inserts 50000 TXs 
2024-07-21 17:59:51,952 sufp_node.py [line:70] prepare_bootstrap INFO node id 10 just inserts 50000 TXs 
2024-07-21 17:59:51,952 sufp_node.py [line:74] prepare_bootstrap INFO node id 10 completed the loading of dummy TXs 
2024-07-21 17:59:51,952 Superfast.py [line:178] run_bft INFO Node 10 starts to run at time:1721555991.9527283 
2024-07-21 17:59:51,952 Superfast.py [line:231] _run_epoch INFO Node enters epoch 0 
2024-07-21 17:59:51,953 superfastpath.py [line:43] sufastpath INFO Entering fast path 
2024-07-21 17:59:51,953 superfastpath.py [line:230] one_slot INFO Entering slot 1 
2024-07-21 17:59:52,153 superfastpath.py [line:246] one_slot INFO pending block 1 in 0.199221 
2024-07-21 17:59:52,153 superfastpath.py [line:255] one_slot INFO 2pending block 1 in 0.199419 
2024-07-21 17:59:52,155 superfastpath.py [line:273] one_slot INFO read pending block 1 in 0.201925 
2024-07-21 17:59:52,156 superfastpath.py [line:304] one_slot INFO Leaving slot 1 
2024-07-21 17:59:52,156 superfastpath.py [line:230] one_slot INFO Entering slot 2 
2024-07-21 17:59:52,214 superfastpath.py [line:246] one_slot INFO pending block 2 in 0.057577 
2024-07-21 17:59:52,214 superfastpath.py [line:255] one_slot INFO 2pending block 2 in 0.057760 
2024-07-21 17:59:52,224 superfastpath.py [line:273] one_slot INFO read pending block 2 in 0.066826 
2024-07-21 17:59:52,224 superfastpath.py [line:304] one_slot INFO Leaving slot 2 
2024-07-21 17:59:52,226 superfastpath.py [line:230] one_slot INFO Entering slot 3 
2024-07-21 17:59:52,262 superfastpath.py [line:246] one_slot INFO pending block 3 in 0.035349 
2024-07-21 17:59:52,262 superfastpath.py [line:255] one_slot INFO 2pending block 3 in 0.035735 
2024-07-21 17:59:52,268 superfastpath.py [line:273] one_slot INFO read pending block 3 in 0.042170 
2024-07-21 17:59:52,269 superfastpath.py [line:304] one_slot INFO Leaving slot 3 
2024-07-21 17:59:52,269 superfastpath.py [line:230] one_slot INFO Entering slot 4 
2024-07-21 17:59:52,319 superfastpath.py [line:246] one_slot INFO pending block 4 in 0.049880 
2024-07-21 17:59:52,320 superfastpath.py [line:255] one_slot INFO 2pending block 4 in 0.051447 
2024-07-21 17:59:52,323 superfastpath.py [line:273] one_slot INFO read pending block 4 in 0.053935 
2024-07-21 17:59:52,323 superfastpath.py [line:304] one_slot INFO Leaving slot 4 
2024-07-21 17:59:52,323 superfastpath.py [line:230] one_slot INFO Entering slot 5 
2024-07-21 17:59:52,372 superfastpath.py [line:246] one_slot INFO pending block 5 in 0.048509 
2024-07-21 17:59:52,372 superfastpath.py [line:255] one_slot INFO 2pending block 5 in 0.048671 
2024-07-21 17:59:52,377 superfastpath.py [line:273] one_slot INFO read pending block 5 in 0.053455 
2024-07-21 17:59:52,377 superfastpath.py [line:304] one_slot INFO Leaving slot 5 
2024-07-21 17:59:52,377 superfastpath.py [line:230] one_slot INFO Entering slot 6 
2024-07-21 17:59:52,422 superfastpath.py [line:246] one_slot INFO pending block 6 in 0.044017 
2024-07-21 17:59:52,423 superfastpath.py [line:255] one_slot INFO 2pending block 6 in 0.044263 
2024-07-21 17:59:52,425 superfastpath.py [line:273] one_slot INFO read pending block 6 in 0.046211 
2024-07-21 17:59:52,425 superfastpath.py [line:304] one_slot INFO Leaving slot 6 
2024-07-21 17:59:52,425 superfastpath.py [line:230] one_slot INFO Entering slot 7 
2024-07-21 17:59:52,461 superfastpath.py [line:246] one_slot INFO pending block 7 in 0.036510 
2024-07-21 17:59:52,462 superfastpath.py [line:255] one_slot INFO 2pending block 7 in 0.036797 
2024-07-21 17:59:52,466 superfastpath.py [line:273] one_slot INFO read pending block 7 in 0.040613 
2024-07-21 17:59:52,466 superfastpath.py [line:304] one_slot INFO Leaving slot 7 
2024-07-21 17:59:52,466 superfastpath.py [line:230] one_slot INFO Entering slot 8 
2024-07-21 17:59:52,520 superfastpath.py [line:246] one_slot INFO pending block 8 in 0.054225 
2024-07-21 17:59:52,521 superfastpath.py [line:255] one_slot INFO 2pending block 8 in 0.055072 
2024-07-21 17:59:52,530 superfastpath.py [line:273] one_slot INFO read pending block 8 in 0.063895 
2024-07-21 17:59:52,530 superfastpath.py [line:304] one_slot INFO Leaving slot 8 
2024-07-21 17:59:52,531 superfastpath.py [line:230] one_slot INFO Entering slot 9 
2024-07-21 17:59:52,578 superfastpath.py [line:246] one_slot INFO pending block 9 in 0.046426 
2024-07-21 17:59:52,578 superfastpath.py [line:255] one_slot INFO 2pending block 9 in 0.046696 
2024-07-21 17:59:52,580 superfastpath.py [line:273] one_slot INFO read pending block 9 in 0.048172 
2024-07-21 17:59:52,584 superfastpath.py [line:282] one_slot INFO 3pending block 9 in 0.052030 
2024-07-21 17:59:52,584 superfastpath.py [line:286] one_slot INFO delay block 8 in 0.117759 
2024-07-21 17:59:52,587 superfastpath.py [line:293] one_slot INFO Fast block at Node 10 for Epoch sidAFAST0 and Slot 8 has delay, TPS and TXs: 0.11775875091552734, 1000 
2024-07-21 17:59:52,587 superfastpath.py [line:295] one_slot INFO AVG TPS: 8246, running time 0.121262, weighted delay: 0.117759 
2024-07-21 17:59:52,587 superfastpath.py [line:300] one_slot INFO output block for slot 8 taking 0.121217 sec 
2024-07-21 17:59:52,588 superfastpath.py [line:304] one_slot INFO Leaving slot 9 
2024-07-21 17:59:52,589 superfastpath.py [line:230] one_slot INFO Entering slot 10 
2024-07-21 17:59:52,631 superfastpath.py [line:246] one_slot INFO pending block 10 in 0.042134 
2024-07-21 17:59:52,632 superfastpath.py [line:255] one_slot INFO 2pending block 10 in 0.042298 
2024-07-21 17:59:52,635 superfastpath.py [line:273] one_slot INFO read pending block 10 in 0.046014 
2024-07-21 17:59:52,635 superfastpath.py [line:282] one_slot INFO 3pending block 10 in 0.046176 
2024-07-21 17:59:52,636 superfastpath.py [line:286] one_slot INFO delay block 9 in 0.103922 
2024-07-21 17:59:52,639 superfastpath.py [line:293] one_slot INFO Fast block at Node 10 for Epoch sidAFAST0 and Slot 9 has delay, TPS and TXs: 0.10392212867736816, 2000 
2024-07-21 17:59:52,640 superfastpath.py [line:295] one_slot INFO AVG TPS: 11518, running time 0.173636, weighted delay: 0.110840 
2024-07-21 17:59:52,640 superfastpath.py [line:300] one_slot INFO output block for slot 9 taking 0.108003 sec 
2024-07-21 17:59:52,640 superfastpath.py [line:304] one_slot INFO Leaving slot 10 
2024-07-21 17:59:52,640 superfastpath.py [line:230] one_slot INFO Entering slot 11 
2024-07-21 17:59:52,671 superfastpath.py [line:246] one_slot INFO pending block 11 in 0.030127 
2024-07-21 17:59:52,671 superfastpath.py [line:255] one_slot INFO 2pending block 11 in 0.030742 
2024-07-21 17:59:52,676 superfastpath.py [line:273] one_slot INFO read pending block 11 in 0.035150 
2024-07-21 17:59:52,677 superfastpath.py [line:282] one_slot INFO 3pending block 11 in 0.037098 
2024-07-21 17:59:52,678 superfastpath.py [line:286] one_slot INFO delay block 10 in 0.088625 
2024-07-21 17:59:52,682 superfastpath.py [line:293] one_slot INFO Fast block at Node 10 for Epoch sidAFAST0 and Slot 10 has delay, TPS and TXs: 0.08862471580505371, 3000 
2024-07-21 17:59:52,683 superfastpath.py [line:295] one_slot INFO AVG TPS: 13828, running time 0.216942, weighted delay: 0.103435 
2024-07-21 17:59:52,683 superfastpath.py [line:300] one_slot INFO output block for slot 10 taking 0.093652 sec 
2024-07-21 17:59:52,683 superfastpath.py [line:304] one_slot INFO Leaving slot 11 
2024-07-21 17:59:52,683 superfastpath.py [line:230] one_slot INFO Entering slot 12 
2024-07-21 17:59:52,742 superfastpath.py [line:246] one_slot INFO pending block 12 in 0.058060 
2024-07-21 17:59:52,742 superfastpath.py [line:255] one_slot INFO 2pending block 12 in 0.058229 
2024-07-21 17:59:52,748 superfastpath.py [line:273] one_slot INFO read pending block 12 in 0.064036 
2024-07-21 17:59:52,748 superfastpath.py [line:282] one_slot INFO 3pending block 12 in 0.064445 
2024-07-21 17:59:52,748 superfastpath.py [line:286] one_slot INFO delay block 11 in 0.108174 
2024-07-21 17:59:52,753 superfastpath.py [line:293] one_slot INFO Fast block at Node 10 for Epoch sidAFAST0 and Slot 11 has delay, TPS and TXs: 0.10817360877990723, 4000 
2024-07-21 17:59:52,753 superfastpath.py [line:295] one_slot INFO AVG TPS: 13925, running time 0.287236, weighted delay: 0.104620 
2024-07-21 17:59:52,753 superfastpath.py [line:300] one_slot INFO output block for slot 11 taking 0.113286 sec 
2024-07-21 17:59:52,753 superfastpath.py [line:304] one_slot INFO Leaving slot 12 
2024-07-21 17:59:52,753 superfastpath.py [line:230] one_slot INFO Entering slot 13 
2024-07-21 17:59:52,801 superfastpath.py [line:246] one_slot INFO pending block 13 in 0.045306 
2024-07-21 17:59:52,801 superfastpath.py [line:255] one_slot INFO 2pending block 13 in 0.045459 
2024-07-21 17:59:52,802 superfastpath.py [line:273] one_slot INFO read pending block 13 in 0.047067 
2024-07-21 17:59:52,803 superfastpath.py [line:282] one_slot INFO 3pending block 13 in 0.047189 
2024-07-21 17:59:52,803 superfastpath.py [line:286] one_slot INFO delay block 12 in 0.119109 
2024-07-21 17:59:52,804 superfastpath.py [line:293] one_slot INFO Fast block at Node 10 for Epoch sidAFAST0 and Slot 12 has delay, TPS and TXs: 0.1191091537475586, 5000 
2024-07-21 17:59:52,804 superfastpath.py [line:295] one_slot INFO AVG TPS: 14769, running time 0.338536, weighted delay: 0.107518 
2024-07-21 17:59:52,804 superfastpath.py [line:300] one_slot INFO output block for slot 12 taking 0.120944 sec 
2024-07-21 17:59:52,805 superfastpath.py [line:304] one_slot INFO Leaving slot 13 
2024-07-21 17:59:52,805 superfastpath.py [line:230] one_slot INFO Entering slot 14 
2024-07-21 17:59:52,852 superfastpath.py [line:246] one_slot INFO pending block 14 in 0.047063 
2024-07-21 17:59:52,852 superfastpath.py [line:255] one_slot INFO 2pending block 14 in 0.047274 
2024-07-21 17:59:52,855 superfastpath.py [line:273] one_slot INFO read pending block 14 in 0.049840 
2024-07-21 17:59:52,855 superfastpath.py [line:282] one_slot INFO 3pending block 14 in 0.050063 
2024-07-21 17:59:52,855 superfastpath.py [line:286] one_slot INFO delay block 13 in 0.099492 
2024-07-21 17:59:52,857 superfastpath.py [line:293] one_slot INFO Fast block at Node 10 for Epoch sidAFAST0 and Slot 13 has delay, TPS and TXs: 0.09949207305908203, 6000 
2024-07-21 17:59:52,857 superfastpath.py [line:295] one_slot INFO AVG TPS: 15332, running time 0.391330, weighted delay: 0.106180 
2024-07-21 17:59:52,857 superfastpath.py [line:300] one_slot INFO output block for slot 13 taking 0.101903 sec 
2024-07-21 17:59:52,857 superfastpath.py [line:304] one_slot INFO Leaving slot 14 
2024-07-21 17:59:52,858 superfastpath.py [line:230] one_slot INFO Entering slot 15 
2024-07-21 17:59:52,932 superfastpath.py [line:246] one_slot INFO pending block 15 in 0.074434 
2024-07-21 17:59:52,937 superfastpath.py [line:255] one_slot INFO 2pending block 15 in 0.079283 
2024-07-21 17:59:52,939 superfastpath.py [line:273] one_slot INFO read pending block 15 in 0.081161 
2024-07-21 17:59:52,939 superfastpath.py [line:282] one_slot INFO 3pending block 15 in 0.081306 
2024-07-21 17:59:52,939 superfastpath.py [line:286] one_slot INFO delay block 14 in 0.134348 
2024-07-21 17:59:52,946 superfastpath.py [line:293] one_slot INFO Fast block at Node 10 for Epoch sidAFAST0 and Slot 14 has delay, TPS and TXs: 0.13434767723083496, 7000 
2024-07-21 17:59:52,946 superfastpath.py [line:295] one_slot INFO AVG TPS: 14574, running time 0.480277, weighted delay: 0.110204 
2024-07-21 17:59:52,946 superfastpath.py [line:300] one_slot INFO output block for slot 14 taking 0.141541 sec 
2024-07-21 17:59:52,946 superfastpath.py [line:304] one_slot INFO Leaving slot 15 
2024-07-21 17:59:52,946 superfastpath.py [line:230] one_slot INFO Entering slot 16 
2024-07-21 17:59:52,984 superfastpath.py [line:246] one_slot INFO pending block 16 in 0.037776 
2024-07-21 17:59:52,990 superfastpath.py [line:255] one_slot INFO 2pending block 16 in 0.043215 
2024-07-21 17:59:52,990 superfastpath.py [line:273] one_slot INFO read pending block 16 in 0.043400 
2024-07-21 17:59:52,990 superfastpath.py [line:282] one_slot INFO 3pending block 16 in 0.043490 
2024-07-21 17:59:52,990 superfastpath.py [line:286] one_slot INFO delay block 15 in 0.132388 
2024-07-21 17:59:52,992 superfastpath.py [line:293] one_slot INFO Fast block at Node 10 for Epoch sidAFAST0 and Slot 15 has delay, TPS and TXs: 0.13238763809204102, 8000 
2024-07-21 17:59:52,992 superfastpath.py [line:295] one_slot INFO AVG TPS: 15203, running time 0.526207, weighted delay: 0.112977 
2024-07-21 17:59:52,992 superfastpath.py [line:300] one_slot INFO output block for slot 15 taking 0.134722 sec 
2024-07-21 17:59:52,993 superfastpath.py [line:304] one_slot INFO Leaving slot 16 
2024-07-21 17:59:52,993 superfastpath.py [line:369] sufastpath INFO Leaves fastpath at 17 slot 
2024-07-21 17:59:52,994 Superfast.py [line:308] wait_for_fastpath INFO Fastpath of epoch 0 completed 
2024-07-21 17:59:52,994 Superfast.py [line:337] _run_epoch INFO Fastpath tps: 15187 delay 0.112977 
2024-07-21 17:59:58,002 Superfast.py [line:208] run_bft INFO node 10 breaks in 6.049362 seconds in epoch 0 with total delivered Txs 0 and average delay 0.000000 
2024-07-21 19:32:11,622 sufp_node.py [line:79] run INFO node 10's starts to run consensus on process id 32353 
2024-07-21 19:32:11,623 sufp_node.py [line:80] run INFO parameters: N=16, f=5, S=15, T=5, fast-batch=1000, acs-batch=62, K=1, O=0 
2024-07-21 19:32:11,623 sufp_node.py [line:62] prepare_bootstrap INFO node id 10 is inserting dummy payload TXs 
2024-07-21 19:32:11,624 sufp_node.py [line:70] prepare_bootstrap INFO node id 10 just inserts 50000 TXs 
2024-07-21 19:32:11,624 sufp_node.py [line:70] prepare_bootstrap INFO node id 10 just inserts 50000 TXs 
2024-07-21 19:32:11,624 sufp_node.py [line:74] prepare_bootstrap INFO node id 10 completed the loading of dummy TXs 
2024-07-21 19:32:11,624 Superfast.py [line:178] run_bft INFO Node 10 starts to run at time:1721561531.6249115 
2024-07-21 19:32:11,625 Superfast.py [line:231] _run_epoch INFO Node enters epoch 0 
2024-07-21 19:32:11,626 superfastpath.py [line:43] sufastpath INFO Entering fast path 
2024-07-21 19:32:11,627 superfastpath.py [line:230] one_slot INFO Entering slot 1 
2024-07-21 19:32:12,284 superfastpath.py [line:246] one_slot INFO pending block 1 in 0.656747 
2024-07-21 19:32:12,284 superfastpath.py [line:255] one_slot INFO 2pending block 1 in 0.657212 
2024-07-21 19:32:12,287 superfastpath.py [line:273] one_slot INFO read pending block 1 in 0.659812 
2024-07-21 19:32:12,287 superfastpath.py [line:304] one_slot INFO Leaving slot 1 
2024-07-21 19:32:12,287 superfastpath.py [line:230] one_slot INFO Entering slot 2 
2024-07-21 19:32:12,395 superfastpath.py [line:246] one_slot INFO pending block 2 in 0.108075 
2024-07-21 19:32:12,396 superfastpath.py [line:255] one_slot INFO 2pending block 2 in 0.108258 
2024-07-21 19:32:12,397 superfastpath.py [line:273] one_slot INFO read pending block 2 in 0.109867 
2024-07-21 19:32:12,397 superfastpath.py [line:304] one_slot INFO Leaving slot 2 
2024-07-21 19:32:12,398 superfastpath.py [line:230] one_slot INFO Entering slot 3 
2024-07-21 19:32:12,443 superfastpath.py [line:246] one_slot INFO pending block 3 in 0.044975 
2024-07-21 19:32:12,444 superfastpath.py [line:255] one_slot INFO 2pending block 3 in 0.046605 
2024-07-21 19:32:12,453 superfastpath.py [line:273] one_slot INFO read pending block 3 in 0.054879 
2024-07-21 19:32:12,453 superfastpath.py [line:304] one_slot INFO Leaving slot 3 
2024-07-21 19:32:12,453 superfastpath.py [line:230] one_slot INFO Entering slot 4 
2024-07-21 19:32:12,486 superfastpath.py [line:246] one_slot INFO pending block 4 in 0.032974 
2024-07-21 19:32:12,486 superfastpath.py [line:255] one_slot INFO 2pending block 4 in 0.033238 
2024-07-21 19:32:12,488 superfastpath.py [line:273] one_slot INFO read pending block 4 in 0.035011 
2024-07-21 19:32:12,488 superfastpath.py [line:304] one_slot INFO Leaving slot 4 
2024-07-21 19:32:12,489 superfastpath.py [line:230] one_slot INFO Entering slot 5 
2024-07-21 19:32:12,538 superfastpath.py [line:246] one_slot INFO pending block 5 in 0.049731 
2024-07-21 19:32:12,539 superfastpath.py [line:255] one_slot INFO 2pending block 5 in 0.049902 
2024-07-21 19:32:12,541 superfastpath.py [line:273] one_slot INFO read pending block 5 in 0.051824 
2024-07-21 19:32:12,541 superfastpath.py [line:304] one_slot INFO Leaving slot 5 
2024-07-21 19:32:12,541 superfastpath.py [line:230] one_slot INFO Entering slot 6 
2024-07-21 19:32:12,589 superfastpath.py [line:246] one_slot INFO pending block 6 in 0.047960 
2024-07-21 19:32:12,590 superfastpath.py [line:255] one_slot INFO 2pending block 6 in 0.048181 
2024-07-21 19:32:12,599 superfastpath.py [line:273] one_slot INFO read pending block 6 in 0.057755 
2024-07-21 19:32:12,600 superfastpath.py [line:304] one_slot INFO Leaving slot 6 
2024-07-21 19:32:12,600 superfastpath.py [line:230] one_slot INFO Entering slot 7 
2024-07-21 19:32:12,649 superfastpath.py [line:246] one_slot INFO pending block 7 in 0.048964 
2024-07-21 19:32:12,650 superfastpath.py [line:255] one_slot INFO 2pending block 7 in 0.049149 
2024-07-21 19:32:12,653 superfastpath.py [line:273] one_slot INFO read pending block 7 in 0.052104 
2024-07-21 19:32:12,653 superfastpath.py [line:304] one_slot INFO Leaving slot 7 
2024-07-21 19:32:12,653 superfastpath.py [line:230] one_slot INFO Entering slot 8 
2024-07-21 19:32:12,700 superfastpath.py [line:246] one_slot INFO pending block 8 in 0.046665 
2024-07-21 19:32:12,700 superfastpath.py [line:255] one_slot INFO 2pending block 8 in 0.046997 
2024-07-21 19:32:12,703 superfastpath.py [line:273] one_slot INFO read pending block 8 in 0.049227 
2024-07-21 19:32:12,703 superfastpath.py [line:304] one_slot INFO Leaving slot 8 
2024-07-21 19:32:12,703 superfastpath.py [line:230] one_slot INFO Entering slot 9 
2024-07-21 19:32:12,754 superfastpath.py [line:246] one_slot INFO pending block 9 in 0.050085 
2024-07-21 19:32:12,754 superfastpath.py [line:255] one_slot INFO 2pending block 9 in 0.050256 
2024-07-21 19:32:12,755 superfastpath.py [line:273] one_slot INFO read pending block 9 in 0.051660 
2024-07-21 19:32:12,755 superfastpath.py [line:282] one_slot INFO 3pending block 9 in 0.051785 
2024-07-21 19:32:12,755 superfastpath.py [line:286] one_slot INFO delay block 8 in 0.101851 
2024-07-21 19:32:12,757 superfastpath.py [line:293] one_slot INFO Fast block at Node 10 for Epoch sidAFAST0 and Slot 8 has delay, TPS and TXs: 0.1018514633178711, 1000 
2024-07-21 19:32:12,757 superfastpath.py [line:295] one_slot INFO AVG TPS: 9620, running time 0.103945, weighted delay: 0.101851 
2024-07-21 19:32:12,757 superfastpath.py [line:300] one_slot INFO output block for slot 8 taking 0.103885 sec 
2024-07-21 19:32:12,757 superfastpath.py [line:304] one_slot INFO Leaving slot 9 
2024-07-21 19:32:12,761 superfastpath.py [line:230] one_slot INFO Entering slot 10 
2024-07-21 19:32:12,812 superfastpath.py [line:246] one_slot INFO pending block 10 in 0.051434 
2024-07-21 19:32:12,812 superfastpath.py [line:255] one_slot INFO 2pending block 10 in 0.051643 
2024-07-21 19:32:12,814 superfastpath.py [line:273] one_slot INFO read pending block 10 in 0.052982 
2024-07-21 19:32:12,814 superfastpath.py [line:282] one_slot INFO 3pending block 10 in 0.053110 
2024-07-21 19:32:12,814 superfastpath.py [line:286] one_slot INFO delay block 9 in 0.110565 
2024-07-21 19:32:12,815 superfastpath.py [line:293] one_slot INFO Fast block at Node 10 for Epoch sidAFAST0 and Slot 9 has delay, TPS and TXs: 0.1105649471282959, 2000 
2024-07-21 19:32:12,815 superfastpath.py [line:295] one_slot INFO AVG TPS: 12328, running time 0.162232, weighted delay: 0.106208 
2024-07-21 19:32:12,816 superfastpath.py [line:300] one_slot INFO output block for slot 9 taking 0.112146 sec 
2024-07-21 19:32:12,816 superfastpath.py [line:304] one_slot INFO Leaving slot 10 
2024-07-21 19:32:12,816 superfastpath.py [line:230] one_slot INFO Entering slot 11 
2024-07-21 19:32:12,856 superfastpath.py [line:246] one_slot INFO pending block 11 in 0.039982 
2024-07-21 19:32:12,856 superfastpath.py [line:255] one_slot INFO 2pending block 11 in 0.040149 
2024-07-21 19:32:12,858 superfastpath.py [line:273] one_slot INFO read pending block 11 in 0.041697 
2024-07-21 19:32:12,858 superfastpath.py [line:282] one_slot INFO 3pending block 11 in 0.041885 
2024-07-21 19:32:12,858 superfastpath.py [line:286] one_slot INFO delay block 10 in 0.097002 
2024-07-21 19:32:12,859 superfastpath.py [line:293] one_slot INFO Fast block at Node 10 for Epoch sidAFAST0 and Slot 10 has delay, TPS and TXs: 0.09700226783752441, 3000 
2024-07-21 19:32:12,860 superfastpath.py [line:295] one_slot INFO AVG TPS: 14538, running time 0.206343, weighted delay: 0.103140 
2024-07-21 19:32:12,860 superfastpath.py [line:300] one_slot INFO output block for slot 10 taking 0.098922 sec 
2024-07-21 19:32:12,860 superfastpath.py [line:304] one_slot INFO Leaving slot 11 
2024-07-21 19:32:12,860 superfastpath.py [line:230] one_slot INFO Entering slot 12 
2024-07-21 19:32:12,906 superfastpath.py [line:246] one_slot INFO pending block 12 in 0.045806 
2024-07-21 19:32:12,906 superfastpath.py [line:255] one_slot INFO 2pending block 12 in 0.046132 
2024-07-21 19:32:12,910 superfastpath.py [line:273] one_slot INFO read pending block 12 in 0.050189 
2024-07-21 19:32:12,911 superfastpath.py [line:282] one_slot INFO 3pending block 12 in 0.050866 
2024-07-21 19:32:12,911 superfastpath.py [line:286] one_slot INFO delay block 11 in 0.095433 
2024-07-21 19:32:12,916 superfastpath.py [line:293] one_slot INFO Fast block at Node 10 for Epoch sidAFAST0 and Slot 11 has delay, TPS and TXs: 0.09543323516845703, 4000 
2024-07-21 19:32:12,916 superfastpath.py [line:295] one_slot INFO AVG TPS: 15216, running time 0.262878, weighted delay: 0.101213 
2024-07-21 19:32:12,916 superfastpath.py [line:300] one_slot INFO output block for slot 11 taking 0.100518 sec 
2024-07-21 19:32:12,917 superfastpath.py [line:304] one_slot INFO Leaving slot 12 
2024-07-21 19:32:12,917 superfastpath.py [line:230] one_slot INFO Entering slot 13 
2024-07-21 19:32:12,962 superfastpath.py [line:246] one_slot INFO pending block 13 in 0.045015 
2024-07-21 19:32:12,962 superfastpath.py [line:255] one_slot INFO 2pending block 13 in 0.045191 
2024-07-21 19:32:12,964 superfastpath.py [line:273] one_slot INFO read pending block 13 in 0.046841 
2024-07-21 19:32:12,964 superfastpath.py [line:282] one_slot INFO 3pending block 13 in 0.047033 
2024-07-21 19:32:12,964 superfastpath.py [line:286] one_slot INFO delay block 12 in 0.104084 
2024-07-21 19:32:12,972 superfastpath.py [line:293] one_slot INFO Fast block at Node 10 for Epoch sidAFAST0 and Slot 12 has delay, TPS and TXs: 0.10408353805541992, 5000 
2024-07-21 19:32:12,972 superfastpath.py [line:295] one_slot INFO AVG TPS: 15680, running time 0.318865, weighted delay: 0.101787 
2024-07-21 19:32:12,972 superfastpath.py [line:300] one_slot INFO output block for slot 12 taking 0.112143 sec 
2024-07-21 19:32:12,972 superfastpath.py [line:304] one_slot INFO Leaving slot 13 
2024-07-21 19:32:12,972 superfastpath.py [line:230] one_slot INFO Entering slot 14 
2024-07-21 19:32:13,016 superfastpath.py [line:246] one_slot INFO pending block 14 in 0.043567 
2024-07-21 19:32:13,016 superfastpath.py [line:255] one_slot INFO 2pending block 14 in 0.043775 
2024-07-21 19:32:13,019 superfastpath.py [line:273] one_slot INFO read pending block 14 in 0.046947 
2024-07-21 19:32:13,020 superfastpath.py [line:282] one_slot INFO 3pending block 14 in 0.047185 
2024-07-21 19:32:13,020 superfastpath.py [line:286] one_slot INFO delay block 13 in 0.103089 
2024-07-21 19:32:13,024 superfastpath.py [line:293] one_slot INFO Fast block at Node 10 for Epoch sidAFAST0 and Slot 13 has delay, TPS and TXs: 0.1030886173248291, 6000 
2024-07-21 19:32:13,024 superfastpath.py [line:295] one_slot INFO AVG TPS: 16183, running time 0.370741, weighted delay: 0.102004 
2024-07-21 19:32:13,027 superfastpath.py [line:300] one_slot INFO output block for slot 13 taking 0.109716 sec 
2024-07-21 19:32:13,027 superfastpath.py [line:304] one_slot INFO Leaving slot 14 
2024-07-21 19:32:13,034 superfastpath.py [line:230] one_slot INFO Entering slot 15 
2024-07-21 19:32:13,086 superfastpath.py [line:246] one_slot INFO pending block 15 in 0.051638 
2024-07-21 19:32:13,086 superfastpath.py [line:255] one_slot INFO 2pending block 15 in 0.051791 
2024-07-21 19:32:13,094 superfastpath.py [line:273] one_slot INFO read pending block 15 in 0.059311 
2024-07-21 19:32:13,097 superfastpath.py [line:282] one_slot INFO 3pending block 15 in 0.062428 
2024-07-21 19:32:13,097 superfastpath.py [line:286] one_slot INFO delay block 14 in 0.124513 
2024-07-21 19:32:13,100 superfastpath.py [line:293] one_slot INFO Fast block at Node 10 for Epoch sidAFAST0 and Slot 14 has delay, TPS and TXs: 0.1245126724243164, 7000 
2024-07-21 19:32:13,100 superfastpath.py [line:295] one_slot INFO AVG TPS: 15677, running time 0.446487, weighted delay: 0.105220 
2024-07-21 19:32:13,100 superfastpath.py [line:300] one_slot INFO output block for slot 14 taking 0.127357 sec 
2024-07-21 19:32:13,100 superfastpath.py [line:304] one_slot INFO Leaving slot 15 
2024-07-21 19:32:13,100 superfastpath.py [line:230] one_slot INFO Entering slot 16 
2024-07-21 19:32:13,134 superfastpath.py [line:246] one_slot INFO pending block 16 in 0.033393 
2024-07-21 19:32:13,134 superfastpath.py [line:255] one_slot INFO 2pending block 16 in 0.033604 
2024-07-21 19:32:13,134 superfastpath.py [line:273] one_slot INFO read pending block 16 in 0.033746 
2024-07-21 19:32:13,134 superfastpath.py [line:282] one_slot INFO 3pending block 16 in 0.033832 
2024-07-21 19:32:13,134 superfastpath.py [line:286] one_slot INFO delay block 15 in 0.099583 
2024-07-21 19:32:13,137 superfastpath.py [line:293] one_slot INFO Fast block at Node 10 for Epoch sidAFAST0 and Slot 15 has delay, TPS and TXs: 0.09958267211914062, 8000 
2024-07-21 19:32:13,137 superfastpath.py [line:295] one_slot INFO AVG TPS: 16531, running time 0.483929, weighted delay: 0.104515 
2024-07-21 19:32:13,137 superfastpath.py [line:300] one_slot INFO output block for slot 15 taking 0.102832 sec 
2024-07-21 19:32:13,137 superfastpath.py [line:304] one_slot INFO Leaving slot 16 
2024-07-21 19:32:13,137 superfastpath.py [line:369] sufastpath INFO Leaves fastpath at 17 slot 
2024-07-21 19:32:13,138 Superfast.py [line:308] wait_for_fastpath INFO Fastpath of epoch 0 completed 
2024-07-21 19:32:13,138 Superfast.py [line:337] _run_epoch INFO Fastpath tps: 16523 delay 0.104515 
2024-07-21 19:33:49,080 sufp_node.py [line:79] run INFO node 10's starts to run consensus on process id 32651 
2024-07-21 19:33:49,080 sufp_node.py [line:80] run INFO parameters: N=16, f=5, S=15, T=5, fast-batch=1000, acs-batch=62, K=1, O=0 
2024-07-21 19:33:49,080 sufp_node.py [line:62] prepare_bootstrap INFO node id 10 is inserting dummy payload TXs 
2024-07-21 19:33:49,081 sufp_node.py [line:70] prepare_bootstrap INFO node id 10 just inserts 50000 TXs 
2024-07-21 19:33:49,081 sufp_node.py [line:70] prepare_bootstrap INFO node id 10 just inserts 50000 TXs 
2024-07-21 19:33:49,081 sufp_node.py [line:74] prepare_bootstrap INFO node id 10 completed the loading of dummy TXs 
2024-07-21 19:33:49,081 Superfast.py [line:178] run_bft INFO Node 10 starts to run at time:1721561629.081529 
2024-07-21 19:33:49,081 Superfast.py [line:231] _run_epoch INFO Node enters epoch 0 
2024-07-21 19:33:49,082 superfastpath.py [line:43] sufastpath INFO Entering fast path 
2024-07-21 19:33:49,082 superfastpath.py [line:230] one_slot INFO Entering slot 1 
2024-07-21 19:33:49,423 superfastpath.py [line:246] one_slot INFO pending block 1 in 0.340445 
2024-07-21 19:33:49,423 superfastpath.py [line:255] one_slot INFO 2pending block 1 in 0.340617 
2024-07-21 19:33:49,425 superfastpath.py [line:273] one_slot INFO read pending block 1 in 0.342177 
2024-07-21 19:33:49,425 superfastpath.py [line:304] one_slot INFO Leaving slot 1 
2024-07-21 19:33:49,425 superfastpath.py [line:230] one_slot INFO Entering slot 2 
2024-07-21 19:33:49,493 superfastpath.py [line:246] one_slot INFO pending block 2 in 0.067877 
2024-07-21 19:33:49,493 superfastpath.py [line:255] one_slot INFO 2pending block 2 in 0.068047 
2024-07-21 19:33:49,494 superfastpath.py [line:273] one_slot INFO read pending block 2 in 0.069400 
2024-07-21 19:33:49,494 superfastpath.py [line:304] one_slot INFO Leaving slot 2 
2024-07-21 19:33:49,494 superfastpath.py [line:230] one_slot INFO Entering slot 3 
2024-07-21 19:33:49,548 superfastpath.py [line:246] one_slot INFO pending block 3 in 0.053627 
2024-07-21 19:33:49,548 superfastpath.py [line:255] one_slot INFO 2pending block 3 in 0.053781 
2024-07-21 19:33:49,550 superfastpath.py [line:273] one_slot INFO read pending block 3 in 0.055193 
2024-07-21 19:33:49,550 superfastpath.py [line:304] one_slot INFO Leaving slot 3 
2024-07-21 19:33:49,550 superfastpath.py [line:230] one_slot INFO Entering slot 4 
2024-07-21 19:33:49,610 superfastpath.py [line:246] one_slot INFO pending block 4 in 0.059851 
2024-07-21 19:33:49,610 superfastpath.py [line:255] one_slot INFO 2pending block 4 in 0.060051 
2024-07-21 19:33:49,612 superfastpath.py [line:273] one_slot INFO read pending block 4 in 0.061810 
2024-07-21 19:33:49,612 superfastpath.py [line:304] one_slot INFO Leaving slot 4 
2024-07-21 19:33:49,612 superfastpath.py [line:230] one_slot INFO Entering slot 5 
2024-07-21 19:33:49,662 superfastpath.py [line:246] one_slot INFO pending block 5 in 0.049365 
2024-07-21 19:33:49,662 superfastpath.py [line:255] one_slot INFO 2pending block 5 in 0.049554 
2024-07-21 19:33:49,666 superfastpath.py [line:273] one_slot INFO read pending block 5 in 0.053295 
2024-07-21 19:33:49,666 superfastpath.py [line:304] one_slot INFO Leaving slot 5 
2024-07-21 19:33:49,666 superfastpath.py [line:230] one_slot INFO Entering slot 6 
2024-07-21 19:33:49,695 superfastpath.py [line:246] one_slot INFO pending block 6 in 0.028919 
2024-07-21 19:33:49,695 superfastpath.py [line:255] one_slot INFO 2pending block 6 in 0.029102 
2024-07-21 19:33:49,697 superfastpath.py [line:273] one_slot INFO read pending block 6 in 0.030700 
2024-07-21 19:33:49,697 superfastpath.py [line:304] one_slot INFO Leaving slot 6 
2024-07-21 19:33:49,697 superfastpath.py [line:230] one_slot INFO Entering slot 7 
2024-07-21 19:33:49,739 superfastpath.py [line:246] one_slot INFO pending block 7 in 0.041635 
2024-07-21 19:33:49,739 superfastpath.py [line:255] one_slot INFO 2pending block 7 in 0.041999 
2024-07-21 19:33:49,742 superfastpath.py [line:273] one_slot INFO read pending block 7 in 0.044251 
2024-07-21 19:33:49,742 superfastpath.py [line:304] one_slot INFO Leaving slot 7 
2024-07-21 19:33:49,742 superfastpath.py [line:230] one_slot INFO Entering slot 8 
2024-07-21 19:33:49,799 superfastpath.py [line:246] one_slot INFO pending block 8 in 0.057386 
2024-07-21 19:33:49,800 superfastpath.py [line:255] one_slot INFO 2pending block 8 in 0.057544 
2024-07-21 19:33:49,803 superfastpath.py [line:273] one_slot INFO read pending block 8 in 0.060482 
2024-07-21 19:33:49,803 superfastpath.py [line:304] one_slot INFO Leaving slot 8 
2024-07-21 19:33:49,804 superfastpath.py [line:230] one_slot INFO Entering slot 9 
2024-07-21 19:33:49,878 superfastpath.py [line:246] one_slot INFO pending block 9 in 0.074149 
2024-07-21 19:33:49,878 superfastpath.py [line:255] one_slot INFO 2pending block 9 in 0.074325 
2024-07-21 19:33:49,880 superfastpath.py [line:273] one_slot INFO read pending block 9 in 0.075657 
2024-07-21 19:33:49,880 superfastpath.py [line:282] one_slot INFO 3pending block 9 in 0.075827 
2024-07-21 19:33:49,880 superfastpath.py [line:286] one_slot INFO delay block 8 in 0.137716 
2024-07-21 19:33:49,881 superfastpath.py [line:293] one_slot INFO Fast block at Node 10 for Epoch sidAFAST0 and Slot 8 has delay, TPS and TXs: 0.13771629333496094, 1000 
2024-07-21 19:33:49,881 superfastpath.py [line:295] one_slot INFO AVG TPS: 7181, running time 0.139244, weighted delay: 0.137716 
2024-07-21 19:33:49,881 superfastpath.py [line:300] one_slot INFO output block for slot 8 taking 0.139196 sec 
2024-07-21 19:33:49,881 superfastpath.py [line:304] one_slot INFO Leaving slot 9 
2024-07-21 19:33:49,881 superfastpath.py [line:230] one_slot INFO Entering slot 10 
2024-07-21 19:33:49,920 superfastpath.py [line:246] one_slot INFO pending block 10 in 0.038676 
2024-07-21 19:33:49,974 superfastpath.py [line:255] one_slot INFO 2pending block 10 in 0.091975 
2024-07-21 19:33:49,983 superfastpath.py [line:273] one_slot INFO read pending block 10 in 0.101022 
2024-07-21 19:33:49,983 superfastpath.py [line:282] one_slot INFO 3pending block 10 in 0.101187 
2024-07-21 19:33:49,983 superfastpath.py [line:286] one_slot INFO delay block 9 in 0.178891 
2024-07-21 19:33:49,986 superfastpath.py [line:293] one_slot INFO Fast block at Node 10 for Epoch sidAFAST0 and Slot 9 has delay, TPS and TXs: 0.17889142036437988, 2000 
2024-07-21 19:33:49,986 superfastpath.py [line:295] one_slot INFO AVG TPS: 8180, running time 0.244493, weighted delay: 0.158304 
2024-07-21 19:33:49,987 superfastpath.py [line:300] one_slot INFO output block for slot 9 taking 0.182668 sec 
2024-07-21 19:33:49,987 superfastpath.py [line:304] one_slot INFO Leaving slot 10 
2024-07-21 19:33:49,988 superfastpath.py [line:230] one_slot INFO Entering slot 11 
2024-07-21 19:33:50,025 superfastpath.py [line:246] one_slot INFO pending block 11 in 0.036655 
2024-07-21 19:33:50,025 superfastpath.py [line:255] one_slot INFO 2pending block 11 in 0.036826 
2024-07-21 19:33:50,031 superfastpath.py [line:273] one_slot INFO read pending block 11 in 0.042987 
2024-07-21 19:33:50,031 superfastpath.py [line:282] one_slot INFO 3pending block 11 in 0.043277 
2024-07-21 19:33:50,033 superfastpath.py [line:286] one_slot INFO delay block 10 in 0.151143 
2024-07-21 19:33:50,037 superfastpath.py [line:293] one_slot INFO Fast block at Node 10 for Epoch sidAFAST0 and Slot 10 has delay, TPS and TXs: 0.15114331245422363, 3000 
2024-07-21 19:33:50,038 superfastpath.py [line:295] one_slot INFO AVG TPS: 10149, running time 0.295586, weighted delay: 0.155917 
2024-07-21 19:33:50,038 superfastpath.py [line:300] one_slot INFO output block for slot 10 taking 0.156153 sec 
2024-07-21 19:33:50,038 superfastpath.py [line:304] one_slot INFO Leaving slot 11 
2024-07-21 19:33:50,038 superfastpath.py [line:230] one_slot INFO Entering slot 12 
2024-07-21 19:33:50,074 superfastpath.py [line:246] one_slot INFO pending block 12 in 0.036252 
2024-07-21 19:33:50,074 superfastpath.py [line:255] one_slot INFO 2pending block 12 in 0.036440 
2024-07-21 19:33:50,076 superfastpath.py [line:273] one_slot INFO read pending block 12 in 0.038133 
2024-07-21 19:33:50,076 superfastpath.py [line:282] one_slot INFO 3pending block 12 in 0.038294 
2024-07-21 19:33:50,076 superfastpath.py [line:286] one_slot INFO delay block 11 in 0.088385 
2024-07-21 19:33:50,081 superfastpath.py [line:293] one_slot INFO Fast block at Node 10 for Epoch sidAFAST0 and Slot 11 has delay, TPS and TXs: 0.08838510513305664, 4000 
2024-07-21 19:33:50,081 superfastpath.py [line:295] one_slot INFO AVG TPS: 11791, running time 0.339226, weighted delay: 0.139034 
2024-07-21 19:33:50,081 superfastpath.py [line:300] one_slot INFO output block for slot 11 taking 0.093346 sec 
2024-07-21 19:33:50,081 superfastpath.py [line:304] one_slot INFO Leaving slot 12 
2024-07-21 19:33:50,084 superfastpath.py [line:230] one_slot INFO Entering slot 13 
2024-07-21 19:33:50,126 superfastpath.py [line:246] one_slot INFO pending block 13 in 0.041613 
2024-07-21 19:33:50,126 superfastpath.py [line:255] one_slot INFO 2pending block 13 in 0.041770 
2024-07-21 19:33:50,136 superfastpath.py [line:273] one_slot INFO read pending block 13 in 0.052130 
2024-07-21 19:33:50,136 superfastpath.py [line:282] one_slot INFO 3pending block 13 in 0.052317 
2024-07-21 19:33:50,136 superfastpath.py [line:286] one_slot INFO delay block 12 in 0.098274 
2024-07-21 19:33:50,138 superfastpath.py [line:293] one_slot INFO Fast block at Node 10 for Epoch sidAFAST0 and Slot 12 has delay, TPS and TXs: 0.09827375411987305, 5000 
2024-07-21 19:33:50,138 superfastpath.py [line:295] one_slot INFO AVG TPS: 12629, running time 0.395892, weighted delay: 0.130882 
2024-07-21 19:33:50,138 superfastpath.py [line:300] one_slot INFO output block for slot 12 taking 0.099953 sec 
2024-07-21 19:33:50,138 superfastpath.py [line:304] one_slot INFO Leaving slot 13 
2024-07-21 19:33:50,138 superfastpath.py [line:230] one_slot INFO Entering slot 14 
2024-07-21 19:33:50,171 superfastpath.py [line:246] one_slot INFO pending block 14 in 0.032830 
2024-07-21 19:33:50,171 superfastpath.py [line:255] one_slot INFO 2pending block 14 in 0.032968 
2024-07-21 19:33:50,178 superfastpath.py [line:273] one_slot INFO read pending block 14 in 0.039698 
2024-07-21 19:33:50,178 superfastpath.py [line:282] one_slot INFO 3pending block 14 in 0.039857 
2024-07-21 19:33:50,178 superfastpath.py [line:286] one_slot INFO delay block 13 in 0.094280 
2024-07-21 19:33:50,184 superfastpath.py [line:293] one_slot INFO Fast block at Node 10 for Epoch sidAFAST0 and Slot 13 has delay, TPS and TXs: 0.09428024291992188, 6000 
2024-07-21 19:33:50,188 superfastpath.py [line:295] one_slot INFO AVG TPS: 13459, running time 0.445777, weighted delay: 0.124782 
2024-07-21 19:33:50,188 superfastpath.py [line:300] one_slot INFO output block for slot 13 taking 0.104236 sec 
2024-07-21 19:33:50,188 superfastpath.py [line:304] one_slot INFO Leaving slot 14 
2024-07-21 19:33:50,188 superfastpath.py [line:230] one_slot INFO Entering slot 15 
2024-07-21 19:33:50,245 superfastpath.py [line:246] one_slot INFO pending block 15 in 0.056075 
2024-07-21 19:33:50,245 superfastpath.py [line:255] one_slot INFO 2pending block 15 in 0.056277 
2024-07-21 19:33:50,255 superfastpath.py [line:273] one_slot INFO read pending block 15 in 0.066766 
2024-07-21 19:33:50,255 superfastpath.py [line:282] one_slot INFO 3pending block 15 in 0.066929 
2024-07-21 19:33:50,255 superfastpath.py [line:286] one_slot INFO delay block 14 in 0.117247 
2024-07-21 19:33:50,257 superfastpath.py [line:293] one_slot INFO Fast block at Node 10 for Epoch sidAFAST0 and Slot 14 has delay, TPS and TXs: 0.11724686622619629, 7000 
2024-07-21 19:33:50,257 superfastpath.py [line:295] one_slot INFO AVG TPS: 13589, running time 0.515106, weighted delay: 0.123705 
2024-07-21 19:33:50,257 superfastpath.py [line:300] one_slot INFO output block for slot 14 taking 0.118945 sec 
2024-07-21 19:33:50,257 superfastpath.py [line:304] one_slot INFO Leaving slot 15 
2024-07-21 19:33:50,257 superfastpath.py [line:230] one_slot INFO Entering slot 16 
2024-07-21 19:33:50,270 superfastpath.py [line:246] one_slot INFO pending block 16 in 0.012769 
2024-07-21 19:33:50,270 superfastpath.py [line:255] one_slot INFO 2pending block 16 in 0.012920 
2024-07-21 19:33:50,271 superfastpath.py [line:273] one_slot INFO read pending block 16 in 0.013038 
2024-07-21 19:33:50,271 superfastpath.py [line:282] one_slot INFO 3pending block 16 in 0.013117 
2024-07-21 19:33:50,271 superfastpath.py [line:286] one_slot INFO delay block 15 in 0.082200 
2024-07-21 19:33:50,278 superfastpath.py [line:293] one_slot INFO Fast block at Node 10 for Epoch sidAFAST0 and Slot 15 has delay, TPS and TXs: 0.08220028877258301, 8000 
2024-07-21 19:33:50,278 superfastpath.py [line:295] one_slot INFO AVG TPS: 14929, running time 0.535837, weighted delay: 0.118517 
2024-07-21 19:33:50,278 superfastpath.py [line:300] one_slot INFO output block for slot 15 taking 0.089502 sec 
2024-07-21 19:33:50,279 superfastpath.py [line:304] one_slot INFO Leaving slot 16 
2024-07-21 19:33:50,279 superfastpath.py [line:369] sufastpath INFO Leaves fastpath at 17 slot 
2024-07-21 19:33:50,285 Superfast.py [line:308] wait_for_fastpath INFO Fastpath of epoch 0 completed 
2024-07-21 19:33:50,285 Superfast.py [line:337] _run_epoch INFO Fastpath tps: 14896 delay 0.118517 
2024-07-21 19:35:35,379 sufp_node.py [line:79] run INFO node 10's starts to run consensus on process id 520 
2024-07-21 19:35:35,379 sufp_node.py [line:80] run INFO parameters: N=16, f=5, S=15, T=5, fast-batch=1000, acs-batch=62, K=1, O=0 
2024-07-21 19:35:35,380 sufp_node.py [line:62] prepare_bootstrap INFO node id 10 is inserting dummy payload TXs 
2024-07-21 19:35:35,380 sufp_node.py [line:70] prepare_bootstrap INFO node id 10 just inserts 50000 TXs 
2024-07-21 19:35:35,381 sufp_node.py [line:70] prepare_bootstrap INFO node id 10 just inserts 50000 TXs 
2024-07-21 19:35:35,381 sufp_node.py [line:74] prepare_bootstrap INFO node id 10 completed the loading of dummy TXs 
2024-07-21 19:35:35,381 Superfast.py [line:178] run_bft INFO Node 10 starts to run at time:1721561735.3816626 
2024-07-21 19:35:35,381 Superfast.py [line:231] _run_epoch INFO Node enters epoch 0 
2024-07-21 19:35:35,383 superfastpath.py [line:43] sufastpath INFO Entering fast path 
2024-07-21 19:35:35,384 superfastpath.py [line:231] one_slot INFO Entering slot 1 
2024-07-21 19:35:35,888 superfastpath.py [line:247] one_slot INFO pending block 1 in 0.503955 
2024-07-21 19:35:35,888 superfastpath.py [line:256] one_slot INFO 2pending block 1 in 0.504157 
2024-07-21 19:35:35,890 superfastpath.py [line:274] one_slot INFO read pending block 1 in 0.505803 
2024-07-21 19:35:35,890 superfastpath.py [line:305] one_slot INFO Leaving slot 1 
2024-07-21 19:35:35,890 superfastpath.py [line:231] one_slot INFO Entering slot 2 
2024-07-21 19:35:35,954 superfastpath.py [line:247] one_slot INFO pending block 2 in 0.063491 
2024-07-21 19:35:35,954 superfastpath.py [line:256] one_slot INFO 2pending block 2 in 0.063632 
2024-07-21 19:35:35,956 superfastpath.py [line:274] one_slot INFO read pending block 2 in 0.065190 
2024-07-21 19:35:35,956 superfastpath.py [line:305] one_slot INFO Leaving slot 2 
2024-07-21 19:35:35,956 superfastpath.py [line:231] one_slot INFO Entering slot 3 
2024-07-21 19:35:35,995 superfastpath.py [line:247] one_slot INFO pending block 3 in 0.038912 
2024-07-21 19:35:35,995 superfastpath.py [line:256] one_slot INFO 2pending block 3 in 0.039091 
2024-07-21 19:35:35,997 superfastpath.py [line:274] one_slot INFO read pending block 3 in 0.040744 
2024-07-21 19:35:35,997 superfastpath.py [line:305] one_slot INFO Leaving slot 3 
2024-07-21 19:35:35,997 superfastpath.py [line:231] one_slot INFO Entering slot 4 
2024-07-21 19:35:36,053 superfastpath.py [line:247] one_slot INFO pending block 4 in 0.055782 
2024-07-21 19:35:36,053 superfastpath.py [line:256] one_slot INFO 2pending block 4 in 0.055959 
2024-07-21 19:35:36,061 superfastpath.py [line:274] one_slot INFO read pending block 4 in 0.063459 
2024-07-21 19:35:36,061 superfastpath.py [line:305] one_slot INFO Leaving slot 4 
2024-07-21 19:35:36,061 superfastpath.py [line:231] one_slot INFO Entering slot 5 
2024-07-21 19:35:36,116 superfastpath.py [line:247] one_slot INFO pending block 5 in 0.054541 
2024-07-21 19:35:36,116 superfastpath.py [line:256] one_slot INFO 2pending block 5 in 0.054713 
2024-07-21 19:35:36,122 superfastpath.py [line:274] one_slot INFO read pending block 5 in 0.060983 
2024-07-21 19:35:36,122 superfastpath.py [line:305] one_slot INFO Leaving slot 5 
2024-07-21 19:35:36,122 superfastpath.py [line:231] one_slot INFO Entering slot 6 
2024-07-21 19:35:36,160 superfastpath.py [line:247] one_slot INFO pending block 6 in 0.037106 
2024-07-21 19:35:36,160 superfastpath.py [line:256] one_slot INFO 2pending block 6 in 0.037299 
2024-07-21 19:35:36,162 superfastpath.py [line:274] one_slot INFO read pending block 6 in 0.039795 
2024-07-21 19:35:36,163 superfastpath.py [line:305] one_slot INFO Leaving slot 6 
2024-07-21 19:35:36,163 superfastpath.py [line:231] one_slot INFO Entering slot 7 
2024-07-21 19:35:36,212 superfastpath.py [line:247] one_slot INFO pending block 7 in 0.048719 
2024-07-21 19:35:36,212 superfastpath.py [line:256] one_slot INFO 2pending block 7 in 0.048862 
2024-07-21 19:35:36,213 superfastpath.py [line:274] one_slot INFO read pending block 7 in 0.050228 
2024-07-21 19:35:36,213 superfastpath.py [line:305] one_slot INFO Leaving slot 7 
2024-07-21 19:35:36,213 superfastpath.py [line:231] one_slot INFO Entering slot 8 
2024-07-21 19:35:36,266 superfastpath.py [line:247] one_slot INFO pending block 8 in 0.052293 
2024-07-21 19:35:36,267 superfastpath.py [line:256] one_slot INFO 2pending block 8 in 0.052552 
2024-07-21 19:35:36,269 superfastpath.py [line:274] one_slot INFO read pending block 8 in 0.055276 
2024-07-21 19:35:36,270 superfastpath.py [line:305] one_slot INFO Leaving slot 8 
2024-07-21 19:35:36,271 superfastpath.py [line:231] one_slot INFO Entering slot 9 
2024-07-21 19:35:36,308 superfastpath.py [line:247] one_slot INFO pending block 9 in 0.036868 
2024-07-21 19:35:36,308 superfastpath.py [line:256] one_slot INFO 2pending block 9 in 0.037225 
2024-07-21 19:35:36,313 superfastpath.py [line:274] one_slot INFO read pending block 9 in 0.041410 
2024-07-21 19:35:36,313 superfastpath.py [line:283] one_slot INFO 3pending block 9 in 0.041634 
2024-07-21 19:35:36,313 superfastpath.py [line:287] one_slot INFO delay block 8 in 0.098845 
2024-07-21 19:35:36,315 superfastpath.py [line:294] one_slot INFO Fast block at Node 10 for Epoch sidAFAST0 and Slot 8 has delay, TPS and TXs: 0.09884452819824219, 1000 
2024-07-21 19:35:36,315 superfastpath.py [line:296] one_slot INFO AVG TPS: 9843, running time 0.101589, weighted delay: 0.098845 
2024-07-21 19:35:36,315 superfastpath.py [line:301] one_slot INFO output block for slot 8 taking 0.100938 sec 
2024-07-21 19:35:36,315 superfastpath.py [line:305] one_slot INFO Leaving slot 9 
2024-07-21 19:35:36,315 superfastpath.py [line:231] one_slot INFO Entering slot 10 
2024-07-21 19:35:36,364 superfastpath.py [line:247] one_slot INFO pending block 10 in 0.048643 
2024-07-21 19:35:36,364 superfastpath.py [line:256] one_slot INFO 2pending block 10 in 0.048922 
2024-07-21 19:35:36,371 superfastpath.py [line:274] one_slot INFO read pending block 10 in 0.055428 
2024-07-21 19:35:36,371 superfastpath.py [line:283] one_slot INFO 3pending block 10 in 0.055594 
2024-07-21 19:35:36,371 superfastpath.py [line:287] one_slot INFO delay block 9 in 0.099818 
2024-07-21 19:35:36,378 superfastpath.py [line:294] one_slot INFO Fast block at Node 10 for Epoch sidAFAST0 and Slot 9 has delay, TPS and TXs: 0.09981822967529297, 2000 
2024-07-21 19:35:36,378 superfastpath.py [line:296] one_slot INFO AVG TPS: 12145, running time 0.164670, weighted delay: 0.099331 
2024-07-21 19:35:36,378 superfastpath.py [line:301] one_slot INFO output block for slot 9 taking 0.106877 sec 
2024-07-21 19:35:36,378 superfastpath.py [line:305] one_slot INFO Leaving slot 10 
2024-07-21 19:35:36,379 superfastpath.py [line:231] one_slot INFO Entering slot 11 
2024-07-21 19:35:36,426 superfastpath.py [line:247] one_slot INFO pending block 11 in 0.046745 
2024-07-21 19:35:36,426 superfastpath.py [line:256] one_slot INFO 2pending block 11 in 0.046913 
2024-07-21 19:35:36,430 superfastpath.py [line:274] one_slot INFO read pending block 11 in 0.050991 
2024-07-21 19:35:36,430 superfastpath.py [line:283] one_slot INFO 3pending block 11 in 0.051156 
2024-07-21 19:35:36,430 superfastpath.py [line:287] one_slot INFO delay block 10 in 0.114950 
2024-07-21 19:35:36,434 superfastpath.py [line:294] one_slot INFO Fast block at Node 10 for Epoch sidAFAST0 and Slot 10 has delay, TPS and TXs: 0.11495041847229004, 3000 
2024-07-21 19:35:36,434 superfastpath.py [line:296] one_slot INFO AVG TPS: 13561, running time 0.221215, weighted delay: 0.104538 
2024-07-21 19:35:36,435 superfastpath.py [line:301] one_slot INFO output block for slot 10 taking 0.119270 sec 
2024-07-21 19:35:36,435 superfastpath.py [line:305] one_slot INFO Leaving slot 11 
2024-07-21 19:35:36,435 superfastpath.py [line:231] one_slot INFO Entering slot 12 
2024-07-21 19:35:36,477 superfastpath.py [line:247] one_slot INFO pending block 12 in 0.042315 
2024-07-21 19:35:36,477 superfastpath.py [line:256] one_slot INFO 2pending block 12 in 0.042480 
2024-07-21 19:35:36,479 superfastpath.py [line:274] one_slot INFO read pending block 12 in 0.043891 
2024-07-21 19:35:36,479 superfastpath.py [line:283] one_slot INFO 3pending block 12 in 0.044066 
2024-07-21 19:35:36,479 superfastpath.py [line:287] one_slot INFO delay block 11 in 0.099977 
2024-07-21 19:35:36,480 superfastpath.py [line:294] one_slot INFO Fast block at Node 10 for Epoch sidAFAST0 and Slot 11 has delay, TPS and TXs: 0.09997725486755371, 4000 
2024-07-21 19:35:36,481 superfastpath.py [line:296] one_slot INFO AVG TPS: 14962, running time 0.267338, weighted delay: 0.103398 
2024-07-21 19:35:36,481 superfastpath.py [line:301] one_slot INFO output block for slot 11 taking 0.101690 sec 
2024-07-21 19:35:36,481 superfastpath.py [line:305] one_slot INFO Leaving slot 12 
2024-07-21 19:35:36,481 superfastpath.py [line:231] one_slot INFO Entering slot 13 
2024-07-21 19:35:36,520 superfastpath.py [line:247] one_slot INFO pending block 13 in 0.038585 
2024-07-21 19:35:36,520 superfastpath.py [line:256] one_slot INFO 2pending block 13 in 0.038855 
2024-07-21 19:35:36,527 superfastpath.py [line:274] one_slot INFO read pending block 13 in 0.045710 
2024-07-21 19:35:36,527 superfastpath.py [line:283] one_slot INFO 3pending block 13 in 0.046026 
2024-07-21 19:35:36,527 superfastpath.py [line:287] one_slot INFO delay block 12 in 0.092260 
2024-07-21 19:35:36,533 superfastpath.py [line:294] one_slot INFO Fast block at Node 10 for Epoch sidAFAST0 and Slot 12 has delay, TPS and TXs: 0.09225964546203613, 5000 
2024-07-21 19:35:36,533 superfastpath.py [line:296] one_slot INFO AVG TPS: 15645, running time 0.319576, weighted delay: 0.101170 
2024-07-21 19:35:36,533 superfastpath.py [line:301] one_slot INFO output block for slot 12 taking 0.098092 sec 
2024-07-21 19:35:36,533 superfastpath.py [line:305] one_slot INFO Leaving slot 13 
2024-07-21 19:35:36,536 superfastpath.py [line:231] one_slot INFO Entering slot 14 
2024-07-21 19:35:36,564 superfastpath.py [line:247] one_slot INFO pending block 14 in 0.024575 
2024-07-21 19:35:36,564 superfastpath.py [line:256] one_slot INFO 2pending block 14 in 0.027889 
2024-07-21 19:35:36,571 superfastpath.py [line:274] one_slot INFO read pending block 14 in 0.035367 
2024-07-21 19:35:36,572 superfastpath.py [line:283] one_slot INFO 3pending block 14 in 0.035537 
2024-07-21 19:35:36,572 superfastpath.py [line:287] one_slot INFO delay block 13 in 0.090753 
2024-07-21 19:35:36,578 superfastpath.py [line:294] one_slot INFO Fast block at Node 10 for Epoch sidAFAST0 and Slot 13 has delay, TPS and TXs: 0.09075284004211426, 6000 
2024-07-21 19:35:36,579 superfastpath.py [line:296] one_slot INFO AVG TPS: 16421, running time 0.365366, weighted delay: 0.099434 
2024-07-21 19:35:36,579 superfastpath.py [line:301] one_slot INFO output block for slot 13 taking 0.097748 sec 
2024-07-21 19:35:36,579 superfastpath.py [line:305] one_slot INFO Leaving slot 14 
2024-07-21 19:35:36,579 superfastpath.py [line:231] one_slot INFO Entering slot 15 
2024-07-21 19:35:36,620 superfastpath.py [line:247] one_slot INFO pending block 15 in 0.040684 
2024-07-21 19:35:36,620 superfastpath.py [line:256] one_slot INFO 2pending block 15 in 0.040825 
2024-07-21 19:35:36,622 superfastpath.py [line:274] one_slot INFO read pending block 15 in 0.043171 
2024-07-21 19:35:36,622 superfastpath.py [line:283] one_slot INFO 3pending block 15 in 0.043324 
2024-07-21 19:35:36,622 superfastpath.py [line:287] one_slot INFO delay block 14 in 0.086281 
2024-07-21 19:35:36,624 superfastpath.py [line:294] one_slot INFO Fast block at Node 10 for Epoch sidAFAST0 and Slot 14 has delay, TPS and TXs: 0.08628129959106445, 7000 
2024-07-21 19:35:36,624 superfastpath.py [line:296] one_slot INFO AVG TPS: 17037, running time 0.410870, weighted delay: 0.097555 
2024-07-21 19:35:36,624 superfastpath.py [line:301] one_slot INFO output block for slot 14 taking 0.088115 sec 
2024-07-21 19:35:36,624 superfastpath.py [line:305] one_slot INFO Leaving slot 15 
2024-07-21 19:35:36,624 superfastpath.py [line:231] one_slot INFO Entering slot 16 
2024-07-21 19:35:36,652 superfastpath.py [line:247] one_slot INFO pending block 16 in 0.027724 
2024-07-21 19:35:36,652 superfastpath.py [line:256] one_slot INFO 2pending block 16 in 0.027891 
2024-07-21 19:35:36,652 superfastpath.py [line:274] one_slot INFO read pending block 16 in 0.028002 
2024-07-21 19:35:36,653 superfastpath.py [line:283] one_slot INFO 3pending block 16 in 0.028073 
2024-07-21 19:35:36,653 superfastpath.py [line:287] one_slot INFO delay block 15 in 0.073626 
2024-07-21 19:35:36,656 superfastpath.py [line:294] one_slot INFO Fast block at Node 10 for Epoch sidAFAST0 and Slot 15 has delay, TPS and TXs: 0.07362627983093262, 8000 
2024-07-21 19:35:36,656 superfastpath.py [line:296] one_slot INFO AVG TPS: 18053, running time 0.443140, weighted delay: 0.094564 
2024-07-21 19:35:36,656 superfastpath.py [line:301] one_slot INFO output block for slot 15 taking 0.077523 sec 
2024-07-21 19:35:36,658 superfastpath.py [line:305] one_slot INFO Leaving slot 16 
2024-07-21 19:35:36,658 superfastpath.py [line:370] sufastpath INFO Leaves fastpath at 17 slot 
2024-07-21 19:35:36,659 Superfast.py [line:308] wait_for_fastpath INFO Fastpath of epoch 0 completed 
2024-07-21 19:35:36,659 Superfast.py [line:337] _run_epoch INFO Fastpath tps: 17978 delay 0.094564 
2024-07-21 19:37:55,974 sufp_node.py [line:79] run INFO node 10's starts to run consensus on process id 861 
2024-07-21 19:37:55,975 sufp_node.py [line:80] run INFO parameters: N=16, f=5, S=15, T=5, fast-batch=1000, acs-batch=62, K=1, O=0 
2024-07-21 19:37:55,975 sufp_node.py [line:62] prepare_bootstrap INFO node id 10 is inserting dummy payload TXs 
2024-07-21 19:37:55,975 sufp_node.py [line:70] prepare_bootstrap INFO node id 10 just inserts 50000 TXs 
2024-07-21 19:37:55,975 sufp_node.py [line:70] prepare_bootstrap INFO node id 10 just inserts 50000 TXs 
2024-07-21 19:37:55,975 sufp_node.py [line:74] prepare_bootstrap INFO node id 10 completed the loading of dummy TXs 
2024-07-21 19:37:55,976 Superfast.py [line:178] run_bft INFO Node 10 starts to run at time:1721561875.9760752 
2024-07-21 19:37:55,976 Superfast.py [line:231] _run_epoch INFO Node enters epoch 0 
2024-07-21 19:37:55,976 superfastpath.py [line:43] sufastpath INFO Entering fast path 
2024-07-21 19:37:55,977 superfastpath.py [line:233] one_slot INFO Entering slot 1 
2024-07-21 19:37:56,185 superfastpath.py [line:249] one_slot INFO pending block 1 in 0.207904 
2024-07-21 19:37:56,185 superfastpath.py [line:258] one_slot INFO 2pending block 1 in 0.208074 
2024-07-21 19:37:56,187 superfastpath.py [line:276] one_slot INFO read pending block 1 in 0.210236 
2024-07-21 19:37:56,187 superfastpath.py [line:307] one_slot INFO Leaving slot 1 
2024-07-21 19:37:56,187 superfastpath.py [line:233] one_slot INFO Entering slot 2 
2024-07-21 19:37:56,253 superfastpath.py [line:249] one_slot INFO pending block 2 in 0.065308 
2024-07-21 19:37:56,253 superfastpath.py [line:258] one_slot INFO 2pending block 2 in 0.065464 
2024-07-21 19:37:56,257 superfastpath.py [line:276] one_slot INFO read pending block 2 in 0.069177 
2024-07-21 19:37:56,257 superfastpath.py [line:307] one_slot INFO Leaving slot 2 
2024-07-21 19:37:56,257 superfastpath.py [line:233] one_slot INFO Entering slot 3 
2024-07-21 19:37:56,287 superfastpath.py [line:249] one_slot INFO pending block 3 in 0.030044 
2024-07-21 19:37:56,288 superfastpath.py [line:258] one_slot INFO 2pending block 3 in 0.030643 
2024-07-21 19:37:56,292 superfastpath.py [line:276] one_slot INFO read pending block 3 in 0.034873 
2024-07-21 19:37:56,292 superfastpath.py [line:307] one_slot INFO Leaving slot 3 
2024-07-21 19:37:56,292 superfastpath.py [line:233] one_slot INFO Entering slot 4 
2024-07-21 19:37:56,332 superfastpath.py [line:249] one_slot INFO pending block 4 in 0.039301 
2024-07-21 19:37:56,332 superfastpath.py [line:258] one_slot INFO 2pending block 4 in 0.039479 
2024-07-21 19:37:56,335 superfastpath.py [line:276] one_slot INFO read pending block 4 in 0.041606 
2024-07-21 19:37:56,335 superfastpath.py [line:307] one_slot INFO Leaving slot 4 
2024-07-21 19:37:56,335 superfastpath.py [line:233] one_slot INFO Entering slot 5 
2024-07-21 19:37:56,394 superfastpath.py [line:249] one_slot INFO pending block 5 in 0.059433 
2024-07-21 19:37:56,395 superfastpath.py [line:258] one_slot INFO 2pending block 5 in 0.059614 
2024-07-21 19:37:56,400 superfastpath.py [line:276] one_slot INFO read pending block 5 in 0.065346 
2024-07-21 19:37:56,400 superfastpath.py [line:307] one_slot INFO Leaving slot 5 
2024-07-21 19:37:56,403 superfastpath.py [line:233] one_slot INFO Entering slot 6 
2024-07-21 19:37:56,446 superfastpath.py [line:249] one_slot INFO pending block 6 in 0.042399 
2024-07-21 19:37:56,446 superfastpath.py [line:258] one_slot INFO 2pending block 6 in 0.042598 
2024-07-21 19:37:56,448 superfastpath.py [line:276] one_slot INFO read pending block 6 in 0.044427 
2024-07-21 19:37:56,448 superfastpath.py [line:307] one_slot INFO Leaving slot 6 
2024-07-21 19:37:56,448 superfastpath.py [line:233] one_slot INFO Entering slot 7 
2024-07-21 19:37:56,503 superfastpath.py [line:249] one_slot INFO pending block 7 in 0.054289 
2024-07-21 19:37:56,503 superfastpath.py [line:258] one_slot INFO 2pending block 7 in 0.054575 
2024-07-21 19:37:56,505 superfastpath.py [line:276] one_slot INFO read pending block 7 in 0.056213 
2024-07-21 19:37:56,505 superfastpath.py [line:307] one_slot INFO Leaving slot 7 
2024-07-21 19:37:56,505 superfastpath.py [line:233] one_slot INFO Entering slot 8 
2024-07-21 19:37:56,560 superfastpath.py [line:249] one_slot INFO pending block 8 in 0.054451 
2024-07-21 19:37:56,560 superfastpath.py [line:258] one_slot INFO 2pending block 8 in 0.054805 
2024-07-21 19:37:56,562 superfastpath.py [line:276] one_slot INFO read pending block 8 in 0.056566 
2024-07-21 19:37:56,562 superfastpath.py [line:307] one_slot INFO Leaving slot 8 
2024-07-21 19:37:56,562 superfastpath.py [line:233] one_slot INFO Entering slot 9 
2024-07-21 19:37:56,600 superfastpath.py [line:249] one_slot INFO pending block 9 in 0.037421 
2024-07-21 19:37:56,600 superfastpath.py [line:258] one_slot INFO 2pending block 9 in 0.037605 
2024-07-21 19:37:56,607 superfastpath.py [line:276] one_slot INFO read pending block 9 in 0.044242 
2024-07-21 19:37:56,607 superfastpath.py [line:285] one_slot INFO 3pending block 9 in 0.044662 
2024-07-21 19:37:56,607 superfastpath.py [line:289] one_slot INFO delay block 8 in 0.101768 
2024-07-21 19:37:56,613 superfastpath.py [line:296] one_slot INFO Fast block at Node 10 for Epoch sidAFAST0 and Slot 8 has delay, TPS and TXs: 0.10176801681518555, 1000 
2024-07-21 19:37:56,613 superfastpath.py [line:298] one_slot INFO AVG TPS: 9258, running time 0.108012, weighted delay: 0.101768 
2024-07-21 19:37:56,613 superfastpath.py [line:303] one_slot INFO output block for slot 8 taking 0.107975 sec 
2024-07-21 19:37:56,613 superfastpath.py [line:307] one_slot INFO Leaving slot 9 
2024-07-21 19:37:56,613 superfastpath.py [line:233] one_slot INFO Entering slot 10 
2024-07-21 19:37:56,656 superfastpath.py [line:249] one_slot INFO pending block 10 in 0.041230 
2024-07-21 19:37:56,657 superfastpath.py [line:258] one_slot INFO 2pending block 10 in 0.043189 
2024-07-21 19:37:56,660 superfastpath.py [line:276] one_slot INFO read pending block 10 in 0.046132 
2024-07-21 19:37:56,660 superfastpath.py [line:285] one_slot INFO 3pending block 10 in 0.046340 
2024-07-21 19:37:56,660 superfastpath.py [line:289] one_slot INFO delay block 9 in 0.097695 
2024-07-21 19:37:56,664 superfastpath.py [line:296] one_slot INFO Fast block at Node 10 for Epoch sidAFAST0 and Slot 9 has delay, TPS and TXs: 0.09769535064697266, 2000 
2024-07-21 19:37:56,664 superfastpath.py [line:298] one_slot INFO AVG TPS: 12617, running time 0.158514, weighted delay: 0.099732 
2024-07-21 19:37:56,664 superfastpath.py [line:303] one_slot INFO output block for slot 9 taking 0.101493 sec 
2024-07-21 19:37:56,664 superfastpath.py [line:307] one_slot INFO Leaving slot 10 
2024-07-21 19:37:56,665 superfastpath.py [line:233] one_slot INFO Entering slot 11 
2024-07-21 19:37:56,709 superfastpath.py [line:249] one_slot INFO pending block 11 in 0.044006 
2024-07-21 19:37:56,709 superfastpath.py [line:258] one_slot INFO 2pending block 11 in 0.044177 
2024-07-21 19:37:56,718 superfastpath.py [line:276] one_slot INFO read pending block 11 in 0.052899 
2024-07-21 19:37:56,718 superfastpath.py [line:285] one_slot INFO 3pending block 11 in 0.053179 
2024-07-21 19:37:56,718 superfastpath.py [line:289] one_slot INFO delay block 10 in 0.104478 
2024-07-21 19:37:56,720 superfastpath.py [line:296] one_slot INFO Fast block at Node 10 for Epoch sidAFAST0 and Slot 10 has delay, TPS and TXs: 0.10447835922241211, 3000 
2024-07-21 19:37:56,720 superfastpath.py [line:298] one_slot INFO AVG TPS: 13973, running time 0.214686, weighted delay: 0.101314 
2024-07-21 19:37:56,720 superfastpath.py [line:303] one_slot INFO output block for slot 10 taking 0.106427 sec 
2024-07-21 19:37:56,720 superfastpath.py [line:307] one_slot INFO Leaving slot 11 
2024-07-21 19:37:56,720 superfastpath.py [line:233] one_slot INFO Entering slot 12 
2024-07-21 19:37:56,776 superfastpath.py [line:249] one_slot INFO pending block 12 in 0.055392 
2024-07-21 19:37:56,776 superfastpath.py [line:258] one_slot INFO 2pending block 12 in 0.055544 
2024-07-21 19:37:56,783 superfastpath.py [line:276] one_slot INFO read pending block 12 in 0.063133 
2024-07-21 19:37:56,784 superfastpath.py [line:285] one_slot INFO 3pending block 12 in 0.063311 
2024-07-21 19:37:56,784 superfastpath.py [line:289] one_slot INFO delay block 11 in 0.118990 
2024-07-21 19:37:56,785 superfastpath.py [line:296] one_slot INFO Fast block at Node 10 for Epoch sidAFAST0 and Slot 11 has delay, TPS and TXs: 0.11899042129516602, 4000 
2024-07-21 19:37:56,786 superfastpath.py [line:298] one_slot INFO AVG TPS: 14268, running time 0.280336, weighted delay: 0.105733 
2024-07-21 19:37:56,786 superfastpath.py [line:303] one_slot INFO output block for slot 11 taking 0.120944 sec 
2024-07-21 19:37:56,786 superfastpath.py [line:307] one_slot INFO Leaving slot 12 
2024-07-21 19:37:56,786 superfastpath.py [line:233] one_slot INFO Entering slot 13 
2024-07-21 19:37:56,807 superfastpath.py [line:249] one_slot INFO pending block 13 in 0.021097 
2024-07-21 19:37:56,807 superfastpath.py [line:258] one_slot INFO 2pending block 13 in 0.021271 
2024-07-21 19:37:56,809 superfastpath.py [line:276] one_slot INFO read pending block 13 in 0.022843 
2024-07-21 19:37:56,809 superfastpath.py [line:285] one_slot INFO 3pending block 13 in 0.022984 
2024-07-21 19:37:56,809 superfastpath.py [line:289] one_slot INFO delay block 12 in 0.088780 
2024-07-21 19:37:56,827 superfastpath.py [line:296] one_slot INFO Fast block at Node 10 for Epoch sidAFAST0 and Slot 12 has delay, TPS and TXs: 0.08877968788146973, 5000 
2024-07-21 19:37:56,827 superfastpath.py [line:298] one_slot INFO AVG TPS: 15547, running time 0.321600, weighted delay: 0.102342 
2024-07-21 19:37:56,827 superfastpath.py [line:303] one_slot INFO output block for slot 12 taking 0.106547 sec 
2024-07-21 19:37:56,827 superfastpath.py [line:307] one_slot INFO Leaving slot 13 
2024-07-21 19:37:56,827 superfastpath.py [line:233] one_slot INFO Entering slot 14 
2024-07-21 19:37:56,870 superfastpath.py [line:249] one_slot INFO pending block 14 in 0.042909 
2024-07-21 19:37:56,870 superfastpath.py [line:258] one_slot INFO 2pending block 14 in 0.043154 
2024-07-21 19:37:56,877 superfastpath.py [line:276] one_slot INFO read pending block 14 in 0.049621 
2024-07-21 19:37:56,877 superfastpath.py [line:285] one_slot INFO 3pending block 14 in 0.049791 
2024-07-21 19:37:56,877 superfastpath.py [line:289] one_slot INFO delay block 13 in 0.091008 
2024-07-21 19:37:56,883 superfastpath.py [line:296] one_slot INFO Fast block at Node 10 for Epoch sidAFAST0 and Slot 13 has delay, TPS and TXs: 0.09100770950317383, 6000 
2024-07-21 19:37:56,883 superfastpath.py [line:298] one_slot INFO AVG TPS: 15890, running time 0.377590, weighted delay: 0.100453 
2024-07-21 19:37:56,883 superfastpath.py [line:303] one_slot INFO output block for slot 13 taking 0.096871 sec 
2024-07-21 19:37:56,883 superfastpath.py [line:307] one_slot INFO Leaving slot 14 
2024-07-21 19:37:56,883 superfastpath.py [line:233] one_slot INFO Entering slot 15 
2024-07-21 19:37:56,925 superfastpath.py [line:249] one_slot INFO pending block 15 in 0.041888 
2024-07-21 19:37:56,926 superfastpath.py [line:258] one_slot INFO 2pending block 15 in 0.043049 
2024-07-21 19:37:56,934 superfastpath.py [line:276] one_slot INFO read pending block 15 in 0.049676 
2024-07-21 19:37:56,935 superfastpath.py [line:285] one_slot INFO 3pending block 15 in 0.051642 
2024-07-21 19:37:56,935 superfastpath.py [line:289] one_slot INFO delay block 14 in 0.107826 
2024-07-21 19:37:56,939 superfastpath.py [line:296] one_slot INFO Fast block at Node 10 for Epoch sidAFAST0 and Slot 14 has delay, TPS and TXs: 0.10782575607299805, 7000 
2024-07-21 19:37:56,939 superfastpath.py [line:298] one_slot INFO AVG TPS: 16138, running time 0.433745, weighted delay: 0.101506 
2024-07-21 19:37:56,939 superfastpath.py [line:303] one_slot INFO output block for slot 14 taking 0.111892 sec 
2024-07-21 19:37:56,939 superfastpath.py [line:307] one_slot INFO Leaving slot 15 
2024-07-21 19:37:56,939 superfastpath.py [line:233] one_slot INFO Entering slot 16 
2024-07-21 19:37:56,979 superfastpath.py [line:249] one_slot INFO pending block 16 in 0.038768 
2024-07-21 19:37:56,979 superfastpath.py [line:258] one_slot INFO 2pending block 16 in 0.038930 
2024-07-21 19:37:56,979 superfastpath.py [line:276] one_slot INFO read pending block 16 in 0.039060 
2024-07-21 19:37:56,981 superfastpath.py [line:285] one_slot INFO 3pending block 16 in 0.041262 
2024-07-21 19:37:56,981 superfastpath.py [line:289] one_slot INFO delay block 15 in 0.098275 
2024-07-21 19:37:56,988 superfastpath.py [line:296] one_slot INFO Fast block at Node 10 for Epoch sidAFAST0 and Slot 15 has delay, TPS and TXs: 0.09827518463134766, 8000 
2024-07-21 19:37:56,989 superfastpath.py [line:298] one_slot INFO AVG TPS: 16549, running time 0.483409, weighted delay: 0.101103 
2024-07-21 19:37:56,989 superfastpath.py [line:303] one_slot INFO output block for slot 15 taking 0.105492 sec 
2024-07-21 19:37:56,989 superfastpath.py [line:307] one_slot INFO Leaving slot 16 
2024-07-21 19:37:56,989 superfastpath.py [line:372] sufastpath INFO Leaves fastpath at 17 slot 
2024-07-21 19:37:56,989 Superfast.py [line:308] wait_for_fastpath INFO Fastpath of epoch 0 completed 
2024-07-21 19:37:56,989 Superfast.py [line:337] _run_epoch INFO Fastpath tps: 16542 delay 0.101103 
2024-07-21 19:41:34,118 sufp_node.py [line:79] run INFO node 10's starts to run consensus on process id 1285 
2024-07-21 19:41:34,119 sufp_node.py [line:80] run INFO parameters: N=16, f=5, S=15, T=5, fast-batch=1000, acs-batch=62, K=1, O=0 
2024-07-21 19:41:34,119 sufp_node.py [line:62] prepare_bootstrap INFO node id 10 is inserting dummy payload TXs 
2024-07-21 19:41:34,120 sufp_node.py [line:70] prepare_bootstrap INFO node id 10 just inserts 50000 TXs 
2024-07-21 19:41:34,120 sufp_node.py [line:70] prepare_bootstrap INFO node id 10 just inserts 50000 TXs 
2024-07-21 19:41:34,120 sufp_node.py [line:74] prepare_bootstrap INFO node id 10 completed the loading of dummy TXs 
2024-07-21 19:41:34,120 Superfast.py [line:178] run_bft INFO Node 10 starts to run at time:1721562094.1208158 
2024-07-21 19:41:34,121 Superfast.py [line:231] _run_epoch INFO Node enters epoch 0 
2024-07-21 19:41:34,122 superfastpath.py [line:43] sufastpath INFO Entering fast path 
2024-07-21 19:41:34,122 superfastpath.py [line:233] one_slot INFO Entering slot 1 
2024-07-21 19:41:34,382 superfastpath.py [line:249] one_slot INFO pending block 1 in 0.259619 
2024-07-21 19:41:34,382 superfastpath.py [line:258] one_slot INFO 2pending block 1 in 0.259798 
2024-07-21 19:41:34,383 superfastpath.py [line:276] one_slot INFO read pending block 1 in 0.261163 
2024-07-21 19:41:34,383 superfastpath.py [line:307] one_slot INFO Leaving slot 1 
2024-07-21 19:41:34,384 superfastpath.py [line:233] one_slot INFO Entering slot 2 
2024-07-21 19:41:34,439 superfastpath.py [line:249] one_slot INFO pending block 2 in 0.055405 
2024-07-21 19:41:34,439 superfastpath.py [line:258] one_slot INFO 2pending block 2 in 0.055604 
2024-07-21 19:41:34,442 superfastpath.py [line:276] one_slot INFO read pending block 2 in 0.057987 
2024-07-21 19:41:34,442 superfastpath.py [line:307] one_slot INFO Leaving slot 2 
2024-07-21 19:41:34,442 superfastpath.py [line:233] one_slot INFO Entering slot 3 
2024-07-21 19:41:34,518 superfastpath.py [line:249] one_slot INFO pending block 3 in 0.075986 
2024-07-21 19:41:34,518 superfastpath.py [line:258] one_slot INFO 2pending block 3 in 0.076172 
2024-07-21 19:41:34,520 superfastpath.py [line:276] one_slot INFO read pending block 3 in 0.077915 
2024-07-21 19:41:34,520 superfastpath.py [line:307] one_slot INFO Leaving slot 3 
2024-07-21 19:41:34,520 superfastpath.py [line:233] one_slot INFO Entering slot 4 
2024-07-21 19:41:34,575 superfastpath.py [line:249] one_slot INFO pending block 4 in 0.054545 
2024-07-21 19:41:34,575 superfastpath.py [line:258] one_slot INFO 2pending block 4 in 0.054742 
2024-07-21 19:41:34,578 superfastpath.py [line:276] one_slot INFO read pending block 4 in 0.057727 
2024-07-21 19:41:34,578 superfastpath.py [line:307] one_slot INFO Leaving slot 4 
2024-07-21 19:41:34,578 superfastpath.py [line:233] one_slot INFO Entering slot 5 
2024-07-21 19:41:34,647 superfastpath.py [line:249] one_slot INFO pending block 5 in 0.068656 
2024-07-21 19:41:34,647 superfastpath.py [line:258] one_slot INFO 2pending block 5 in 0.068883 
2024-07-21 19:41:34,649 superfastpath.py [line:276] one_slot INFO read pending block 5 in 0.070909 
2024-07-21 19:41:34,650 superfastpath.py [line:307] one_slot INFO Leaving slot 5 
2024-07-21 19:41:34,650 superfastpath.py [line:233] one_slot INFO Entering slot 6 
2024-07-21 19:41:34,716 superfastpath.py [line:249] one_slot INFO pending block 6 in 0.065435 
2024-07-21 19:41:34,716 superfastpath.py [line:258] one_slot INFO 2pending block 6 in 0.065614 
2024-07-21 19:41:34,718 superfastpath.py [line:276] one_slot INFO read pending block 6 in 0.068241 
2024-07-21 19:41:34,719 superfastpath.py [line:307] one_slot INFO Leaving slot 6 
2024-07-21 19:41:34,720 superfastpath.py [line:233] one_slot INFO Entering slot 7 
2024-07-21 19:41:34,791 superfastpath.py [line:249] one_slot INFO pending block 7 in 0.070886 
2024-07-21 19:41:34,792 superfastpath.py [line:258] one_slot INFO 2pending block 7 in 0.071978 
2024-07-21 19:41:34,794 superfastpath.py [line:276] one_slot INFO read pending block 7 in 0.074389 
2024-07-21 19:41:34,795 superfastpath.py [line:307] one_slot INFO Leaving slot 7 
2024-07-21 19:41:34,795 superfastpath.py [line:233] one_slot INFO Entering slot 8 
2024-07-21 19:41:34,865 superfastpath.py [line:249] one_slot INFO pending block 8 in 0.069549 
2024-07-21 19:41:34,865 superfastpath.py [line:258] one_slot INFO 2pending block 8 in 0.069742 
2024-07-21 19:41:34,866 superfastpath.py [line:276] one_slot INFO read pending block 8 in 0.071445 
2024-07-21 19:41:34,867 superfastpath.py [line:307] one_slot INFO Leaving slot 8 
2024-07-21 19:41:34,867 superfastpath.py [line:233] one_slot INFO Entering slot 9 
2024-07-21 19:41:34,932 superfastpath.py [line:249] one_slot INFO pending block 9 in 0.065483 
2024-07-21 19:41:34,982 superfastpath.py [line:258] one_slot INFO 2pending block 9 in 0.115529 
2024-07-21 19:41:34,986 superfastpath.py [line:276] one_slot INFO read pending block 9 in 0.118979 
2024-07-21 19:41:34,986 superfastpath.py [line:285] one_slot INFO 3pending block 9 in 0.119159 
2024-07-21 19:41:34,986 superfastpath.py [line:289] one_slot INFO delay block 8 in 0.191187 
2024-07-21 19:41:34,988 superfastpath.py [line:296] one_slot INFO Fast block at Node 10 for Epoch sidAFAST0 and Slot 8 has delay, TPS and TXs: 0.19118738174438477, 1000 
2024-07-21 19:41:34,988 superfastpath.py [line:298] one_slot INFO AVG TPS: 5180, running time 0.193014, weighted delay: 0.191187 
2024-07-21 19:41:34,988 superfastpath.py [line:303] one_slot INFO output block for slot 8 taking 0.193008 sec 
2024-07-21 19:41:34,988 superfastpath.py [line:307] one_slot INFO Leaving slot 9 
2024-07-21 19:41:34,988 superfastpath.py [line:233] one_slot INFO Entering slot 10 
2024-07-21 19:41:35,052 superfastpath.py [line:249] one_slot INFO pending block 10 in 0.063463 
2024-07-21 19:41:35,052 superfastpath.py [line:258] one_slot INFO 2pending block 10 in 0.063652 
2024-07-21 19:41:35,054 superfastpath.py [line:276] one_slot INFO read pending block 10 in 0.065985 
2024-07-21 19:41:35,055 superfastpath.py [line:285] one_slot INFO 3pending block 10 in 0.066256 
2024-07-21 19:41:35,055 superfastpath.py [line:289] one_slot INFO delay block 9 in 0.188387 
2024-07-21 19:41:35,058 superfastpath.py [line:296] one_slot INFO Fast block at Node 10 for Epoch sidAFAST0 and Slot 9 has delay, TPS and TXs: 0.18838739395141602, 2000 
2024-07-21 19:41:35,058 superfastpath.py [line:298] one_slot INFO AVG TPS: 7591, running time 0.263455, weighted delay: 0.189787 
2024-07-21 19:41:35,058 superfastpath.py [line:303] one_slot INFO output block for slot 9 taking 0.191501 sec 
2024-07-21 19:41:35,059 superfastpath.py [line:307] one_slot INFO Leaving slot 10 
2024-07-21 19:41:35,060 superfastpath.py [line:233] one_slot INFO Entering slot 11 
2024-07-21 19:41:35,127 superfastpath.py [line:249] one_slot INFO pending block 11 in 0.066870 
2024-07-21 19:41:35,127 superfastpath.py [line:258] one_slot INFO 2pending block 11 in 0.067029 
2024-07-21 19:41:35,128 superfastpath.py [line:276] one_slot INFO read pending block 11 in 0.068419 
2024-07-21 19:41:35,128 superfastpath.py [line:285] one_slot INFO 3pending block 11 in 0.068546 
2024-07-21 19:41:35,128 superfastpath.py [line:289] one_slot INFO delay block 10 in 0.140177 
2024-07-21 19:41:35,130 superfastpath.py [line:296] one_slot INFO Fast block at Node 10 for Epoch sidAFAST0 and Slot 10 has delay, TPS and TXs: 0.14017677307128906, 3000 
2024-07-21 19:41:35,130 superfastpath.py [line:298] one_slot INFO AVG TPS: 8951, running time 0.335133, weighted delay: 0.173251 
2024-07-21 19:41:35,130 superfastpath.py [line:303] one_slot INFO output block for slot 10 taking 0.141840 sec 
2024-07-21 19:41:35,134 superfastpath.py [line:307] one_slot INFO Leaving slot 11 
2024-07-21 19:41:35,134 superfastpath.py [line:233] one_slot INFO Entering slot 12 
2024-07-21 19:41:35,181 superfastpath.py [line:249] one_slot INFO pending block 12 in 0.046230 
2024-07-21 19:41:35,181 superfastpath.py [line:258] one_slot INFO 2pending block 12 in 0.046380 
2024-07-21 19:41:35,183 superfastpath.py [line:276] one_slot INFO read pending block 12 in 0.048154 
2024-07-21 19:41:35,183 superfastpath.py [line:285] one_slot INFO 3pending block 12 in 0.048302 
2024-07-21 19:41:35,183 superfastpath.py [line:289] one_slot INFO delay block 11 in 0.123086 
2024-07-21 19:41:35,185 superfastpath.py [line:296] one_slot INFO Fast block at Node 10 for Epoch sidAFAST0 and Slot 11 has delay, TPS and TXs: 0.12308573722839355, 4000 
2024-07-21 19:41:35,185 superfastpath.py [line:298] one_slot INFO AVG TPS: 10258, running time 0.389920, weighted delay: 0.160709 
2024-07-21 19:41:35,185 superfastpath.py [line:303] one_slot INFO output block for slot 11 taking 0.125093 sec 
2024-07-21 19:41:35,185 superfastpath.py [line:307] one_slot INFO Leaving slot 12 
2024-07-21 19:41:35,185 superfastpath.py [line:233] one_slot INFO Entering slot 13 
2024-07-21 19:41:35,264 superfastpath.py [line:249] one_slot INFO pending block 13 in 0.079304 
2024-07-21 19:41:35,265 superfastpath.py [line:258] one_slot INFO 2pending block 13 in 0.079505 
2024-07-21 19:41:35,266 superfastpath.py [line:276] one_slot INFO read pending block 13 in 0.081228 
2024-07-21 19:41:35,267 superfastpath.py [line:285] one_slot INFO 3pending block 13 in 0.081450 
2024-07-21 19:41:35,267 superfastpath.py [line:289] one_slot INFO delay block 12 in 0.132196 
2024-07-21 19:41:35,269 superfastpath.py [line:296] one_slot INFO Fast block at Node 10 for Epoch sidAFAST0 and Slot 12 has delay, TPS and TXs: 0.13219594955444336, 5000 
2024-07-21 19:41:35,269 superfastpath.py [line:298] one_slot INFO AVG TPS: 10545, running time 0.474120, weighted delay: 0.155007 
2024-07-21 19:41:35,269 superfastpath.py [line:303] one_slot INFO output block for slot 12 taking 0.134603 sec 
2024-07-21 19:41:35,269 superfastpath.py [line:307] one_slot INFO Leaving slot 13 
2024-07-21 19:41:35,269 superfastpath.py [line:233] one_slot INFO Entering slot 14 
2024-07-21 19:41:35,341 superfastpath.py [line:249] one_slot INFO pending block 14 in 0.071270 
2024-07-21 19:41:35,341 superfastpath.py [line:258] one_slot INFO 2pending block 14 in 0.071478 
2024-07-21 19:41:35,343 superfastpath.py [line:276] one_slot INFO read pending block 14 in 0.073194 
2024-07-21 19:41:35,343 superfastpath.py [line:285] one_slot INFO 3pending block 14 in 0.073399 
2024-07-21 19:41:35,343 superfastpath.py [line:289] one_slot INFO delay block 13 in 0.157797 
2024-07-21 19:41:35,345 superfastpath.py [line:296] one_slot INFO Fast block at Node 10 for Epoch sidAFAST0 and Slot 13 has delay, TPS and TXs: 0.15779733657836914, 6000 
2024-07-21 19:41:35,345 superfastpath.py [line:298] one_slot INFO AVG TPS: 10907, running time 0.550073, weighted delay: 0.155472 
2024-07-21 19:41:35,345 superfastpath.py [line:303] one_slot INFO output block for slot 13 taking 0.159940 sec 
2024-07-21 19:41:35,345 superfastpath.py [line:307] one_slot INFO Leaving slot 14 
2024-07-21 19:41:35,345 superfastpath.py [line:233] one_slot INFO Entering slot 15 
2024-07-21 19:41:35,410 superfastpath.py [line:249] one_slot INFO pending block 15 in 0.064166 
2024-07-21 19:41:35,410 superfastpath.py [line:258] one_slot INFO 2pending block 15 in 0.064335 
2024-07-21 19:41:35,411 superfastpath.py [line:276] one_slot INFO read pending block 15 in 0.065669 
2024-07-21 19:41:35,411 superfastpath.py [line:285] one_slot INFO 3pending block 15 in 0.065813 
2024-07-21 19:41:35,411 superfastpath.py [line:289] one_slot INFO delay block 14 in 0.141860 
2024-07-21 19:41:35,414 superfastpath.py [line:296] one_slot INFO Fast block at Node 10 for Epoch sidAFAST0 and Slot 14 has delay, TPS and TXs: 0.1418604850769043, 7000 
2024-07-21 19:41:35,414 superfastpath.py [line:298] one_slot INFO AVG TPS: 11309, running time 0.618947, weighted delay: 0.153527 
2024-07-21 19:41:35,414 superfastpath.py [line:303] one_slot INFO output block for slot 14 taking 0.144688 sec 
2024-07-21 19:41:35,414 superfastpath.py [line:307] one_slot INFO Leaving slot 15 
2024-07-21 19:41:35,414 superfastpath.py [line:233] one_slot INFO Entering slot 16 
2024-07-21 19:41:35,457 superfastpath.py [line:249] one_slot INFO pending block 16 in 0.042032 
2024-07-21 19:41:35,457 superfastpath.py [line:258] one_slot INFO 2pending block 16 in 0.042221 
2024-07-21 19:41:35,457 superfastpath.py [line:276] one_slot INFO read pending block 16 in 0.042365 
2024-07-21 19:41:35,457 superfastpath.py [line:285] one_slot INFO 3pending block 16 in 0.042447 
2024-07-21 19:41:35,457 superfastpath.py [line:289] one_slot INFO delay block 15 in 0.111658 
2024-07-21 19:41:35,459 superfastpath.py [line:296] one_slot INFO Fast block at Node 10 for Epoch sidAFAST0 and Slot 15 has delay, TPS and TXs: 0.11165833473205566, 8000 
2024-07-21 19:41:35,460 superfastpath.py [line:298] one_slot INFO AVG TPS: 12037, running time 0.664610, weighted delay: 0.148294 
2024-07-21 19:41:35,460 superfastpath.py [line:303] one_slot INFO output block for slot 15 taking 0.114239 sec 
2024-07-21 19:41:35,461 superfastpath.py [line:307] one_slot INFO Leaving slot 16 
2024-07-21 19:41:35,461 superfastpath.py [line:372] sufastpath INFO Leaves fastpath at 17 slot 
2024-07-21 19:41:35,461 Superfast.py [line:308] wait_for_fastpath INFO Fastpath of epoch 0 completed 
2024-07-21 19:41:35,461 Superfast.py [line:337] _run_epoch INFO Fastpath tps: 12017 delay 0.148294 
2024-07-21 19:41:40,476 Superfast.py [line:208] run_bft INFO node 10 breaks in 6.356063 seconds in epoch 0 with total delivered Txs 0 and average delay 0.000000 
2024-07-21 19:43:08,389 sufp_node.py [line:79] run INFO node 10's starts to run consensus on process id 1705 
2024-07-21 19:43:08,389 sufp_node.py [line:80] run INFO parameters: N=16, f=5, S=15, T=5, fast-batch=1000, acs-batch=62, K=1, O=0 
2024-07-21 19:43:08,389 sufp_node.py [line:62] prepare_bootstrap INFO node id 10 is inserting dummy payload TXs 
2024-07-21 19:43:08,390 sufp_node.py [line:70] prepare_bootstrap INFO node id 10 just inserts 50000 TXs 
2024-07-21 19:43:08,391 sufp_node.py [line:70] prepare_bootstrap INFO node id 10 just inserts 50000 TXs 
2024-07-21 19:43:08,391 sufp_node.py [line:74] prepare_bootstrap INFO node id 10 completed the loading of dummy TXs 
2024-07-21 19:43:08,391 Superfast.py [line:178] run_bft INFO Node 10 starts to run at time:1721562188.3916845 
2024-07-21 19:43:08,392 Superfast.py [line:231] _run_epoch INFO Node enters epoch 0 
2024-07-21 19:43:08,393 superfastpath.py [line:43] sufastpath INFO Entering fast path 
2024-07-21 19:43:08,393 superfastpath.py [line:233] one_slot INFO Entering slot 1 
2024-07-21 19:43:08,841 superfastpath.py [line:249] one_slot INFO pending block 1 in 0.446801 
2024-07-21 19:43:08,841 superfastpath.py [line:258] one_slot INFO 2pending block 1 in 0.447015 
2024-07-21 19:43:08,843 superfastpath.py [line:276] one_slot INFO read pending block 1 in 0.448926 
2024-07-21 19:43:08,843 superfastpath.py [line:307] one_slot INFO Leaving slot 1 
2024-07-21 19:43:08,843 superfastpath.py [line:233] one_slot INFO Entering slot 2 
2024-07-21 19:43:08,867 superfastpath.py [line:249] one_slot INFO pending block 2 in 0.023651 
2024-07-21 19:43:08,867 superfastpath.py [line:258] one_slot INFO 2pending block 2 in 0.023823 
2024-07-21 19:43:08,870 superfastpath.py [line:276] one_slot INFO read pending block 2 in 0.026892 
2024-07-21 19:43:08,870 superfastpath.py [line:307] one_slot INFO Leaving slot 2 
2024-07-21 19:43:08,870 superfastpath.py [line:233] one_slot INFO Entering slot 3 
2024-07-21 19:43:08,929 superfastpath.py [line:249] one_slot INFO pending block 3 in 0.058994 
2024-07-21 19:43:08,929 superfastpath.py [line:258] one_slot INFO 2pending block 3 in 0.059132 
2024-07-21 19:43:08,939 superfastpath.py [line:276] one_slot INFO read pending block 3 in 0.068763 
2024-07-21 19:43:08,939 superfastpath.py [line:307] one_slot INFO Leaving slot 3 
2024-07-21 19:43:08,939 superfastpath.py [line:233] one_slot INFO Entering slot 4 
2024-07-21 19:43:13,941 superfastpath.py [line:365] sufastpath INFO Fastpath Timeout! 
2024-07-21 19:43:13,941 superfastpath.py [line:372] sufastpath INFO Leaves fastpath at 4 slot 
2024-07-21 19:43:13,941 Superfast.py [line:308] wait_for_fastpath INFO Fastpath of epoch 0 completed 
2024-07-21 19:47:39,719 sufp_node.py [line:79] run INFO node 10's starts to run consensus on process id 1997 
2024-07-21 19:47:39,720 sufp_node.py [line:80] run INFO parameters: N=16, f=5, S=15, T=5, fast-batch=1000, acs-batch=62, K=1, O=0 
2024-07-21 19:47:39,720 sufp_node.py [line:62] prepare_bootstrap INFO node id 10 is inserting dummy payload TXs 
2024-07-21 19:47:39,720 sufp_node.py [line:70] prepare_bootstrap INFO node id 10 just inserts 50000 TXs 
2024-07-21 19:47:39,720 sufp_node.py [line:70] prepare_bootstrap INFO node id 10 just inserts 50000 TXs 
2024-07-21 19:47:39,720 sufp_node.py [line:74] prepare_bootstrap INFO node id 10 completed the loading of dummy TXs 
2024-07-21 19:47:39,721 Superfast.py [line:178] run_bft INFO Node 10 starts to run at time:1721562459.7210305 
2024-07-21 19:47:39,721 Superfast.py [line:231] _run_epoch INFO Node enters epoch 0 
2024-07-21 19:47:39,721 superfastpath.py [line:43] sufastpath INFO Entering fast path 
2024-07-21 19:47:39,721 superfastpath.py [line:234] one_slot INFO Entering slot 1 
2024-07-21 19:47:40,304 superfastpath.py [line:250] one_slot INFO pending block 1 in 0.582149 
2024-07-21 19:47:40,304 superfastpath.py [line:259] one_slot INFO 2pending block 1 in 0.582331 
2024-07-21 19:47:40,307 superfastpath.py [line:277] one_slot INFO read pending block 1 in 0.585629 
2024-07-21 19:47:40,307 superfastpath.py [line:308] one_slot INFO Leaving slot 1 
2024-07-21 19:47:40,308 superfastpath.py [line:234] one_slot INFO Entering slot 2 
2024-07-21 19:47:40,358 superfastpath.py [line:250] one_slot INFO pending block 2 in 0.050218 
2024-07-21 19:47:40,358 superfastpath.py [line:259] one_slot INFO 2pending block 2 in 0.050380 
2024-07-21 19:47:40,361 superfastpath.py [line:277] one_slot INFO read pending block 2 in 0.053118 
2024-07-21 19:47:40,361 superfastpath.py [line:308] one_slot INFO Leaving slot 2 
2024-07-21 19:47:40,361 superfastpath.py [line:234] one_slot INFO Entering slot 3 
2024-07-21 19:47:40,414 superfastpath.py [line:250] one_slot INFO pending block 3 in 0.053020 
2024-07-21 19:47:40,414 superfastpath.py [line:259] one_slot INFO 2pending block 3 in 0.053185 
2024-07-21 19:47:40,416 superfastpath.py [line:277] one_slot INFO read pending block 3 in 0.054583 
2024-07-21 19:47:40,416 superfastpath.py [line:308] one_slot INFO Leaving slot 3 
2024-07-21 19:47:40,416 superfastpath.py [line:234] one_slot INFO Entering slot 4 
2024-07-21 19:47:45,417 superfastpath.py [line:366] sufastpath INFO Fastpath Timeout! 
2024-07-21 19:47:45,417 superfastpath.py [line:373] sufastpath INFO Leaves fastpath at 4 slot 
2024-07-21 19:47:45,418 Superfast.py [line:308] wait_for_fastpath INFO Fastpath of epoch 0 completed 
2024-07-21 19:47:50,418 Superfast.py [line:208] run_bft INFO node 10 breaks in 10.697814 seconds in epoch 0 with total delivered Txs 0 and average delay 0.000000 
2024-07-21 19:49:14,828 sufp_node.py [line:79] run INFO node 10's starts to run consensus on process id 2275 
2024-07-21 19:49:14,828 sufp_node.py [line:80] run INFO parameters: N=16, f=5, S=15, T=5, fast-batch=1000, acs-batch=62, K=1, O=0 
2024-07-21 19:49:14,828 sufp_node.py [line:62] prepare_bootstrap INFO node id 10 is inserting dummy payload TXs 
2024-07-21 19:49:14,829 sufp_node.py [line:70] prepare_bootstrap INFO node id 10 just inserts 50000 TXs 
2024-07-21 19:49:14,829 sufp_node.py [line:70] prepare_bootstrap INFO node id 10 just inserts 50000 TXs 
2024-07-21 19:49:14,829 sufp_node.py [line:74] prepare_bootstrap INFO node id 10 completed the loading of dummy TXs 
2024-07-21 19:49:14,830 Superfast.py [line:178] run_bft INFO Node 10 starts to run at time:1721562554.8299806 
2024-07-21 19:49:14,830 Superfast.py [line:231] _run_epoch INFO Node enters epoch 0 
2024-07-21 19:49:14,831 superfastpath.py [line:43] sufastpath INFO Entering fast path 
2024-07-21 19:49:14,831 superfastpath.py [line:234] one_slot INFO Entering slot 1 
2024-07-21 19:49:15,303 superfastpath.py [line:250] one_slot INFO pending block 1 in 0.471962 
2024-07-21 19:49:15,303 superfastpath.py [line:259] one_slot INFO 2pending block 1 in 0.472127 
2024-07-21 19:49:15,307 superfastpath.py [line:277] one_slot INFO read pending block 1 in 0.475257 
2024-07-21 19:49:15,307 superfastpath.py [line:308] one_slot INFO Leaving slot 1 
2024-07-21 19:49:15,307 superfastpath.py [line:234] one_slot INFO Entering slot 2 
2024-07-21 19:49:15,392 superfastpath.py [line:250] one_slot INFO pending block 2 in 0.085114 
2024-07-21 19:49:15,393 superfastpath.py [line:259] one_slot INFO 2pending block 2 in 0.085630 
2024-07-21 19:49:15,394 superfastpath.py [line:277] one_slot INFO read pending block 2 in 0.087136 
2024-07-21 19:49:15,394 superfastpath.py [line:308] one_slot INFO Leaving slot 2 
2024-07-21 19:49:15,394 superfastpath.py [line:234] one_slot INFO Entering slot 3 
2024-07-21 19:49:15,422 superfastpath.py [line:250] one_slot INFO pending block 3 in 0.027297 
2024-07-21 19:49:15,423 superfastpath.py [line:259] one_slot INFO 2pending block 3 in 0.028072 
2024-07-21 19:49:15,425 superfastpath.py [line:277] one_slot INFO read pending block 3 in 0.029973 
2024-07-21 19:49:15,425 superfastpath.py [line:308] one_slot INFO Leaving slot 3 
2024-07-21 19:49:15,425 superfastpath.py [line:234] one_slot INFO Entering slot 4 
2024-07-21 19:49:20,426 superfastpath.py [line:366] sufastpath INFO Fastpath Timeout! 
2024-07-21 19:49:20,427 superfastpath.py [line:373] sufastpath INFO Leaves fastpath at 4 slot 
2024-07-21 19:49:20,427 Superfast.py [line:308] wait_for_fastpath INFO Fastpath of epoch 0 completed 
2024-07-21 19:52:59,985 sufp_node.py [line:79] run INFO node 10's starts to run consensus on process id 2775 
2024-07-21 19:52:59,986 sufp_node.py [line:80] run INFO parameters: N=16, f=5, S=15, T=5, fast-batch=1000, acs-batch=62, K=1, O=0 
2024-07-21 19:52:59,986 sufp_node.py [line:62] prepare_bootstrap INFO node id 10 is inserting dummy payload TXs 
2024-07-21 19:52:59,986 sufp_node.py [line:70] prepare_bootstrap INFO node id 10 just inserts 50000 TXs 
2024-07-21 19:52:59,986 sufp_node.py [line:70] prepare_bootstrap INFO node id 10 just inserts 50000 TXs 
2024-07-21 19:52:59,986 sufp_node.py [line:74] prepare_bootstrap INFO node id 10 completed the loading of dummy TXs 
2024-07-21 19:52:59,987 Superfast.py [line:180] run_bft INFO Node 10 starts to run at time:1721562779.987056 
2024-07-21 19:52:59,987 Superfast.py [line:233] _run_epoch INFO Node enters epoch 0 
2024-07-21 19:52:59,987 superfastpath.py [line:43] sufastpath INFO Entering fast path 
2024-07-21 19:52:59,988 superfastpath.py [line:234] one_slot INFO Entering slot 1 
2024-07-21 19:53:00,025 superfastpath.py [line:250] one_slot INFO pending block 1 in 0.037370 
2024-07-21 19:53:00,025 superfastpath.py [line:259] one_slot INFO 2pending block 1 in 0.037761 
2024-07-21 19:53:00,027 superfastpath.py [line:277] one_slot INFO read pending block 1 in 0.039665 
2024-07-21 19:53:00,028 superfastpath.py [line:308] one_slot INFO Leaving slot 1 
2024-07-21 19:53:00,028 superfastpath.py [line:234] one_slot INFO Entering slot 2 
2024-07-21 19:53:00,116 superfastpath.py [line:250] one_slot INFO pending block 2 in 0.088021 
2024-07-21 19:53:00,118 superfastpath.py [line:259] one_slot INFO 2pending block 2 in 0.090407 
2024-07-21 19:53:00,125 superfastpath.py [line:277] one_slot INFO read pending block 2 in 0.096544 
2024-07-21 19:53:00,126 superfastpath.py [line:308] one_slot INFO Leaving slot 2 
2024-07-21 19:53:00,126 superfastpath.py [line:234] one_slot INFO Entering slot 3 
2024-07-21 19:53:00,183 superfastpath.py [line:250] one_slot INFO pending block 3 in 0.056894 
2024-07-21 19:53:00,183 superfastpath.py [line:259] one_slot INFO 2pending block 3 in 0.057096 
2024-07-21 19:53:00,186 superfastpath.py [line:277] one_slot INFO read pending block 3 in 0.059702 
2024-07-21 19:53:00,187 superfastpath.py [line:308] one_slot INFO Leaving slot 3 
2024-07-21 19:53:00,188 superfastpath.py [line:234] one_slot INFO Entering slot 4 
2024-07-21 19:53:05,189 superfastpath.py [line:366] sufastpath INFO Fastpath Timeout! 
2024-07-21 19:53:05,189 superfastpath.py [line:373] sufastpath INFO Leaves fastpath at 4 slot 
2024-07-21 19:53:05,189 Superfast.py [line:310] wait_for_fastpath INFO Fastpath of epoch 0 completed 
2024-07-21 19:53:10,200 Superfast.py [line:210] run_bft INFO node 10 breaks in 10.213844 seconds in epoch 0 with total delivered Txs 0 and average delay 0.000000 
2024-07-21 19:58:44,014 sufp_node.py [line:79] run INFO node 10's starts to run consensus on process id 3417 
2024-07-21 19:58:44,014 sufp_node.py [line:80] run INFO parameters: N=16, f=5, S=15, T=5, fast-batch=1000, acs-batch=62, K=1, O=0 
2024-07-21 19:58:44,014 sufp_node.py [line:62] prepare_bootstrap INFO node id 10 is inserting dummy payload TXs 
2024-07-21 19:58:44,015 sufp_node.py [line:70] prepare_bootstrap INFO node id 10 just inserts 50000 TXs 
2024-07-21 19:58:44,015 sufp_node.py [line:70] prepare_bootstrap INFO node id 10 just inserts 50000 TXs 
2024-07-21 19:58:44,015 sufp_node.py [line:74] prepare_bootstrap INFO node id 10 completed the loading of dummy TXs 
2024-07-21 19:58:44,015 Superfast.py [line:180] run_bft INFO Node 10 starts to run at time:1721563124.01572 
2024-07-21 19:58:44,015 Superfast.py [line:233] _run_epoch INFO Node enters epoch 0 
2024-07-21 19:58:44,016 superfastpath.py [line:43] sufastpath INFO Entering fast path 
2024-07-21 19:58:44,016 superfastpath.py [line:234] one_slot INFO Entering slot 1 
2024-07-21 19:58:44,460 superfastpath.py [line:250] one_slot INFO pending block 1 in 0.442955 
2024-07-21 19:58:44,460 superfastpath.py [line:259] one_slot INFO 2pending block 1 in 0.443126 
2024-07-21 19:58:44,462 superfastpath.py [line:277] one_slot INFO read pending block 1 in 0.445363 
2024-07-21 19:58:44,462 superfastpath.py [line:308] one_slot INFO Leaving slot 1 
2024-07-21 19:58:44,462 superfastpath.py [line:234] one_slot INFO Entering slot 2 
2024-07-21 19:58:44,556 superfastpath.py [line:250] one_slot INFO pending block 2 in 0.093904 
2024-07-21 19:58:44,556 superfastpath.py [line:259] one_slot INFO 2pending block 2 in 0.094104 
2024-07-21 19:58:44,560 superfastpath.py [line:277] one_slot INFO read pending block 2 in 0.097637 
2024-07-21 19:58:44,560 superfastpath.py [line:308] one_slot INFO Leaving slot 2 
2024-07-21 19:58:44,560 superfastpath.py [line:234] one_slot INFO Entering slot 3 
2024-07-21 19:58:44,612 superfastpath.py [line:250] one_slot INFO pending block 3 in 0.051886 
2024-07-21 19:58:44,612 superfastpath.py [line:259] one_slot INFO 2pending block 3 in 0.052091 
2024-07-21 19:58:44,616 superfastpath.py [line:277] one_slot INFO read pending block 3 in 0.055112 
2024-07-21 19:58:44,616 superfastpath.py [line:308] one_slot INFO Leaving slot 3 
2024-07-21 19:58:44,616 superfastpath.py [line:234] one_slot INFO Entering slot 4 
2024-07-21 19:58:44,696 superfastpath.py [line:250] one_slot INFO pending block 4 in 0.079730 
2024-07-21 19:58:44,697 superfastpath.py [line:259] one_slot INFO 2pending block 4 in 0.080283 
2024-07-21 19:58:44,703 superfastpath.py [line:277] one_slot INFO read pending block 4 in 0.086374 
2024-07-21 19:58:44,704 superfastpath.py [line:308] one_slot INFO Leaving slot 4 
2024-07-21 19:58:44,704 superfastpath.py [line:234] one_slot INFO Entering slot 5 
2024-07-21 19:58:44,758 superfastpath.py [line:250] one_slot INFO pending block 5 in 0.054533 
2024-07-21 19:58:44,759 superfastpath.py [line:259] one_slot INFO 2pending block 5 in 0.054739 
2024-07-21 19:58:44,760 superfastpath.py [line:277] one_slot INFO read pending block 5 in 0.056453 
2024-07-21 19:58:44,760 superfastpath.py [line:308] one_slot INFO Leaving slot 5 
2024-07-21 19:58:44,761 superfastpath.py [line:234] one_slot INFO Entering slot 6 
2024-07-21 19:58:44,841 superfastpath.py [line:250] one_slot INFO pending block 6 in 0.080403 
2024-07-21 19:58:44,842 superfastpath.py [line:259] one_slot INFO 2pending block 6 in 0.081473 
2024-07-21 19:58:44,846 superfastpath.py [line:277] one_slot INFO read pending block 6 in 0.085392 
2024-07-21 19:58:44,846 superfastpath.py [line:308] one_slot INFO Leaving slot 6 
2024-07-21 19:58:44,847 superfastpath.py [line:234] one_slot INFO Entering slot 7 
2024-07-21 19:58:44,907 superfastpath.py [line:250] one_slot INFO pending block 7 in 0.060117 
2024-07-21 19:58:44,907 superfastpath.py [line:259] one_slot INFO 2pending block 7 in 0.060320 
2024-07-21 19:58:44,910 superfastpath.py [line:277] one_slot INFO read pending block 7 in 0.063054 
2024-07-21 19:58:44,910 superfastpath.py [line:308] one_slot INFO Leaving slot 7 
2024-07-21 19:58:44,910 superfastpath.py [line:234] one_slot INFO Entering slot 8 
2024-07-21 19:58:44,993 superfastpath.py [line:250] one_slot INFO pending block 8 in 0.082951 
2024-07-21 19:58:44,993 superfastpath.py [line:259] one_slot INFO 2pending block 8 in 0.083158 
2024-07-21 19:58:44,996 superfastpath.py [line:277] one_slot INFO read pending block 8 in 0.085526 
2024-07-21 19:58:44,996 superfastpath.py [line:308] one_slot INFO Leaving slot 8 
2024-07-21 19:58:44,996 superfastpath.py [line:234] one_slot INFO Entering slot 9 
2024-07-21 19:58:45,063 superfastpath.py [line:250] one_slot INFO pending block 9 in 0.066922 
2024-07-21 19:58:45,064 superfastpath.py [line:259] one_slot INFO 2pending block 9 in 0.067399 
2024-07-21 19:58:45,072 superfastpath.py [line:277] one_slot INFO read pending block 9 in 0.075896 
2024-07-21 19:58:45,072 superfastpath.py [line:286] one_slot INFO 3pending block 9 in 0.076108 
2024-07-21 19:58:45,072 superfastpath.py [line:290] one_slot INFO delay block 8 in 0.162215 
2024-07-21 19:58:45,078 superfastpath.py [line:297] one_slot INFO Fast block at Node 10 for Epoch sidAFAST0 and Slot 8 has delay, TPS and TXs: 0.1622147560119629, 1000 
2024-07-21 19:58:45,079 superfastpath.py [line:299] one_slot INFO AVG TPS: 5938, running time 0.168406, weighted delay: 0.162215 
2024-07-21 19:58:45,083 superfastpath.py [line:304] one_slot INFO output block for slot 8 taking 0.172546 sec 
2024-07-21 19:58:45,083 superfastpath.py [line:308] one_slot INFO Leaving slot 9 
2024-07-21 19:58:45,083 superfastpath.py [line:234] one_slot INFO Entering slot 10 
2024-07-21 19:58:45,146 superfastpath.py [line:250] one_slot INFO pending block 10 in 0.062512 
2024-07-21 19:58:45,146 superfastpath.py [line:259] one_slot INFO 2pending block 10 in 0.062709 
2024-07-21 19:58:45,148 superfastpath.py [line:277] one_slot INFO read pending block 10 in 0.064772 
2024-07-21 19:58:45,148 superfastpath.py [line:286] one_slot INFO 3pending block 10 in 0.064938 
2024-07-21 19:58:45,148 superfastpath.py [line:290] one_slot INFO delay block 9 in 0.152059 
2024-07-21 19:58:45,151 superfastpath.py [line:297] one_slot INFO Fast block at Node 10 for Epoch sidAFAST0 and Slot 9 has delay, TPS and TXs: 0.15205931663513184, 2000 
2024-07-21 19:58:45,152 superfastpath.py [line:299] one_slot INFO AVG TPS: 8283, running time 0.241439, weighted delay: 0.157137 
2024-07-21 19:58:45,152 superfastpath.py [line:304] one_slot INFO output block for slot 9 taking 0.155563 sec 
2024-07-21 19:58:45,152 superfastpath.py [line:308] one_slot INFO Leaving slot 10 
2024-07-21 19:58:45,152 superfastpath.py [line:234] one_slot INFO Entering slot 11 
2024-07-21 19:58:45,231 superfastpath.py [line:250] one_slot INFO pending block 11 in 0.079165 
2024-07-21 19:58:45,231 superfastpath.py [line:259] one_slot INFO 2pending block 11 in 0.079332 
2024-07-21 19:58:45,233 superfastpath.py [line:277] one_slot INFO read pending block 11 in 0.081056 
2024-07-21 19:58:45,233 superfastpath.py [line:286] one_slot INFO 3pending block 11 in 0.081222 
2024-07-21 19:58:45,233 superfastpath.py [line:290] one_slot INFO delay block 10 in 0.150251 
2024-07-21 19:58:45,236 superfastpath.py [line:297] one_slot INFO Fast block at Node 10 for Epoch sidAFAST0 and Slot 10 has delay, TPS and TXs: 0.1502513885498047, 3000 
2024-07-21 19:58:45,236 superfastpath.py [line:299] one_slot INFO AVG TPS: 9208, running time 0.325795, weighted delay: 0.154842 
2024-07-21 19:58:45,236 superfastpath.py [line:304] one_slot INFO output block for slot 10 taking 0.152891 sec 
2024-07-21 19:58:45,236 superfastpath.py [line:308] one_slot INFO Leaving slot 11 
2024-07-21 19:58:45,236 superfastpath.py [line:234] one_slot INFO Entering slot 12 
2024-07-21 19:58:45,340 superfastpath.py [line:250] one_slot INFO pending block 12 in 0.103262 
2024-07-21 19:58:45,340 superfastpath.py [line:259] one_slot INFO 2pending block 12 in 0.103455 
2024-07-21 19:58:45,345 superfastpath.py [line:277] one_slot INFO read pending block 12 in 0.108007 
2024-07-21 19:58:45,345 superfastpath.py [line:286] one_slot INFO 3pending block 12 in 0.108192 
2024-07-21 19:58:45,345 superfastpath.py [line:290] one_slot INFO delay block 11 in 0.192615 
2024-07-21 19:58:45,348 superfastpath.py [line:297] one_slot INFO Fast block at Node 10 for Epoch sidAFAST0 and Slot 11 has delay, TPS and TXs: 0.19261503219604492, 4000 
2024-07-21 19:58:45,348 superfastpath.py [line:299] one_slot INFO AVG TPS: 9129, running time 0.438138, weighted delay: 0.164285 
2024-07-21 19:58:45,348 superfastpath.py [line:304] one_slot INFO output block for slot 11 taking 0.196205 sec 
2024-07-21 19:58:45,348 superfastpath.py [line:308] one_slot INFO Leaving slot 12 
2024-07-21 19:58:45,349 superfastpath.py [line:234] one_slot INFO Entering slot 13 
2024-07-21 19:58:45,400 superfastpath.py [line:250] one_slot INFO pending block 13 in 0.051507 
2024-07-21 19:58:45,401 superfastpath.py [line:259] one_slot INFO 2pending block 13 in 0.051693 
2024-07-21 19:58:45,403 superfastpath.py [line:277] one_slot INFO read pending block 13 in 0.054387 
2024-07-21 19:58:45,404 superfastpath.py [line:286] one_slot INFO 3pending block 13 in 0.054594 
2024-07-21 19:58:45,404 superfastpath.py [line:290] one_slot INFO delay block 12 in 0.167154 
2024-07-21 19:58:45,406 superfastpath.py [line:297] one_slot INFO Fast block at Node 10 for Epoch sidAFAST0 and Slot 12 has delay, TPS and TXs: 0.16715383529663086, 5000 
2024-07-21 19:58:45,406 superfastpath.py [line:299] one_slot INFO AVG TPS: 10081, running time 0.495955, weighted delay: 0.164859 
2024-07-21 19:58:45,406 superfastpath.py [line:304] one_slot INFO output block for slot 12 taking 0.169687 sec 
2024-07-21 19:58:45,406 superfastpath.py [line:308] one_slot INFO Leaving slot 13 
2024-07-21 19:58:45,407 superfastpath.py [line:234] one_slot INFO Entering slot 14 
2024-07-21 19:58:45,467 superfastpath.py [line:250] one_slot INFO pending block 14 in 0.059494 
2024-07-21 19:58:45,467 superfastpath.py [line:259] one_slot INFO 2pending block 14 in 0.059840 
2024-07-21 19:58:45,469 superfastpath.py [line:277] one_slot INFO read pending block 14 in 0.061447 
2024-07-21 19:58:45,470 superfastpath.py [line:286] one_slot INFO 3pending block 14 in 0.062817 
2024-07-21 19:58:45,470 superfastpath.py [line:290] one_slot INFO delay block 13 in 0.121288 
2024-07-21 19:58:45,473 superfastpath.py [line:297] one_slot INFO Fast block at Node 10 for Epoch sidAFAST0 and Slot 13 has delay, TPS and TXs: 0.12128782272338867, 6000 
2024-07-21 19:58:45,473 superfastpath.py [line:299] one_slot INFO AVG TPS: 10659, running time 0.562856, weighted delay: 0.157597 
2024-07-21 19:58:45,473 superfastpath.py [line:304] one_slot INFO output block for slot 13 taking 0.124179 sec 
2024-07-21 19:58:45,473 superfastpath.py [line:308] one_slot INFO Leaving slot 14 
2024-07-21 19:58:45,473 superfastpath.py [line:234] one_slot INFO Entering slot 15 
2024-07-21 19:58:45,563 superfastpath.py [line:250] one_slot INFO pending block 15 in 0.089044 
2024-07-21 19:58:45,563 superfastpath.py [line:259] one_slot INFO 2pending block 15 in 0.089460 
2024-07-21 19:58:45,567 superfastpath.py [line:277] one_slot INFO read pending block 15 in 0.092828 
2024-07-21 19:58:45,567 superfastpath.py [line:286] one_slot INFO 3pending block 15 in 0.093308 
2024-07-21 19:58:45,568 superfastpath.py [line:290] one_slot INFO delay block 14 in 0.160390 
2024-07-21 19:58:45,571 superfastpath.py [line:297] one_slot INFO Fast block at Node 10 for Epoch sidAFAST0 and Slot 14 has delay, TPS and TXs: 0.16038966178894043, 7000 
2024-07-21 19:58:45,572 superfastpath.py [line:299] one_slot INFO AVG TPS: 10581, running time 0.661538, weighted delay: 0.157996 
2024-07-21 19:58:45,572 superfastpath.py [line:304] one_slot INFO output block for slot 14 taking 0.164655 sec 
2024-07-21 19:58:45,572 superfastpath.py [line:308] one_slot INFO Leaving slot 15 
2024-07-21 19:58:45,573 superfastpath.py [line:234] one_slot INFO Entering slot 16 
2024-07-21 19:58:45,618 superfastpath.py [line:250] one_slot INFO pending block 16 in 0.044879 
2024-07-21 19:58:45,618 superfastpath.py [line:259] one_slot INFO 2pending block 16 in 0.045044 
2024-07-21 19:58:45,619 superfastpath.py [line:277] one_slot INFO read pending block 16 in 0.046143 
2024-07-21 19:58:45,619 superfastpath.py [line:286] one_slot INFO 3pending block 16 in 0.046276 
2024-07-21 19:58:45,619 superfastpath.py [line:290] one_slot INFO delay block 15 in 0.145632 
2024-07-21 19:58:45,621 superfastpath.py [line:297] one_slot INFO Fast block at Node 10 for Epoch sidAFAST0 and Slot 15 has delay, TPS and TXs: 0.1456317901611328, 8000 
2024-07-21 19:58:45,621 superfastpath.py [line:299] one_slot INFO AVG TPS: 11246, running time 0.711329, weighted delay: 0.156450 
2024-07-21 19:58:45,622 superfastpath.py [line:304] one_slot INFO output block for slot 15 taking 0.148179 sec 
2024-07-21 19:58:45,622 superfastpath.py [line:308] one_slot INFO Leaving slot 16 
2024-07-21 19:58:45,622 superfastpath.py [line:373] sufastpath INFO Leaves fastpath at 17 slot 
2024-07-21 19:58:45,623 Superfast.py [line:310] wait_for_fastpath INFO Fastpath of epoch 0 completed 
2024-07-21 19:58:45,623 Superfast.py [line:339] _run_epoch INFO Fastpath tps: 11240 delay 0.156450 
2024-07-21 20:04:31,142 sufp_node.py [line:79] run INFO node 10's starts to run consensus on process id 3724 
2024-07-21 20:04:31,143 sufp_node.py [line:80] run INFO parameters: N=16, f=5, S=15, T=5, fast-batch=10000, acs-batch=62, K=1, O=0 
2024-07-21 20:04:31,143 sufp_node.py [line:62] prepare_bootstrap INFO node id 10 is inserting dummy payload TXs 
2024-07-21 20:04:31,143 sufp_node.py [line:70] prepare_bootstrap INFO node id 10 just inserts 50000 TXs 
2024-07-21 20:04:31,143 sufp_node.py [line:70] prepare_bootstrap INFO node id 10 just inserts 50000 TXs 
2024-07-21 20:04:31,143 sufp_node.py [line:74] prepare_bootstrap INFO node id 10 completed the loading of dummy TXs 
2024-07-21 20:04:31,144 Superfast.py [line:180] run_bft INFO Node 10 starts to run at time:1721563471.1439834 
2024-07-21 20:04:31,144 Superfast.py [line:233] _run_epoch INFO Node enters epoch 0 
2024-07-21 20:04:31,144 superfastpath.py [line:43] sufastpath INFO Entering fast path 
2024-07-21 20:04:31,144 superfastpath.py [line:234] one_slot INFO Entering slot 1 
2024-07-21 20:04:31,936 superfastpath.py [line:250] one_slot INFO pending block 1 in 0.791656 
2024-07-21 20:04:31,937 superfastpath.py [line:259] one_slot INFO 2pending block 1 in 0.791954 
2024-07-21 20:04:31,963 superfastpath.py [line:277] one_slot INFO read pending block 1 in 0.818085 
2024-07-21 20:04:31,963 superfastpath.py [line:308] one_slot INFO Leaving slot 1 
2024-07-21 20:04:31,963 superfastpath.py [line:234] one_slot INFO Entering slot 2 
2024-07-21 20:04:32,206 superfastpath.py [line:250] one_slot INFO pending block 2 in 0.242353 
2024-07-21 20:04:32,216 superfastpath.py [line:259] one_slot INFO 2pending block 2 in 0.253062 
2024-07-21 20:04:32,262 superfastpath.py [line:277] one_slot INFO read pending block 2 in 0.298939 
2024-07-21 20:04:32,262 superfastpath.py [line:308] one_slot INFO Leaving slot 2 
2024-07-21 20:04:32,262 superfastpath.py [line:234] one_slot INFO Entering slot 3 
2024-07-21 20:04:32,463 superfastpath.py [line:250] one_slot INFO pending block 3 in 0.200620 
2024-07-21 20:04:32,463 superfastpath.py [line:259] one_slot INFO 2pending block 3 in 0.200818 
2024-07-21 20:04:32,479 superfastpath.py [line:277] one_slot INFO read pending block 3 in 0.216685 
2024-07-21 20:04:32,479 superfastpath.py [line:308] one_slot INFO Leaving slot 3 
2024-07-21 20:04:32,480 superfastpath.py [line:234] one_slot INFO Entering slot 4 
2024-07-21 20:04:32,923 superfastpath.py [line:250] one_slot INFO pending block 4 in 0.443599 
2024-07-21 20:04:32,923 superfastpath.py [line:259] one_slot INFO 2pending block 4 in 0.443801 
2024-07-21 20:04:32,940 superfastpath.py [line:277] one_slot INFO read pending block 4 in 0.460666 
2024-07-21 20:04:32,940 superfastpath.py [line:308] one_slot INFO Leaving slot 4 
2024-07-21 20:04:32,941 superfastpath.py [line:234] one_slot INFO Entering slot 5 
2024-07-21 20:04:33,441 superfastpath.py [line:250] one_slot INFO pending block 5 in 0.499898 
2024-07-21 20:04:33,441 superfastpath.py [line:259] one_slot INFO 2pending block 5 in 0.500142 
2024-07-21 20:04:33,463 superfastpath.py [line:277] one_slot INFO read pending block 5 in 0.522498 
2024-07-21 20:04:33,464 superfastpath.py [line:308] one_slot INFO Leaving slot 5 
2024-07-21 20:04:33,464 superfastpath.py [line:234] one_slot INFO Entering slot 6 
2024-07-21 20:04:33,882 superfastpath.py [line:250] one_slot INFO pending block 6 in 0.418045 
2024-07-21 20:04:33,882 superfastpath.py [line:259] one_slot INFO 2pending block 6 in 0.418266 
2024-07-21 20:04:33,898 superfastpath.py [line:277] one_slot INFO read pending block 6 in 0.434289 
2024-07-21 20:04:33,899 superfastpath.py [line:308] one_slot INFO Leaving slot 6 
2024-07-21 20:04:33,899 superfastpath.py [line:234] one_slot INFO Entering slot 7 
2024-07-21 20:04:34,357 superfastpath.py [line:250] one_slot INFO pending block 7 in 0.458009 
2024-07-21 20:04:34,357 superfastpath.py [line:259] one_slot INFO 2pending block 7 in 0.458219 
2024-07-21 20:04:34,381 superfastpath.py [line:277] one_slot INFO read pending block 7 in 0.481687 
2024-07-21 20:04:34,381 superfastpath.py [line:308] one_slot INFO Leaving slot 7 
2024-07-21 20:04:34,381 superfastpath.py [line:234] one_slot INFO Entering slot 8 
2024-07-21 20:04:34,818 superfastpath.py [line:250] one_slot INFO pending block 8 in 0.436611 
2024-07-21 20:04:34,818 superfastpath.py [line:259] one_slot INFO 2pending block 8 in 0.436803 
2024-07-21 20:04:34,833 superfastpath.py [line:277] one_slot INFO read pending block 8 in 0.451395 
2024-07-21 20:04:34,833 superfastpath.py [line:308] one_slot INFO Leaving slot 8 
2024-07-21 20:04:34,833 superfastpath.py [line:234] one_slot INFO Entering slot 9 
2024-07-21 20:04:35,278 superfastpath.py [line:250] one_slot INFO pending block 9 in 0.445091 
2024-07-21 20:04:35,280 superfastpath.py [line:259] one_slot INFO 2pending block 9 in 0.446589 
2024-07-21 20:04:35,303 superfastpath.py [line:277] one_slot INFO read pending block 9 in 0.470236 
2024-07-21 20:04:35,304 superfastpath.py [line:286] one_slot INFO 3pending block 9 in 0.470451 
2024-07-21 20:04:35,304 superfastpath.py [line:290] one_slot INFO delay block 8 in 0.922363 
2024-07-21 20:04:35,322 superfastpath.py [line:297] one_slot INFO Fast block at Node 10 for Epoch sidAFAST0 and Slot 8 has delay, TPS and TXs: 0.9223628044128418, 10000 
2024-07-21 20:04:35,322 superfastpath.py [line:299] one_slot INFO AVG TPS: 10631, running time 0.940588, weighted delay: 0.922363 
2024-07-21 20:04:35,322 superfastpath.py [line:304] one_slot INFO output block for slot 8 taking 0.940586 sec 
2024-07-21 20:04:35,322 superfastpath.py [line:308] one_slot INFO Leaving slot 9 
2024-07-21 20:04:35,322 superfastpath.py [line:234] one_slot INFO Entering slot 10 
2024-07-21 20:04:35,751 superfastpath.py [line:250] one_slot INFO pending block 10 in 0.429050 
2024-07-21 20:04:35,751 superfastpath.py [line:259] one_slot INFO 2pending block 10 in 0.429269 
2024-07-21 20:04:35,774 superfastpath.py [line:277] one_slot INFO read pending block 10 in 0.451839 
2024-07-21 20:04:35,774 superfastpath.py [line:286] one_slot INFO 3pending block 10 in 0.452183 
2024-07-21 20:04:35,774 superfastpath.py [line:290] one_slot INFO delay block 9 in 0.941419 
2024-07-21 20:04:35,809 superfastpath.py [line:297] one_slot INFO Fast block at Node 10 for Epoch sidAFAST0 and Slot 9 has delay, TPS and TXs: 0.9414191246032715, 20000 
2024-07-21 20:04:35,809 superfastpath.py [line:299] one_slot INFO AVG TPS: 14006, running time 1.427927, weighted delay: 0.931891 
2024-07-21 20:04:35,809 superfastpath.py [line:304] one_slot INFO output block for slot 9 taking 0.976244 sec 
2024-07-21 20:04:35,809 superfastpath.py [line:308] one_slot INFO Leaving slot 10 
2024-07-21 20:04:35,810 superfastpath.py [line:234] one_slot INFO Entering slot 11 
2024-07-21 20:04:36,281 superfastpath.py [line:250] one_slot INFO pending block 11 in 0.471125 
2024-07-21 20:04:36,281 superfastpath.py [line:259] one_slot INFO 2pending block 11 in 0.471339 
2024-07-21 20:04:36,308 superfastpath.py [line:277] one_slot INFO read pending block 11 in 0.498703 
2024-07-21 20:04:36,309 superfastpath.py [line:286] one_slot INFO 3pending block 11 in 0.499121 
2024-07-21 20:04:36,309 superfastpath.py [line:290] one_slot INFO delay block 10 in 0.986811 
2024-07-21 20:04:36,329 superfastpath.py [line:297] one_slot INFO Fast block at Node 10 for Epoch sidAFAST0 and Slot 10 has delay, TPS and TXs: 0.9868106842041016, 30000 
2024-07-21 20:04:36,330 superfastpath.py [line:299] one_slot INFO AVG TPS: 15397, running time 1.948395, weighted delay: 0.950198 
2024-07-21 20:04:36,330 superfastpath.py [line:304] one_slot INFO output block for slot 10 taking 1.007906 sec 
2024-07-21 20:04:36,330 superfastpath.py [line:308] one_slot INFO Leaving slot 11 
2024-07-21 20:04:36,331 superfastpath.py [line:234] one_slot INFO Entering slot 12 
2024-07-21 20:04:36,803 superfastpath.py [line:250] one_slot INFO pending block 12 in 0.471926 
2024-07-21 20:04:36,803 superfastpath.py [line:259] one_slot INFO 2pending block 12 in 0.472130 
2024-07-21 20:04:36,824 superfastpath.py [line:277] one_slot INFO read pending block 12 in 0.493016 
2024-07-21 20:04:36,824 superfastpath.py [line:286] one_slot INFO 3pending block 12 in 0.493443 
2024-07-21 20:04:36,824 superfastpath.py [line:290] one_slot INFO delay block 11 in 1.014612 
2024-07-21 20:04:36,839 superfastpath.py [line:297] one_slot INFO Fast block at Node 10 for Epoch sidAFAST0 and Slot 11 has delay, TPS and TXs: 1.0146124362945557, 40000 
2024-07-21 20:04:36,840 superfastpath.py [line:299] one_slot INFO AVG TPS: 16269, running time 2.458529, weighted delay: 0.966301 
2024-07-21 20:04:36,840 superfastpath.py [line:304] one_slot INFO output block for slot 11 taking 1.030060 sec 
2024-07-21 20:04:36,840 superfastpath.py [line:308] one_slot INFO Leaving slot 12 
2024-07-21 20:04:36,840 superfastpath.py [line:234] one_slot INFO Entering slot 13 
2024-07-21 20:04:37,259 superfastpath.py [line:250] one_slot INFO pending block 13 in 0.419083 
2024-07-21 20:04:37,259 superfastpath.py [line:259] one_slot INFO 2pending block 13 in 0.419268 
2024-07-21 20:04:37,304 superfastpath.py [line:277] one_slot INFO read pending block 13 in 0.464046 
2024-07-21 20:04:37,305 superfastpath.py [line:286] one_slot INFO 3pending block 13 in 0.464489 
2024-07-21 20:04:37,305 superfastpath.py [line:290] one_slot INFO delay block 12 in 0.974027 
2024-07-21 20:04:37,329 superfastpath.py [line:297] one_slot INFO Fast block at Node 10 for Epoch sidAFAST0 and Slot 12 has delay, TPS and TXs: 0.9740269184112549, 50000 
2024-07-21 20:04:37,329 superfastpath.py [line:299] one_slot INFO AVG TPS: 16958, running time 2.948317, weighted delay: 0.967846 
2024-07-21 20:04:37,330 superfastpath.py [line:304] one_slot INFO output block for slot 12 taking 0.998901 sec 
2024-07-21 20:04:37,330 superfastpath.py [line:308] one_slot INFO Leaving slot 13 
2024-07-21 20:04:37,330 superfastpath.py [line:234] one_slot INFO Entering slot 14 
2024-07-21 20:04:37,800 superfastpath.py [line:250] one_slot INFO pending block 14 in 0.469785 
2024-07-21 20:04:37,800 superfastpath.py [line:259] one_slot INFO 2pending block 14 in 0.470185 
2024-07-21 20:04:37,833 superfastpath.py [line:277] one_slot INFO read pending block 14 in 0.503556 
2024-07-21 20:04:37,834 superfastpath.py [line:286] one_slot INFO 3pending block 14 in 0.503794 
2024-07-21 20:04:37,834 superfastpath.py [line:290] one_slot INFO delay block 13 in 0.993649 
2024-07-21 20:04:37,856 superfastpath.py [line:297] one_slot INFO Fast block at Node 10 for Epoch sidAFAST0 and Slot 13 has delay, TPS and TXs: 0.9936494827270508, 60000 
2024-07-21 20:04:37,857 superfastpath.py [line:299] one_slot INFO AVG TPS: 17263, running time 3.475607, weighted delay: 0.972147 
2024-07-21 20:04:37,858 superfastpath.py [line:304] one_slot INFO output block for slot 13 taking 1.017642 sec 
2024-07-21 20:04:37,858 superfastpath.py [line:308] one_slot INFO Leaving slot 14 
2024-07-21 20:04:37,858 superfastpath.py [line:234] one_slot INFO Entering slot 15 
2024-07-21 20:04:38,300 superfastpath.py [line:250] one_slot INFO pending block 15 in 0.442026 
2024-07-21 20:04:38,300 superfastpath.py [line:259] one_slot INFO 2pending block 15 in 0.442175 
2024-07-21 20:04:38,314 superfastpath.py [line:277] one_slot INFO read pending block 15 in 0.456160 
2024-07-21 20:04:38,315 superfastpath.py [line:286] one_slot INFO 3pending block 15 in 0.456365 
2024-07-21 20:04:38,315 superfastpath.py [line:290] one_slot INFO delay block 14 in 0.984848 
2024-07-21 20:04:38,330 superfastpath.py [line:297] one_slot INFO Fast block at Node 10 for Epoch sidAFAST0 and Slot 14 has delay, TPS and TXs: 0.9848475456237793, 70000 
2024-07-21 20:04:38,330 superfastpath.py [line:299] one_slot INFO AVG TPS: 17725, running time 3.949216, weighted delay: 0.973961 
2024-07-21 20:04:38,331 superfastpath.py [line:304] one_slot INFO output block for slot 14 taking 1.000701 sec 
2024-07-21 20:04:38,331 superfastpath.py [line:308] one_slot INFO Leaving slot 15 
2024-07-21 20:04:38,331 superfastpath.py [line:234] one_slot INFO Entering slot 16 
2024-07-21 20:04:38,659 superfastpath.py [line:250] one_slot INFO pending block 16 in 0.328174 
2024-07-21 20:04:38,659 superfastpath.py [line:259] one_slot INFO 2pending block 16 in 0.328378 
2024-07-21 20:04:38,660 superfastpath.py [line:277] one_slot INFO read pending block 16 in 0.328530 
2024-07-21 20:04:38,660 superfastpath.py [line:286] one_slot INFO 3pending block 16 in 0.329094 
2024-07-21 20:04:38,660 superfastpath.py [line:290] one_slot INFO delay block 15 in 0.801889 
2024-07-21 20:04:38,716 superfastpath.py [line:297] one_slot INFO Fast block at Node 10 for Epoch sidAFAST0 and Slot 15 has delay, TPS and TXs: 0.8018887042999268, 80000 
2024-07-21 20:04:38,716 superfastpath.py [line:299] one_slot INFO AVG TPS: 18456, running time 4.334578, weighted delay: 0.952452 
2024-07-21 20:04:38,716 superfastpath.py [line:304] one_slot INFO output block for slot 15 taking 0.857702 sec 
2024-07-21 20:04:38,716 superfastpath.py [line:308] one_slot INFO Leaving slot 16 
2024-07-21 20:04:38,716 superfastpath.py [line:373] sufastpath INFO Leaves fastpath at 17 slot 
2024-07-21 20:04:38,716 Superfast.py [line:310] wait_for_fastpath INFO Fastpath of epoch 0 completed 
2024-07-21 20:04:38,717 Superfast.py [line:339] _run_epoch INFO Fastpath tps: 18455 delay 0.952452 
2024-07-21 20:04:43,743 Superfast.py [line:210] run_bft INFO node 10 breaks in 12.599138 seconds in epoch 0 with total delivered Txs 0 and average delay 0.000000 
2024-07-21 20:59:43,369 sufp_node.py [line:79] run INFO node 10's starts to run consensus on process id 4575 
2024-07-21 20:59:43,369 sufp_node.py [line:80] run INFO parameters: N=16, f=5, S=15, T=5, fast-batch=10000, acs-batch=62, K=1, O=0 
2024-07-21 20:59:43,370 sufp_node.py [line:62] prepare_bootstrap INFO node id 10 is inserting dummy payload TXs 
2024-07-21 20:59:43,371 sufp_node.py [line:70] prepare_bootstrap INFO node id 10 just inserts 50000 TXs 
2024-07-21 20:59:43,371 sufp_node.py [line:70] prepare_bootstrap INFO node id 10 just inserts 50000 TXs 
2024-07-21 20:59:43,371 sufp_node.py [line:74] prepare_bootstrap INFO node id 10 completed the loading of dummy TXs 
2024-07-21 20:59:43,372 Superfast.py [line:180] run_bft INFO Node 10 starts to run at time:1721566783.3721929 
2024-07-21 20:59:43,372 Superfast.py [line:233] _run_epoch INFO Node enters epoch 0 
2024-07-21 20:59:43,374 superfastpath_3.py [line:43] sufastpath INFO Entering fast path 
2024-07-21 20:59:43,374 superfastpath_3.py [line:236] one_slot INFO Entering slot 1 
2024-07-21 20:59:44,398 superfastpath_3.py [line:252] one_slot INFO pending block 1 in 0.232244 
2024-07-21 20:59:44,398 superfastpath_3.py [line:261] one_slot INFO 2pending block 1 in 0.232488 
2024-07-21 20:59:44,420 superfastpath_3.py [line:279] one_slot INFO read pending block 1 in 0.254739 
2024-07-21 20:59:44,421 superfastpath_3.py [line:310] one_slot INFO Leaving slot 1 
2024-07-21 20:59:44,421 superfastpath_3.py [line:236] one_slot INFO Entering slot 2 
2024-07-21 20:59:44,631 superfastpath_3.py [line:252] one_slot INFO pending block 2 in 0.159758 
2024-07-21 20:59:44,631 superfastpath_3.py [line:261] one_slot INFO 2pending block 2 in 0.159932 
2024-07-21 20:59:44,652 superfastpath_3.py [line:279] one_slot INFO read pending block 2 in 0.181006 
2024-07-21 20:59:44,653 superfastpath_3.py [line:310] one_slot INFO Leaving slot 2 
2024-07-21 20:59:44,653 superfastpath_3.py [line:236] one_slot INFO Entering slot 3 
2024-07-21 20:59:44,923 superfastpath_3.py [line:252] one_slot INFO pending block 3 in 0.190874 
2024-07-21 20:59:44,923 superfastpath_3.py [line:261] one_slot INFO 2pending block 3 in 0.191114 
2024-07-21 20:59:44,945 superfastpath_3.py [line:279] one_slot INFO read pending block 3 in 0.212726 
2024-07-21 20:59:44,945 superfastpath_3.py [line:310] one_slot INFO Leaving slot 3 
2024-07-21 20:59:44,946 superfastpath_3.py [line:236] one_slot INFO Entering slot 4 
2024-07-21 20:59:45,397 superfastpath_3.py [line:252] one_slot INFO pending block 4 in 0.212154 
2024-07-21 20:59:45,398 superfastpath_3.py [line:261] one_slot INFO 2pending block 4 in 0.212621 
2024-07-21 20:59:45,421 superfastpath_3.py [line:279] one_slot INFO read pending block 4 in 0.236434 
2024-07-21 20:59:45,421 superfastpath_3.py [line:310] one_slot INFO Leaving slot 4 
2024-07-21 20:59:45,422 superfastpath_3.py [line:236] one_slot INFO Entering slot 5 
2024-07-21 20:59:45,851 superfastpath_3.py [line:252] one_slot INFO pending block 5 in 0.175816 
2024-07-21 20:59:45,851 superfastpath_3.py [line:261] one_slot INFO 2pending block 5 in 0.176212 
2024-07-21 20:59:45,870 superfastpath_3.py [line:279] one_slot INFO read pending block 5 in 0.194988 
2024-07-21 20:59:45,870 superfastpath_3.py [line:310] one_slot INFO Leaving slot 5 
2024-07-21 20:59:45,871 superfastpath_3.py [line:236] one_slot INFO Entering slot 6 
2024-07-21 20:59:46,319 superfastpath_3.py [line:252] one_slot INFO pending block 6 in 0.168509 
2024-07-21 20:59:46,320 superfastpath_3.py [line:261] one_slot INFO 2pending block 6 in 0.170415 
2024-07-21 20:59:46,390 superfastpath_3.py [line:279] one_slot INFO read pending block 6 in 0.240406 
2024-07-21 20:59:46,390 superfastpath_3.py [line:310] one_slot INFO Leaving slot 6 
2024-07-21 20:59:46,390 superfastpath_3.py [line:236] one_slot INFO Entering slot 7 
2024-07-21 20:59:46,856 superfastpath_3.py [line:252] one_slot INFO pending block 7 in 0.262024 
2024-07-21 20:59:46,856 superfastpath_3.py [line:261] one_slot INFO 2pending block 7 in 0.262234 
2024-07-21 20:59:46,884 superfastpath_3.py [line:279] one_slot INFO read pending block 7 in 0.289285 
2024-07-21 20:59:46,884 superfastpath_3.py [line:310] one_slot INFO Leaving slot 7 
2024-07-21 20:59:46,884 superfastpath_3.py [line:236] one_slot INFO Entering slot 8 
2024-07-21 20:59:47,329 superfastpath_3.py [line:252] one_slot INFO pending block 8 in 0.217724 
2024-07-21 20:59:47,330 superfastpath_3.py [line:261] one_slot INFO 2pending block 8 in 0.218460 
2024-07-21 20:59:47,359 superfastpath_3.py [line:279] one_slot INFO read pending block 8 in 0.247694 
2024-07-21 20:59:47,359 superfastpath_3.py [line:310] one_slot INFO Leaving slot 8 
2024-07-21 20:59:47,359 superfastpath_3.py [line:236] one_slot INFO Entering slot 9 
2024-07-21 20:59:47,806 superfastpath_3.py [line:252] one_slot INFO pending block 9 in 0.176191 
2024-07-21 20:59:47,806 superfastpath_3.py [line:261] one_slot INFO 2pending block 9 in 0.176381 
2024-07-21 20:59:47,827 superfastpath_3.py [line:279] one_slot INFO read pending block 9 in 0.197229 
2024-07-21 20:59:47,827 superfastpath_3.py [line:288] one_slot INFO 3pending block 9 in 0.197430 
2024-07-21 20:59:47,827 superfastpath_3.py [line:292] one_slot INFO delay block 8 in 0.715988 
2024-07-21 20:59:47,854 superfastpath_3.py [line:299] one_slot INFO Fast block at Node 10 for Epoch sidAFAST0 and Slot 8 has delay, TPS and TXs: 0.7159883975982666, 10000 
2024-07-21 20:59:47,854 superfastpath_3.py [line:301] one_slot INFO AVG TPS: 10306, running time 0.970258, weighted delay: 0.715988 
2024-07-21 20:59:47,854 superfastpath_3.py [line:306] one_slot INFO output block for slot 8 taking 0.743220 sec 
2024-07-21 20:59:47,854 superfastpath_3.py [line:310] one_slot INFO Leaving slot 9 
2024-07-21 20:59:47,855 superfastpath_3.py [line:236] one_slot INFO Entering slot 10 
2024-07-21 20:59:48,346 superfastpath_3.py [line:252] one_slot INFO pending block 10 in 0.243247 
2024-07-21 20:59:48,347 superfastpath_3.py [line:261] one_slot INFO 2pending block 10 in 0.243535 
2024-07-21 20:59:48,371 superfastpath_3.py [line:279] one_slot INFO read pending block 10 in 0.267692 
2024-07-21 20:59:48,371 superfastpath_3.py [line:288] one_slot INFO 3pending block 10 in 0.267932 
2024-07-21 20:59:48,371 superfastpath_3.py [line:292] one_slot INFO delay block 9 in 0.741489 
2024-07-21 20:59:48,388 superfastpath_3.py [line:299] one_slot INFO Fast block at Node 10 for Epoch sidAFAST0 and Slot 9 has delay, TPS and TXs: 0.7414889335632324, 20000 
2024-07-21 20:59:48,388 superfastpath_3.py [line:301] one_slot INFO AVG TPS: 13293, running time 1.504535, weighted delay: 0.728739 
2024-07-21 20:59:48,389 superfastpath_3.py [line:306] one_slot INFO output block for slot 9 taking 0.759060 sec 
2024-07-21 20:59:48,389 superfastpath_3.py [line:310] one_slot INFO Leaving slot 10 
2024-07-21 20:59:48,389 superfastpath_3.py [line:236] one_slot INFO Entering slot 11 
2024-07-21 20:59:48,837 superfastpath_3.py [line:252] one_slot INFO pending block 11 in 0.187401 
2024-07-21 20:59:48,838 superfastpath_3.py [line:261] one_slot INFO 2pending block 11 in 0.187585 
2024-07-21 20:59:48,861 superfastpath_3.py [line:279] one_slot INFO read pending block 11 in 0.210803 
2024-07-21 20:59:48,861 superfastpath_3.py [line:288] one_slot INFO 3pending block 11 in 0.211121 
2024-07-21 20:59:48,861 superfastpath_3.py [line:292] one_slot INFO delay block 10 in 0.758264 
2024-07-21 20:59:48,877 superfastpath_3.py [line:299] one_slot INFO Fast block at Node 10 for Epoch sidAFAST0 and Slot 10 has delay, TPS and TXs: 0.7582640647888184, 30000 
2024-07-21 20:59:48,878 superfastpath_3.py [line:301] one_slot INFO AVG TPS: 15047, running time 1.993690, weighted delay: 0.738580 
2024-07-21 20:59:48,878 superfastpath_3.py [line:306] one_slot INFO output block for slot 10 taking 0.775303 sec 
2024-07-21 20:59:48,878 superfastpath_3.py [line:310] one_slot INFO Leaving slot 11 
2024-07-21 20:59:48,879 superfastpath_3.py [line:236] one_slot INFO Entering slot 12 
2024-07-21 20:59:49,388 superfastpath_3.py [line:252] one_slot INFO pending block 12 in 0.242275 
2024-07-21 20:59:49,388 superfastpath_3.py [line:261] one_slot INFO 2pending block 12 in 0.242495 
2024-07-21 20:59:49,407 superfastpath_3.py [line:279] one_slot INFO read pending block 12 in 0.261980 
2024-07-21 20:59:49,408 superfastpath_3.py [line:288] one_slot INFO 3pending block 12 in 0.262298 
2024-07-21 20:59:49,408 superfastpath_3.py [line:292] one_slot INFO delay block 11 in 0.757675 
2024-07-21 20:59:49,423 superfastpath_3.py [line:299] one_slot INFO Fast block at Node 10 for Epoch sidAFAST0 and Slot 11 has delay, TPS and TXs: 0.7576746940612793, 40000 
2024-07-21 20:59:49,424 superfastpath_3.py [line:301] one_slot INFO AVG TPS: 15749, running time 2.539731, weighted delay: 0.743354 
2024-07-21 20:59:49,424 superfastpath_3.py [line:306] one_slot INFO output block for slot 11 taking 0.773875 sec 
2024-07-21 20:59:49,424 superfastpath_3.py [line:310] one_slot INFO Leaving slot 12 
2024-07-21 20:59:49,424 superfastpath_3.py [line:236] one_slot INFO Entering slot 13 
2024-07-21 20:59:49,887 superfastpath_3.py [line:252] one_slot INFO pending block 13 in 0.180020 
2024-07-21 20:59:49,887 superfastpath_3.py [line:261] one_slot INFO 2pending block 13 in 0.180254 
2024-07-21 20:59:49,904 superfastpath_3.py [line:279] one_slot INFO read pending block 13 in 0.197212 
2024-07-21 20:59:49,904 superfastpath_3.py [line:288] one_slot INFO 3pending block 13 in 0.197428 
2024-07-21 20:59:49,904 superfastpath_3.py [line:292] one_slot INFO delay block 12 in 0.759026 
2024-07-21 20:59:49,930 superfastpath_3.py [line:299] one_slot INFO Fast block at Node 10 for Epoch sidAFAST0 and Slot 12 has delay, TPS and TXs: 0.759026288986206, 50000 
2024-07-21 20:59:49,931 superfastpath_3.py [line:301] one_slot INFO AVG TPS: 16411, running time 3.046565, weighted delay: 0.746488 
2024-07-21 20:59:49,931 superfastpath_3.py [line:306] one_slot INFO output block for slot 12 taking 0.785435 sec 
2024-07-21 20:59:49,931 superfastpath_3.py [line:310] one_slot INFO Leaving slot 13 
2024-07-21 20:59:49,931 superfastpath_3.py [line:236] one_slot INFO Entering slot 14 
2024-07-21 20:59:50,415 superfastpath_3.py [line:252] one_slot INFO pending block 14 in 0.223570 
2024-07-21 20:59:50,415 superfastpath_3.py [line:261] one_slot INFO 2pending block 14 in 0.223809 
2024-07-21 20:59:50,430 superfastpath_3.py [line:279] one_slot INFO read pending block 14 in 0.238927 
2024-07-21 20:59:50,431 superfastpath_3.py [line:288] one_slot INFO 3pending block 14 in 0.239141 
2024-07-21 20:59:50,431 superfastpath_3.py [line:292] one_slot INFO delay block 13 in 0.723950 
2024-07-21 20:59:50,448 superfastpath_3.py [line:299] one_slot INFO Fast block at Node 10 for Epoch sidAFAST0 and Slot 13 has delay, TPS and TXs: 0.7239499092102051, 60000 
2024-07-21 20:59:50,448 superfastpath_3.py [line:301] one_slot INFO AVG TPS: 16835, running time 3.563833, weighted delay: 0.742732 
2024-07-21 20:59:50,448 superfastpath_3.py [line:306] one_slot INFO output block for slot 13 taking 0.741609 sec 
2024-07-21 20:59:50,448 superfastpath_3.py [line:310] one_slot INFO Leaving slot 14 
2024-07-21 20:59:50,449 superfastpath_3.py [line:236] one_slot INFO Entering slot 15 
2024-07-21 20:59:50,899 superfastpath_3.py [line:252] one_slot INFO pending block 15 in 0.204332 
2024-07-21 20:59:50,899 superfastpath_3.py [line:261] one_slot INFO 2pending block 15 in 0.204535 
2024-07-21 20:59:50,918 superfastpath_3.py [line:279] one_slot INFO read pending block 15 in 0.223181 
2024-07-21 20:59:50,918 superfastpath_3.py [line:288] one_slot INFO 3pending block 15 in 0.223461 
2024-07-21 20:59:50,918 superfastpath_3.py [line:292] one_slot INFO delay block 14 in 0.726772 
2024-07-21 20:59:50,934 superfastpath_3.py [line:299] one_slot INFO Fast block at Node 10 for Epoch sidAFAST0 and Slot 14 has delay, TPS and TXs: 0.7267720699310303, 70000 
2024-07-21 20:59:50,934 superfastpath_3.py [line:301] one_slot INFO AVG TPS: 17282, running time 4.050227, weighted delay: 0.740452 
2024-07-21 20:59:50,934 superfastpath_3.py [line:306] one_slot INFO output block for slot 14 taking 0.742874 sec 
2024-07-21 20:59:50,934 superfastpath_3.py [line:310] one_slot INFO Leaving slot 15 
2024-07-21 20:59:50,934 superfastpath_3.py [line:236] one_slot INFO Entering slot 16 
2024-07-21 20:59:51,215 superfastpath_3.py [line:252] one_slot INFO pending block 16 in 0.011601 
2024-07-21 20:59:51,215 superfastpath_3.py [line:261] one_slot INFO 2pending block 16 in 0.011753 
2024-07-21 20:59:51,215 superfastpath_3.py [line:279] one_slot INFO read pending block 16 in 0.011880 
2024-07-21 20:59:51,215 superfastpath_3.py [line:288] one_slot INFO 3pending block 16 in 0.011958 
2024-07-21 20:59:51,215 superfastpath_3.py [line:292] one_slot INFO delay block 15 in 0.520616 
2024-07-21 20:59:51,269 superfastpath_3.py [line:299] one_slot INFO Fast block at Node 10 for Epoch sidAFAST0 and Slot 15 has delay, TPS and TXs: 0.520615816116333, 80000 
2024-07-21 20:59:51,269 superfastpath_3.py [line:301] one_slot INFO AVG TPS: 18244, running time 4.384790, weighted delay: 0.712973 
2024-07-21 20:59:51,269 superfastpath_3.py [line:306] one_slot INFO output block for slot 15 taking 0.574233 sec 
2024-07-21 20:59:51,269 superfastpath_3.py [line:310] one_slot INFO Leaving slot 16 
2024-07-21 20:59:51,269 superfastpath_3.py [line:375] sufastpath INFO Leaves fastpath at 17 slot 
2024-07-21 20:59:51,280 Superfast.py [line:310] wait_for_fastpath INFO Fastpath of epoch 0 completed 
2024-07-21 20:59:51,281 Superfast.py [line:339] _run_epoch INFO Fastpath tps: 18244 delay 0.712973 
2024-07-22 15:44:15,018 bdt_node.py [line:79] run INFO node 10's starts to run consensus on process id 14896 
2024-07-22 15:44:15,019 bdt_node.py [line:80] run INFO parameters: N=16, f=5, S=15, T=5, fast-batch=10000, acs-batch=62, K=1, O=0 
2024-07-22 15:44:15,019 bdt_node.py [line:62] prepare_bootstrap INFO node id 10 is inserting dummy payload TXs 
2024-07-22 15:44:15,020 bdt_node.py [line:70] prepare_bootstrap INFO node id 10 just inserts 50000 TXs 
2024-07-22 15:44:15,020 bdt_node.py [line:70] prepare_bootstrap INFO node id 10 just inserts 50000 TXs 
2024-07-22 15:44:15,020 bdt_node.py [line:74] prepare_bootstrap INFO node id 10 completed the loading of dummy TXs 
2024-07-22 15:44:15,021 bdt.py [line:194] run_bft INFO Node 10 starts to run at time:1721634255.0211449 
2024-07-22 15:44:15,021 bdt.py [line:247] _run_epoch INFO Node enters epoch 0 
2024-07-22 15:44:15,022 hsfastpath.py [line:43] hsfastpath INFO Entering fast path 
2024-07-22 15:44:15,022 hsfastpath.py [line:212] one_slot INFO Entering slot 1 
2024-07-22 15:44:15,443 hsfastpath.py [line:263] one_slot INFO Leaving slot 1 
2024-07-22 15:44:15,443 hsfastpath.py [line:212] one_slot INFO Entering slot 2 
2024-07-22 15:44:15,663 hsfastpath.py [line:263] one_slot INFO Leaving slot 2 
2024-07-22 15:44:15,663 hsfastpath.py [line:212] one_slot INFO Entering slot 3 
2024-07-22 15:44:15,831 hsfastpath.py [line:252] one_slot INFO Fast block at Node 10 for Epoch sidAFAST0 and Slot 1 has delay and TXs: 0.7887556552886963, 10000 
2024-07-22 15:44:15,845 hsfastpath.py [line:263] one_slot INFO Leaving slot 3 
2024-07-22 15:44:15,846 hsfastpath.py [line:212] one_slot INFO Entering slot 4 
2024-07-22 15:44:16,075 hsfastpath.py [line:252] one_slot INFO Fast block at Node 10 for Epoch sidAFAST0 and Slot 2 has delay and TXs: 0.6174650192260742, 10000 
2024-07-22 15:44:16,094 hsfastpath.py [line:263] one_slot INFO Leaving slot 4 
2024-07-22 15:44:16,094 hsfastpath.py [line:212] one_slot INFO Entering slot 5 
2024-07-22 15:44:16,280 hsfastpath.py [line:252] one_slot INFO Fast block at Node 10 for Epoch sidAFAST0 and Slot 3 has delay and TXs: 0.5960595607757568, 10000 
2024-07-22 15:44:16,296 hsfastpath.py [line:263] one_slot INFO Leaving slot 5 
2024-07-22 15:44:16,297 hsfastpath.py [line:212] one_slot INFO Entering slot 6 
2024-07-22 15:44:16,534 hsfastpath.py [line:252] one_slot INFO Fast block at Node 10 for Epoch sidAFAST0 and Slot 4 has delay and TXs: 0.6649553775787354, 10000 
2024-07-22 15:44:16,547 hsfastpath.py [line:263] one_slot INFO Leaving slot 6 
2024-07-22 15:44:16,547 hsfastpath.py [line:212] one_slot INFO Entering slot 7 
2024-07-22 15:44:16,771 hsfastpath.py [line:252] one_slot INFO Fast block at Node 10 for Epoch sidAFAST0 and Slot 5 has delay and TXs: 0.661301851272583, 10000 
2024-07-22 15:44:16,785 hsfastpath.py [line:263] one_slot INFO Leaving slot 7 
2024-07-22 15:44:16,786 hsfastpath.py [line:212] one_slot INFO Entering slot 8 
2024-07-22 15:44:16,968 hsfastpath.py [line:252] one_slot INFO Fast block at Node 10 for Epoch sidAFAST0 and Slot 6 has delay and TXs: 0.6293501853942871, 10000 
2024-07-22 15:44:16,990 hsfastpath.py [line:263] one_slot INFO Leaving slot 8 
2024-07-22 15:44:16,990 hsfastpath.py [line:212] one_slot INFO Entering slot 9 
2024-07-22 15:44:17,191 hsfastpath.py [line:252] one_slot INFO Fast block at Node 10 for Epoch sidAFAST0 and Slot 7 has delay and TXs: 0.5955760478973389, 10000 
2024-07-22 15:44:17,204 hsfastpath.py [line:263] one_slot INFO Leaving slot 9 
2024-07-22 15:44:17,204 hsfastpath.py [line:212] one_slot INFO Entering slot 10 
2024-07-22 15:44:17,387 hsfastpath.py [line:252] one_slot INFO Fast block at Node 10 for Epoch sidAFAST0 and Slot 8 has delay and TXs: 0.5705435276031494, 10000 
2024-07-22 15:44:17,401 hsfastpath.py [line:263] one_slot INFO Leaving slot 10 
2024-07-22 15:44:17,401 hsfastpath.py [line:212] one_slot INFO Entering slot 11 
2024-07-22 15:44:17,593 hsfastpath.py [line:252] one_slot INFO Fast block at Node 10 for Epoch sidAFAST0 and Slot 9 has delay and TXs: 0.5744390487670898, 10000 
2024-07-22 15:44:17,611 hsfastpath.py [line:263] one_slot INFO Leaving slot 11 
2024-07-22 15:44:17,612 hsfastpath.py [line:212] one_slot INFO Entering slot 12 
2024-07-22 15:44:17,820 hsfastpath.py [line:252] one_slot INFO Fast block at Node 10 for Epoch sidAFAST0 and Slot 10 has delay and TXs: 0.5802018642425537, 10000 
2024-07-22 15:44:17,834 hsfastpath.py [line:263] one_slot INFO Leaving slot 12 
2024-07-22 15:44:17,834 hsfastpath.py [line:212] one_slot INFO Entering slot 13 
2024-07-22 15:44:18,020 hsfastpath.py [line:252] one_slot INFO Fast block at Node 10 for Epoch sidAFAST0 and Slot 11 has delay and TXs: 0.5816564559936523, 10000 
2024-07-22 15:44:18,039 hsfastpath.py [line:263] one_slot INFO Leaving slot 13 
2024-07-22 15:44:18,039 hsfastpath.py [line:212] one_slot INFO Entering slot 14 
2024-07-22 15:44:18,202 hsfastpath.py [line:252] one_slot INFO Fast block at Node 10 for Epoch sidAFAST0 and Slot 12 has delay and TXs: 0.5695755481719971, 10000 
2024-07-22 15:44:18,221 hsfastpath.py [line:263] one_slot INFO Leaving slot 14 
2024-07-22 15:44:18,221 hsfastpath.py [line:212] one_slot INFO Entering slot 15 
2024-07-22 15:44:18,434 hsfastpath.py [line:252] one_slot INFO Fast block at Node 10 for Epoch sidAFAST0 and Slot 13 has delay and TXs: 0.562669038772583, 10000 
2024-07-22 15:44:18,450 hsfastpath.py [line:263] one_slot INFO Leaving slot 15 
2024-07-22 15:44:18,450 hsfastpath.py [line:212] one_slot INFO Entering slot 16 
2024-07-22 15:44:18,515 hsfastpath.py [line:252] one_slot INFO Fast block at Node 10 for Epoch sidAFAST0 and Slot 14 has delay and TXs: 0.4661893844604492, 10000 
2024-07-22 15:44:18,516 hsfastpath.py [line:263] one_slot INFO Leaving slot 16 
2024-07-22 15:44:18,516 hsfastpath.py [line:212] one_slot INFO Entering slot 17 
2024-07-22 15:44:18,604 hsfastpath.py [line:252] one_slot INFO Fast block at Node 10 for Epoch sidAFAST0 and Slot 15 has delay and TXs: 0.3142709732055664, 10000 
2024-07-22 15:44:18,604 hsfastpath.py [line:263] one_slot INFO Leaving slot 17 
2024-07-22 15:44:18,604 hsfastpath.py [line:326] hsfastpath INFO Leaves fastpath at 18 slot 
2024-07-22 15:44:18,605 bdt.py [line:413] wait_for_fastpath INFO Fastpath of epoch 0 completed 
2024-07-22 15:44:18,655 bdt.py [line:419] wait_for_vc_msg INFO VC messages of epoch 0 collected 
2024-07-22 15:44:21,379 bdt.py [line:467] _run_epoch INFO VIEW CHANGE costs time: 2.773321 
2024-07-22 15:44:21,380 bdt.py [line:224] run_bft INFO node 10 breaks in 6.359595 seconds in epoch 0 with total delivered Txs 150000 and average delay 0.584867 and average VC delay 2.773321 
2024-07-22 15:48:17,045 bdt_node.py [line:79] run INFO node 10's starts to run consensus on process id 15420 
2024-07-22 15:48:17,046 bdt_node.py [line:80] run INFO parameters: N=16, f=5, S=15, T=5, fast-batch=10000, acs-batch=62, K=1, O=0 
2024-07-22 15:48:17,046 bdt_node.py [line:62] prepare_bootstrap INFO node id 10 is inserting dummy payload TXs 
2024-07-22 15:48:17,046 bdt_node.py [line:70] prepare_bootstrap INFO node id 10 just inserts 50000 TXs 
2024-07-22 15:48:17,046 bdt_node.py [line:70] prepare_bootstrap INFO node id 10 just inserts 50000 TXs 
2024-07-22 15:48:17,047 bdt_node.py [line:74] prepare_bootstrap INFO node id 10 completed the loading of dummy TXs 
2024-07-22 15:48:17,047 bdt.py [line:194] run_bft INFO Node 10 starts to run at time:1721634497.0472217 
2024-07-22 15:48:17,047 bdt.py [line:247] _run_epoch INFO Node enters epoch 0 
2024-07-22 15:48:17,048 hsfastpath_3.py [line:43] hsfastpath INFO Entering fast path 
2024-07-22 15:48:17,048 hsfastpath_3.py [line:213] one_slot INFO Entering slot 1 
2024-07-22 15:48:17,102 hsfastpath_3.py [line:264] one_slot INFO Leaving slot 1 
2024-07-22 15:48:17,102 hsfastpath_3.py [line:213] one_slot INFO Entering slot 2 
2024-07-22 15:48:17,295 hsfastpath_3.py [line:264] one_slot INFO Leaving slot 2 
2024-07-22 15:48:17,296 hsfastpath_3.py [line:213] one_slot INFO Entering slot 3 
2024-07-22 15:48:17,483 hsfastpath_3.py [line:253] one_slot INFO Fast block at Node 10 for Epoch sidAFAST0 and Slot 1 has delay and TXs: 0.5884764194488525, 10000 
2024-07-22 15:48:17,509 hsfastpath_3.py [line:264] one_slot INFO Leaving slot 3 
2024-07-22 15:48:17,509 hsfastpath_3.py [line:213] one_slot INFO Entering slot 4 
2024-07-22 15:48:17,700 hsfastpath_3.py [line:253] one_slot INFO Fast block at Node 10 for Epoch sidAFAST0 and Slot 2 has delay and TXs: 0.5315337181091309, 10000 
2024-07-22 15:48:17,723 hsfastpath_3.py [line:264] one_slot INFO Leaving slot 4 
2024-07-22 15:48:17,723 hsfastpath_3.py [line:213] one_slot INFO Entering slot 5 
2024-07-22 15:48:17,917 hsfastpath_3.py [line:253] one_slot INFO Fast block at Node 10 for Epoch sidAFAST0 and Slot 3 has delay and TXs: 0.5902690887451172, 10000 
2024-07-22 15:48:17,945 hsfastpath_3.py [line:264] one_slot INFO Leaving slot 5 
2024-07-22 15:48:17,945 hsfastpath_3.py [line:213] one_slot INFO Entering slot 6 
2024-07-22 15:48:18,148 hsfastpath_3.py [line:253] one_slot INFO Fast block at Node 10 for Epoch sidAFAST0 and Slot 4 has delay and TXs: 0.5807652473449707, 10000 
2024-07-22 15:48:18,163 hsfastpath_3.py [line:264] one_slot INFO Leaving slot 6 
2024-07-22 15:48:18,163 hsfastpath_3.py [line:213] one_slot INFO Entering slot 7 
2024-07-22 15:48:18,377 hsfastpath_3.py [line:253] one_slot INFO Fast block at Node 10 for Epoch sidAFAST0 and Slot 5 has delay and TXs: 0.562408447265625, 10000 
2024-07-22 15:48:18,390 hsfastpath_3.py [line:264] one_slot INFO Leaving slot 7 
2024-07-22 15:48:18,390 hsfastpath_3.py [line:213] one_slot INFO Entering slot 8 
2024-07-22 15:48:18,554 hsfastpath_3.py [line:253] one_slot INFO Fast block at Node 10 for Epoch sidAFAST0 and Slot 6 has delay and TXs: 0.5341799259185791, 10000 
2024-07-22 15:48:18,579 hsfastpath_3.py [line:264] one_slot INFO Leaving slot 8 
2024-07-22 15:48:18,579 hsfastpath_3.py [line:213] one_slot INFO Entering slot 9 
2024-07-22 15:48:18,764 hsfastpath_3.py [line:253] one_slot INFO Fast block at Node 10 for Epoch sidAFAST0 and Slot 7 has delay and TXs: 0.5539515018463135, 10000 
2024-07-22 15:48:18,796 hsfastpath_3.py [line:264] one_slot INFO Leaving slot 9 
2024-07-22 15:48:18,796 hsfastpath_3.py [line:213] one_slot INFO Entering slot 10 
2024-07-22 15:48:18,980 hsfastpath_3.py [line:253] one_slot INFO Fast block at Node 10 for Epoch sidAFAST0 and Slot 8 has delay and TXs: 0.5691401958465576, 10000 
2024-07-22 15:48:18,993 hsfastpath_3.py [line:264] one_slot INFO Leaving slot 10 
2024-07-22 15:48:18,994 hsfastpath_3.py [line:213] one_slot INFO Entering slot 11 
2024-07-22 15:48:19,221 hsfastpath_3.py [line:253] one_slot INFO Fast block at Node 10 for Epoch sidAFAST0 and Slot 9 has delay and TXs: 0.5992939472198486, 10000 
2024-07-22 15:48:19,238 hsfastpath_3.py [line:264] one_slot INFO Leaving slot 11 
2024-07-22 15:48:19,239 hsfastpath_3.py [line:213] one_slot INFO Entering slot 12 
2024-07-22 15:48:19,449 hsfastpath_3.py [line:253] one_slot INFO Fast block at Node 10 for Epoch sidAFAST0 and Slot 10 has delay and TXs: 0.6112520694732666, 10000 
2024-07-22 15:48:19,463 hsfastpath_3.py [line:264] one_slot INFO Leaving slot 12 
2024-07-22 15:48:19,463 hsfastpath_3.py [line:213] one_slot INFO Entering slot 13 
2024-07-22 15:48:19,640 hsfastpath_3.py [line:253] one_slot INFO Fast block at Node 10 for Epoch sidAFAST0 and Slot 11 has delay and TXs: 0.560753345489502, 10000 
2024-07-22 15:48:19,653 hsfastpath_3.py [line:264] one_slot INFO Leaving slot 13 
2024-07-22 15:48:19,653 hsfastpath_3.py [line:213] one_slot INFO Entering slot 14 
2024-07-22 15:48:19,824 hsfastpath_3.py [line:253] one_slot INFO Fast block at Node 10 for Epoch sidAFAST0 and Slot 12 has delay and TXs: 0.5278849601745605, 10000 
2024-07-22 15:48:19,856 hsfastpath_3.py [line:264] one_slot INFO Leaving slot 14 
2024-07-22 15:48:19,856 hsfastpath_3.py [line:213] one_slot INFO Entering slot 15 
2024-07-22 15:48:20,020 hsfastpath_3.py [line:253] one_slot INFO Fast block at Node 10 for Epoch sidAFAST0 and Slot 13 has delay and TXs: 0.5384135246276855, 10000 
2024-07-22 15:48:20,047 hsfastpath_3.py [line:264] one_slot INFO Leaving slot 15 
2024-07-22 15:48:20,049 hsfastpath_3.py [line:213] one_slot INFO Entering slot 16 
2024-07-22 15:48:20,108 hsfastpath_3.py [line:253] one_slot INFO Fast block at Node 10 for Epoch sidAFAST0 and Slot 14 has delay and TXs: 0.42439818382263184, 10000 
2024-07-22 15:48:20,109 hsfastpath_3.py [line:264] one_slot INFO Leaving slot 16 
2024-07-22 15:48:20,109 hsfastpath_3.py [line:213] one_slot INFO Entering slot 17 
2024-07-22 15:48:20,190 hsfastpath_3.py [line:253] one_slot INFO Fast block at Node 10 for Epoch sidAFAST0 and Slot 15 has delay and TXs: 0.27712130546569824, 10000 
2024-07-22 15:48:20,190 hsfastpath_3.py [line:264] one_slot INFO Leaving slot 17 
2024-07-22 15:48:20,190 hsfastpath_3.py [line:327] hsfastpath INFO Leaves fastpath at 18 slot 
2024-07-22 15:48:20,192 bdt.py [line:413] wait_for_fastpath INFO Fastpath of epoch 0 completed 
2024-07-22 15:48:20,249 bdt.py [line:419] wait_for_vc_msg INFO VC messages of epoch 0 collected 
