2024-07-19 16:50:44,924 sufp_node.py [line:79] run INFO node 8's starts to run consensus on process id 8318 
2024-07-19 16:50:44,924 sufp_node.py [line:80] run INFO parameters: N=16, f=5, S=15, T=5, fast-batch=10000, acs-batch=62, K=1, O=0 
2024-07-19 16:50:44,924 sufp_node.py [line:62] prepare_bootstrap INFO node id 8 is inserting dummy payload TXs 
2024-07-19 16:50:44,925 sufp_node.py [line:70] prepare_bootstrap INFO node id 8 just inserts 50000 TXs 
2024-07-19 16:50:44,925 sufp_node.py [line:70] prepare_bootstrap INFO node id 8 just inserts 50000 TXs 
2024-07-19 16:50:44,925 sufp_node.py [line:74] prepare_bootstrap INFO node id 8 completed the loading of dummy TXs 
2024-07-19 16:50:44,925 Superfast.py [line:178] run_bft INFO Node 8 starts to run at time:1721379044.925496 
2024-07-19 16:50:44,925 Superfast.py [line:231] _run_epoch INFO Node enters epoch 0 
2024-07-19 16:50:44,926 superfastpath.py [line:43] sufastpath INFO Entering fast path 
2024-07-19 16:50:44,926 superfastpath.py [line:229] one_slot INFO Entering slot 1 
2024-07-19 16:50:44,951 superfastpath.py [line:255] one_slot INFO pending block 1 in 0.024780 
2024-07-19 16:50:44,964 superfastpath.py [line:280] one_slot INFO read pending block 1 in 0.037504 
2024-07-19 16:50:44,964 superfastpath.py [line:309] one_slot INFO Leaving slot 1 
2024-07-19 16:50:44,964 superfastpath.py [line:229] one_slot INFO Entering slot 2 
2024-07-19 16:50:49,964 superfastpath.py [line:367] sufastpath INFO Fastpath Timeout! 
2024-07-19 16:50:49,964 superfastpath.py [line:374] sufastpath INFO Leaves fastpath at 2 slot 
2024-07-19 16:50:49,965 Superfast.py [line:308] wait_for_fastpath INFO Fastpath of epoch 0 completed 
2024-07-19 16:52:40,929 sufp_node.py [line:79] run INFO node 8's starts to run consensus on process id 8589 
2024-07-19 16:52:40,929 sufp_node.py [line:80] run INFO parameters: N=16, f=5, S=15, T=5, fast-batch=10000, acs-batch=62, K=1, O=0 
2024-07-19 16:52:40,930 sufp_node.py [line:62] prepare_bootstrap INFO node id 8 is inserting dummy payload TXs 
2024-07-19 16:52:40,931 sufp_node.py [line:70] prepare_bootstrap INFO node id 8 just inserts 50000 TXs 
2024-07-19 16:52:40,931 sufp_node.py [line:70] prepare_bootstrap INFO node id 8 just inserts 50000 TXs 
2024-07-19 16:52:40,931 sufp_node.py [line:74] prepare_bootstrap INFO node id 8 completed the loading of dummy TXs 
2024-07-19 16:52:40,932 Superfast.py [line:178] run_bft INFO Node 8 starts to run at time:1721379160.9319718 
2024-07-19 16:52:40,932 Superfast.py [line:231] _run_epoch INFO Node enters epoch 0 
2024-07-19 16:52:40,933 superfastpath.py [line:43] sufastpath INFO Entering fast path 
2024-07-19 16:52:40,934 superfastpath.py [line:223] one_slot INFO Entering slot 1 
2024-07-19 16:52:41,787 superfastpath.py [line:248] one_slot INFO pending block 1 in 0.853225 
2024-07-19 16:52:41,819 superfastpath.py [line:273] one_slot INFO read pending block 1 in 0.883904 
2024-07-19 16:52:41,820 superfastpath.py [line:301] one_slot INFO Leaving slot 1 
2024-07-19 16:52:41,820 superfastpath.py [line:223] one_slot INFO Entering slot 2 
2024-07-19 16:52:42,062 superfastpath.py [line:248] one_slot INFO pending block 2 in 0.241591 
2024-07-19 16:52:42,095 superfastpath.py [line:273] one_slot INFO read pending block 2 in 0.275110 
2024-07-19 16:52:42,095 superfastpath.py [line:301] one_slot INFO Leaving slot 2 
2024-07-19 16:52:42,095 superfastpath.py [line:223] one_slot INFO Entering slot 3 
2024-07-19 16:52:42,360 superfastpath.py [line:248] one_slot INFO pending block 3 in 0.264729 
2024-07-19 16:52:42,389 superfastpath.py [line:273] one_slot INFO read pending block 3 in 0.293053 
2024-07-19 16:52:42,389 superfastpath.py [line:301] one_slot INFO Leaving slot 3 
2024-07-19 16:52:42,389 superfastpath.py [line:223] one_slot INFO Entering slot 4 
2024-07-19 16:52:42,612 superfastpath.py [line:248] one_slot INFO pending block 4 in 0.222123 
2024-07-19 16:52:42,627 superfastpath.py [line:273] one_slot INFO read pending block 4 in 0.236518 
2024-07-19 16:52:42,627 superfastpath.py [line:301] one_slot INFO Leaving slot 4 
2024-07-19 16:52:42,627 superfastpath.py [line:223] one_slot INFO Entering slot 5 
2024-07-19 16:52:42,956 superfastpath.py [line:248] one_slot INFO pending block 5 in 0.328523 
2024-07-19 16:52:42,971 superfastpath.py [line:273] one_slot INFO read pending block 5 in 0.343451 
2024-07-19 16:52:42,971 superfastpath.py [line:301] one_slot INFO Leaving slot 5 
2024-07-19 16:52:42,971 superfastpath.py [line:223] one_slot INFO Entering slot 6 
2024-07-19 16:52:43,228 superfastpath.py [line:248] one_slot INFO pending block 6 in 0.256447 
2024-07-19 16:52:43,240 superfastpath.py [line:273] one_slot INFO read pending block 6 in 0.268184 
2024-07-19 16:52:43,240 superfastpath.py [line:301] one_slot INFO Leaving slot 6 
2024-07-19 16:52:43,240 superfastpath.py [line:223] one_slot INFO Entering slot 7 
2024-07-19 16:52:43,497 superfastpath.py [line:248] one_slot INFO pending block 7 in 0.256947 
2024-07-19 16:52:43,523 superfastpath.py [line:273] one_slot INFO read pending block 7 in 0.283332 
2024-07-19 16:52:43,524 superfastpath.py [line:301] one_slot INFO Leaving slot 7 
2024-07-19 16:52:43,524 superfastpath.py [line:223] one_slot INFO Entering slot 8 
2024-07-19 16:52:43,797 superfastpath.py [line:248] one_slot INFO pending block 8 in 0.273260 
2024-07-19 16:52:43,821 superfastpath.py [line:273] one_slot INFO read pending block 8 in 0.297267 
2024-07-19 16:52:43,821 superfastpath.py [line:301] one_slot INFO Leaving slot 8 
2024-07-19 16:52:43,821 superfastpath.py [line:223] one_slot INFO Entering slot 9 
2024-07-19 16:52:44,078 superfastpath.py [line:248] one_slot INFO pending block 9 in 0.256835 
2024-07-19 16:52:44,114 superfastpath.py [line:273] one_slot INFO read pending block 9 in 0.292730 
2024-07-19 16:52:44,130 superfastpath.py [line:290] one_slot INFO Fast block at Node 8 for Epoch sidAFAST0 and Slot 8 has delay, TPS and TXs: 0.5906505584716797, 10000 
2024-07-19 16:52:44,131 superfastpath.py [line:292] one_slot INFO AVG TPS: 16474, running time 0.607000, weighted delay: 0.590651 
2024-07-19 16:52:44,131 superfastpath.py [line:297] one_slot INFO output block for slot 8 taking 0.606953 sec 
2024-07-19 16:52:44,131 superfastpath.py [line:301] one_slot INFO Leaving slot 9 
2024-07-19 16:52:44,131 superfastpath.py [line:223] one_slot INFO Entering slot 10 
2024-07-19 16:52:44,352 superfastpath.py [line:248] one_slot INFO pending block 10 in 0.221242 
2024-07-19 16:52:44,374 superfastpath.py [line:273] one_slot INFO read pending block 10 in 0.242778 
2024-07-19 16:52:44,413 superfastpath.py [line:290] one_slot INFO Fast block at Node 8 for Epoch sidAFAST0 and Slot 9 has delay, TPS and TXs: 0.5524206161499023, 20000 
2024-07-19 16:52:44,413 superfastpath.py [line:292] one_slot INFO AVG TPS: 22496, running time 0.889034, weighted delay: 0.571536 
2024-07-19 16:52:44,413 superfastpath.py [line:297] one_slot INFO output block for slot 9 taking 0.591573 sec 
2024-07-19 16:52:44,413 superfastpath.py [line:301] one_slot INFO Leaving slot 10 
2024-07-19 16:52:44,413 superfastpath.py [line:223] one_slot INFO Entering slot 11 
2024-07-19 16:52:44,645 superfastpath.py [line:248] one_slot INFO pending block 11 in 0.231619 
2024-07-19 16:52:44,692 superfastpath.py [line:273] one_slot INFO read pending block 11 in 0.278993 
2024-07-19 16:52:44,717 superfastpath.py [line:290] one_slot INFO Fast block at Node 8 for Epoch sidAFAST0 and Slot 10 has delay, TPS and TXs: 0.5614774227142334, 30000 
2024-07-19 16:52:44,718 superfastpath.py [line:292] one_slot INFO AVG TPS: 25128, running time 1.193869, weighted delay: 0.568183 
2024-07-19 16:52:44,718 superfastpath.py [line:297] one_slot INFO output block for slot 10 taking 0.586657 sec 
2024-07-19 16:52:44,718 superfastpath.py [line:301] one_slot INFO Leaving slot 11 
2024-07-19 16:52:44,718 superfastpath.py [line:223] one_slot INFO Entering slot 12 
2024-07-19 16:52:44,964 superfastpath.py [line:248] one_slot INFO pending block 12 in 0.246126 
2024-07-19 16:52:45,006 superfastpath.py [line:273] one_slot INFO read pending block 12 in 0.288572 
2024-07-19 16:52:45,038 superfastpath.py [line:290] one_slot INFO Fast block at Node 8 for Epoch sidAFAST0 and Slot 11 has delay, TPS and TXs: 0.5933520793914795, 40000 
2024-07-19 16:52:45,038 superfastpath.py [line:292] one_slot INFO AVG TPS: 26415, running time 1.514276, weighted delay: 0.574475 
2024-07-19 16:52:45,038 superfastpath.py [line:297] one_slot INFO output block for slot 11 taking 0.624739 sec 
2024-07-19 16:52:45,038 superfastpath.py [line:301] one_slot INFO Leaving slot 12 
2024-07-19 16:52:45,038 superfastpath.py [line:223] one_slot INFO Entering slot 13 
2024-07-19 16:52:45,259 superfastpath.py [line:248] one_slot INFO pending block 13 in 0.221216 
2024-07-19 16:52:45,304 superfastpath.py [line:273] one_slot INFO read pending block 13 in 0.265549 
2024-07-19 16:52:45,360 superfastpath.py [line:290] one_slot INFO Fast block at Node 8 for Epoch sidAFAST0 and Slot 12 has delay, TPS and TXs: 0.586045503616333, 50000 
2024-07-19 16:52:45,360 superfastpath.py [line:292] one_slot INFO AVG TPS: 27227, running time 1.836381, weighted delay: 0.576789 
2024-07-19 16:52:45,360 superfastpath.py [line:297] one_slot INFO output block for slot 12 taking 0.642549 sec 
2024-07-19 16:52:45,360 superfastpath.py [line:301] one_slot INFO Leaving slot 13 
2024-07-19 16:52:45,361 superfastpath.py [line:223] one_slot INFO Entering slot 14 
2024-07-19 16:52:45,573 superfastpath.py [line:248] one_slot INFO pending block 14 in 0.212175 
2024-07-19 16:52:45,598 superfastpath.py [line:273] one_slot INFO read pending block 14 in 0.236991 
2024-07-19 16:52:45,621 superfastpath.py [line:290] one_slot INFO Fast block at Node 8 for Epoch sidAFAST0 and Slot 13 has delay, TPS and TXs: 0.5602242946624756, 60000 
2024-07-19 16:52:45,621 superfastpath.py [line:292] one_slot INFO AVG TPS: 28605, running time 2.097513, weighted delay: 0.574028 
2024-07-19 16:52:45,622 superfastpath.py [line:297] one_slot INFO output block for slot 13 taking 0.583366 sec 
2024-07-19 16:52:45,622 superfastpath.py [line:301] one_slot INFO Leaving slot 14 
2024-07-19 16:52:45,622 superfastpath.py [line:223] one_slot INFO Entering slot 15 
2024-07-19 16:52:45,846 superfastpath.py [line:248] one_slot INFO pending block 15 in 0.224180 
2024-07-19 16:52:45,879 superfastpath.py [line:273] one_slot INFO read pending block 15 in 0.257409 
2024-07-19 16:52:45,937 superfastpath.py [line:290] one_slot INFO Fast block at Node 8 for Epoch sidAFAST0 and Slot 14 has delay, TPS and TXs: 0.5188319683074951, 70000 
2024-07-19 16:52:45,937 superfastpath.py [line:292] one_slot INFO AVG TPS: 29000, running time 2.413765, weighted delay: 0.566143 
2024-07-19 16:52:45,937 superfastpath.py [line:297] one_slot INFO output block for slot 14 taking 0.576848 sec 
2024-07-19 16:52:45,938 superfastpath.py [line:301] one_slot INFO Leaving slot 15 
2024-07-19 16:52:45,938 superfastpath.py [line:223] one_slot INFO Entering slot 16 
2024-07-19 16:52:45,944 superfastpath.py [line:248] one_slot INFO pending block 16 in 0.005254 
2024-07-19 16:52:45,947 superfastpath.py [line:273] one_slot INFO read pending block 16 in 0.007958 
2024-07-19 16:52:45,981 superfastpath.py [line:290] one_slot INFO Fast block at Node 8 for Epoch sidAFAST0 and Slot 15 has delay, TPS and TXs: 0.32535719871520996, 80000 
2024-07-19 16:52:45,981 superfastpath.py [line:292] one_slot INFO AVG TPS: 32549, running time 2.457819, weighted delay: 0.536045 
2024-07-19 16:52:45,984 superfastpath.py [line:297] one_slot INFO output block for slot 15 taking 0.361934 sec 
2024-07-19 16:52:45,984 superfastpath.py [line:301] one_slot INFO Leaving slot 16 
2024-07-19 16:52:45,984 superfastpath.py [line:366] sufastpath INFO Leaves fastpath at 17 slot 
2024-07-19 16:52:45,984 Superfast.py [line:308] wait_for_fastpath INFO Fastpath of epoch 0 completed 
2024-07-19 16:52:45,985 Superfast.py [line:337] _run_epoch INFO Fastpath tps: 32515 
2024-07-19 16:52:50,988 Superfast.py [line:208] run_bft INFO node 8 breaks in 10.056406 seconds in epoch 0 with total delivered Txs 0 and average delay 0.000000 
2024-07-19 16:54:35,234 sufp_node.py [line:79] run INFO node 8's starts to run consensus on process id 8853 
2024-07-19 16:54:35,234 sufp_node.py [line:80] run INFO parameters: N=16, f=5, S=15, T=5, fast-batch=10000, acs-batch=62, K=1, O=0 
2024-07-19 16:54:35,234 sufp_node.py [line:62] prepare_bootstrap INFO node id 8 is inserting dummy payload TXs 
2024-07-19 16:54:35,234 sufp_node.py [line:70] prepare_bootstrap INFO node id 8 just inserts 50000 TXs 
2024-07-19 16:54:35,234 sufp_node.py [line:70] prepare_bootstrap INFO node id 8 just inserts 50000 TXs 
2024-07-19 16:54:35,235 sufp_node.py [line:74] prepare_bootstrap INFO node id 8 completed the loading of dummy TXs 
2024-07-19 16:54:35,235 Superfast.py [line:178] run_bft INFO Node 8 starts to run at time:1721379275.2351503 
2024-07-19 16:54:35,235 Superfast.py [line:231] _run_epoch INFO Node enters epoch 0 
2024-07-19 16:54:35,236 superfastpath.py [line:43] sufastpath INFO Entering fast path 
2024-07-19 16:54:35,236 superfastpath.py [line:223] one_slot INFO Entering slot 1 
2024-07-19 16:54:35,373 superfastpath.py [line:248] one_slot INFO pending block 1 in 0.137191 
2024-07-19 16:54:35,373 superfastpath.py [line:257] one_slot INFO 2pending block 1 in 0.137412 
2024-07-19 16:54:35,405 superfastpath.py [line:274] one_slot INFO read pending block 1 in 0.168863 
2024-07-19 16:54:35,405 superfastpath.py [line:303] one_slot INFO Leaving slot 1 
2024-07-19 16:54:35,405 superfastpath.py [line:223] one_slot INFO Entering slot 2 
2024-07-19 16:54:36,054 superfastpath.py [line:248] one_slot INFO pending block 2 in 0.648558 
2024-07-19 16:54:36,054 superfastpath.py [line:257] one_slot INFO 2pending block 2 in 0.648934 
2024-07-19 16:54:36,091 superfastpath.py [line:274] one_slot INFO read pending block 2 in 0.685472 
2024-07-19 16:54:36,091 superfastpath.py [line:303] one_slot INFO Leaving slot 2 
2024-07-19 16:54:36,091 superfastpath.py [line:223] one_slot INFO Entering slot 3 
2024-07-19 16:54:36,348 superfastpath.py [line:248] one_slot INFO pending block 3 in 0.257000 
2024-07-19 16:54:36,364 superfastpath.py [line:257] one_slot INFO 2pending block 3 in 0.272876 
2024-07-19 16:54:36,403 superfastpath.py [line:274] one_slot INFO read pending block 3 in 0.312252 
2024-07-19 16:54:36,403 superfastpath.py [line:303] one_slot INFO Leaving slot 3 
2024-07-19 16:54:36,404 superfastpath.py [line:223] one_slot INFO Entering slot 4 
2024-07-19 16:54:36,623 superfastpath.py [line:248] one_slot INFO pending block 4 in 0.219100 
2024-07-19 16:54:36,625 superfastpath.py [line:257] one_slot INFO 2pending block 4 in 0.221059 
2024-07-19 16:54:36,653 superfastpath.py [line:274] one_slot INFO read pending block 4 in 0.249457 
2024-07-19 16:54:36,654 superfastpath.py [line:303] one_slot INFO Leaving slot 4 
2024-07-19 16:54:36,654 superfastpath.py [line:223] one_slot INFO Entering slot 5 
2024-07-19 16:54:36,972 superfastpath.py [line:248] one_slot INFO pending block 5 in 0.318359 
2024-07-19 16:54:36,972 superfastpath.py [line:257] one_slot INFO 2pending block 5 in 0.318571 
2024-07-19 16:54:36,984 superfastpath.py [line:274] one_slot INFO read pending block 5 in 0.330176 
2024-07-19 16:54:36,984 superfastpath.py [line:303] one_slot INFO Leaving slot 5 
2024-07-19 16:54:36,984 superfastpath.py [line:223] one_slot INFO Entering slot 6 
2024-07-19 16:54:37,270 superfastpath.py [line:248] one_slot INFO pending block 6 in 0.285349 
2024-07-19 16:54:37,270 superfastpath.py [line:257] one_slot INFO 2pending block 6 in 0.285614 
2024-07-19 16:54:37,283 superfastpath.py [line:274] one_slot INFO read pending block 6 in 0.298122 
2024-07-19 16:54:37,283 superfastpath.py [line:303] one_slot INFO Leaving slot 6 
2024-07-19 16:54:37,283 superfastpath.py [line:223] one_slot INFO Entering slot 7 
2024-07-19 16:54:37,447 superfastpath.py [line:248] one_slot INFO pending block 7 in 0.162956 
2024-07-19 16:54:37,447 superfastpath.py [line:257] one_slot INFO 2pending block 7 in 0.163360 
2024-07-19 16:54:37,464 superfastpath.py [line:274] one_slot INFO read pending block 7 in 0.180487 
2024-07-19 16:54:37,464 superfastpath.py [line:303] one_slot INFO Leaving slot 7 
2024-07-19 16:54:37,465 superfastpath.py [line:223] one_slot INFO Entering slot 8 
2024-07-19 16:54:37,797 superfastpath.py [line:248] one_slot INFO pending block 8 in 0.331878 
2024-07-19 16:54:37,798 superfastpath.py [line:257] one_slot INFO 2pending block 8 in 0.332942 
2024-07-19 16:54:37,829 superfastpath.py [line:274] one_slot INFO read pending block 8 in 0.364207 
2024-07-19 16:54:37,829 superfastpath.py [line:303] one_slot INFO Leaving slot 8 
2024-07-19 16:54:37,829 superfastpath.py [line:223] one_slot INFO Entering slot 9 
2024-07-19 16:54:38,053 superfastpath.py [line:248] one_slot INFO pending block 9 in 0.224205 
2024-07-19 16:54:38,054 superfastpath.py [line:257] one_slot INFO 2pending block 9 in 0.224449 
2024-07-19 16:54:38,083 superfastpath.py [line:274] one_slot INFO read pending block 9 in 0.253352 
2024-07-19 16:54:38,083 superfastpath.py [line:285] one_slot INFO delay block 8 in 0.618087 
2024-07-19 16:54:38,112 superfastpath.py [line:292] one_slot INFO Fast block at Node 8 for Epoch sidAFAST0 and Slot 8 has delay, TPS and TXs: 0.6180868148803711, 10000 
2024-07-19 16:54:38,112 superfastpath.py [line:294] one_slot INFO AVG TPS: 15434, running time 0.647912, weighted delay: 0.618087 
2024-07-19 16:54:38,113 superfastpath.py [line:299] one_slot INFO output block for slot 8 taking 0.647848 sec 
2024-07-19 16:54:38,113 superfastpath.py [line:303] one_slot INFO Leaving slot 9 
2024-07-19 16:54:38,113 superfastpath.py [line:223] one_slot INFO Entering slot 10 
2024-07-19 16:54:38,290 superfastpath.py [line:248] one_slot INFO pending block 10 in 0.177289 
2024-07-19 16:54:38,290 superfastpath.py [line:257] one_slot INFO 2pending block 10 in 0.177608 
2024-07-19 16:54:38,323 superfastpath.py [line:274] one_slot INFO read pending block 10 in 0.210346 
2024-07-19 16:54:38,323 superfastpath.py [line:285] one_slot INFO delay block 9 in 0.493955 
2024-07-19 16:54:38,361 superfastpath.py [line:292] one_slot INFO Fast block at Node 8 for Epoch sidAFAST0 and Slot 9 has delay, TPS and TXs: 0.4939548969268799, 20000 
2024-07-19 16:54:38,362 superfastpath.py [line:294] one_slot INFO AVG TPS: 22293, running time 0.897132, weighted delay: 0.556021 
2024-07-19 16:54:38,362 superfastpath.py [line:299] one_slot INFO output block for slot 9 taking 0.532655 sec 
2024-07-19 16:54:38,362 superfastpath.py [line:303] one_slot INFO Leaving slot 10 
2024-07-19 16:54:38,362 superfastpath.py [line:223] one_slot INFO Entering slot 11 
2024-07-19 16:54:38,586 superfastpath.py [line:248] one_slot INFO pending block 11 in 0.223806 
2024-07-19 16:54:38,588 superfastpath.py [line:257] one_slot INFO 2pending block 11 in 0.225564 
2024-07-19 16:54:38,624 superfastpath.py [line:274] one_slot INFO read pending block 11 in 0.261540 
2024-07-19 16:54:38,624 superfastpath.py [line:285] one_slot INFO delay block 10 in 0.511258 
2024-07-19 16:54:38,645 superfastpath.py [line:292] one_slot INFO Fast block at Node 8 for Epoch sidAFAST0 and Slot 10 has delay, TPS and TXs: 0.5112581253051758, 30000 
2024-07-19 16:54:38,645 superfastpath.py [line:294] one_slot INFO AVG TPS: 25417, running time 1.180268, weighted delay: 0.541100 
2024-07-19 16:54:38,645 superfastpath.py [line:299] one_slot INFO output block for slot 10 taking 0.532161 sec 
2024-07-19 16:54:38,645 superfastpath.py [line:303] one_slot INFO Leaving slot 11 
2024-07-19 16:54:38,645 superfastpath.py [line:223] one_slot INFO Entering slot 12 
2024-07-19 16:54:38,900 superfastpath.py [line:248] one_slot INFO pending block 12 in 0.255231 
2024-07-19 16:54:38,902 superfastpath.py [line:257] one_slot INFO 2pending block 12 in 0.256751 
2024-07-19 16:54:38,930 superfastpath.py [line:274] one_slot INFO read pending block 12 in 0.284900 
2024-07-19 16:54:38,930 superfastpath.py [line:285] one_slot INFO delay block 11 in 0.567844 
2024-07-19 16:54:38,962 superfastpath.py [line:292] one_slot INFO Fast block at Node 8 for Epoch sidAFAST0 and Slot 11 has delay, TPS and TXs: 0.5678436756134033, 40000 
2024-07-19 16:54:38,962 superfastpath.py [line:294] one_slot INFO AVG TPS: 26711, running time 1.497470, weighted delay: 0.547786 
2024-07-19 16:54:38,962 superfastpath.py [line:299] one_slot INFO output block for slot 11 taking 0.600103 sec 
2024-07-19 16:54:38,962 superfastpath.py [line:303] one_slot INFO Leaving slot 12 
2024-07-19 16:54:38,963 superfastpath.py [line:223] one_slot INFO Entering slot 13 
2024-07-19 16:54:39,195 superfastpath.py [line:248] one_slot INFO pending block 13 in 0.232118 
2024-07-19 16:54:39,195 superfastpath.py [line:257] one_slot INFO 2pending block 13 in 0.232648 
2024-07-19 16:54:39,235 superfastpath.py [line:274] one_slot INFO read pending block 13 in 0.272693 
2024-07-19 16:54:39,236 superfastpath.py [line:285] one_slot INFO delay block 12 in 0.590503 
2024-07-19 16:54:39,279 superfastpath.py [line:292] one_slot INFO Fast block at Node 8 for Epoch sidAFAST0 and Slot 12 has delay, TPS and TXs: 0.5905032157897949, 50000 
2024-07-19 16:54:39,279 superfastpath.py [line:294] one_slot INFO AVG TPS: 27556, running time 1.814440, weighted delay: 0.556329 
2024-07-19 16:54:39,279 superfastpath.py [line:299] one_slot INFO output block for slot 12 taking 0.633971 sec 
2024-07-19 16:54:39,279 superfastpath.py [line:303] one_slot INFO Leaving slot 13 
2024-07-19 16:54:39,280 superfastpath.py [line:223] one_slot INFO Entering slot 14 
2024-07-19 16:54:39,486 superfastpath.py [line:248] one_slot INFO pending block 14 in 0.205728 
2024-07-19 16:54:39,498 superfastpath.py [line:257] one_slot INFO 2pending block 14 in 0.217470 
2024-07-19 16:54:39,510 superfastpath.py [line:274] one_slot INFO read pending block 14 in 0.229376 
2024-07-19 16:54:39,510 superfastpath.py [line:285] one_slot INFO delay block 13 in 0.547143 
2024-07-19 16:54:39,528 superfastpath.py [line:292] one_slot INFO Fast block at Node 8 for Epoch sidAFAST0 and Slot 13 has delay, TPS and TXs: 0.5471432209014893, 60000 
2024-07-19 16:54:39,528 superfastpath.py [line:294] one_slot INFO AVG TPS: 29072, running time 2.063837, weighted delay: 0.554798 
2024-07-19 16:54:39,528 superfastpath.py [line:299] one_slot INFO output block for slot 13 taking 0.565862 sec 
2024-07-19 16:54:39,528 superfastpath.py [line:303] one_slot INFO Leaving slot 14 
2024-07-19 16:54:39,529 superfastpath.py [line:223] one_slot INFO Entering slot 15 
2024-07-19 16:54:39,736 superfastpath.py [line:248] one_slot INFO pending block 15 in 0.207427 
2024-07-19 16:54:39,741 superfastpath.py [line:257] one_slot INFO 2pending block 15 in 0.212728 
2024-07-19 16:54:39,768 superfastpath.py [line:274] one_slot INFO read pending block 15 in 0.239218 
2024-07-19 16:54:39,768 superfastpath.py [line:285] one_slot INFO delay block 14 in 0.487892 
2024-07-19 16:54:39,781 superfastpath.py [line:292] one_slot INFO Fast block at Node 8 for Epoch sidAFAST0 and Slot 14 has delay, TPS and TXs: 0.48789238929748535, 70000 
2024-07-19 16:54:39,781 superfastpath.py [line:294] one_slot INFO AVG TPS: 30217, running time 2.316505, weighted delay: 0.545240 
2024-07-19 16:54:39,781 superfastpath.py [line:299] one_slot INFO output block for slot 14 taking 0.501294 sec 
2024-07-19 16:54:39,781 superfastpath.py [line:303] one_slot INFO Leaving slot 15 
2024-07-19 16:54:39,791 superfastpath.py [line:223] one_slot INFO Entering slot 16 
2024-07-19 16:54:39,830 superfastpath.py [line:248] one_slot INFO pending block 16 in 0.038308 
2024-07-19 16:54:39,831 superfastpath.py [line:257] one_slot INFO 2pending block 16 in 0.039559 
2024-07-19 16:54:39,831 superfastpath.py [line:274] one_slot INFO read pending block 16 in 0.039711 
2024-07-19 16:54:39,831 superfastpath.py [line:285] one_slot INFO delay block 15 in 0.302704 
2024-07-19 16:54:39,872 superfastpath.py [line:292] one_slot INFO Fast block at Node 8 for Epoch sidAFAST0 and Slot 15 has delay, TPS and TXs: 0.3027040958404541, 80000 
2024-07-19 16:54:39,873 superfastpath.py [line:294] one_slot INFO AVG TPS: 33222, running time 2.408030, weighted delay: 0.514923 
2024-07-19 16:54:39,873 superfastpath.py [line:299] one_slot INFO output block for slot 15 taking 0.343970 sec 
2024-07-19 16:54:39,873 superfastpath.py [line:303] one_slot INFO Leaving slot 16 
2024-07-19 16:54:39,873 superfastpath.py [line:368] sufastpath INFO Leaves fastpath at 17 slot 
2024-07-19 16:54:39,874 Superfast.py [line:308] wait_for_fastpath INFO Fastpath of epoch 0 completed 
2024-07-19 16:54:39,876 Superfast.py [line:337] _run_epoch INFO Fastpath tps: 33217 
2024-07-19 16:57:20,207 sufp_node.py [line:79] run INFO node 8's starts to run consensus on process id 9150 
2024-07-19 16:57:20,208 sufp_node.py [line:80] run INFO parameters: N=16, f=5, S=15, T=5, fast-batch=10000, acs-batch=62, K=1, O=0 
2024-07-19 16:57:20,208 sufp_node.py [line:62] prepare_bootstrap INFO node id 8 is inserting dummy payload TXs 
2024-07-19 16:57:20,208 sufp_node.py [line:70] prepare_bootstrap INFO node id 8 just inserts 50000 TXs 
2024-07-19 16:57:20,208 sufp_node.py [line:70] prepare_bootstrap INFO node id 8 just inserts 50000 TXs 
2024-07-19 16:57:20,208 sufp_node.py [line:74] prepare_bootstrap INFO node id 8 completed the loading of dummy TXs 
2024-07-19 16:57:20,208 Superfast.py [line:178] run_bft INFO Node 8 starts to run at time:1721379440.2086844 
2024-07-19 16:57:20,208 Superfast.py [line:231] _run_epoch INFO Node enters epoch 0 
2024-07-19 16:57:20,209 superfastpath.py [line:43] sufastpath INFO Entering fast path 
2024-07-19 16:57:20,209 superfastpath.py [line:223] one_slot INFO Entering slot 1 
2024-07-19 16:57:20,483 superfastpath.py [line:248] one_slot INFO pending block 1 in 0.271677 
2024-07-19 16:57:20,484 superfastpath.py [line:257] one_slot INFO 2pending block 1 in 0.275079 
2024-07-19 16:57:20,512 superfastpath.py [line:275] one_slot INFO read pending block 1 in 0.303124 
2024-07-19 16:57:20,512 superfastpath.py [line:306] one_slot INFO Leaving slot 1 
2024-07-19 16:57:20,513 superfastpath.py [line:223] one_slot INFO Entering slot 2 
2024-07-19 16:57:20,863 superfastpath.py [line:248] one_slot INFO pending block 2 in 0.350386 
2024-07-19 16:57:20,865 superfastpath.py [line:257] one_slot INFO 2pending block 2 in 0.352294 
2024-07-19 16:57:20,885 superfastpath.py [line:275] one_slot INFO read pending block 2 in 0.372398 
2024-07-19 16:57:20,885 superfastpath.py [line:306] one_slot INFO Leaving slot 2 
2024-07-19 16:57:20,885 superfastpath.py [line:223] one_slot INFO Entering slot 3 
2024-07-19 16:57:21,176 superfastpath.py [line:248] one_slot INFO pending block 3 in 0.290584 
2024-07-19 16:57:21,177 superfastpath.py [line:257] one_slot INFO 2pending block 3 in 0.290849 
2024-07-19 16:57:21,196 superfastpath.py [line:275] one_slot INFO read pending block 3 in 0.310542 
2024-07-19 16:57:21,198 superfastpath.py [line:306] one_slot INFO Leaving slot 3 
2024-07-19 16:57:21,199 superfastpath.py [line:223] one_slot INFO Entering slot 4 
2024-07-19 16:57:21,481 superfastpath.py [line:248] one_slot INFO pending block 4 in 0.281727 
2024-07-19 16:57:21,481 superfastpath.py [line:257] one_slot INFO 2pending block 4 in 0.282256 
2024-07-19 16:57:21,494 superfastpath.py [line:275] one_slot INFO read pending block 4 in 0.295182 
2024-07-19 16:57:21,494 superfastpath.py [line:306] one_slot INFO Leaving slot 4 
2024-07-19 16:57:21,495 superfastpath.py [line:223] one_slot INFO Entering slot 5 
2024-07-19 16:57:21,745 superfastpath.py [line:248] one_slot INFO pending block 5 in 0.250707 
2024-07-19 16:57:21,746 superfastpath.py [line:257] one_slot INFO 2pending block 5 in 0.251232 
2024-07-19 16:57:21,773 superfastpath.py [line:275] one_slot INFO read pending block 5 in 0.278187 
2024-07-19 16:57:21,773 superfastpath.py [line:306] one_slot INFO Leaving slot 5 
2024-07-19 16:57:21,773 superfastpath.py [line:223] one_slot INFO Entering slot 6 
2024-07-19 16:57:22,031 superfastpath.py [line:248] one_slot INFO pending block 6 in 0.257577 
2024-07-19 16:57:22,031 superfastpath.py [line:257] one_slot INFO 2pending block 6 in 0.258090 
2024-07-19 16:57:22,045 superfastpath.py [line:275] one_slot INFO read pending block 6 in 0.271681 
2024-07-19 16:57:22,045 superfastpath.py [line:306] one_slot INFO Leaving slot 6 
2024-07-19 16:57:22,046 superfastpath.py [line:223] one_slot INFO Entering slot 7 
2024-07-19 16:57:22,267 superfastpath.py [line:248] one_slot INFO pending block 7 in 0.220503 
2024-07-19 16:57:22,267 superfastpath.py [line:257] one_slot INFO 2pending block 7 in 0.221115 
2024-07-19 16:57:22,277 superfastpath.py [line:275] one_slot INFO read pending block 7 in 0.231113 
2024-07-19 16:57:22,278 superfastpath.py [line:306] one_slot INFO Leaving slot 7 
2024-07-19 16:57:22,278 superfastpath.py [line:223] one_slot INFO Entering slot 8 
2024-07-19 16:57:22,509 superfastpath.py [line:248] one_slot INFO pending block 8 in 0.230852 
2024-07-19 16:57:22,510 superfastpath.py [line:257] one_slot INFO 2pending block 8 in 0.231786 
2024-07-19 16:57:22,530 superfastpath.py [line:275] one_slot INFO read pending block 8 in 0.251896 
2024-07-19 16:57:22,530 superfastpath.py [line:306] one_slot INFO Leaving slot 8 
2024-07-19 16:57:22,530 superfastpath.py [line:223] one_slot INFO Entering slot 9 
2024-07-19 16:57:22,713 superfastpath.py [line:248] one_slot INFO pending block 9 in 0.182906 
2024-07-19 16:57:22,726 superfastpath.py [line:257] one_slot INFO 2pending block 9 in 0.195433 
2024-07-19 16:57:22,759 superfastpath.py [line:275] one_slot INFO read pending block 9 in 0.229074 
2024-07-19 16:57:22,759 superfastpath.py [line:284] one_slot INFO 3pending block 9 in 0.229252 
2024-07-19 16:57:22,759 superfastpath.py [line:288] one_slot INFO delay block 8 in 0.481590 
2024-07-19 16:57:22,777 superfastpath.py [line:295] one_slot INFO Fast block at Node 8 for Epoch sidAFAST0 and Slot 8 has delay, TPS and TXs: 0.48158979415893555, 10000 
2024-07-19 16:57:22,777 superfastpath.py [line:297] one_slot INFO AVG TPS: 20022, running time 0.499449, weighted delay: 0.481590 
2024-07-19 16:57:22,777 superfastpath.py [line:302] one_slot INFO output block for slot 8 taking 0.499396 sec 
2024-07-19 16:57:22,777 superfastpath.py [line:306] one_slot INFO Leaving slot 9 
2024-07-19 16:57:22,778 superfastpath.py [line:223] one_slot INFO Entering slot 10 
2024-07-19 16:57:23,035 superfastpath.py [line:248] one_slot INFO pending block 10 in 0.257204 
2024-07-19 16:57:23,039 superfastpath.py [line:257] one_slot INFO 2pending block 10 in 0.260939 
2024-07-19 16:57:23,062 superfastpath.py [line:275] one_slot INFO read pending block 10 in 0.284438 
2024-07-19 16:57:23,062 superfastpath.py [line:284] one_slot INFO 3pending block 10 in 0.284555 
2024-07-19 16:57:23,062 superfastpath.py [line:288] one_slot INFO delay block 9 in 0.532180 
2024-07-19 16:57:23,078 superfastpath.py [line:295] one_slot INFO Fast block at Node 8 for Epoch sidAFAST0 and Slot 9 has delay, TPS and TXs: 0.5321800708770752, 20000 
2024-07-19 16:57:23,078 superfastpath.py [line:297] one_slot INFO AVG TPS: 24983, running time 0.800527, weighted delay: 0.506885 
2024-07-19 16:57:23,078 superfastpath.py [line:302] one_slot INFO output block for slot 9 taking 0.548238 sec 
2024-07-19 16:57:23,078 superfastpath.py [line:306] one_slot INFO Leaving slot 10 
2024-07-19 16:57:23,078 superfastpath.py [line:223] one_slot INFO Entering slot 11 
2024-07-19 16:57:23,257 superfastpath.py [line:248] one_slot INFO pending block 11 in 0.178299 
2024-07-19 16:57:23,257 superfastpath.py [line:257] one_slot INFO 2pending block 11 in 0.178502 
2024-07-19 16:57:23,292 superfastpath.py [line:275] one_slot INFO read pending block 11 in 0.213870 
2024-07-19 16:57:23,293 superfastpath.py [line:284] one_slot INFO 3pending block 11 in 0.214030 
2024-07-19 16:57:23,293 superfastpath.py [line:288] one_slot INFO delay block 10 in 0.515013 
2024-07-19 16:57:23,313 superfastpath.py [line:295] one_slot INFO Fast block at Node 8 for Epoch sidAFAST0 and Slot 10 has delay, TPS and TXs: 0.5150125026702881, 30000 
2024-07-19 16:57:23,313 superfastpath.py [line:297] one_slot INFO AVG TPS: 28970, running time 1.035535, weighted delay: 0.509594 
2024-07-19 16:57:23,313 superfastpath.py [line:302] one_slot INFO output block for slot 10 taking 0.535652 sec 
2024-07-19 16:57:23,313 superfastpath.py [line:306] one_slot INFO Leaving slot 11 
2024-07-19 16:57:23,314 superfastpath.py [line:223] one_slot INFO Entering slot 12 
2024-07-19 16:57:23,630 superfastpath.py [line:248] one_slot INFO pending block 12 in 0.316469 
2024-07-19 16:57:23,631 superfastpath.py [line:257] one_slot INFO 2pending block 12 in 0.316866 
2024-07-19 16:57:23,651 superfastpath.py [line:275] one_slot INFO read pending block 12 in 0.336855 
2024-07-19 16:57:23,651 superfastpath.py [line:284] one_slot INFO 3pending block 12 in 0.337109 
2024-07-19 16:57:23,652 superfastpath.py [line:288] one_slot INFO delay block 11 in 0.573028 
2024-07-19 16:57:23,691 superfastpath.py [line:295] one_slot INFO Fast block at Node 8 for Epoch sidAFAST0 and Slot 11 has delay, TPS and TXs: 0.5730283260345459, 40000 
2024-07-19 16:57:23,691 superfastpath.py [line:297] one_slot INFO AVG TPS: 28298, running time 1.413494, weighted delay: 0.525453 
2024-07-19 16:57:23,692 superfastpath.py [line:302] one_slot INFO output block for slot 11 taking 0.613514 sec 
2024-07-19 16:57:23,692 superfastpath.py [line:306] one_slot INFO Leaving slot 12 
2024-07-19 16:57:23,692 superfastpath.py [line:223] one_slot INFO Entering slot 13 
2024-07-19 16:57:23,957 superfastpath.py [line:248] one_slot INFO pending block 13 in 0.264410 
2024-07-19 16:57:23,958 superfastpath.py [line:257] one_slot INFO 2pending block 13 in 0.265619 
2024-07-19 16:57:24,000 superfastpath.py [line:275] one_slot INFO read pending block 13 in 0.307370 
2024-07-19 16:57:24,001 superfastpath.py [line:284] one_slot INFO 3pending block 13 in 0.308895 
2024-07-19 16:57:24,001 superfastpath.py [line:288] one_slot INFO delay block 12 in 0.687630 
2024-07-19 16:57:24,019 superfastpath.py [line:295] one_slot INFO Fast block at Node 8 for Epoch sidAFAST0 and Slot 12 has delay, TPS and TXs: 0.6876299381256104, 50000 
2024-07-19 16:57:24,019 superfastpath.py [line:297] one_slot INFO AVG TPS: 28716, running time 1.741166, weighted delay: 0.557888 
2024-07-19 16:57:24,019 superfastpath.py [line:302] one_slot INFO output block for slot 12 taking 0.705254 sec 
2024-07-19 16:57:24,019 superfastpath.py [line:306] one_slot INFO Leaving slot 13 
2024-07-19 16:57:24,019 superfastpath.py [line:223] one_slot INFO Entering slot 14 
2024-07-19 16:57:24,213 superfastpath.py [line:248] one_slot INFO pending block 14 in 0.194009 
2024-07-19 16:57:24,213 superfastpath.py [line:257] one_slot INFO 2pending block 14 in 0.194196 
2024-07-19 16:57:24,242 superfastpath.py [line:275] one_slot INFO read pending block 14 in 0.222923 
2024-07-19 16:57:24,242 superfastpath.py [line:284] one_slot INFO 3pending block 14 in 0.223057 
2024-07-19 16:57:24,242 superfastpath.py [line:288] one_slot INFO delay block 13 in 0.549926 
2024-07-19 16:57:24,305 superfastpath.py [line:295] one_slot INFO Fast block at Node 8 for Epoch sidAFAST0 and Slot 13 has delay, TPS and TXs: 0.5499255657196045, 60000 
2024-07-19 16:57:24,305 superfastpath.py [line:297] one_slot INFO AVG TPS: 29588, running time 2.027824, weighted delay: 0.556561 
2024-07-19 16:57:24,306 superfastpath.py [line:302] one_slot INFO output block for slot 13 taking 0.613303 sec 
2024-07-19 16:57:24,306 superfastpath.py [line:306] one_slot INFO Leaving slot 14 
2024-07-19 16:57:24,306 superfastpath.py [line:223] one_slot INFO Entering slot 15 
2024-07-19 16:57:24,497 superfastpath.py [line:248] one_slot INFO pending block 15 in 0.191604 
2024-07-19 16:57:24,498 superfastpath.py [line:257] one_slot INFO 2pending block 15 in 0.192074 
2024-07-19 16:57:24,528 superfastpath.py [line:275] one_slot INFO read pending block 15 in 0.221788 
2024-07-19 16:57:24,528 superfastpath.py [line:284] one_slot INFO 3pending block 15 in 0.221917 
2024-07-19 16:57:24,528 superfastpath.py [line:288] one_slot INFO delay block 14 in 0.508713 
2024-07-19 16:57:24,563 superfastpath.py [line:295] one_slot INFO Fast block at Node 8 for Epoch sidAFAST0 and Slot 14 has delay, TPS and TXs: 0.5087130069732666, 70000 
2024-07-19 16:57:24,563 superfastpath.py [line:297] one_slot INFO AVG TPS: 30634, running time 2.285023, weighted delay: 0.549726 
2024-07-19 16:57:24,563 superfastpath.py [line:302] one_slot INFO output block for slot 14 taking 0.543943 sec 
2024-07-19 16:57:24,563 superfastpath.py [line:306] one_slot INFO Leaving slot 15 
2024-07-19 16:57:24,563 superfastpath.py [line:223] one_slot INFO Entering slot 16 
2024-07-19 16:57:24,570 superfastpath.py [line:248] one_slot INFO pending block 16 in 0.006764 
2024-07-19 16:57:24,571 superfastpath.py [line:257] one_slot INFO 2pending block 16 in 0.007771 
2024-07-19 16:57:24,571 superfastpath.py [line:275] one_slot INFO read pending block 16 in 0.007891 
2024-07-19 16:57:24,571 superfastpath.py [line:284] one_slot INFO 3pending block 16 in 0.007949 
2024-07-19 16:57:24,571 superfastpath.py [line:288] one_slot INFO delay block 15 in 0.265409 
2024-07-19 16:57:24,612 superfastpath.py [line:295] one_slot INFO Fast block at Node 8 for Epoch sidAFAST0 and Slot 15 has delay, TPS and TXs: 0.2654094696044922, 80000 
2024-07-19 16:57:24,612 superfastpath.py [line:297] one_slot INFO AVG TPS: 34266, running time 2.334610, weighted delay: 0.514186 
2024-07-19 16:57:24,612 superfastpath.py [line:302] one_slot INFO output block for slot 15 taking 0.306511 sec 
2024-07-19 16:57:24,612 superfastpath.py [line:306] one_slot INFO Leaving slot 16 
2024-07-19 16:57:24,612 superfastpath.py [line:371] sufastpath INFO Leaves fastpath at 17 slot 
2024-07-19 16:57:24,616 Superfast.py [line:308] wait_for_fastpath INFO Fastpath of epoch 0 completed 
2024-07-19 16:57:24,616 Superfast.py [line:337] _run_epoch INFO Fastpath tps: 34264 
2024-07-19 17:14:38,586 sufp_node.py [line:79] run INFO node 8's starts to run consensus on process id 9593 
2024-07-19 17:14:38,587 sufp_node.py [line:80] run INFO parameters: N=16, f=5, S=15, T=5, fast-batch=10000, acs-batch=62, K=1, O=0 
2024-07-19 17:14:38,587 sufp_node.py [line:62] prepare_bootstrap INFO node id 8 is inserting dummy payload TXs 
2024-07-19 17:14:38,588 sufp_node.py [line:70] prepare_bootstrap INFO node id 8 just inserts 50000 TXs 
2024-07-19 17:14:38,588 sufp_node.py [line:70] prepare_bootstrap INFO node id 8 just inserts 50000 TXs 
2024-07-19 17:14:38,588 sufp_node.py [line:74] prepare_bootstrap INFO node id 8 completed the loading of dummy TXs 
2024-07-19 17:14:38,589 Superfast.py [line:178] run_bft INFO Node 8 starts to run at time:1721380478.5891736 
2024-07-19 17:14:38,589 Superfast.py [line:231] _run_epoch INFO Node enters epoch 0 
2024-07-19 17:14:38,591 superfastpath.py [line:43] sufastpath INFO Entering fast path 
2024-07-19 17:14:38,591 superfastpath.py [line:223] one_slot INFO Entering slot 1 
2024-07-19 17:14:43,591 superfastpath.py [line:355] sufastpath INFO Fastpath Timeout! 
2024-07-19 17:14:43,592 superfastpath.py [line:362] sufastpath INFO Leaves fastpath at 1 slot 
2024-07-19 17:14:43,592 Superfast.py [line:308] wait_for_fastpath INFO Fastpath of epoch 0 completed 
2024-07-19 17:16:53,855 sufp_node.py [line:79] run INFO node 8's starts to run consensus on process id 9847 
2024-07-19 17:16:53,856 sufp_node.py [line:80] run INFO parameters: N=16, f=5, S=15, T=5, fast-batch=10000, acs-batch=62, K=1, O=0 
2024-07-19 17:16:53,856 sufp_node.py [line:62] prepare_bootstrap INFO node id 8 is inserting dummy payload TXs 
2024-07-19 17:16:53,856 sufp_node.py [line:70] prepare_bootstrap INFO node id 8 just inserts 50000 TXs 
2024-07-19 17:16:53,856 sufp_node.py [line:70] prepare_bootstrap INFO node id 8 just inserts 50000 TXs 
2024-07-19 17:16:53,857 sufp_node.py [line:74] prepare_bootstrap INFO node id 8 completed the loading of dummy TXs 
2024-07-19 17:16:53,857 Superfast.py [line:178] run_bft INFO Node 8 starts to run at time:1721380613.8571246 
2024-07-19 17:16:53,857 Superfast.py [line:231] _run_epoch INFO Node enters epoch 0 
2024-07-19 17:16:53,858 superfastpath.py [line:43] sufastpath INFO Entering fast path 
2024-07-19 17:16:53,858 superfastpath.py [line:223] one_slot INFO Entering slot 1 
2024-07-19 17:16:58,858 superfastpath.py [line:355] sufastpath INFO Fastpath Timeout! 
2024-07-19 17:16:58,858 superfastpath.py [line:362] sufastpath INFO Leaves fastpath at 1 slot 
2024-07-19 17:16:58,859 Superfast.py [line:308] wait_for_fastpath INFO Fastpath of epoch 0 completed 
2024-07-19 17:18:39,222 sufp_node.py [line:79] run INFO node 8's starts to run consensus on process id 10112 
2024-07-19 17:18:39,222 sufp_node.py [line:80] run INFO parameters: N=16, f=5, S=15, T=5, fast-batch=10000, acs-batch=62, K=1, O=0 
2024-07-19 17:18:39,223 sufp_node.py [line:62] prepare_bootstrap INFO node id 8 is inserting dummy payload TXs 
2024-07-19 17:18:39,223 sufp_node.py [line:70] prepare_bootstrap INFO node id 8 just inserts 50000 TXs 
2024-07-19 17:18:39,223 sufp_node.py [line:70] prepare_bootstrap INFO node id 8 just inserts 50000 TXs 
2024-07-19 17:18:39,223 sufp_node.py [line:74] prepare_bootstrap INFO node id 8 completed the loading of dummy TXs 
2024-07-19 17:18:39,223 Superfast.py [line:178] run_bft INFO Node 8 starts to run at time:1721380719.2238038 
2024-07-19 17:18:39,223 Superfast.py [line:231] _run_epoch INFO Node enters epoch 0 
2024-07-19 17:18:39,224 superfastpath.py [line:43] sufastpath INFO Entering fast path 
2024-07-19 17:18:39,224 superfastpath.py [line:223] one_slot INFO Entering slot 1 
2024-07-19 17:18:40,007 superfastpath.py [line:239] one_slot INFO pending block 1 in 0.782266 
2024-07-19 17:18:40,007 superfastpath.py [line:248] one_slot INFO 2pending block 1 in 0.782552 
2024-07-19 17:18:40,048 superfastpath.py [line:266] one_slot INFO read pending block 1 in 0.824062 
2024-07-19 17:18:40,050 superfastpath.py [line:297] one_slot INFO Leaving slot 1 
2024-07-19 17:18:40,051 superfastpath.py [line:223] one_slot INFO Entering slot 2 
2024-07-19 17:18:40,390 superfastpath.py [line:239] one_slot INFO pending block 2 in 0.339049 
2024-07-19 17:18:40,390 superfastpath.py [line:248] one_slot INFO 2pending block 2 in 0.339328 
2024-07-19 17:18:40,418 superfastpath.py [line:266] one_slot INFO read pending block 2 in 0.367404 
2024-07-19 17:18:40,418 superfastpath.py [line:297] one_slot INFO Leaving slot 2 
2024-07-19 17:18:40,418 superfastpath.py [line:223] one_slot INFO Entering slot 3 
2024-07-19 17:18:40,726 superfastpath.py [line:239] one_slot INFO pending block 3 in 0.307387 
2024-07-19 17:18:40,731 superfastpath.py [line:248] one_slot INFO 2pending block 3 in 0.312858 
2024-07-19 17:18:40,764 superfastpath.py [line:266] one_slot INFO read pending block 3 in 0.345810 
2024-07-19 17:18:40,764 superfastpath.py [line:297] one_slot INFO Leaving slot 3 
2024-07-19 17:18:40,765 superfastpath.py [line:223] one_slot INFO Entering slot 4 
2024-07-19 17:18:41,019 superfastpath.py [line:239] one_slot INFO pending block 4 in 0.253010 
2024-07-19 17:18:41,020 superfastpath.py [line:248] one_slot INFO 2pending block 4 in 0.255414 
2024-07-19 17:18:41,054 superfastpath.py [line:266] one_slot INFO read pending block 4 in 0.288855 
2024-07-19 17:18:41,054 superfastpath.py [line:297] one_slot INFO Leaving slot 4 
2024-07-19 17:18:41,054 superfastpath.py [line:223] one_slot INFO Entering slot 5 
2024-07-19 17:18:41,342 superfastpath.py [line:239] one_slot INFO pending block 5 in 0.288016 
2024-07-19 17:18:41,349 superfastpath.py [line:248] one_slot INFO 2pending block 5 in 0.295274 
2024-07-19 17:18:41,366 superfastpath.py [line:266] one_slot INFO read pending block 5 in 0.312241 
2024-07-19 17:18:41,366 superfastpath.py [line:297] one_slot INFO Leaving slot 5 
2024-07-19 17:18:41,366 superfastpath.py [line:223] one_slot INFO Entering slot 6 
2024-07-19 17:18:41,570 superfastpath.py [line:239] one_slot INFO pending block 6 in 0.203192 
2024-07-19 17:18:41,570 superfastpath.py [line:248] one_slot INFO 2pending block 6 in 0.203605 
2024-07-19 17:18:41,602 superfastpath.py [line:266] one_slot INFO read pending block 6 in 0.235672 
2024-07-19 17:18:41,602 superfastpath.py [line:297] one_slot INFO Leaving slot 6 
2024-07-19 17:18:41,602 superfastpath.py [line:223] one_slot INFO Entering slot 7 
2024-07-19 17:18:41,858 superfastpath.py [line:239] one_slot INFO pending block 7 in 0.255722 
2024-07-19 17:18:41,859 superfastpath.py [line:248] one_slot INFO 2pending block 7 in 0.256432 
2024-07-19 17:18:41,881 superfastpath.py [line:266] one_slot INFO read pending block 7 in 0.278753 
2024-07-19 17:18:41,881 superfastpath.py [line:297] one_slot INFO Leaving slot 7 
2024-07-19 17:18:41,882 superfastpath.py [line:223] one_slot INFO Entering slot 8 
2024-07-19 17:18:42,160 superfastpath.py [line:239] one_slot INFO pending block 8 in 0.277955 
2024-07-19 17:18:42,160 superfastpath.py [line:248] one_slot INFO 2pending block 8 in 0.278203 
2024-07-19 17:18:42,187 superfastpath.py [line:266] one_slot INFO read pending block 8 in 0.305523 
2024-07-19 17:18:42,187 superfastpath.py [line:297] one_slot INFO Leaving slot 8 
2024-07-19 17:18:42,188 superfastpath.py [line:223] one_slot INFO Entering slot 9 
2024-07-19 17:18:42,412 superfastpath.py [line:239] one_slot INFO pending block 9 in 0.223952 
2024-07-19 17:18:42,412 superfastpath.py [line:248] one_slot INFO 2pending block 9 in 0.224195 
2024-07-19 17:18:42,433 superfastpath.py [line:266] one_slot INFO read pending block 9 in 0.245174 
2024-07-19 17:18:42,433 superfastpath.py [line:275] one_slot INFO 3pending block 9 in 0.245390 
2024-07-19 17:18:42,433 superfastpath.py [line:279] one_slot INFO delay block 8 in 0.551465 
2024-07-19 17:18:42,453 superfastpath.py [line:286] one_slot INFO Fast block at Node 8 for Epoch sidAFAST0 and Slot 8 has delay, TPS and TXs: 0.5514647960662842, 10000 
2024-07-19 17:18:42,453 superfastpath.py [line:288] one_slot INFO AVG TPS: 17500, running time 0.571422, weighted delay: 0.551465 
2024-07-19 17:18:42,453 superfastpath.py [line:293] one_slot INFO output block for slot 8 taking 0.571374 sec 
2024-07-19 17:18:42,453 superfastpath.py [line:297] one_slot INFO Leaving slot 9 
2024-07-19 17:18:42,453 superfastpath.py [line:223] one_slot INFO Entering slot 10 
2024-07-19 17:18:42,790 superfastpath.py [line:239] one_slot INFO pending block 10 in 0.336966 
2024-07-19 17:18:42,790 superfastpath.py [line:248] one_slot INFO 2pending block 10 in 0.337149 
2024-07-19 17:18:42,808 superfastpath.py [line:266] one_slot INFO read pending block 10 in 0.354247 
2024-07-19 17:18:42,808 superfastpath.py [line:275] one_slot INFO 3pending block 10 in 0.354540 
2024-07-19 17:18:42,808 superfastpath.py [line:279] one_slot INFO delay block 9 in 0.620338 
2024-07-19 17:18:42,839 superfastpath.py [line:286] one_slot INFO Fast block at Node 8 for Epoch sidAFAST0 and Slot 9 has delay, TPS and TXs: 0.620337724685669, 20000 
2024-07-19 17:18:42,839 superfastpath.py [line:288] one_slot INFO AVG TPS: 20885, running time 0.957620, weighted delay: 0.585901 
2024-07-19 17:18:42,839 superfastpath.py [line:293] one_slot INFO output block for slot 9 taking 0.651613 sec 
2024-07-19 17:18:42,839 superfastpath.py [line:297] one_slot INFO Leaving slot 10 
2024-07-19 17:18:42,839 superfastpath.py [line:223] one_slot INFO Entering slot 11 
2024-07-19 17:18:43,061 superfastpath.py [line:239] one_slot INFO pending block 11 in 0.221167 
2024-07-19 17:18:43,111 superfastpath.py [line:248] one_slot INFO 2pending block 11 in 0.250724 
2024-07-19 17:18:43,134 superfastpath.py [line:266] one_slot INFO read pending block 11 in 0.295010 
2024-07-19 17:18:43,135 superfastpath.py [line:275] one_slot INFO 3pending block 11 in 0.295152 
2024-07-19 17:18:43,135 superfastpath.py [line:279] one_slot INFO delay block 10 in 0.681387 
2024-07-19 17:18:43,157 superfastpath.py [line:286] one_slot INFO Fast block at Node 8 for Epoch sidAFAST0 and Slot 10 has delay, TPS and TXs: 0.6813874244689941, 30000 
2024-07-19 17:18:43,158 superfastpath.py [line:288] one_slot INFO AVG TPS: 23509, running time 1.276098, weighted delay: 0.617730 
2024-07-19 17:18:43,158 superfastpath.py [line:293] one_slot INFO output block for slot 10 taking 0.704439 sec 
2024-07-19 17:18:43,158 superfastpath.py [line:297] one_slot INFO Leaving slot 11 
2024-07-19 17:18:43,158 superfastpath.py [line:223] one_slot INFO Entering slot 12 
2024-07-19 17:18:43,409 superfastpath.py [line:239] one_slot INFO pending block 12 in 0.251270 
2024-07-19 17:18:43,409 superfastpath.py [line:248] one_slot INFO 2pending block 12 in 0.251481 
2024-07-19 17:18:43,444 superfastpath.py [line:266] one_slot INFO read pending block 12 in 0.286362 
2024-07-19 17:18:43,446 superfastpath.py [line:275] one_slot INFO 3pending block 12 in 0.287778 
2024-07-19 17:18:43,446 superfastpath.py [line:279] one_slot INFO delay block 11 in 0.606330 
2024-07-19 17:18:43,492 superfastpath.py [line:286] one_slot INFO Fast block at Node 8 for Epoch sidAFAST0 and Slot 11 has delay, TPS and TXs: 0.606330156326294, 40000 
2024-07-19 17:18:43,492 superfastpath.py [line:288] one_slot INFO AVG TPS: 24836, running time 1.610502, weighted delay: 0.614880 
2024-07-19 17:18:43,493 superfastpath.py [line:293] one_slot INFO output block for slot 11 taking 0.653115 sec 
2024-07-19 17:18:43,493 superfastpath.py [line:297] one_slot INFO Leaving slot 12 
2024-07-19 17:18:43,493 superfastpath.py [line:223] one_slot INFO Entering slot 13 
2024-07-19 17:18:43,691 superfastpath.py [line:239] one_slot INFO pending block 13 in 0.198441 
2024-07-19 17:18:43,692 superfastpath.py [line:248] one_slot INFO 2pending block 13 in 0.199427 
2024-07-19 17:18:43,727 superfastpath.py [line:266] one_slot INFO read pending block 13 in 0.234455 
2024-07-19 17:18:43,727 superfastpath.py [line:275] one_slot INFO 3pending block 13 in 0.234608 
2024-07-19 17:18:43,728 superfastpath.py [line:279] one_slot INFO delay block 12 in 0.569641 
2024-07-19 17:18:43,768 superfastpath.py [line:286] one_slot INFO Fast block at Node 8 for Epoch sidAFAST0 and Slot 12 has delay, TPS and TXs: 0.56964111328125, 50000 
2024-07-19 17:18:43,771 superfastpath.py [line:288] one_slot INFO AVG TPS: 26468, running time 1.889050, weighted delay: 0.605832 
2024-07-19 17:18:43,771 superfastpath.py [line:293] one_slot INFO output block for slot 12 taking 0.612805 sec 
2024-07-19 17:18:43,771 superfastpath.py [line:297] one_slot INFO Leaving slot 13 
2024-07-19 17:18:43,771 superfastpath.py [line:223] one_slot INFO Entering slot 14 
2024-07-19 17:18:44,014 superfastpath.py [line:239] one_slot INFO pending block 14 in 0.242918 
2024-07-19 17:18:44,016 superfastpath.py [line:248] one_slot INFO 2pending block 14 in 0.244969 
2024-07-19 17:18:44,090 superfastpath.py [line:266] one_slot INFO read pending block 14 in 0.319181 
2024-07-19 17:18:44,090 superfastpath.py [line:275] one_slot INFO 3pending block 14 in 0.319317 
2024-07-19 17:18:44,090 superfastpath.py [line:279] one_slot INFO delay block 13 in 0.597470 
2024-07-19 17:18:44,122 superfastpath.py [line:286] one_slot INFO Fast block at Node 8 for Epoch sidAFAST0 and Slot 13 has delay, TPS and TXs: 0.5974695682525635, 60000 
2024-07-19 17:18:44,122 superfastpath.py [line:288] one_slot INFO AVG TPS: 26779, running time 2.240502, weighted delay: 0.604438 
2024-07-19 17:18:44,122 superfastpath.py [line:293] one_slot INFO output block for slot 13 taking 0.629267 sec 
2024-07-19 17:18:44,122 superfastpath.py [line:297] one_slot INFO Leaving slot 14 
2024-07-19 17:18:44,122 superfastpath.py [line:223] one_slot INFO Entering slot 15 
2024-07-19 17:18:44,357 superfastpath.py [line:239] one_slot INFO pending block 15 in 0.234369 
2024-07-19 17:18:44,358 superfastpath.py [line:248] one_slot INFO 2pending block 15 in 0.235358 
2024-07-19 17:18:44,408 superfastpath.py [line:266] one_slot INFO read pending block 15 in 0.285785 
2024-07-19 17:18:44,408 superfastpath.py [line:275] one_slot INFO 3pending block 15 in 0.285930 
2024-07-19 17:18:44,408 superfastpath.py [line:279] one_slot INFO delay block 14 in 0.637419 
2024-07-19 17:18:44,447 superfastpath.py [line:286] one_slot INFO Fast block at Node 8 for Epoch sidAFAST0 and Slot 14 has delay, TPS and TXs: 0.6374192237854004, 70000 
2024-07-19 17:18:44,447 superfastpath.py [line:288] one_slot INFO AVG TPS: 27288, running time 2.565192, weighted delay: 0.609150 
2024-07-19 17:18:44,448 superfastpath.py [line:293] one_slot INFO output block for slot 14 taking 0.676877 sec 
2024-07-19 17:18:44,448 superfastpath.py [line:297] one_slot INFO Leaving slot 15 
2024-07-19 17:18:44,448 superfastpath.py [line:223] one_slot INFO Entering slot 16 
2024-07-19 17:18:44,520 superfastpath.py [line:239] one_slot INFO pending block 16 in 0.071857 
2024-07-19 17:18:44,524 superfastpath.py [line:248] one_slot INFO 2pending block 16 in 0.075894 
2024-07-19 17:18:44,524 superfastpath.py [line:266] one_slot INFO read pending block 16 in 0.076078 
2024-07-19 17:18:44,524 superfastpath.py [line:275] one_slot INFO 3pending block 16 in 0.076166 
2024-07-19 17:18:44,525 superfastpath.py [line:279] one_slot INFO delay block 15 in 0.402181 
2024-07-19 17:18:44,570 superfastpath.py [line:286] one_slot INFO Fast block at Node 8 for Epoch sidAFAST0 and Slot 15 has delay, TPS and TXs: 0.40218067169189453, 80000 
2024-07-19 17:18:44,571 superfastpath.py [line:288] one_slot INFO AVG TPS: 29750, running time 2.689063, weighted delay: 0.583279 
2024-07-19 17:18:44,571 superfastpath.py [line:293] one_slot INFO output block for slot 15 taking 0.448381 sec 
2024-07-19 17:18:44,571 superfastpath.py [line:297] one_slot INFO Leaving slot 16 
2024-07-19 17:18:44,571 superfastpath.py [line:362] sufastpath INFO Leaves fastpath at 17 slot 
2024-07-19 17:18:44,572 Superfast.py [line:308] wait_for_fastpath INFO Fastpath of epoch 0 completed 
2024-07-19 17:18:44,572 Superfast.py [line:337] _run_epoch INFO Fastpath tps: 29747 
2024-07-21 16:27:56,457 sufp_node.py [line:79] run INFO node 8's starts to run consensus on process id 25920 
2024-07-21 16:27:56,457 sufp_node.py [line:80] run INFO parameters: N=16, f=5, S=15, T=5, fast-batch=10000, acs-batch=62, K=1, O=0 
2024-07-21 16:27:56,457 sufp_node.py [line:62] prepare_bootstrap INFO node id 8 is inserting dummy payload TXs 
2024-07-21 16:27:56,458 sufp_node.py [line:70] prepare_bootstrap INFO node id 8 just inserts 50000 TXs 
2024-07-21 16:27:56,458 sufp_node.py [line:70] prepare_bootstrap INFO node id 8 just inserts 50000 TXs 
2024-07-21 16:27:56,458 sufp_node.py [line:74] prepare_bootstrap INFO node id 8 completed the loading of dummy TXs 
2024-07-21 16:27:56,459 Superfast.py [line:178] run_bft INFO Node 8 starts to run at time:1721550476.4591932 
2024-07-21 16:27:56,459 Superfast.py [line:231] _run_epoch INFO Node enters epoch 0 
2024-07-21 16:27:56,460 superfastpath.py [line:43] sufastpath INFO Entering fast path 
2024-07-21 16:27:56,461 superfastpath.py [line:230] one_slot INFO Entering slot 1 
2024-07-21 16:27:56,947 superfastpath.py [line:246] one_slot INFO pending block 1 in 0.486154 
2024-07-21 16:27:56,948 superfastpath.py [line:255] one_slot INFO 2pending block 1 in 0.486940 
2024-07-21 16:27:56,988 superfastpath.py [line:273] one_slot INFO read pending block 1 in 0.527421 
2024-07-21 16:27:56,988 superfastpath.py [line:304] one_slot INFO Leaving slot 1 
2024-07-21 16:27:56,989 superfastpath.py [line:230] one_slot INFO Entering slot 2 
2024-07-21 16:27:57,291 superfastpath.py [line:246] one_slot INFO pending block 2 in 0.302479 
2024-07-21 16:27:57,292 superfastpath.py [line:255] one_slot INFO 2pending block 2 in 0.303573 
2024-07-21 16:27:57,338 superfastpath.py [line:273] one_slot INFO read pending block 2 in 0.348762 
2024-07-21 16:27:57,338 superfastpath.py [line:304] one_slot INFO Leaving slot 2 
2024-07-21 16:27:57,343 superfastpath.py [line:230] one_slot INFO Entering slot 3 
2024-07-21 16:27:57,713 superfastpath.py [line:246] one_slot INFO pending block 3 in 0.370057 
2024-07-21 16:27:57,713 superfastpath.py [line:255] one_slot INFO 2pending block 3 in 0.370403 
2024-07-21 16:27:57,729 superfastpath.py [line:273] one_slot INFO read pending block 3 in 0.385544 
2024-07-21 16:27:57,729 superfastpath.py [line:304] one_slot INFO Leaving slot 3 
2024-07-21 16:27:57,729 superfastpath.py [line:230] one_slot INFO Entering slot 4 
2024-07-21 16:27:58,396 superfastpath.py [line:246] one_slot INFO pending block 4 in 0.666976 
2024-07-21 16:27:58,396 superfastpath.py [line:255] one_slot INFO 2pending block 4 in 0.667205 
2024-07-21 16:27:58,413 superfastpath.py [line:273] one_slot INFO read pending block 4 in 0.684249 
2024-07-21 16:27:58,414 superfastpath.py [line:304] one_slot INFO Leaving slot 4 
2024-07-21 16:27:58,414 superfastpath.py [line:230] one_slot INFO Entering slot 5 
2024-07-21 16:27:59,127 superfastpath.py [line:246] one_slot INFO pending block 5 in 0.712842 
2024-07-21 16:27:59,127 superfastpath.py [line:255] one_slot INFO 2pending block 5 in 0.713119 
2024-07-21 16:27:59,143 superfastpath.py [line:273] one_slot INFO read pending block 5 in 0.728963 
2024-07-21 16:27:59,143 superfastpath.py [line:304] one_slot INFO Leaving slot 5 
2024-07-21 16:27:59,143 superfastpath.py [line:230] one_slot INFO Entering slot 6 
2024-07-21 16:27:59,807 superfastpath.py [line:246] one_slot INFO pending block 6 in 0.663122 
2024-07-21 16:27:59,807 superfastpath.py [line:255] one_slot INFO 2pending block 6 in 0.663449 
2024-07-21 16:27:59,829 superfastpath.py [line:273] one_slot INFO read pending block 6 in 0.685730 
2024-07-21 16:27:59,830 superfastpath.py [line:304] one_slot INFO Leaving slot 6 
2024-07-21 16:27:59,830 superfastpath.py [line:230] one_slot INFO Entering slot 7 
2024-07-21 16:28:00,510 superfastpath.py [line:246] one_slot INFO pending block 7 in 0.680216 
2024-07-21 16:28:00,510 superfastpath.py [line:255] one_slot INFO 2pending block 7 in 0.680530 
2024-07-21 16:28:00,523 superfastpath.py [line:273] one_slot INFO read pending block 7 in 0.693413 
2024-07-21 16:28:00,524 superfastpath.py [line:304] one_slot INFO Leaving slot 7 
2024-07-21 16:28:00,524 superfastpath.py [line:230] one_slot INFO Entering slot 8 
2024-07-21 16:28:01,165 superfastpath.py [line:246] one_slot INFO pending block 8 in 0.641247 
2024-07-21 16:28:01,166 superfastpath.py [line:255] one_slot INFO 2pending block 8 in 0.641712 
2024-07-21 16:28:01,179 superfastpath.py [line:273] one_slot INFO read pending block 8 in 0.655512 
2024-07-21 16:28:01,180 superfastpath.py [line:304] one_slot INFO Leaving slot 8 
2024-07-21 16:28:01,180 superfastpath.py [line:230] one_slot INFO Entering slot 9 
2024-07-21 16:28:01,845 superfastpath.py [line:246] one_slot INFO pending block 9 in 0.664832 
2024-07-21 16:28:01,845 superfastpath.py [line:255] one_slot INFO 2pending block 9 in 0.665051 
2024-07-21 16:28:01,869 superfastpath.py [line:273] one_slot INFO read pending block 9 in 0.688328 
2024-07-21 16:28:01,869 superfastpath.py [line:282] one_slot INFO 3pending block 9 in 0.688541 
2024-07-21 16:28:01,869 superfastpath.py [line:286] one_slot INFO delay block 8 in 1.344970 
2024-07-21 16:28:01,896 superfastpath.py [line:293] one_slot INFO Fast block at Node 8 for Epoch sidAFAST0 and Slot 8 has delay, TPS and TXs: 1.3449695110321045, 10000 
2024-07-21 16:28:01,897 superfastpath.py [line:295] one_slot INFO AVG TPS: 7283, running time 1.372917, weighted delay: 1.344970 
2024-07-21 16:28:01,897 superfastpath.py [line:300] one_slot INFO output block for slot 8 taking 1.372916 sec 
2024-07-21 16:28:01,897 superfastpath.py [line:304] one_slot INFO Leaving slot 9 
2024-07-21 16:28:01,897 superfastpath.py [line:230] one_slot INFO Entering slot 10 
2024-07-21 16:28:02,539 superfastpath.py [line:246] one_slot INFO pending block 10 in 0.641784 
2024-07-21 16:28:02,540 superfastpath.py [line:255] one_slot INFO 2pending block 10 in 0.642517 
2024-07-21 16:28:02,557 superfastpath.py [line:273] one_slot INFO read pending block 10 in 0.659937 
2024-07-21 16:28:02,557 superfastpath.py [line:282] one_slot INFO 3pending block 10 in 0.660207 
2024-07-21 16:28:02,557 superfastpath.py [line:286] one_slot INFO delay block 9 in 1.377245 
2024-07-21 16:28:02,574 superfastpath.py [line:293] one_slot INFO Fast block at Node 8 for Epoch sidAFAST0 and Slot 9 has delay, TPS and TXs: 1.3772454261779785, 20000 
2024-07-21 16:28:02,574 superfastpath.py [line:295] one_slot INFO AVG TPS: 9755, running time 2.050124, weighted delay: 1.361107 
2024-07-21 16:28:02,575 superfastpath.py [line:300] one_slot INFO output block for slot 9 taking 1.394902 sec 
2024-07-21 16:28:02,576 superfastpath.py [line:304] one_slot INFO Leaving slot 10 
2024-07-21 16:28:02,576 superfastpath.py [line:230] one_slot INFO Entering slot 11 
2024-07-21 16:28:03,252 superfastpath.py [line:246] one_slot INFO pending block 11 in 0.676284 
2024-07-21 16:28:03,252 superfastpath.py [line:255] one_slot INFO 2pending block 11 in 0.676547 
2024-07-21 16:28:03,267 superfastpath.py [line:273] one_slot INFO read pending block 11 in 0.691110 
2024-07-21 16:28:03,267 superfastpath.py [line:282] one_slot INFO 3pending block 11 in 0.691301 
2024-07-21 16:28:03,267 superfastpath.py [line:286] one_slot INFO delay block 10 in 1.370184 
2024-07-21 16:28:03,282 superfastpath.py [line:293] one_slot INFO Fast block at Node 8 for Epoch sidAFAST0 and Slot 10 has delay, TPS and TXs: 1.3701841831207275, 30000 
2024-07-21 16:28:03,282 superfastpath.py [line:295] one_slot INFO AVG TPS: 10874, running time 2.758708, weighted delay: 1.364133 
2024-07-21 16:28:03,283 superfastpath.py [line:300] one_slot INFO output block for slot 10 taking 1.385414 sec 
2024-07-21 16:28:03,283 superfastpath.py [line:304] one_slot INFO Leaving slot 11 
2024-07-21 16:28:03,283 superfastpath.py [line:230] one_slot INFO Entering slot 12 
2024-07-21 16:28:03,974 superfastpath.py [line:246] one_slot INFO pending block 12 in 0.691070 
2024-07-21 16:28:03,974 superfastpath.py [line:255] one_slot INFO 2pending block 12 in 0.691338 
2024-07-21 16:28:03,989 superfastpath.py [line:273] one_slot INFO read pending block 12 in 0.706505 
2024-07-21 16:28:03,990 superfastpath.py [line:282] one_slot INFO 3pending block 12 in 0.706900 
2024-07-21 16:28:03,990 superfastpath.py [line:286] one_slot INFO delay block 11 in 1.413999 
2024-07-21 16:28:04,007 superfastpath.py [line:293] one_slot INFO Fast block at Node 8 for Epoch sidAFAST0 and Slot 11 has delay, TPS and TXs: 1.413999080657959, 40000 
2024-07-21 16:28:04,007 superfastpath.py [line:295] one_slot INFO AVG TPS: 11483, running time 3.483269, weighted delay: 1.376600 
2024-07-21 16:28:04,007 superfastpath.py [line:300] one_slot INFO output block for slot 11 taking 1.431275 sec 
2024-07-21 16:28:04,007 superfastpath.py [line:304] one_slot INFO Leaving slot 12 
2024-07-21 16:28:04,008 superfastpath.py [line:230] one_slot INFO Entering slot 13 
2024-07-21 16:28:04,706 superfastpath.py [line:246] one_slot INFO pending block 13 in 0.697545 
2024-07-21 16:28:04,706 superfastpath.py [line:255] one_slot INFO 2pending block 13 in 0.697876 
2024-07-21 16:28:04,722 superfastpath.py [line:273] one_slot INFO read pending block 13 in 0.714044 
2024-07-21 16:28:04,723 superfastpath.py [line:282] one_slot INFO 3pending block 13 in 0.714645 
2024-07-21 16:28:04,723 superfastpath.py [line:286] one_slot INFO delay block 12 in 1.440033 
2024-07-21 16:28:04,738 superfastpath.py [line:293] one_slot INFO Fast block at Node 8 for Epoch sidAFAST0 and Slot 12 has delay, TPS and TXs: 1.440032720565796, 50000 
2024-07-21 16:28:04,739 superfastpath.py [line:295] one_slot INFO AVG TPS: 11862, running time 4.214949, weighted delay: 1.389286 
2024-07-21 16:28:04,739 superfastpath.py [line:300] one_slot INFO output block for slot 12 taking 1.455966 sec 
2024-07-21 16:28:04,739 superfastpath.py [line:304] one_slot INFO Leaving slot 13 
2024-07-21 16:28:04,739 superfastpath.py [line:230] one_slot INFO Entering slot 14 
2024-07-21 16:28:05,416 superfastpath.py [line:246] one_slot INFO pending block 14 in 0.676146 
2024-07-21 16:28:05,417 superfastpath.py [line:255] one_slot INFO 2pending block 14 in 0.677593 
2024-07-21 16:28:05,439 superfastpath.py [line:273] one_slot INFO read pending block 14 in 0.699770 
2024-07-21 16:28:05,439 superfastpath.py [line:282] one_slot INFO 3pending block 14 in 0.699979 
2024-07-21 16:28:05,439 superfastpath.py [line:286] one_slot INFO delay block 13 in 1.431406 
2024-07-21 16:28:05,457 superfastpath.py [line:293] one_slot INFO Fast block at Node 8 for Epoch sidAFAST0 and Slot 13 has delay, TPS and TXs: 1.431406021118164, 60000 
2024-07-21 16:28:05,458 superfastpath.py [line:295] one_slot INFO AVG TPS: 12160, running time 4.933969, weighted delay: 1.396306 
2024-07-21 16:28:05,458 superfastpath.py [line:300] one_slot INFO output block for slot 13 taking 1.449784 sec 
2024-07-21 16:28:05,458 superfastpath.py [line:304] one_slot INFO Leaving slot 14 
2024-07-21 16:28:05,458 superfastpath.py [line:230] one_slot INFO Entering slot 15 
2024-07-21 16:28:06,130 superfastpath.py [line:246] one_slot INFO pending block 15 in 0.672260 
2024-07-21 16:28:06,131 superfastpath.py [line:255] one_slot INFO 2pending block 15 in 0.672636 
2024-07-21 16:28:06,146 superfastpath.py [line:273] one_slot INFO read pending block 15 in 0.687924 
2024-07-21 16:28:06,146 superfastpath.py [line:282] one_slot INFO 3pending block 15 in 0.688149 
2024-07-21 16:28:06,146 superfastpath.py [line:286] one_slot INFO delay block 14 in 1.407032 
2024-07-21 16:28:06,167 superfastpath.py [line:293] one_slot INFO Fast block at Node 8 for Epoch sidAFAST0 and Slot 14 has delay, TPS and TXs: 1.4070320129394531, 70000 
2024-07-21 16:28:06,167 superfastpath.py [line:295] one_slot INFO AVG TPS: 12404, running time 5.643011, weighted delay: 1.397838 
2024-07-21 16:28:06,167 superfastpath.py [line:300] one_slot INFO output block for slot 14 taking 1.427895 sec 
2024-07-21 16:28:06,167 superfastpath.py [line:304] one_slot INFO Leaving slot 15 
2024-07-21 16:28:06,167 superfastpath.py [line:230] one_slot INFO Entering slot 16 
2024-07-21 16:28:06,568 superfastpath.py [line:246] one_slot INFO pending block 16 in 0.400305 
2024-07-21 16:28:06,569 superfastpath.py [line:255] one_slot INFO 2pending block 16 in 0.400918 
2024-07-21 16:28:06,570 superfastpath.py [line:273] one_slot INFO read pending block 16 in 0.401917 
2024-07-21 16:28:06,570 superfastpath.py [line:282] one_slot INFO 3pending block 16 in 0.402043 
2024-07-21 16:28:06,570 superfastpath.py [line:286] one_slot INFO delay block 15 in 1.111560 
2024-07-21 16:28:06,634 superfastpath.py [line:293] one_slot INFO Fast block at Node 8 for Epoch sidAFAST0 and Slot 15 has delay, TPS and TXs: 1.1115598678588867, 80000 
2024-07-21 16:28:06,635 superfastpath.py [line:295] one_slot INFO AVG TPS: 13091, running time 6.110886, weighted delay: 1.362054 
2024-07-21 16:28:06,635 superfastpath.py [line:300] one_slot INFO output block for slot 15 taking 1.176575 sec 
2024-07-21 16:28:06,635 superfastpath.py [line:304] one_slot INFO Leaving slot 16 
2024-07-21 16:28:06,635 superfastpath.py [line:369] sufastpath INFO Leaves fastpath at 17 slot 
2024-07-21 16:28:06,635 Superfast.py [line:308] wait_for_fastpath INFO Fastpath of epoch 0 completed 
2024-07-21 16:28:06,635 Superfast.py [line:337] _run_epoch INFO Fastpath tps: 13090 
2024-07-21 16:28:11,639 Superfast.py [line:208] run_bft INFO node 8 breaks in 15.177774 seconds in epoch 0 with total delivered Txs 0 and average delay 0.000000 
2024-07-21 16:30:05,859 sufp_node.py [line:79] run INFO node 8's starts to run consensus on process id 26248 
2024-07-21 16:30:05,860 sufp_node.py [line:80] run INFO parameters: N=16, f=5, S=15, T=5, fast-batch=10000, acs-batch=62, K=1, O=0 
2024-07-21 16:30:05,860 sufp_node.py [line:62] prepare_bootstrap INFO node id 8 is inserting dummy payload TXs 
2024-07-21 16:30:05,861 sufp_node.py [line:70] prepare_bootstrap INFO node id 8 just inserts 50000 TXs 
2024-07-21 16:30:05,861 sufp_node.py [line:70] prepare_bootstrap INFO node id 8 just inserts 50000 TXs 
2024-07-21 16:30:05,862 sufp_node.py [line:74] prepare_bootstrap INFO node id 8 completed the loading of dummy TXs 
2024-07-21 16:30:05,862 Superfast.py [line:178] run_bft INFO Node 8 starts to run at time:1721550605.862322 
2024-07-21 16:30:05,862 Superfast.py [line:231] _run_epoch INFO Node enters epoch 0 
2024-07-21 16:30:05,864 superfastpath.py [line:43] sufastpath INFO Entering fast path 
2024-07-21 16:30:05,864 superfastpath.py [line:230] one_slot INFO Entering slot 1 
2024-07-21 16:30:06,745 superfastpath.py [line:246] one_slot INFO pending block 1 in 0.880382 
2024-07-21 16:30:06,745 superfastpath.py [line:255] one_slot INFO 2pending block 1 in 0.880808 
2024-07-21 16:30:06,763 superfastpath.py [line:273] one_slot INFO read pending block 1 in 0.898798 
2024-07-21 16:30:06,764 superfastpath.py [line:304] one_slot INFO Leaving slot 1 
2024-07-21 16:30:06,764 superfastpath.py [line:230] one_slot INFO Entering slot 2 
2024-07-21 16:30:07,030 superfastpath.py [line:246] one_slot INFO pending block 2 in 0.266473 
2024-07-21 16:30:07,031 superfastpath.py [line:255] one_slot INFO 2pending block 2 in 0.266708 
2024-07-21 16:30:07,071 superfastpath.py [line:273] one_slot INFO read pending block 2 in 0.306763 
2024-07-21 16:30:07,071 superfastpath.py [line:304] one_slot INFO Leaving slot 2 
2024-07-21 16:30:07,071 superfastpath.py [line:230] one_slot INFO Entering slot 3 
2024-07-21 16:30:07,353 superfastpath.py [line:246] one_slot INFO pending block 3 in 0.281554 
2024-07-21 16:30:07,353 superfastpath.py [line:255] one_slot INFO 2pending block 3 in 0.281895 
2024-07-21 16:30:07,372 superfastpath.py [line:273] one_slot INFO read pending block 3 in 0.300982 
2024-07-21 16:30:07,372 superfastpath.py [line:304] one_slot INFO Leaving slot 3 
2024-07-21 16:30:07,373 superfastpath.py [line:230] one_slot INFO Entering slot 4 
2024-07-21 16:30:08,104 superfastpath.py [line:246] one_slot INFO pending block 4 in 0.731215 
2024-07-21 16:30:08,105 superfastpath.py [line:255] one_slot INFO 2pending block 4 in 0.731699 
2024-07-21 16:30:08,122 superfastpath.py [line:273] one_slot INFO read pending block 4 in 0.748633 
2024-07-21 16:30:08,122 superfastpath.py [line:304] one_slot INFO Leaving slot 4 
2024-07-21 16:30:08,122 superfastpath.py [line:230] one_slot INFO Entering slot 5 
2024-07-21 16:30:08,847 superfastpath.py [line:246] one_slot INFO pending block 5 in 0.724664 
2024-07-21 16:30:08,847 superfastpath.py [line:255] one_slot INFO 2pending block 5 in 0.724912 
2024-07-21 16:30:08,900 superfastpath.py [line:273] one_slot INFO read pending block 5 in 0.777639 
2024-07-21 16:30:08,900 superfastpath.py [line:304] one_slot INFO Leaving slot 5 
2024-07-21 16:30:08,900 superfastpath.py [line:230] one_slot INFO Entering slot 6 
2024-07-21 16:30:09,504 superfastpath.py [line:246] one_slot INFO pending block 6 in 0.603585 
2024-07-21 16:30:09,504 superfastpath.py [line:255] one_slot INFO 2pending block 6 in 0.603878 
2024-07-21 16:30:09,520 superfastpath.py [line:273] one_slot INFO read pending block 6 in 0.619471 
2024-07-21 16:30:09,520 superfastpath.py [line:304] one_slot INFO Leaving slot 6 
2024-07-21 16:30:09,521 superfastpath.py [line:230] one_slot INFO Entering slot 7 
2024-07-21 16:30:10,248 superfastpath.py [line:246] one_slot INFO pending block 7 in 0.727136 
2024-07-21 16:30:10,249 superfastpath.py [line:255] one_slot INFO 2pending block 7 in 0.727481 
2024-07-21 16:30:10,266 superfastpath.py [line:273] one_slot INFO read pending block 7 in 0.744426 
2024-07-21 16:30:10,266 superfastpath.py [line:304] one_slot INFO Leaving slot 7 
2024-07-21 16:30:10,266 superfastpath.py [line:230] one_slot INFO Entering slot 8 
2024-07-21 16:30:10,931 superfastpath.py [line:246] one_slot INFO pending block 8 in 0.664430 
2024-07-21 16:30:10,931 superfastpath.py [line:255] one_slot INFO 2pending block 8 in 0.664722 
2024-07-21 16:30:10,951 superfastpath.py [line:273] one_slot INFO read pending block 8 in 0.684598 
2024-07-21 16:30:10,951 superfastpath.py [line:304] one_slot INFO Leaving slot 8 
2024-07-21 16:30:10,951 superfastpath.py [line:230] one_slot INFO Entering slot 9 
2024-07-21 16:30:11,657 superfastpath.py [line:246] one_slot INFO pending block 9 in 0.705705 
2024-07-21 16:30:11,657 superfastpath.py [line:255] one_slot INFO 2pending block 9 in 0.706018 
2024-07-21 16:30:11,677 superfastpath.py [line:273] one_slot INFO read pending block 9 in 0.725058 
2024-07-21 16:30:11,677 superfastpath.py [line:282] one_slot INFO 3pending block 9 in 0.725295 
2024-07-21 16:30:11,677 superfastpath.py [line:286] one_slot INFO delay block 8 in 1.410534 
2024-07-21 16:30:11,703 superfastpath.py [line:293] one_slot INFO Fast block at Node 8 for Epoch sidAFAST0 and Slot 8 has delay, TPS and TXs: 1.410534143447876, 10000 
2024-07-21 16:30:11,704 superfastpath.py [line:295] one_slot INFO AVG TPS: 6956, running time 1.437430, weighted delay: 1.410534 
2024-07-21 16:30:11,704 superfastpath.py [line:300] one_slot INFO output block for slot 8 taking 1.437342 sec 
2024-07-21 16:30:11,704 superfastpath.py [line:304] one_slot INFO Leaving slot 9 
2024-07-21 16:30:11,704 superfastpath.py [line:230] one_slot INFO Entering slot 10 
2024-07-21 16:30:12,390 superfastpath.py [line:246] one_slot INFO pending block 10 in 0.686210 
2024-07-21 16:30:12,391 superfastpath.py [line:255] one_slot INFO 2pending block 10 in 0.686716 
2024-07-21 16:30:12,414 superfastpath.py [line:273] one_slot INFO read pending block 10 in 0.709580 
2024-07-21 16:30:12,414 superfastpath.py [line:282] one_slot INFO 3pending block 10 in 0.709820 
2024-07-21 16:30:12,414 superfastpath.py [line:286] one_slot INFO delay block 9 in 1.462625 
2024-07-21 16:30:12,433 superfastpath.py [line:293] one_slot INFO Fast block at Node 8 for Epoch sidAFAST0 and Slot 9 has delay, TPS and TXs: 1.4626250267028809, 20000 
2024-07-21 16:30:12,433 superfastpath.py [line:295] one_slot INFO AVG TPS: 9229, running time 2.166941, weighted delay: 1.436580 
2024-07-21 16:30:12,434 superfastpath.py [line:300] one_slot INFO output block for slot 9 taking 1.482116 sec 
2024-07-21 16:30:12,434 superfastpath.py [line:304] one_slot INFO Leaving slot 10 
2024-07-21 16:30:12,434 superfastpath.py [line:230] one_slot INFO Entering slot 11 
2024-07-21 16:30:13,140 superfastpath.py [line:246] one_slot INFO pending block 11 in 0.706297 
2024-07-21 16:30:13,142 superfastpath.py [line:255] one_slot INFO 2pending block 11 in 0.708168 
2024-07-21 16:30:13,175 superfastpath.py [line:273] one_slot INFO read pending block 11 in 0.741445 
2024-07-21 16:30:13,176 superfastpath.py [line:282] one_slot INFO 3pending block 11 in 0.741800 
2024-07-21 16:30:13,176 superfastpath.py [line:286] one_slot INFO delay block 10 in 1.471795 
2024-07-21 16:30:13,213 superfastpath.py [line:293] one_slot INFO Fast block at Node 8 for Epoch sidAFAST0 and Slot 10 has delay, TPS and TXs: 1.471794843673706, 30000 
2024-07-21 16:30:13,213 superfastpath.py [line:295] one_slot INFO AVG TPS: 10179, running time 2.947236, weighted delay: 1.448318 
2024-07-21 16:30:13,213 superfastpath.py [line:300] one_slot INFO output block for slot 10 taking 1.509308 sec 
2024-07-21 16:30:13,214 superfastpath.py [line:304] one_slot INFO Leaving slot 11 
2024-07-21 16:30:13,214 superfastpath.py [line:230] one_slot INFO Entering slot 12 
2024-07-21 16:30:13,877 superfastpath.py [line:246] one_slot INFO pending block 12 in 0.663420 
2024-07-21 16:30:13,878 superfastpath.py [line:255] one_slot INFO 2pending block 12 in 0.663984 
2024-07-21 16:30:13,893 superfastpath.py [line:273] one_slot INFO read pending block 12 in 0.679201 
2024-07-21 16:30:13,893 superfastpath.py [line:282] one_slot INFO 3pending block 12 in 0.679448 
2024-07-21 16:30:13,893 superfastpath.py [line:286] one_slot INFO delay block 11 in 1.459424 
2024-07-21 16:30:13,908 superfastpath.py [line:293] one_slot INFO Fast block at Node 8 for Epoch sidAFAST0 and Slot 11 has delay, TPS and TXs: 1.4594237804412842, 40000 
2024-07-21 16:30:13,908 superfastpath.py [line:295] one_slot INFO AVG TPS: 10982, running time 3.642025, weighted delay: 1.451094 
2024-07-21 16:30:13,908 superfastpath.py [line:300] one_slot INFO output block for slot 11 taking 1.474262 sec 
2024-07-21 16:30:13,908 superfastpath.py [line:304] one_slot INFO Leaving slot 12 
2024-07-21 16:30:13,908 superfastpath.py [line:230] one_slot INFO Entering slot 13 
2024-07-21 16:30:14,620 superfastpath.py [line:246] one_slot INFO pending block 13 in 0.711488 
2024-07-21 16:30:14,620 superfastpath.py [line:255] one_slot INFO 2pending block 13 in 0.711767 
2024-07-21 16:30:14,648 superfastpath.py [line:273] one_slot INFO read pending block 13 in 0.739846 
2024-07-21 16:30:14,649 superfastpath.py [line:282] one_slot INFO 3pending block 13 in 0.740050 
2024-07-21 16:30:14,649 superfastpath.py [line:286] one_slot INFO delay block 12 in 1.434880 
2024-07-21 16:30:14,664 superfastpath.py [line:293] one_slot INFO Fast block at Node 8 for Epoch sidAFAST0 and Slot 12 has delay, TPS and TXs: 1.434880256652832, 50000 
2024-07-21 16:30:14,664 superfastpath.py [line:295] one_slot INFO AVG TPS: 11369, running time 4.397686, weighted delay: 1.447852 
2024-07-21 16:30:14,664 superfastpath.py [line:300] one_slot INFO output block for slot 12 taking 1.450102 sec 
2024-07-21 16:30:14,664 superfastpath.py [line:304] one_slot INFO Leaving slot 13 
2024-07-21 16:30:14,664 superfastpath.py [line:230] one_slot INFO Entering slot 14 
2024-07-21 16:30:15,393 superfastpath.py [line:246] one_slot INFO pending block 14 in 0.728786 
2024-07-21 16:30:15,393 superfastpath.py [line:255] one_slot INFO 2pending block 14 in 0.729167 
2024-07-21 16:30:15,421 superfastpath.py [line:273] one_slot INFO read pending block 14 in 0.756560 
2024-07-21 16:30:15,421 superfastpath.py [line:282] one_slot INFO 3pending block 14 in 0.756820 
2024-07-21 16:30:15,421 superfastpath.py [line:286] one_slot INFO delay block 13 in 1.512625 
2024-07-21 16:30:15,439 superfastpath.py [line:293] one_slot INFO Fast block at Node 8 for Epoch sidAFAST0 and Slot 13 has delay, TPS and TXs: 1.512624740600586, 60000 
2024-07-21 16:30:15,439 superfastpath.py [line:295] one_slot INFO AVG TPS: 11598, running time 5.173066, weighted delay: 1.458647 
2024-07-21 16:30:15,439 superfastpath.py [line:300] one_slot INFO output block for slot 13 taking 1.530777 sec 
2024-07-21 16:30:15,439 superfastpath.py [line:304] one_slot INFO Leaving slot 14 
2024-07-21 16:30:15,439 superfastpath.py [line:230] one_slot INFO Entering slot 15 
2024-07-21 16:30:16,168 superfastpath.py [line:246] one_slot INFO pending block 15 in 0.727962 
2024-07-21 16:30:16,168 superfastpath.py [line:255] one_slot INFO 2pending block 15 in 0.728171 
2024-07-21 16:30:16,191 superfastpath.py [line:273] one_slot INFO read pending block 15 in 0.751757 
2024-07-21 16:30:16,192 superfastpath.py [line:282] one_slot INFO 3pending block 15 in 0.752050 
2024-07-21 16:30:16,192 superfastpath.py [line:286] one_slot INFO delay block 14 in 1.527592 
2024-07-21 16:30:16,212 superfastpath.py [line:293] one_slot INFO Fast block at Node 8 for Epoch sidAFAST0 and Slot 14 has delay, TPS and TXs: 1.5275919437408447, 70000 
2024-07-21 16:30:16,212 superfastpath.py [line:295] one_slot INFO AVG TPS: 11773, running time 5.945701, weighted delay: 1.468496 
2024-07-21 16:30:16,212 superfastpath.py [line:300] one_slot INFO output block for slot 14 taking 1.547738 sec 
2024-07-21 16:30:16,212 superfastpath.py [line:304] one_slot INFO Leaving slot 15 
2024-07-21 16:30:16,212 superfastpath.py [line:230] one_slot INFO Entering slot 16 
2024-07-21 16:30:16,592 superfastpath.py [line:246] one_slot INFO pending block 16 in 0.380219 
2024-07-21 16:30:16,593 superfastpath.py [line:255] one_slot INFO 2pending block 16 in 0.380460 
2024-07-21 16:30:16,593 superfastpath.py [line:273] one_slot INFO read pending block 16 in 0.380798 
2024-07-21 16:30:16,593 superfastpath.py [line:282] one_slot INFO 3pending block 16 in 0.380887 
2024-07-21 16:30:16,593 superfastpath.py [line:286] one_slot INFO delay block 15 in 1.153606 
2024-07-21 16:30:16,648 superfastpath.py [line:293] one_slot INFO Fast block at Node 8 for Epoch sidAFAST0 and Slot 15 has delay, TPS and TXs: 1.1536061763763428, 80000 
2024-07-21 16:30:16,648 superfastpath.py [line:295] one_slot INFO AVG TPS: 12534, running time 6.382205, weighted delay: 1.429135 
2024-07-21 16:30:16,650 superfastpath.py [line:300] one_slot INFO output block for slot 15 taking 1.210249 sec 
2024-07-21 16:30:16,651 superfastpath.py [line:304] one_slot INFO Leaving slot 16 
2024-07-21 16:30:16,651 superfastpath.py [line:369] sufastpath INFO Leaves fastpath at 17 slot 
2024-07-21 16:30:16,651 Superfast.py [line:308] wait_for_fastpath INFO Fastpath of epoch 0 completed 
2024-07-21 16:30:16,652 Superfast.py [line:337] _run_epoch INFO Fastpath tps: 12530 
2024-07-21 16:32:37,996 sufp_node.py [line:79] run INFO node 8's starts to run consensus on process id 26509 
2024-07-21 16:32:37,996 sufp_node.py [line:80] run INFO parameters: N=16, f=5, S=15, T=5, fast-batch=10000, acs-batch=62, K=1, O=0 
2024-07-21 16:32:37,996 sufp_node.py [line:62] prepare_bootstrap INFO node id 8 is inserting dummy payload TXs 
2024-07-21 16:32:37,997 sufp_node.py [line:70] prepare_bootstrap INFO node id 8 just inserts 50000 TXs 
2024-07-21 16:32:37,997 sufp_node.py [line:70] prepare_bootstrap INFO node id 8 just inserts 50000 TXs 
2024-07-21 16:32:37,997 sufp_node.py [line:74] prepare_bootstrap INFO node id 8 completed the loading of dummy TXs 
2024-07-21 16:32:37,997 Superfast.py [line:178] run_bft INFO Node 8 starts to run at time:1721550757.9974406 
2024-07-21 16:32:37,997 Superfast.py [line:231] _run_epoch INFO Node enters epoch 0 
2024-07-21 16:32:37,998 superfastpath.py [line:43] sufastpath INFO Entering fast path 
2024-07-21 16:32:37,998 superfastpath.py [line:230] one_slot INFO Entering slot 1 
2024-07-21 16:32:38,555 superfastpath.py [line:246] one_slot INFO pending block 1 in 0.557001 
2024-07-21 16:32:38,555 superfastpath.py [line:255] one_slot INFO 2pending block 1 in 0.557454 
2024-07-21 16:32:38,580 superfastpath.py [line:273] one_slot INFO read pending block 1 in 0.581914 
2024-07-21 16:32:38,580 superfastpath.py [line:304] one_slot INFO Leaving slot 1 
2024-07-21 16:32:38,580 superfastpath.py [line:230] one_slot INFO Entering slot 2 
2024-07-21 16:32:38,849 superfastpath.py [line:246] one_slot INFO pending block 2 in 0.268239 
2024-07-21 16:32:38,870 superfastpath.py [line:255] one_slot INFO 2pending block 2 in 0.289530 
2024-07-21 16:32:38,899 superfastpath.py [line:273] one_slot INFO read pending block 2 in 0.318718 
2024-07-21 16:32:38,899 superfastpath.py [line:304] one_slot INFO Leaving slot 2 
2024-07-21 16:32:38,899 superfastpath.py [line:230] one_slot INFO Entering slot 3 
2024-07-21 16:32:39,097 superfastpath.py [line:246] one_slot INFO pending block 3 in 0.197336 
2024-07-21 16:32:39,097 superfastpath.py [line:255] one_slot INFO 2pending block 3 in 0.197901 
2024-07-21 16:32:39,114 superfastpath.py [line:273] one_slot INFO read pending block 3 in 0.214483 
2024-07-21 16:32:39,114 superfastpath.py [line:304] one_slot INFO Leaving slot 3 
2024-07-21 16:32:39,114 superfastpath.py [line:230] one_slot INFO Entering slot 4 
2024-07-21 16:32:39,805 superfastpath.py [line:246] one_slot INFO pending block 4 in 0.691077 
2024-07-21 16:32:39,806 superfastpath.py [line:255] one_slot INFO 2pending block 4 in 0.691368 
2024-07-21 16:32:39,822 superfastpath.py [line:273] one_slot INFO read pending block 4 in 0.707486 
2024-07-21 16:32:39,822 superfastpath.py [line:304] one_slot INFO Leaving slot 4 
2024-07-21 16:32:39,822 superfastpath.py [line:230] one_slot INFO Entering slot 5 
2024-07-21 16:32:40,428 superfastpath.py [line:246] one_slot INFO pending block 5 in 0.605976 
2024-07-21 16:32:40,429 superfastpath.py [line:255] one_slot INFO 2pending block 5 in 0.606390 
2024-07-21 16:32:40,444 superfastpath.py [line:273] one_slot INFO read pending block 5 in 0.621397 
2024-07-21 16:32:40,444 superfastpath.py [line:304] one_slot INFO Leaving slot 5 
2024-07-21 16:32:40,444 superfastpath.py [line:230] one_slot INFO Entering slot 6 
2024-07-21 16:32:41,093 superfastpath.py [line:246] one_slot INFO pending block 6 in 0.649368 
2024-07-21 16:32:41,094 superfastpath.py [line:255] one_slot INFO 2pending block 6 in 0.649830 
2024-07-21 16:32:41,111 superfastpath.py [line:273] one_slot INFO read pending block 6 in 0.666468 
2024-07-21 16:32:41,111 superfastpath.py [line:304] one_slot INFO Leaving slot 6 
2024-07-21 16:32:41,111 superfastpath.py [line:230] one_slot INFO Entering slot 7 
2024-07-21 16:32:41,796 superfastpath.py [line:246] one_slot INFO pending block 7 in 0.685199 
2024-07-21 16:32:41,797 superfastpath.py [line:255] one_slot INFO 2pending block 7 in 0.685524 
2024-07-21 16:32:41,826 superfastpath.py [line:273] one_slot INFO read pending block 7 in 0.714839 
2024-07-21 16:32:41,826 superfastpath.py [line:304] one_slot INFO Leaving slot 7 
2024-07-21 16:32:41,826 superfastpath.py [line:230] one_slot INFO Entering slot 8 
2024-07-21 16:32:42,485 superfastpath.py [line:246] one_slot INFO pending block 8 in 0.658748 
2024-07-21 16:32:42,486 superfastpath.py [line:255] one_slot INFO 2pending block 8 in 0.659828 
2024-07-21 16:32:42,506 superfastpath.py [line:273] one_slot INFO read pending block 8 in 0.679919 
2024-07-21 16:32:42,506 superfastpath.py [line:304] one_slot INFO Leaving slot 8 
2024-07-21 16:32:42,507 superfastpath.py [line:230] one_slot INFO Entering slot 9 
2024-07-21 16:32:43,140 superfastpath.py [line:246] one_slot INFO pending block 9 in 0.633354 
2024-07-21 16:32:43,141 superfastpath.py [line:255] one_slot INFO 2pending block 9 in 0.633863 
2024-07-21 16:32:43,157 superfastpath.py [line:273] one_slot INFO read pending block 9 in 0.650646 
2024-07-21 16:32:43,158 superfastpath.py [line:282] one_slot INFO 3pending block 9 in 0.650884 
2024-07-21 16:32:43,158 superfastpath.py [line:286] one_slot INFO delay block 8 in 1.331371 
2024-07-21 16:32:43,195 superfastpath.py [line:293] one_slot INFO Fast block at Node 8 for Epoch sidAFAST0 and Slot 8 has delay, TPS and TXs: 1.3313713073730469, 10000 
2024-07-21 16:32:43,195 superfastpath.py [line:295] one_slot INFO AVG TPS: 7305, running time 1.368809, weighted delay: 1.331371 
2024-07-21 16:32:43,195 superfastpath.py [line:300] one_slot INFO output block for slot 8 taking 1.368784 sec 
2024-07-21 16:32:43,195 superfastpath.py [line:304] one_slot INFO Leaving slot 9 
2024-07-21 16:32:43,195 superfastpath.py [line:230] one_slot INFO Entering slot 10 
2024-07-21 16:32:43,829 superfastpath.py [line:246] one_slot INFO pending block 10 in 0.633646 
2024-07-21 16:32:43,887 superfastpath.py [line:255] one_slot INFO 2pending block 10 in 0.691156 
2024-07-21 16:32:43,912 superfastpath.py [line:273] one_slot INFO read pending block 10 in 0.716158 
2024-07-21 16:32:43,912 superfastpath.py [line:282] one_slot INFO 3pending block 10 in 0.716336 
2024-07-21 16:32:43,912 superfastpath.py [line:286] one_slot INFO delay block 9 in 1.405096 
2024-07-21 16:32:43,935 superfastpath.py [line:293] one_slot INFO Fast block at Node 8 for Epoch sidAFAST0 and Slot 9 has delay, TPS and TXs: 1.4050960540771484, 20000 
2024-07-21 16:32:43,935 superfastpath.py [line:295] one_slot INFO AVG TPS: 9481, running time 2.109280, weighted delay: 1.368234 
2024-07-21 16:32:43,936 superfastpath.py [line:300] one_slot INFO output block for slot 9 taking 1.428883 sec 
2024-07-21 16:32:43,936 superfastpath.py [line:304] one_slot INFO Leaving slot 10 
2024-07-21 16:32:43,936 superfastpath.py [line:230] one_slot INFO Entering slot 11 
2024-07-21 16:32:44,537 superfastpath.py [line:246] one_slot INFO pending block 11 in 0.601426 
2024-07-21 16:32:44,538 superfastpath.py [line:255] one_slot INFO 2pending block 11 in 0.602190 
2024-07-21 16:32:44,555 superfastpath.py [line:273] one_slot INFO read pending block 11 in 0.619294 
2024-07-21 16:32:44,556 superfastpath.py [line:282] one_slot INFO 3pending block 11 in 0.620120 
2024-07-21 16:32:44,556 superfastpath.py [line:286] one_slot INFO delay block 10 in 1.360920 
2024-07-21 16:32:44,572 superfastpath.py [line:293] one_slot INFO Fast block at Node 8 for Epoch sidAFAST0 and Slot 10 has delay, TPS and TXs: 1.360919713973999, 30000 
2024-07-21 16:32:44,572 superfastpath.py [line:295] one_slot INFO AVG TPS: 10926, running time 2.745523, weighted delay: 1.365796 
2024-07-21 16:32:44,572 superfastpath.py [line:300] one_slot INFO output block for slot 10 taking 1.376427 sec 
2024-07-21 16:32:44,572 superfastpath.py [line:304] one_slot INFO Leaving slot 11 
2024-07-21 16:32:44,572 superfastpath.py [line:230] one_slot INFO Entering slot 12 
2024-07-21 16:32:45,260 superfastpath.py [line:246] one_slot INFO pending block 12 in 0.687526 
2024-07-21 16:32:45,260 superfastpath.py [line:255] one_slot INFO 2pending block 12 in 0.687785 
2024-07-21 16:32:45,275 superfastpath.py [line:273] one_slot INFO read pending block 12 in 0.702641 
2024-07-21 16:32:45,275 superfastpath.py [line:282] one_slot INFO 3pending block 12 in 0.702899 
2024-07-21 16:32:45,275 superfastpath.py [line:286] one_slot INFO delay block 11 in 1.339134 
2024-07-21 16:32:45,290 superfastpath.py [line:293] one_slot INFO Fast block at Node 8 for Epoch sidAFAST0 and Slot 11 has delay, TPS and TXs: 1.3391337394714355, 40000 
2024-07-21 16:32:45,290 superfastpath.py [line:295] one_slot INFO AVG TPS: 11547, running time 3.463951, weighted delay: 1.359130 
2024-07-21 16:32:45,291 superfastpath.py [line:300] one_slot INFO output block for slot 11 taking 1.354676 sec 
2024-07-21 16:32:45,291 superfastpath.py [line:304] one_slot INFO Leaving slot 12 
2024-07-21 16:32:45,291 superfastpath.py [line:230] one_slot INFO Entering slot 13 
2024-07-21 16:32:45,940 superfastpath.py [line:246] one_slot INFO pending block 13 in 0.649122 
2024-07-21 16:32:45,940 superfastpath.py [line:255] one_slot INFO 2pending block 13 in 0.649360 
2024-07-21 16:32:45,956 superfastpath.py [line:273] one_slot INFO read pending block 13 in 0.664939 
2024-07-21 16:32:45,956 superfastpath.py [line:282] one_slot INFO 3pending block 13 in 0.665159 
2024-07-21 16:32:45,956 superfastpath.py [line:286] one_slot INFO delay block 12 in 1.384130 
2024-07-21 16:32:45,981 superfastpath.py [line:293] one_slot INFO Fast block at Node 8 for Epoch sidAFAST0 and Slot 12 has delay, TPS and TXs: 1.384129524230957, 50000 
2024-07-21 16:32:45,981 superfastpath.py [line:295] one_slot INFO AVG TPS: 12033, running time 4.154999, weighted delay: 1.364130 
2024-07-21 16:32:45,981 superfastpath.py [line:300] one_slot INFO output block for slot 12 taking 1.409288 sec 
2024-07-21 16:32:45,981 superfastpath.py [line:304] one_slot INFO Leaving slot 13 
2024-07-21 16:32:45,982 superfastpath.py [line:230] one_slot INFO Entering slot 14 
2024-07-21 16:32:46,607 superfastpath.py [line:246] one_slot INFO pending block 14 in 0.625225 
2024-07-21 16:32:46,608 superfastpath.py [line:255] one_slot INFO 2pending block 14 in 0.625890 
2024-07-21 16:32:46,631 superfastpath.py [line:273] one_slot INFO read pending block 14 in 0.648711 
2024-07-21 16:32:46,631 superfastpath.py [line:282] one_slot INFO 3pending block 14 in 0.649097 
2024-07-21 16:32:46,631 superfastpath.py [line:286] one_slot INFO delay block 13 in 1.340050 
2024-07-21 16:32:46,651 superfastpath.py [line:293] one_slot INFO Fast block at Node 8 for Epoch sidAFAST0 and Slot 13 has delay, TPS and TXs: 1.340050458908081, 60000 
2024-07-21 16:32:46,652 superfastpath.py [line:295] one_slot INFO AVG TPS: 12434, running time 4.825361, weighted delay: 1.360117 
2024-07-21 16:32:46,652 superfastpath.py [line:300] one_slot INFO output block for slot 13 taking 1.360672 sec 
2024-07-21 16:32:46,652 superfastpath.py [line:304] one_slot INFO Leaving slot 14 
2024-07-21 16:32:46,652 superfastpath.py [line:230] one_slot INFO Entering slot 15 
2024-07-21 16:32:47,301 superfastpath.py [line:246] one_slot INFO pending block 15 in 0.649381 
2024-07-21 16:32:47,302 superfastpath.py [line:255] one_slot INFO 2pending block 15 in 0.649615 
2024-07-21 16:32:47,318 superfastpath.py [line:273] one_slot INFO read pending block 15 in 0.666417 
2024-07-21 16:32:47,319 superfastpath.py [line:282] one_slot INFO 3pending block 15 in 0.666625 
2024-07-21 16:32:47,319 superfastpath.py [line:286] one_slot INFO delay block 14 in 1.336859 
2024-07-21 16:32:47,349 superfastpath.py [line:293] one_slot INFO Fast block at Node 8 for Epoch sidAFAST0 and Slot 14 has delay, TPS and TXs: 1.3368587493896484, 70000 
2024-07-21 16:32:47,349 superfastpath.py [line:295] one_slot INFO AVG TPS: 12674, running time 5.522725, weighted delay: 1.356794 
2024-07-21 16:32:47,349 superfastpath.py [line:300] one_slot INFO output block for slot 14 taking 1.367250 sec 
2024-07-21 16:32:47,349 superfastpath.py [line:304] one_slot INFO Leaving slot 15 
2024-07-21 16:32:47,349 superfastpath.py [line:230] one_slot INFO Entering slot 16 
2024-07-21 16:32:47,808 superfastpath.py [line:246] one_slot INFO pending block 16 in 0.458778 
2024-07-21 16:32:47,808 superfastpath.py [line:255] one_slot INFO 2pending block 16 in 0.458942 
2024-07-21 16:32:47,808 superfastpath.py [line:273] one_slot INFO read pending block 16 in 0.459062 
2024-07-21 16:32:47,808 superfastpath.py [line:282] one_slot INFO 3pending block 16 in 0.459137 
2024-07-21 16:32:47,809 superfastpath.py [line:286] one_slot INFO delay block 15 in 1.156628 
2024-07-21 16:32:47,916 superfastpath.py [line:293] one_slot INFO Fast block at Node 8 for Epoch sidAFAST0 and Slot 15 has delay, TPS and TXs: 1.1566283702850342, 80000 
2024-07-21 16:32:47,916 superfastpath.py [line:295] one_slot INFO AVG TPS: 13135, running time 6.090260, weighted delay: 1.331773 
2024-07-21 16:32:47,917 superfastpath.py [line:300] one_slot INFO output block for slot 15 taking 1.264591 sec 
2024-07-21 16:32:47,917 superfastpath.py [line:304] one_slot INFO Leaving slot 16 
2024-07-21 16:32:47,917 superfastpath.py [line:369] sufastpath INFO Leaves fastpath at 17 slot 
2024-07-21 16:32:47,917 Superfast.py [line:308] wait_for_fastpath INFO Fastpath of epoch 0 completed 
2024-07-21 16:32:47,917 Superfast.py [line:337] _run_epoch INFO Fastpath tps: 13135 
2024-07-21 16:35:18,115 sufp_node.py [line:79] run INFO node 8's starts to run consensus on process id 26771 
2024-07-21 16:35:18,115 sufp_node.py [line:80] run INFO parameters: N=16, f=5, S=15, T=5, fast-batch=10000, acs-batch=62, K=1, O=0 
2024-07-21 16:35:18,116 sufp_node.py [line:62] prepare_bootstrap INFO node id 8 is inserting dummy payload TXs 
2024-07-21 16:35:18,116 sufp_node.py [line:70] prepare_bootstrap INFO node id 8 just inserts 50000 TXs 
2024-07-21 16:35:18,116 sufp_node.py [line:70] prepare_bootstrap INFO node id 8 just inserts 50000 TXs 
2024-07-21 16:35:18,116 sufp_node.py [line:74] prepare_bootstrap INFO node id 8 completed the loading of dummy TXs 
2024-07-21 16:35:18,116 Superfast.py [line:178] run_bft INFO Node 8 starts to run at time:1721550918.1169305 
2024-07-21 16:35:18,117 Superfast.py [line:231] _run_epoch INFO Node enters epoch 0 
2024-07-21 16:35:18,117 superfastpath.py [line:43] sufastpath INFO Entering fast path 
2024-07-21 16:35:18,117 superfastpath.py [line:230] one_slot INFO Entering slot 1 
2024-07-21 16:35:18,782 superfastpath.py [line:246] one_slot INFO pending block 1 in 0.664847 
2024-07-21 16:35:18,783 superfastpath.py [line:255] one_slot INFO 2pending block 1 in 0.665054 
2024-07-21 16:35:18,846 superfastpath.py [line:273] one_slot INFO read pending block 1 in 0.728056 
2024-07-21 16:35:18,847 superfastpath.py [line:304] one_slot INFO Leaving slot 1 
2024-07-21 16:35:18,847 superfastpath.py [line:230] one_slot INFO Entering slot 2 
2024-07-21 16:35:19,070 superfastpath.py [line:246] one_slot INFO pending block 2 in 0.222714 
2024-07-21 16:35:19,070 superfastpath.py [line:255] one_slot INFO 2pending block 2 in 0.223479 
2024-07-21 16:35:19,095 superfastpath.py [line:273] one_slot INFO read pending block 2 in 0.247526 
2024-07-21 16:35:19,095 superfastpath.py [line:304] one_slot INFO Leaving slot 2 
2024-07-21 16:35:19,101 superfastpath.py [line:230] one_slot INFO Entering slot 3 
2024-07-21 16:35:19,320 superfastpath.py [line:246] one_slot INFO pending block 3 in 0.217113 
2024-07-21 16:35:19,320 superfastpath.py [line:255] one_slot INFO 2pending block 3 in 0.217327 
2024-07-21 16:35:19,346 superfastpath.py [line:273] one_slot INFO read pending block 3 in 0.242722 
2024-07-21 16:35:19,346 superfastpath.py [line:304] one_slot INFO Leaving slot 3 
2024-07-21 16:35:19,346 superfastpath.py [line:230] one_slot INFO Entering slot 4 
2024-07-21 16:35:19,728 superfastpath.py [line:246] one_slot INFO pending block 4 in 0.382122 
2024-07-21 16:35:19,729 superfastpath.py [line:255] one_slot INFO 2pending block 4 in 0.382335 
2024-07-21 16:35:19,743 superfastpath.py [line:273] one_slot INFO read pending block 4 in 0.397007 
2024-07-21 16:35:19,744 superfastpath.py [line:304] one_slot INFO Leaving slot 4 
2024-07-21 16:35:19,744 superfastpath.py [line:230] one_slot INFO Entering slot 5 
2024-07-21 16:35:20,185 superfastpath.py [line:246] one_slot INFO pending block 5 in 0.440842 
2024-07-21 16:35:20,185 superfastpath.py [line:255] one_slot INFO 2pending block 5 in 0.441069 
2024-07-21 16:35:20,203 superfastpath.py [line:273] one_slot INFO read pending block 5 in 0.458239 
2024-07-21 16:35:20,203 superfastpath.py [line:304] one_slot INFO Leaving slot 5 
2024-07-21 16:35:20,203 superfastpath.py [line:230] one_slot INFO Entering slot 6 
2024-07-21 16:35:20,576 superfastpath.py [line:246] one_slot INFO pending block 6 in 0.373091 
2024-07-21 16:35:20,576 superfastpath.py [line:255] one_slot INFO 2pending block 6 in 0.373440 
2024-07-21 16:35:20,616 superfastpath.py [line:273] one_slot INFO read pending block 6 in 0.412960 
2024-07-21 16:35:20,616 superfastpath.py [line:304] one_slot INFO Leaving slot 6 
2024-07-21 16:35:20,616 superfastpath.py [line:230] one_slot INFO Entering slot 7 
2024-07-21 16:35:20,986 superfastpath.py [line:246] one_slot INFO pending block 7 in 0.369998 
2024-07-21 16:35:20,987 superfastpath.py [line:255] one_slot INFO 2pending block 7 in 0.370209 
2024-07-21 16:35:21,012 superfastpath.py [line:273] one_slot INFO read pending block 7 in 0.395266 
2024-07-21 16:35:21,012 superfastpath.py [line:304] one_slot INFO Leaving slot 7 
2024-07-21 16:35:21,012 superfastpath.py [line:230] one_slot INFO Entering slot 8 
2024-07-21 16:35:21,399 superfastpath.py [line:246] one_slot INFO pending block 8 in 0.386772 
2024-07-21 16:35:21,399 superfastpath.py [line:255] one_slot INFO 2pending block 8 in 0.386979 
2024-07-21 16:35:21,416 superfastpath.py [line:273] one_slot INFO read pending block 8 in 0.403271 
2024-07-21 16:35:21,416 superfastpath.py [line:304] one_slot INFO Leaving slot 8 
2024-07-21 16:35:21,416 superfastpath.py [line:230] one_slot INFO Entering slot 9 
2024-07-21 16:35:21,813 superfastpath.py [line:246] one_slot INFO pending block 9 in 0.397102 
2024-07-21 16:35:21,813 superfastpath.py [line:255] one_slot INFO 2pending block 9 in 0.397324 
2024-07-21 16:35:21,830 superfastpath.py [line:273] one_slot INFO read pending block 9 in 0.414078 
2024-07-21 16:35:21,830 superfastpath.py [line:282] one_slot INFO 3pending block 9 in 0.414289 
2024-07-21 16:35:21,830 superfastpath.py [line:286] one_slot INFO delay block 8 in 0.818096 
2024-07-21 16:35:21,845 superfastpath.py [line:293] one_slot INFO Fast block at Node 8 for Epoch sidAFAST0 and Slot 8 has delay, TPS and TXs: 0.8180959224700928, 10000 
2024-07-21 16:35:21,845 superfastpath.py [line:295] one_slot INFO AVG TPS: 12005, running time 0.832952, weighted delay: 0.818096 
2024-07-21 16:35:21,845 superfastpath.py [line:300] one_slot INFO output block for slot 8 taking 0.832907 sec 
2024-07-21 16:35:21,845 superfastpath.py [line:304] one_slot INFO Leaving slot 9 
2024-07-21 16:35:21,845 superfastpath.py [line:230] one_slot INFO Entering slot 10 
2024-07-21 16:35:22,282 superfastpath.py [line:246] one_slot INFO pending block 10 in 0.436456 
2024-07-21 16:35:22,282 superfastpath.py [line:255] one_slot INFO 2pending block 10 in 0.436684 
2024-07-21 16:35:22,301 superfastpath.py [line:273] one_slot INFO read pending block 10 in 0.455039 
2024-07-21 16:35:22,301 superfastpath.py [line:282] one_slot INFO 3pending block 10 in 0.455417 
2024-07-21 16:35:22,301 superfastpath.py [line:286] one_slot INFO delay block 9 in 0.885101 
2024-07-21 16:35:22,318 superfastpath.py [line:293] one_slot INFO Fast block at Node 8 for Epoch sidAFAST0 and Slot 9 has delay, TPS and TXs: 0.8851010799407959, 20000 
2024-07-21 16:35:22,319 superfastpath.py [line:295] one_slot INFO AVG TPS: 15307, running time 1.306575, weighted delay: 0.851599 
2024-07-21 16:35:22,319 superfastpath.py [line:300] one_slot INFO output block for slot 9 taking 0.902813 sec 
2024-07-21 16:35:22,319 superfastpath.py [line:304] one_slot INFO Leaving slot 10 
2024-07-21 16:35:22,319 superfastpath.py [line:230] one_slot INFO Entering slot 11 
2024-07-21 16:35:22,735 superfastpath.py [line:246] one_slot INFO pending block 11 in 0.415725 
2024-07-21 16:35:22,735 superfastpath.py [line:255] one_slot INFO 2pending block 11 in 0.416079 
2024-07-21 16:35:22,752 superfastpath.py [line:273] one_slot INFO read pending block 11 in 0.432747 
2024-07-21 16:35:22,752 superfastpath.py [line:282] one_slot INFO 3pending block 11 in 0.433138 
2024-07-21 16:35:22,752 superfastpath.py [line:286] one_slot INFO delay block 10 in 0.906895 
2024-07-21 16:35:22,769 superfastpath.py [line:293] one_slot INFO Fast block at Node 8 for Epoch sidAFAST0 and Slot 10 has delay, TPS and TXs: 0.9068946838378906, 30000 
2024-07-21 16:35:22,769 superfastpath.py [line:295] one_slot INFO AVG TPS: 17075, running time 1.756871, weighted delay: 0.870031 
2024-07-21 16:35:22,769 superfastpath.py [line:300] one_slot INFO output block for slot 10 taking 0.923573 sec 
2024-07-21 16:35:22,769 superfastpath.py [line:304] one_slot INFO Leaving slot 11 
2024-07-21 16:35:22,769 superfastpath.py [line:230] one_slot INFO Entering slot 12 
2024-07-21 16:35:23,197 superfastpath.py [line:246] one_slot INFO pending block 12 in 0.427974 
2024-07-21 16:35:23,198 superfastpath.py [line:255] one_slot INFO 2pending block 12 in 0.428183 
2024-07-21 16:35:23,225 superfastpath.py [line:273] one_slot INFO read pending block 12 in 0.455638 
2024-07-21 16:35:23,226 superfastpath.py [line:282] one_slot INFO 3pending block 12 in 0.456155 
2024-07-21 16:35:23,226 superfastpath.py [line:286] one_slot INFO delay block 11 in 0.906575 
2024-07-21 16:35:23,243 superfastpath.py [line:293] one_slot INFO Fast block at Node 8 for Epoch sidAFAST0 and Slot 11 has delay, TPS and TXs: 0.9065749645233154, 40000 
2024-07-21 16:35:23,243 superfastpath.py [line:295] one_slot INFO AVG TPS: 17929, running time 2.230991, weighted delay: 0.879167 
2024-07-21 16:35:23,243 superfastpath.py [line:300] one_slot INFO output block for slot 11 taking 0.924089 sec 
2024-07-21 16:35:23,243 superfastpath.py [line:304] one_slot INFO Leaving slot 12 
2024-07-21 16:35:23,243 superfastpath.py [line:230] one_slot INFO Entering slot 13 
2024-07-21 16:35:23,661 superfastpath.py [line:246] one_slot INFO pending block 13 in 0.417705 
2024-07-21 16:35:23,662 superfastpath.py [line:255] one_slot INFO 2pending block 13 in 0.417950 
2024-07-21 16:35:23,679 superfastpath.py [line:273] one_slot INFO read pending block 13 in 0.435129 
2024-07-21 16:35:23,679 superfastpath.py [line:282] one_slot INFO 3pending block 13 in 0.435380 
2024-07-21 16:35:23,679 superfastpath.py [line:286] one_slot INFO delay block 12 in 0.909640 
2024-07-21 16:35:23,710 superfastpath.py [line:293] one_slot INFO Fast block at Node 8 for Epoch sidAFAST0 and Slot 12 has delay, TPS and TXs: 0.9096400737762451, 50000 
2024-07-21 16:35:23,710 superfastpath.py [line:295] one_slot INFO AVG TPS: 18529, running time 2.698347, weighted delay: 0.885261 
2024-07-21 16:35:23,711 superfastpath.py [line:300] one_slot INFO output block for slot 12 taking 0.941129 sec 
2024-07-21 16:35:23,711 superfastpath.py [line:304] one_slot INFO Leaving slot 13 
2024-07-21 16:35:23,711 superfastpath.py [line:230] one_slot INFO Entering slot 14 
2024-07-21 16:35:24,099 superfastpath.py [line:246] one_slot INFO pending block 14 in 0.388369 
2024-07-21 16:35:24,099 superfastpath.py [line:255] one_slot INFO 2pending block 14 in 0.388590 
2024-07-21 16:35:24,120 superfastpath.py [line:273] one_slot INFO read pending block 14 in 0.409543 
2024-07-21 16:35:24,121 superfastpath.py [line:282] one_slot INFO 3pending block 14 in 0.409744 
2024-07-21 16:35:24,121 superfastpath.py [line:286] one_slot INFO delay block 13 in 0.877161 
2024-07-21 16:35:24,139 superfastpath.py [line:293] one_slot INFO Fast block at Node 8 for Epoch sidAFAST0 and Slot 13 has delay, TPS and TXs: 0.8771607875823975, 60000 
2024-07-21 16:35:24,139 superfastpath.py [line:295] one_slot INFO AVG TPS: 19188, running time 3.126827, weighted delay: 0.883911 
2024-07-21 16:35:24,139 superfastpath.py [line:300] one_slot INFO output block for slot 13 taking 0.895477 sec 
2024-07-21 16:35:24,139 superfastpath.py [line:304] one_slot INFO Leaving slot 14 
2024-07-21 16:35:24,139 superfastpath.py [line:230] one_slot INFO Entering slot 15 
2024-07-21 16:35:24,509 superfastpath.py [line:246] one_slot INFO pending block 15 in 0.369176 
2024-07-21 16:35:24,509 superfastpath.py [line:255] one_slot INFO 2pending block 15 in 0.369430 
2024-07-21 16:35:24,526 superfastpath.py [line:273] one_slot INFO read pending block 15 in 0.386907 
2024-07-21 16:35:24,526 superfastpath.py [line:282] one_slot INFO 3pending block 15 in 0.387123 
2024-07-21 16:35:24,527 superfastpath.py [line:286] one_slot INFO delay block 14 in 0.815701 
2024-07-21 16:35:24,542 superfastpath.py [line:293] one_slot INFO Fast block at Node 8 for Epoch sidAFAST0 and Slot 14 has delay, TPS and TXs: 0.8157007694244385, 70000 
2024-07-21 16:35:24,542 superfastpath.py [line:295] one_slot INFO AVG TPS: 19828, running time 3.530291, weighted delay: 0.874167 
2024-07-21 16:35:24,542 superfastpath.py [line:300] one_slot INFO output block for slot 14 taking 0.831600 sec 
2024-07-21 16:35:24,543 superfastpath.py [line:304] one_slot INFO Leaving slot 15 
2024-07-21 16:35:24,543 superfastpath.py [line:230] one_slot INFO Entering slot 16 
2024-07-21 16:35:24,796 superfastpath.py [line:246] one_slot INFO pending block 16 in 0.252996 
2024-07-21 16:35:24,796 superfastpath.py [line:255] one_slot INFO 2pending block 16 in 0.253152 
2024-07-21 16:35:24,797 superfastpath.py [line:273] one_slot INFO read pending block 16 in 0.254480 
2024-07-21 16:35:24,797 superfastpath.py [line:282] one_slot INFO 3pending block 16 in 0.254629 
2024-07-21 16:35:24,798 superfastpath.py [line:286] one_slot INFO delay block 15 in 0.658166 
2024-07-21 16:35:24,860 superfastpath.py [line:293] one_slot INFO Fast block at Node 8 for Epoch sidAFAST0 and Slot 15 has delay, TPS and TXs: 0.6581664085388184, 80000 
2024-07-21 16:35:24,860 superfastpath.py [line:295] one_slot INFO AVG TPS: 20788, running time 3.848276, weighted delay: 0.847167 
2024-07-21 16:35:24,860 superfastpath.py [line:300] one_slot INFO output block for slot 15 taking 0.721068 sec 
2024-07-21 16:35:24,860 superfastpath.py [line:304] one_slot INFO Leaving slot 16 
2024-07-21 16:35:24,861 superfastpath.py [line:369] sufastpath INFO Leaves fastpath at 17 slot 
2024-07-21 16:35:24,861 Superfast.py [line:308] wait_for_fastpath INFO Fastpath of epoch 0 completed 
2024-07-21 16:35:24,861 Superfast.py [line:337] _run_epoch INFO Fastpath tps: 20787 
2024-07-21 16:35:29,862 Superfast.py [line:208] run_bft INFO node 8 breaks in 11.745621 seconds in epoch 0 with total delivered Txs 0 and average delay 0.000000 
2024-07-21 16:39:11,009 sufp_node.py [line:79] run INFO node 8's starts to run consensus on process id 27061 
2024-07-21 16:39:11,009 sufp_node.py [line:80] run INFO parameters: N=16, f=5, S=15, T=5, fast-batch=10000, acs-batch=62, K=1, O=0 
2024-07-21 16:39:11,009 sufp_node.py [line:62] prepare_bootstrap INFO node id 8 is inserting dummy payload TXs 
2024-07-21 16:39:11,010 sufp_node.py [line:70] prepare_bootstrap INFO node id 8 just inserts 50000 TXs 
2024-07-21 16:39:11,010 sufp_node.py [line:70] prepare_bootstrap INFO node id 8 just inserts 50000 TXs 
2024-07-21 16:39:11,010 sufp_node.py [line:74] prepare_bootstrap INFO node id 8 completed the loading of dummy TXs 
2024-07-21 16:39:11,010 Superfast.py [line:178] run_bft INFO Node 8 starts to run at time:1721551151.0107281 
2024-07-21 16:39:11,010 Superfast.py [line:231] _run_epoch INFO Node enters epoch 0 
2024-07-21 16:39:11,011 superfastpath.py [line:43] sufastpath INFO Entering fast path 
2024-07-21 16:39:11,012 superfastpath.py [line:230] one_slot INFO Entering slot 1 
2024-07-21 16:39:11,912 superfastpath.py [line:246] one_slot INFO pending block 1 in 0.900426 
2024-07-21 16:39:11,912 superfastpath.py [line:255] one_slot INFO 2pending block 1 in 0.900608 
2024-07-21 16:39:11,959 superfastpath.py [line:273] one_slot INFO read pending block 1 in 0.947104 
2024-07-21 16:39:11,959 superfastpath.py [line:304] one_slot INFO Leaving slot 1 
2024-07-21 16:39:11,959 superfastpath.py [line:230] one_slot INFO Entering slot 2 
2024-07-21 16:39:12,139 superfastpath.py [line:246] one_slot INFO pending block 2 in 0.179320 
2024-07-21 16:39:12,140 superfastpath.py [line:255] one_slot INFO 2pending block 2 in 0.180104 
2024-07-21 16:39:12,167 superfastpath.py [line:273] one_slot INFO read pending block 2 in 0.207122 
2024-07-21 16:39:12,167 superfastpath.py [line:304] one_slot INFO Leaving slot 2 
2024-07-21 16:39:12,167 superfastpath.py [line:230] one_slot INFO Entering slot 3 
2024-07-21 16:39:12,427 superfastpath.py [line:246] one_slot INFO pending block 3 in 0.259479 
2024-07-21 16:39:12,474 superfastpath.py [line:255] one_slot INFO 2pending block 3 in 0.307225 
2024-07-21 16:39:12,492 superfastpath.py [line:273] one_slot INFO read pending block 3 in 0.324360 
2024-07-21 16:39:12,492 superfastpath.py [line:304] one_slot INFO Leaving slot 3 
2024-07-21 16:39:12,514 superfastpath.py [line:230] one_slot INFO Entering slot 4 
2024-07-21 16:39:12,809 superfastpath.py [line:246] one_slot INFO pending block 4 in 0.295296 
2024-07-21 16:39:12,809 superfastpath.py [line:255] one_slot INFO 2pending block 4 in 0.295528 
2024-07-21 16:39:12,826 superfastpath.py [line:273] one_slot INFO read pending block 4 in 0.311924 
2024-07-21 16:39:12,826 superfastpath.py [line:304] one_slot INFO Leaving slot 4 
2024-07-21 16:39:12,826 superfastpath.py [line:230] one_slot INFO Entering slot 5 
2024-07-21 16:39:13,224 superfastpath.py [line:246] one_slot INFO pending block 5 in 0.397811 
2024-07-21 16:39:13,224 superfastpath.py [line:255] one_slot INFO 2pending block 5 in 0.398020 
2024-07-21 16:39:13,239 superfastpath.py [line:273] one_slot INFO read pending block 5 in 0.412853 
2024-07-21 16:39:13,239 superfastpath.py [line:304] one_slot INFO Leaving slot 5 
2024-07-21 16:39:13,240 superfastpath.py [line:230] one_slot INFO Entering slot 6 
2024-07-21 16:39:13,614 superfastpath.py [line:246] one_slot INFO pending block 6 in 0.374073 
2024-07-21 16:39:13,614 superfastpath.py [line:255] one_slot INFO 2pending block 6 in 0.374454 
2024-07-21 16:39:13,642 superfastpath.py [line:273] one_slot INFO read pending block 6 in 0.401555 
2024-07-21 16:39:13,642 superfastpath.py [line:304] one_slot INFO Leaving slot 6 
2024-07-21 16:39:13,643 superfastpath.py [line:230] one_slot INFO Entering slot 7 
2024-07-21 16:39:14,032 superfastpath.py [line:246] one_slot INFO pending block 7 in 0.388734 
2024-07-21 16:39:14,033 superfastpath.py [line:255] one_slot INFO 2pending block 7 in 0.388947 
2024-07-21 16:39:14,049 superfastpath.py [line:273] one_slot INFO read pending block 7 in 0.405510 
2024-07-21 16:39:14,049 superfastpath.py [line:304] one_slot INFO Leaving slot 7 
2024-07-21 16:39:14,049 superfastpath.py [line:230] one_slot INFO Entering slot 8 
2024-07-21 16:39:14,483 superfastpath.py [line:246] one_slot INFO pending block 8 in 0.432918 
2024-07-21 16:39:14,483 superfastpath.py [line:255] one_slot INFO 2pending block 8 in 0.433194 
2024-07-21 16:39:14,508 superfastpath.py [line:273] one_slot INFO read pending block 8 in 0.458868 
2024-07-21 16:39:14,509 superfastpath.py [line:304] one_slot INFO Leaving slot 8 
2024-07-21 16:39:14,509 superfastpath.py [line:230] one_slot INFO Entering slot 9 
2024-07-21 16:39:14,854 superfastpath.py [line:246] one_slot INFO pending block 9 in 0.345075 
2024-07-21 16:39:14,855 superfastpath.py [line:255] one_slot INFO 2pending block 9 in 0.345299 
2024-07-21 16:39:14,876 superfastpath.py [line:273] one_slot INFO read pending block 9 in 0.366457 
2024-07-21 16:39:14,876 superfastpath.py [line:282] one_slot INFO 3pending block 9 in 0.366946 
2024-07-21 16:39:14,876 superfastpath.py [line:286] one_slot INFO delay block 8 in 0.826754 
2024-07-21 16:39:14,898 superfastpath.py [line:293] one_slot INFO Fast block at Node 8 for Epoch sidAFAST0 and Slot 8 has delay, TPS and TXs: 0.826754093170166, 10000 
2024-07-21 16:39:14,898 superfastpath.py [line:295] one_slot INFO AVG TPS: 11779, running time 0.848938, weighted delay: 0.826754 
2024-07-21 16:39:14,899 superfastpath.py [line:300] one_slot INFO output block for slot 8 taking 0.848914 sec 
2024-07-21 16:39:14,899 superfastpath.py [line:304] one_slot INFO Leaving slot 9 
2024-07-21 16:39:14,899 superfastpath.py [line:230] one_slot INFO Entering slot 10 
2024-07-21 16:39:15,283 superfastpath.py [line:246] one_slot INFO pending block 10 in 0.383772 
2024-07-21 16:39:15,283 superfastpath.py [line:255] one_slot INFO 2pending block 10 in 0.383998 
2024-07-21 16:39:15,309 superfastpath.py [line:273] one_slot INFO read pending block 10 in 0.410562 
2024-07-21 16:39:15,310 superfastpath.py [line:282] one_slot INFO 3pending block 10 in 0.410825 
2024-07-21 16:39:15,310 superfastpath.py [line:286] one_slot INFO delay block 9 in 0.800560 
2024-07-21 16:39:15,330 superfastpath.py [line:293] one_slot INFO Fast block at Node 8 for Epoch sidAFAST0 and Slot 9 has delay, TPS and TXs: 0.8005602359771729, 20000 
2024-07-21 16:39:15,330 superfastpath.py [line:295] one_slot INFO AVG TPS: 15619, running time 1.280469, weighted delay: 0.813657 
2024-07-21 16:39:15,330 superfastpath.py [line:300] one_slot INFO output block for slot 9 taking 0.820796 sec 
2024-07-21 16:39:15,330 superfastpath.py [line:304] one_slot INFO Leaving slot 10 
2024-07-21 16:39:15,330 superfastpath.py [line:230] one_slot INFO Entering slot 11 
2024-07-21 16:39:15,736 superfastpath.py [line:246] one_slot INFO pending block 11 in 0.405788 
2024-07-21 16:39:15,737 superfastpath.py [line:255] one_slot INFO 2pending block 11 in 0.406091 
2024-07-21 16:39:15,767 superfastpath.py [line:273] one_slot INFO read pending block 11 in 0.436089 
2024-07-21 16:39:15,767 superfastpath.py [line:282] one_slot INFO 3pending block 11 in 0.436282 
2024-07-21 16:39:15,767 superfastpath.py [line:286] one_slot INFO delay block 10 in 0.868012 
2024-07-21 16:39:15,791 superfastpath.py [line:293] one_slot INFO Fast block at Node 8 for Epoch sidAFAST0 and Slot 10 has delay, TPS and TXs: 0.8680121898651123, 30000 
2024-07-21 16:39:15,792 superfastpath.py [line:295] one_slot INFO AVG TPS: 17220, running time 1.742094, weighted delay: 0.831776 
2024-07-21 16:39:15,792 superfastpath.py [line:300] one_slot INFO output block for slot 10 taking 0.893267 sec 
2024-07-21 16:39:15,792 superfastpath.py [line:304] one_slot INFO Leaving slot 11 
2024-07-21 16:39:15,792 superfastpath.py [line:230] one_slot INFO Entering slot 12 
2024-07-21 16:39:16,231 superfastpath.py [line:246] one_slot INFO pending block 12 in 0.438833 
2024-07-21 16:39:16,232 superfastpath.py [line:255] one_slot INFO 2pending block 12 in 0.439055 
2024-07-21 16:39:16,253 superfastpath.py [line:273] one_slot INFO read pending block 12 in 0.460809 
2024-07-21 16:39:16,254 superfastpath.py [line:282] one_slot INFO 3pending block 12 in 0.461211 
2024-07-21 16:39:16,254 superfastpath.py [line:286] one_slot INFO delay block 11 in 0.923414 
2024-07-21 16:39:16,276 superfastpath.py [line:293] one_slot INFO Fast block at Node 8 for Epoch sidAFAST0 and Slot 11 has delay, TPS and TXs: 0.9234144687652588, 40000 
2024-07-21 16:39:16,276 superfastpath.py [line:295] one_slot INFO AVG TPS: 17963, running time 2.226787, weighted delay: 0.854685 
2024-07-21 16:39:16,276 superfastpath.py [line:300] one_slot INFO output block for slot 11 taking 0.945925 sec 
2024-07-21 16:39:16,276 superfastpath.py [line:304] one_slot INFO Leaving slot 12 
2024-07-21 16:39:16,277 superfastpath.py [line:230] one_slot INFO Entering slot 13 
2024-07-21 16:39:16,719 superfastpath.py [line:246] one_slot INFO pending block 13 in 0.442568 
2024-07-21 16:39:16,720 superfastpath.py [line:255] one_slot INFO 2pending block 13 in 0.442920 
2024-07-21 16:39:16,738 superfastpath.py [line:273] one_slot INFO read pending block 13 in 0.460865 
2024-07-21 16:39:16,738 superfastpath.py [line:282] one_slot INFO 3pending block 13 in 0.461141 
2024-07-21 16:39:16,738 superfastpath.py [line:286] one_slot INFO delay block 12 in 0.945423 
2024-07-21 16:39:16,755 superfastpath.py [line:293] one_slot INFO Fast block at Node 8 for Epoch sidAFAST0 and Slot 12 has delay, TPS and TXs: 0.9454231262207031, 50000 
2024-07-21 16:39:16,755 superfastpath.py [line:295] one_slot INFO AVG TPS: 18479, running time 2.705716, weighted delay: 0.872833 
2024-07-21 16:39:16,755 superfastpath.py [line:300] one_slot INFO output block for slot 12 taking 0.962803 sec 
2024-07-21 16:39:16,755 superfastpath.py [line:304] one_slot INFO Leaving slot 13 
2024-07-21 16:39:16,755 superfastpath.py [line:230] one_slot INFO Entering slot 14 
2024-07-21 16:39:17,166 superfastpath.py [line:246] one_slot INFO pending block 14 in 0.410894 
2024-07-21 16:39:17,167 superfastpath.py [line:255] one_slot INFO 2pending block 14 in 0.411095 
2024-07-21 16:39:17,183 superfastpath.py [line:273] one_slot INFO read pending block 14 in 0.426911 
2024-07-21 16:39:17,183 superfastpath.py [line:282] one_slot INFO 3pending block 14 in 0.427143 
2024-07-21 16:39:17,183 superfastpath.py [line:286] one_slot INFO delay block 13 in 0.906184 
2024-07-21 16:39:17,205 superfastpath.py [line:293] one_slot INFO Fast block at Node 8 for Epoch sidAFAST0 and Slot 13 has delay, TPS and TXs: 0.9061837196350098, 60000 
2024-07-21 16:39:17,205 superfastpath.py [line:295] one_slot INFO AVG TPS: 19014, running time 3.155418, weighted delay: 0.878391 
2024-07-21 16:39:17,205 superfastpath.py [line:300] one_slot INFO output block for slot 13 taking 0.928763 sec 
2024-07-21 16:39:17,205 superfastpath.py [line:304] one_slot INFO Leaving slot 14 
2024-07-21 16:39:17,206 superfastpath.py [line:230] one_slot INFO Entering slot 15 
2024-07-21 16:39:17,642 superfastpath.py [line:246] one_slot INFO pending block 15 in 0.436280 
2024-07-21 16:39:17,642 superfastpath.py [line:255] one_slot INFO 2pending block 15 in 0.436489 
2024-07-21 16:39:17,662 superfastpath.py [line:273] one_slot INFO read pending block 15 in 0.456599 
2024-07-21 16:39:17,667 superfastpath.py [line:282] one_slot INFO 3pending block 15 in 0.461123 
2024-07-21 16:39:17,667 superfastpath.py [line:286] one_slot INFO delay block 14 in 0.911508 
2024-07-21 16:39:17,685 superfastpath.py [line:293] one_slot INFO Fast block at Node 8 for Epoch sidAFAST0 and Slot 14 has delay, TPS and TXs: 0.9115076065063477, 70000 
2024-07-21 16:39:17,685 superfastpath.py [line:295] one_slot INFO AVG TPS: 19254, running time 3.635512, weighted delay: 0.883122 
2024-07-21 16:39:17,685 superfastpath.py [line:300] one_slot INFO output block for slot 14 taking 0.929547 sec 
2024-07-21 16:39:17,685 superfastpath.py [line:304] one_slot INFO Leaving slot 15 
2024-07-21 16:39:17,686 superfastpath.py [line:230] one_slot INFO Entering slot 16 
2024-07-21 16:39:17,932 superfastpath.py [line:246] one_slot INFO pending block 16 in 0.246152 
2024-07-21 16:39:17,932 superfastpath.py [line:255] one_slot INFO 2pending block 16 in 0.246490 
2024-07-21 16:39:17,932 superfastpath.py [line:273] one_slot INFO read pending block 16 in 0.246798 
2024-07-21 16:39:17,933 superfastpath.py [line:282] one_slot INFO 3pending block 16 in 0.246915 
2024-07-21 16:39:17,933 superfastpath.py [line:286] one_slot INFO delay block 15 in 0.726914 
2024-07-21 16:39:17,962 superfastpath.py [line:293] one_slot INFO Fast block at Node 8 for Epoch sidAFAST0 and Slot 15 has delay, TPS and TXs: 0.7269139289855957, 80000 
2024-07-21 16:39:17,962 superfastpath.py [line:295] one_slot INFO AVG TPS: 20445, running time 3.912921, weighted delay: 0.863596 
2024-07-21 16:39:17,962 superfastpath.py [line:300] one_slot INFO output block for slot 15 taking 0.756720 sec 
2024-07-21 16:39:17,963 superfastpath.py [line:304] one_slot INFO Leaving slot 16 
2024-07-21 16:39:17,963 superfastpath.py [line:369] sufastpath INFO Leaves fastpath at 17 slot 
2024-07-21 16:39:17,963 Superfast.py [line:308] wait_for_fastpath INFO Fastpath of epoch 0 completed 
2024-07-21 16:39:17,963 Superfast.py [line:337] _run_epoch INFO Fastpath tps: 20444 delay 0.863596 
2024-07-21 16:39:22,964 Superfast.py [line:208] run_bft INFO node 8 breaks in 11.953838 seconds in epoch 0 with total delivered Txs 0 and average delay 0.000000 
2024-07-21 16:42:42,083 sufp_node.py [line:79] run INFO node 8's starts to run consensus on process id 27614 
2024-07-21 16:42:42,083 sufp_node.py [line:80] run INFO parameters: N=16, f=5, S=15, T=5, fast-batch=10000, acs-batch=62, K=1, O=0 
2024-07-21 16:42:42,083 sufp_node.py [line:62] prepare_bootstrap INFO node id 8 is inserting dummy payload TXs 
2024-07-21 16:42:42,084 sufp_node.py [line:70] prepare_bootstrap INFO node id 8 just inserts 50000 TXs 
2024-07-21 16:42:42,084 sufp_node.py [line:70] prepare_bootstrap INFO node id 8 just inserts 50000 TXs 
2024-07-21 16:42:42,084 sufp_node.py [line:74] prepare_bootstrap INFO node id 8 completed the loading of dummy TXs 
2024-07-21 16:42:42,084 Superfast.py [line:178] run_bft INFO Node 8 starts to run at time:1721551362.0847614 
2024-07-21 16:42:42,084 Superfast.py [line:231] _run_epoch INFO Node enters epoch 0 
2024-07-21 16:42:42,085 superfastpath.py [line:43] sufastpath INFO Entering fast path 
2024-07-21 16:42:42,085 superfastpath.py [line:230] one_slot INFO Entering slot 1 
2024-07-21 16:42:42,282 superfastpath.py [line:246] one_slot INFO pending block 1 in 0.196865 
2024-07-21 16:42:42,283 superfastpath.py [line:255] one_slot INFO 2pending block 1 in 0.197092 
2024-07-21 16:42:42,325 superfastpath.py [line:273] one_slot INFO read pending block 1 in 0.239096 
2024-07-21 16:42:42,325 superfastpath.py [line:304] one_slot INFO Leaving slot 1 
2024-07-21 16:42:42,325 superfastpath.py [line:230] one_slot INFO Entering slot 2 
2024-07-21 16:42:42,525 superfastpath.py [line:246] one_slot INFO pending block 2 in 0.199404 
2024-07-21 16:42:42,525 superfastpath.py [line:255] one_slot INFO 2pending block 2 in 0.199573 
2024-07-21 16:42:42,586 superfastpath.py [line:273] one_slot INFO read pending block 2 in 0.261117 
2024-07-21 16:42:42,587 superfastpath.py [line:304] one_slot INFO Leaving slot 2 
2024-07-21 16:42:42,590 superfastpath.py [line:230] one_slot INFO Entering slot 3 
2024-07-21 16:42:42,795 superfastpath.py [line:246] one_slot INFO pending block 3 in 0.205277 
2024-07-21 16:42:42,796 superfastpath.py [line:255] one_slot INFO 2pending block 3 in 0.205795 
2024-07-21 16:42:42,814 superfastpath.py [line:273] one_slot INFO read pending block 3 in 0.223727 
2024-07-21 16:42:42,814 superfastpath.py [line:304] one_slot INFO Leaving slot 3 
2024-07-21 16:42:42,814 superfastpath.py [line:230] one_slot INFO Entering slot 4 
2024-07-21 16:42:43,193 superfastpath.py [line:246] one_slot INFO pending block 4 in 0.378394 
2024-07-21 16:42:43,193 superfastpath.py [line:255] one_slot INFO 2pending block 4 in 0.378600 
2024-07-21 16:42:43,213 superfastpath.py [line:273] one_slot INFO read pending block 4 in 0.398374 
2024-07-21 16:42:43,213 superfastpath.py [line:304] one_slot INFO Leaving slot 4 
2024-07-21 16:42:43,213 superfastpath.py [line:230] one_slot INFO Entering slot 5 
2024-07-21 16:42:43,590 superfastpath.py [line:246] one_slot INFO pending block 5 in 0.375876 
2024-07-21 16:42:43,590 superfastpath.py [line:255] one_slot INFO 2pending block 5 in 0.376054 
2024-07-21 16:42:43,607 superfastpath.py [line:273] one_slot INFO read pending block 5 in 0.392838 
2024-07-21 16:42:43,607 superfastpath.py [line:304] one_slot INFO Leaving slot 5 
2024-07-21 16:42:43,607 superfastpath.py [line:230] one_slot INFO Entering slot 6 
2024-07-21 16:42:44,005 superfastpath.py [line:246] one_slot INFO pending block 6 in 0.397750 
2024-07-21 16:42:44,005 superfastpath.py [line:255] one_slot INFO 2pending block 6 in 0.397965 
2024-07-21 16:42:44,023 superfastpath.py [line:273] one_slot INFO read pending block 6 in 0.415902 
2024-07-21 16:42:44,023 superfastpath.py [line:304] one_slot INFO Leaving slot 6 
2024-07-21 16:42:44,023 superfastpath.py [line:230] one_slot INFO Entering slot 7 
2024-07-21 16:42:44,442 superfastpath.py [line:246] one_slot INFO pending block 7 in 0.418435 
2024-07-21 16:42:44,442 superfastpath.py [line:255] one_slot INFO 2pending block 7 in 0.418640 
2024-07-21 16:42:44,461 superfastpath.py [line:273] one_slot INFO read pending block 7 in 0.437328 
2024-07-21 16:42:44,461 superfastpath.py [line:304] one_slot INFO Leaving slot 7 
2024-07-21 16:42:44,462 superfastpath.py [line:230] one_slot INFO Entering slot 8 
2024-07-21 16:42:44,867 superfastpath.py [line:246] one_slot INFO pending block 8 in 0.404914 
2024-07-21 16:42:44,868 superfastpath.py [line:255] one_slot INFO 2pending block 8 in 0.405563 
2024-07-21 16:42:44,885 superfastpath.py [line:273] one_slot INFO read pending block 8 in 0.422453 
2024-07-21 16:42:44,885 superfastpath.py [line:304] one_slot INFO Leaving slot 8 
2024-07-21 16:42:44,885 superfastpath.py [line:230] one_slot INFO Entering slot 9 
2024-07-21 16:42:45,280 superfastpath.py [line:246] one_slot INFO pending block 9 in 0.394874 
2024-07-21 16:42:45,280 superfastpath.py [line:255] one_slot INFO 2pending block 9 in 0.395087 
2024-07-21 16:42:45,294 superfastpath.py [line:273] one_slot INFO read pending block 9 in 0.409345 
2024-07-21 16:42:45,295 superfastpath.py [line:282] one_slot INFO 3pending block 9 in 0.409691 
2024-07-21 16:42:45,295 superfastpath.py [line:286] one_slot INFO delay block 8 in 0.832733 
2024-07-21 16:42:45,315 superfastpath.py [line:293] one_slot INFO Fast block at Node 8 for Epoch sidAFAST0 and Slot 8 has delay, TPS and TXs: 0.8327329158782959, 10000 
2024-07-21 16:42:45,315 superfastpath.py [line:295] one_slot INFO AVG TPS: 11707, running time 0.854121, weighted delay: 0.832733 
2024-07-21 16:42:45,315 superfastpath.py [line:300] one_slot INFO output block for slot 8 taking 0.853435 sec 
2024-07-21 16:42:45,316 superfastpath.py [line:304] one_slot INFO Leaving slot 9 
2024-07-21 16:42:45,316 superfastpath.py [line:230] one_slot INFO Entering slot 10 
2024-07-21 16:42:45,739 superfastpath.py [line:246] one_slot INFO pending block 10 in 0.422846 
2024-07-21 16:42:45,739 superfastpath.py [line:255] one_slot INFO 2pending block 10 in 0.423235 
2024-07-21 16:42:45,769 superfastpath.py [line:273] one_slot INFO read pending block 10 in 0.453208 
2024-07-21 16:42:45,769 superfastpath.py [line:282] one_slot INFO 3pending block 10 in 0.453417 
2024-07-21 16:42:45,769 superfastpath.py [line:286] one_slot INFO delay block 9 in 0.884450 
2024-07-21 16:42:45,795 superfastpath.py [line:293] one_slot INFO Fast block at Node 8 for Epoch sidAFAST0 and Slot 9 has delay, TPS and TXs: 0.8844501972198486, 20000 
2024-07-21 16:42:45,795 superfastpath.py [line:295] one_slot INFO AVG TPS: 14997, running time 1.333571, weighted delay: 0.858592 
2024-07-21 16:42:45,795 superfastpath.py [line:300] one_slot INFO output block for slot 9 taking 0.909968 sec 
2024-07-21 16:42:45,795 superfastpath.py [line:304] one_slot INFO Leaving slot 10 
2024-07-21 16:42:45,795 superfastpath.py [line:230] one_slot INFO Entering slot 11 
2024-07-21 16:42:46,154 superfastpath.py [line:246] one_slot INFO pending block 11 in 0.358643 
2024-07-21 16:42:46,155 superfastpath.py [line:255] one_slot INFO 2pending block 11 in 0.359086 
2024-07-21 16:42:46,176 superfastpath.py [line:273] one_slot INFO read pending block 11 in 0.380128 
2024-07-21 16:42:46,176 superfastpath.py [line:282] one_slot INFO 3pending block 11 in 0.380385 
2024-07-21 16:42:46,176 superfastpath.py [line:286] one_slot INFO delay block 10 in 0.860099 
2024-07-21 16:42:46,196 superfastpath.py [line:293] one_slot INFO Fast block at Node 8 for Epoch sidAFAST0 and Slot 10 has delay, TPS and TXs: 0.8600990772247314, 30000 
2024-07-21 16:42:46,196 superfastpath.py [line:295] one_slot INFO AVG TPS: 17294, running time 1.734635, weighted delay: 0.859094 
2024-07-21 16:42:46,197 superfastpath.py [line:300] one_slot INFO output block for slot 10 taking 0.880813 sec 
2024-07-21 16:42:46,197 superfastpath.py [line:304] one_slot INFO Leaving slot 11 
2024-07-21 16:42:46,197 superfastpath.py [line:230] one_slot INFO Entering slot 12 
2024-07-21 16:42:46,603 superfastpath.py [line:246] one_slot INFO pending block 12 in 0.406193 
2024-07-21 16:42:46,604 superfastpath.py [line:255] one_slot INFO 2pending block 12 in 0.406911 
2024-07-21 16:42:46,624 superfastpath.py [line:273] one_slot INFO read pending block 12 in 0.426781 
2024-07-21 16:42:46,624 superfastpath.py [line:282] one_slot INFO 3pending block 12 in 0.427000 
2024-07-21 16:42:46,624 superfastpath.py [line:286] one_slot INFO delay block 11 in 0.828721 
2024-07-21 16:42:46,644 superfastpath.py [line:293] one_slot INFO Fast block at Node 8 for Epoch sidAFAST0 and Slot 11 has delay, TPS and TXs: 0.8287208080291748, 40000 
2024-07-21 16:42:46,645 superfastpath.py [line:295] one_slot INFO AVG TPS: 18320, running time 2.183290, weighted delay: 0.851501 
2024-07-21 16:42:46,645 superfastpath.py [line:300] one_slot INFO output block for slot 11 taking 0.849149 sec 
2024-07-21 16:42:46,645 superfastpath.py [line:304] one_slot INFO Leaving slot 12 
2024-07-21 16:42:46,645 superfastpath.py [line:230] one_slot INFO Entering slot 13 
2024-07-21 16:42:47,112 superfastpath.py [line:246] one_slot INFO pending block 13 in 0.467133 
2024-07-21 16:42:47,113 superfastpath.py [line:255] one_slot INFO 2pending block 13 in 0.467366 
2024-07-21 16:42:47,133 superfastpath.py [line:273] one_slot INFO read pending block 13 in 0.487356 
2024-07-21 16:42:47,133 superfastpath.py [line:282] one_slot INFO 3pending block 13 in 0.487569 
2024-07-21 16:42:47,133 superfastpath.py [line:286] one_slot INFO delay block 12 in 0.935712 
2024-07-21 16:42:47,150 superfastpath.py [line:293] one_slot INFO Fast block at Node 8 for Epoch sidAFAST0 and Slot 12 has delay, TPS and TXs: 0.9357120990753174, 50000 
2024-07-21 16:42:47,150 superfastpath.py [line:295] one_slot INFO AVG TPS: 18593, running time 2.689184, weighted delay: 0.868343 
2024-07-21 16:42:47,151 superfastpath.py [line:300] one_slot INFO output block for slot 12 taking 0.953494 sec 
2024-07-21 16:42:47,151 superfastpath.py [line:304] one_slot INFO Leaving slot 13 
2024-07-21 16:42:47,151 superfastpath.py [line:230] one_slot INFO Entering slot 14 
2024-07-21 16:42:47,517 superfastpath.py [line:246] one_slot INFO pending block 14 in 0.365820 
2024-07-21 16:42:47,519 superfastpath.py [line:255] one_slot INFO 2pending block 14 in 0.367422 
2024-07-21 16:42:47,551 superfastpath.py [line:273] one_slot INFO read pending block 14 in 0.399614 
2024-07-21 16:42:47,551 superfastpath.py [line:282] one_slot INFO 3pending block 14 in 0.399813 
2024-07-21 16:42:47,551 superfastpath.py [line:286] one_slot INFO delay block 13 in 0.906164 
2024-07-21 16:42:47,580 superfastpath.py [line:293] one_slot INFO Fast block at Node 8 for Epoch sidAFAST0 and Slot 13 has delay, TPS and TXs: 0.9061636924743652, 60000 
2024-07-21 16:42:47,580 superfastpath.py [line:295] one_slot INFO AVG TPS: 19240, running time 3.118476, weighted delay: 0.874646 
2024-07-21 16:42:47,580 superfastpath.py [line:300] one_slot INFO output block for slot 13 taking 0.934683 sec 
2024-07-21 16:42:47,580 superfastpath.py [line:304] one_slot INFO Leaving slot 14 
2024-07-21 16:42:47,580 superfastpath.py [line:230] one_slot INFO Entering slot 15 
2024-07-21 16:42:47,954 superfastpath.py [line:246] one_slot INFO pending block 15 in 0.373748 
2024-07-21 16:42:47,955 superfastpath.py [line:255] one_slot INFO 2pending block 15 in 0.374388 
2024-07-21 16:42:47,982 superfastpath.py [line:273] one_slot INFO read pending block 15 in 0.402138 
2024-07-21 16:42:47,983 superfastpath.py [line:282] one_slot INFO 3pending block 15 in 0.402536 
2024-07-21 16:42:47,983 superfastpath.py [line:286] one_slot INFO delay block 14 in 0.831460 
2024-07-21 16:42:48,005 superfastpath.py [line:293] one_slot INFO Fast block at Node 8 for Epoch sidAFAST0 and Slot 14 has delay, TPS and TXs: 0.8314597606658936, 70000 
2024-07-21 16:42:48,005 superfastpath.py [line:295] one_slot INFO AVG TPS: 19750, running time 3.544148, weighted delay: 0.868477 
2024-07-21 16:42:48,006 superfastpath.py [line:300] one_slot INFO output block for slot 14 taking 0.854132 sec 
2024-07-21 16:42:48,006 superfastpath.py [line:304] one_slot INFO Leaving slot 15 
2024-07-21 16:42:48,006 superfastpath.py [line:230] one_slot INFO Entering slot 16 
2024-07-21 16:42:48,222 superfastpath.py [line:246] one_slot INFO pending block 16 in 0.216436 
2024-07-21 16:42:48,223 superfastpath.py [line:255] one_slot INFO 2pending block 16 in 0.216590 
2024-07-21 16:42:48,223 superfastpath.py [line:273] one_slot INFO read pending block 16 in 0.216705 
2024-07-21 16:42:48,223 superfastpath.py [line:282] one_slot INFO 3pending block 16 in 0.216778 
2024-07-21 16:42:48,223 superfastpath.py [line:286] one_slot INFO delay block 15 in 0.642599 
2024-07-21 16:42:48,265 superfastpath.py [line:293] one_slot INFO Fast block at Node 8 for Epoch sidAFAST0 and Slot 15 has delay, TPS and TXs: 0.6425991058349609, 80000 
2024-07-21 16:42:48,265 superfastpath.py [line:295] one_slot INFO AVG TPS: 21031, running time 3.803735, weighted delay: 0.840242 
2024-07-21 16:42:48,266 superfastpath.py [line:300] one_slot INFO output block for slot 15 taking 0.685989 sec 
2024-07-21 16:42:48,266 superfastpath.py [line:304] one_slot INFO Leaving slot 16 
2024-07-21 16:42:48,266 superfastpath.py [line:369] sufastpath INFO Leaves fastpath at 17 slot 
2024-07-21 16:42:48,267 Superfast.py [line:308] wait_for_fastpath INFO Fastpath of epoch 0 completed 
2024-07-21 16:42:48,267 Superfast.py [line:337] _run_epoch INFO Fastpath tps: 21024 delay 0.840242 
2024-07-21 16:42:53,267 Superfast.py [line:208] run_bft INFO node 8 breaks in 11.183070 seconds in epoch 0 with total delivered Txs 0 and average delay 0.000000 
2024-07-21 17:23:11,231 sufp_node.py [line:79] run INFO node 8's starts to run consensus on process id 28273 
2024-07-21 17:23:11,232 sufp_node.py [line:80] run INFO parameters: N=16, f=5, S=15, T=5, fast-batch=10000, acs-batch=62, K=1, O=0 
2024-07-21 17:23:11,232 sufp_node.py [line:62] prepare_bootstrap INFO node id 8 is inserting dummy payload TXs 
2024-07-21 17:23:11,232 sufp_node.py [line:70] prepare_bootstrap INFO node id 8 just inserts 50000 TXs 
2024-07-21 17:23:11,233 sufp_node.py [line:70] prepare_bootstrap INFO node id 8 just inserts 50000 TXs 
2024-07-21 17:23:11,233 sufp_node.py [line:74] prepare_bootstrap INFO node id 8 completed the loading of dummy TXs 
2024-07-21 17:23:11,233 Superfast.py [line:178] run_bft INFO Node 8 starts to run at time:1721553791.2334712 
2024-07-21 17:23:11,233 Superfast.py [line:231] _run_epoch INFO Node enters epoch 0 
2024-07-21 17:23:11,234 superfastpath_3.py [line:43] sufastpath INFO Entering fast path 
2024-07-21 17:23:11,234 superfastpath_3.py [line:232] one_slot INFO Entering slot 1 
2024-07-21 17:23:11,549 superfastpath_3.py [line:248] one_slot INFO pending block 1 in 0.195266 
2024-07-21 17:23:11,549 superfastpath_3.py [line:257] one_slot INFO 2pending block 1 in 0.195448 
2024-07-21 17:23:11,565 superfastpath_3.py [line:275] one_slot INFO read pending block 1 in 0.211185 
2024-07-21 17:23:11,565 superfastpath_3.py [line:306] one_slot INFO Leaving slot 1 
2024-07-21 17:23:11,565 superfastpath_3.py [line:232] one_slot INFO Entering slot 2 
2024-07-21 17:23:11,751 superfastpath_3.py [line:248] one_slot INFO pending block 2 in 0.139977 
2024-07-21 17:23:11,751 superfastpath_3.py [line:257] one_slot INFO 2pending block 2 in 0.140433 
2024-07-21 17:23:11,771 superfastpath_3.py [line:275] one_slot INFO read pending block 2 in 0.159734 
2024-07-21 17:23:11,771 superfastpath_3.py [line:306] one_slot INFO Leaving slot 2 
2024-07-21 17:23:11,772 superfastpath_3.py [line:232] one_slot INFO Entering slot 3 
2024-07-21 17:23:12,049 superfastpath_3.py [line:248] one_slot INFO pending block 3 in 0.215565 
2024-07-21 17:23:12,049 superfastpath_3.py [line:257] one_slot INFO 2pending block 3 in 0.215758 
2024-07-21 17:23:12,067 superfastpath_3.py [line:275] one_slot INFO read pending block 3 in 0.233250 
2024-07-21 17:23:12,067 superfastpath_3.py [line:306] one_slot INFO Leaving slot 3 
2024-07-21 17:23:12,067 superfastpath_3.py [line:232] one_slot INFO Entering slot 4 
2024-07-21 17:23:12,468 superfastpath_3.py [line:248] one_slot INFO pending block 4 in 0.251619 
2024-07-21 17:23:12,468 superfastpath_3.py [line:257] one_slot INFO 2pending block 4 in 0.251847 
2024-07-21 17:23:12,484 superfastpath_3.py [line:275] one_slot INFO read pending block 4 in 0.267745 
2024-07-21 17:23:12,485 superfastpath_3.py [line:306] one_slot INFO Leaving slot 4 
2024-07-21 17:23:12,485 superfastpath_3.py [line:232] one_slot INFO Entering slot 5 
2024-07-21 17:23:12,895 superfastpath_3.py [line:248] one_slot INFO pending block 5 in 0.240319 
2024-07-21 17:23:12,896 superfastpath_3.py [line:257] one_slot INFO 2pending block 5 in 0.240550 
2024-07-21 17:23:12,912 superfastpath_3.py [line:275] one_slot INFO read pending block 5 in 0.257251 
2024-07-21 17:23:12,913 superfastpath_3.py [line:306] one_slot INFO Leaving slot 5 
2024-07-21 17:23:12,913 superfastpath_3.py [line:232] one_slot INFO Entering slot 6 
2024-07-21 17:23:13,297 superfastpath_3.py [line:248] one_slot INFO pending block 6 in 0.220763 
2024-07-21 17:23:13,297 superfastpath_3.py [line:257] one_slot INFO 2pending block 6 in 0.220979 
2024-07-21 17:23:13,313 superfastpath_3.py [line:275] one_slot INFO read pending block 6 in 0.236607 
2024-07-21 17:23:13,313 superfastpath_3.py [line:306] one_slot INFO Leaving slot 6 
2024-07-21 17:23:13,313 superfastpath_3.py [line:232] one_slot INFO Entering slot 7 
2024-07-21 17:23:13,747 superfastpath_3.py [line:248] one_slot INFO pending block 7 in 0.250293 
2024-07-21 17:23:13,747 superfastpath_3.py [line:257] one_slot INFO 2pending block 7 in 0.250705 
2024-07-21 17:23:13,768 superfastpath_3.py [line:275] one_slot INFO read pending block 7 in 0.271458 
2024-07-21 17:23:13,768 superfastpath_3.py [line:306] one_slot INFO Leaving slot 7 
2024-07-21 17:23:13,768 superfastpath_3.py [line:232] one_slot INFO Entering slot 8 
2024-07-21 17:23:14,164 superfastpath_3.py [line:248] one_slot INFO pending block 8 in 0.232335 
2024-07-21 17:23:14,164 superfastpath_3.py [line:257] one_slot INFO 2pending block 8 in 0.232539 
2024-07-21 17:23:14,205 superfastpath_3.py [line:275] one_slot INFO read pending block 8 in 0.273590 
2024-07-21 17:23:14,206 superfastpath_3.py [line:306] one_slot INFO Leaving slot 8 
2024-07-21 17:23:14,206 superfastpath_3.py [line:232] one_slot INFO Entering slot 9 
2024-07-21 17:23:14,572 superfastpath_3.py [line:248] one_slot INFO pending block 9 in 0.235050 
2024-07-21 17:23:14,572 superfastpath_3.py [line:257] one_slot INFO 2pending block 9 in 0.235282 
2024-07-21 17:23:14,609 superfastpath_3.py [line:275] one_slot INFO read pending block 9 in 0.271587 
2024-07-21 17:23:14,609 superfastpath_3.py [line:284] one_slot INFO 3pending block 9 in 0.271793 
2024-07-21 17:23:14,609 superfastpath_3.py [line:288] one_slot INFO delay block 8 in 0.677240 
2024-07-21 17:23:14,626 superfastpath_3.py [line:295] one_slot INFO Fast block at Node 8 for Epoch sidAFAST0 and Slot 8 has delay, TPS and TXs: 0.6772398948669434, 10000 
2024-07-21 17:23:14,626 superfastpath_3.py [line:297] one_slot INFO AVG TPS: 11654, running time 0.858041, weighted delay: 0.677240 
2024-07-21 17:23:14,626 superfastpath_3.py [line:302] one_slot INFO output block for slot 8 taking 0.694710 sec 
2024-07-21 17:23:14,626 superfastpath_3.py [line:306] one_slot INFO Leaving slot 9 
2024-07-21 17:23:14,627 superfastpath_3.py [line:232] one_slot INFO Entering slot 10 
2024-07-21 17:23:14,975 superfastpath_3.py [line:248] one_slot INFO pending block 10 in 0.237649 
2024-07-21 17:23:14,975 superfastpath_3.py [line:257] one_slot INFO 2pending block 10 in 0.237842 
2024-07-21 17:23:15,001 superfastpath_3.py [line:275] one_slot INFO read pending block 10 in 0.263293 
2024-07-21 17:23:15,001 superfastpath_3.py [line:284] one_slot INFO 3pending block 10 in 0.263573 
2024-07-21 17:23:15,001 superfastpath_3.py [line:288] one_slot INFO delay block 9 in 0.664003 
2024-07-21 17:23:15,021 superfastpath_3.py [line:295] one_slot INFO Fast block at Node 8 for Epoch sidAFAST0 and Slot 9 has delay, TPS and TXs: 0.6640033721923828, 20000 
2024-07-21 17:23:15,021 superfastpath_3.py [line:297] one_slot INFO AVG TPS: 15966, running time 1.252602, weighted delay: 0.670622 
2024-07-21 17:23:15,021 superfastpath_3.py [line:302] one_slot INFO output block for slot 9 taking 0.683967 sec 
2024-07-21 17:23:15,021 superfastpath_3.py [line:306] one_slot INFO Leaving slot 10 
2024-07-21 17:23:15,021 superfastpath_3.py [line:232] one_slot INFO Entering slot 11 
2024-07-21 17:23:15,412 superfastpath_3.py [line:248] one_slot INFO pending block 11 in 0.229208 
2024-07-21 17:23:15,412 superfastpath_3.py [line:257] one_slot INFO 2pending block 11 in 0.229455 
2024-07-21 17:23:15,435 superfastpath_3.py [line:275] one_slot INFO read pending block 11 in 0.252866 
2024-07-21 17:23:15,436 superfastpath_3.py [line:284] one_slot INFO 3pending block 11 in 0.253141 
2024-07-21 17:23:15,436 superfastpath_3.py [line:288] one_slot INFO delay block 10 in 0.698478 
2024-07-21 17:23:15,453 superfastpath_3.py [line:295] one_slot INFO Fast block at Node 8 for Epoch sidAFAST0 and Slot 10 has delay, TPS and TXs: 0.6984775066375732, 30000 
2024-07-21 17:23:15,454 superfastpath_3.py [line:297] one_slot INFO AVG TPS: 17800, running time 1.685329, weighted delay: 0.679907 
2024-07-21 17:23:15,454 superfastpath_3.py [line:302] one_slot INFO output block for slot 10 taking 0.716790 sec 
2024-07-21 17:23:15,454 superfastpath_3.py [line:306] one_slot INFO Leaving slot 11 
2024-07-21 17:23:15,454 superfastpath_3.py [line:232] one_slot INFO Entering slot 12 
2024-07-21 17:23:15,804 superfastpath_3.py [line:248] one_slot INFO pending block 12 in 0.219176 
2024-07-21 17:23:15,805 superfastpath_3.py [line:257] one_slot INFO 2pending block 12 in 0.219721 
2024-07-21 17:23:15,822 superfastpath_3.py [line:275] one_slot INFO read pending block 12 in 0.236536 
2024-07-21 17:23:15,822 superfastpath_3.py [line:284] one_slot INFO 3pending block 12 in 0.236787 
2024-07-21 17:23:15,822 superfastpath_3.py [line:288] one_slot INFO delay block 11 in 0.639521 
2024-07-21 17:23:15,839 superfastpath_3.py [line:295] one_slot INFO Fast block at Node 8 for Epoch sidAFAST0 and Slot 11 has delay, TPS and TXs: 0.6395208835601807, 40000 
2024-07-21 17:23:15,839 superfastpath_3.py [line:297] one_slot INFO AVG TPS: 19316, running time 2.070723, weighted delay: 0.669810 
2024-07-21 17:23:15,839 superfastpath_3.py [line:302] one_slot INFO output block for slot 11 taking 0.656600 sec 
2024-07-21 17:23:15,839 superfastpath_3.py [line:306] one_slot INFO Leaving slot 12 
2024-07-21 17:23:15,839 superfastpath_3.py [line:232] one_slot INFO Entering slot 13 
2024-07-21 17:23:16,256 superfastpath_3.py [line:248] one_slot INFO pending block 13 in 0.242545 
2024-07-21 17:23:16,256 superfastpath_3.py [line:257] one_slot INFO 2pending block 13 in 0.243571 
2024-07-21 17:23:16,281 superfastpath_3.py [line:275] one_slot INFO read pending block 13 in 0.268954 
2024-07-21 17:23:16,282 superfastpath_3.py [line:284] one_slot INFO 3pending block 13 in 0.269219 
2024-07-21 17:23:16,282 superfastpath_3.py [line:288] one_slot INFO delay block 12 in 0.696617 
2024-07-21 17:23:16,299 superfastpath_3.py [line:295] one_slot INFO Fast block at Node 8 for Epoch sidAFAST0 and Slot 12 has delay, TPS and TXs: 0.6966168880462646, 50000 
2024-07-21 17:23:16,299 superfastpath_3.py [line:297] one_slot INFO AVG TPS: 19756, running time 2.530806, weighted delay: 0.675172 
2024-07-21 17:23:16,299 superfastpath_3.py [line:302] one_slot INFO output block for slot 12 taking 0.714054 sec 
2024-07-21 17:23:16,299 superfastpath_3.py [line:306] one_slot INFO Leaving slot 13 
2024-07-21 17:23:16,299 superfastpath_3.py [line:232] one_slot INFO Entering slot 14 
2024-07-21 17:23:16,700 superfastpath_3.py [line:248] one_slot INFO pending block 14 in 0.242866 
2024-07-21 17:23:16,700 superfastpath_3.py [line:257] one_slot INFO 2pending block 14 in 0.243091 
2024-07-21 17:23:16,716 superfastpath_3.py [line:275] one_slot INFO read pending block 14 in 0.259472 
2024-07-21 17:23:16,717 superfastpath_3.py [line:284] one_slot INFO 3pending block 14 in 0.259698 
2024-07-21 17:23:16,717 superfastpath_3.py [line:288] one_slot INFO delay block 13 in 0.704347 
2024-07-21 17:23:16,738 superfastpath_3.py [line:295] one_slot INFO Fast block at Node 8 for Epoch sidAFAST0 and Slot 13 has delay, TPS and TXs: 0.7043466567993164, 60000 
2024-07-21 17:23:16,738 superfastpath_3.py [line:297] one_slot INFO AVG TPS: 20202, running time 2.969967, weighted delay: 0.680034 
2024-07-21 17:23:16,739 superfastpath_3.py [line:302] one_slot INFO output block for slot 13 taking 0.726429 sec 
2024-07-21 17:23:16,739 superfastpath_3.py [line:306] one_slot INFO Leaving slot 14 
2024-07-21 17:23:16,739 superfastpath_3.py [line:232] one_slot INFO Entering slot 15 
2024-07-21 17:23:17,183 superfastpath_3.py [line:248] one_slot INFO pending block 15 in 0.258574 
2024-07-21 17:23:17,183 superfastpath_3.py [line:257] one_slot INFO 2pending block 15 in 0.258795 
2024-07-21 17:23:17,205 superfastpath_3.py [line:275] one_slot INFO read pending block 15 in 0.280206 
2024-07-21 17:23:17,205 superfastpath_3.py [line:284] one_slot INFO 3pending block 15 in 0.280594 
2024-07-21 17:23:17,205 superfastpath_3.py [line:288] one_slot INFO delay block 14 in 0.748381 
2024-07-21 17:23:17,222 superfastpath_3.py [line:295] one_slot INFO Fast block at Node 8 for Epoch sidAFAST0 and Slot 14 has delay, TPS and TXs: 0.7483813762664795, 70000 
2024-07-21 17:23:17,222 superfastpath_3.py [line:297] one_slot INFO AVG TPS: 20268, running time 3.453664, weighted delay: 0.689798 
2024-07-21 17:23:17,222 superfastpath_3.py [line:302] one_slot INFO output block for slot 14 taking 0.765127 sec 
2024-07-21 17:23:17,222 superfastpath_3.py [line:306] one_slot INFO Leaving slot 15 
2024-07-21 17:23:17,222 superfastpath_3.py [line:232] one_slot INFO Entering slot 16 
2024-07-21 17:23:17,383 superfastpath_3.py [line:248] one_slot INFO pending block 16 in 0.015088 
2024-07-21 17:23:17,383 superfastpath_3.py [line:257] one_slot INFO 2pending block 16 in 0.015273 
2024-07-21 17:23:17,383 superfastpath_3.py [line:275] one_slot INFO read pending block 16 in 0.015403 
2024-07-21 17:23:17,383 superfastpath_3.py [line:284] one_slot INFO 3pending block 16 in 0.015477 
2024-07-21 17:23:17,383 superfastpath_3.py [line:288] one_slot INFO delay block 15 in 0.458750 
2024-07-21 17:23:17,438 superfastpath_3.py [line:295] one_slot INFO Fast block at Node 8 for Epoch sidAFAST0 and Slot 15 has delay, TPS and TXs: 0.45875024795532227, 80000 
2024-07-21 17:23:17,439 superfastpath_3.py [line:297] one_slot INFO AVG TPS: 21796, running time 3.670368, weighted delay: 0.660917 
2024-07-21 17:23:17,439 superfastpath_3.py [line:302] one_slot INFO output block for slot 15 taking 0.514258 sec 
2024-07-21 17:23:17,439 superfastpath_3.py [line:306] one_slot INFO Leaving slot 16 
2024-07-21 17:23:17,439 superfastpath_3.py [line:371] sufastpath INFO Leaves fastpath at 17 slot 
2024-07-21 17:23:17,439 Superfast.py [line:308] wait_for_fastpath INFO Fastpath of epoch 0 completed 
2024-07-21 17:23:17,439 Superfast.py [line:337] _run_epoch INFO Fastpath tps: 21795 delay 0.660917 
2024-07-21 17:23:22,440 Superfast.py [line:208] run_bft INFO node 8 breaks in 11.206791 seconds in epoch 0 with total delivered Txs 0 and average delay 0.000000 
2024-07-21 17:26:58,832 sufp_node.py [line:79] run INFO node 8's starts to run consensus on process id 28554 
2024-07-21 17:26:58,832 sufp_node.py [line:80] run INFO parameters: N=16, f=5, S=15, T=5, fast-batch=10000, acs-batch=62, K=1, O=0 
2024-07-21 17:26:58,832 sufp_node.py [line:62] prepare_bootstrap INFO node id 8 is inserting dummy payload TXs 
2024-07-21 17:26:58,832 sufp_node.py [line:70] prepare_bootstrap INFO node id 8 just inserts 50000 TXs 
2024-07-21 17:26:58,832 sufp_node.py [line:70] prepare_bootstrap INFO node id 8 just inserts 50000 TXs 
2024-07-21 17:26:58,833 sufp_node.py [line:74] prepare_bootstrap INFO node id 8 completed the loading of dummy TXs 
2024-07-21 17:26:58,833 Superfast.py [line:178] run_bft INFO Node 8 starts to run at time:1721554018.8331966 
2024-07-21 17:26:58,833 Superfast.py [line:231] _run_epoch INFO Node enters epoch 0 
2024-07-21 17:26:58,833 superfastpath_3.py [line:43] sufastpath INFO Entering fast path 
2024-07-21 17:26:58,834 superfastpath_3.py [line:232] one_slot INFO Entering slot 1 
2024-07-21 17:26:59,476 superfastpath_3.py [line:248] one_slot INFO pending block 1 in 0.190618 
2024-07-21 17:26:59,476 superfastpath_3.py [line:257] one_slot INFO 2pending block 1 in 0.190815 
2024-07-21 17:26:59,531 superfastpath_3.py [line:275] one_slot INFO read pending block 1 in 0.246045 
2024-07-21 17:26:59,531 superfastpath_3.py [line:306] one_slot INFO Leaving slot 1 
2024-07-21 17:26:59,532 superfastpath_3.py [line:232] one_slot INFO Entering slot 2 
2024-07-21 17:26:59,787 superfastpath_3.py [line:248] one_slot INFO pending block 2 in 0.178972 
2024-07-21 17:26:59,791 superfastpath_3.py [line:257] one_slot INFO 2pending block 2 in 0.182539 
2024-07-21 17:26:59,819 superfastpath_3.py [line:275] one_slot INFO read pending block 2 in 0.210227 
2024-07-21 17:26:59,819 superfastpath_3.py [line:306] one_slot INFO Leaving slot 2 
2024-07-21 17:26:59,819 superfastpath_3.py [line:232] one_slot INFO Entering slot 3 
2024-07-21 17:26:59,990 superfastpath_3.py [line:248] one_slot INFO pending block 3 in 0.097763 
2024-07-21 17:26:59,991 superfastpath_3.py [line:257] one_slot INFO 2pending block 3 in 0.098773 
2024-07-21 17:27:00,023 superfastpath_3.py [line:275] one_slot INFO read pending block 3 in 0.130888 
2024-07-21 17:27:00,023 superfastpath_3.py [line:306] one_slot INFO Leaving slot 3 
2024-07-21 17:27:00,024 superfastpath_3.py [line:232] one_slot INFO Entering slot 4 
2024-07-21 17:27:00,460 superfastpath_3.py [line:248] one_slot INFO pending block 4 in 0.096905 
2024-07-21 17:27:00,460 superfastpath_3.py [line:257] one_slot INFO 2pending block 4 in 0.097221 
2024-07-21 17:27:00,477 superfastpath_3.py [line:275] one_slot INFO read pending block 4 in 0.114679 
2024-07-21 17:27:00,478 superfastpath_3.py [line:306] one_slot INFO Leaving slot 4 
2024-07-21 17:27:00,478 superfastpath_3.py [line:232] one_slot INFO Entering slot 5 
2024-07-21 17:27:00,884 superfastpath_3.py [line:248] one_slot INFO pending block 5 in 0.079334 
2024-07-21 17:27:00,884 superfastpath_3.py [line:257] one_slot INFO 2pending block 5 in 0.079518 
2024-07-21 17:27:00,899 superfastpath_3.py [line:275] one_slot INFO read pending block 5 in 0.094070 
2024-07-21 17:27:00,899 superfastpath_3.py [line:306] one_slot INFO Leaving slot 5 
2024-07-21 17:27:00,900 superfastpath_3.py [line:232] one_slot INFO Entering slot 6 
2024-07-21 17:27:01,349 superfastpath_3.py [line:248] one_slot INFO pending block 6 in 0.108521 
2024-07-21 17:27:01,349 superfastpath_3.py [line:257] one_slot INFO 2pending block 6 in 0.108715 
2024-07-21 17:27:01,379 superfastpath_3.py [line:275] one_slot INFO read pending block 6 in 0.138536 
2024-07-21 17:27:01,379 superfastpath_3.py [line:306] one_slot INFO Leaving slot 6 
2024-07-21 17:27:01,379 superfastpath_3.py [line:232] one_slot INFO Entering slot 7 
2024-07-21 17:27:01,741 superfastpath_3.py [line:248] one_slot INFO pending block 7 in 0.099489 
2024-07-21 17:27:01,741 superfastpath_3.py [line:257] one_slot INFO 2pending block 7 in 0.099725 
2024-07-21 17:27:01,757 superfastpath_3.py [line:275] one_slot INFO read pending block 7 in 0.115720 
2024-07-21 17:27:01,758 superfastpath_3.py [line:306] one_slot INFO Leaving slot 7 
2024-07-21 17:27:01,758 superfastpath_3.py [line:232] one_slot INFO Entering slot 8 
2024-07-21 17:27:02,160 superfastpath_3.py [line:248] one_slot INFO pending block 8 in 0.079030 
2024-07-21 17:27:02,160 superfastpath_3.py [line:257] one_slot INFO 2pending block 8 in 0.079277 
2024-07-21 17:27:02,177 superfastpath_3.py [line:275] one_slot INFO read pending block 8 in 0.095916 
2024-07-21 17:27:02,177 superfastpath_3.py [line:306] one_slot INFO Leaving slot 8 
2024-07-21 17:27:02,177 superfastpath_3.py [line:232] one_slot INFO Entering slot 9 
2024-07-21 17:27:02,612 superfastpath_3.py [line:248] one_slot INFO pending block 9 in 0.091195 
2024-07-21 17:27:02,613 superfastpath_3.py [line:257] one_slot INFO 2pending block 9 in 0.091399 
2024-07-21 17:27:02,628 superfastpath_3.py [line:275] one_slot INFO read pending block 9 in 0.106794 
2024-07-21 17:27:02,628 superfastpath_3.py [line:284] one_slot INFO 3pending block 9 in 0.106998 
2024-07-21 17:27:02,628 superfastpath_3.py [line:288] one_slot INFO delay block 8 in 0.547485 
2024-07-21 17:27:02,649 superfastpath_3.py [line:295] one_slot INFO Fast block at Node 8 for Epoch sidAFAST0 and Slot 8 has delay, TPS and TXs: 0.5474846363067627, 10000 
2024-07-21 17:27:02,649 superfastpath_3.py [line:297] one_slot INFO AVG TPS: 11224, running time 0.890913, weighted delay: 0.547485 
2024-07-21 17:27:02,649 superfastpath_3.py [line:302] one_slot INFO output block for slot 8 taking 0.568154 sec 
2024-07-21 17:27:02,649 superfastpath_3.py [line:306] one_slot INFO Leaving slot 9 
2024-07-21 17:27:02,649 superfastpath_3.py [line:232] one_slot INFO Entering slot 10 
2024-07-21 17:27:03,067 superfastpath_3.py [line:248] one_slot INFO pending block 10 in 0.075504 
2024-07-21 17:27:03,067 superfastpath_3.py [line:257] one_slot INFO 2pending block 10 in 0.075686 
2024-07-21 17:27:03,092 superfastpath_3.py [line:275] one_slot INFO read pending block 10 in 0.100283 
2024-07-21 17:27:03,092 superfastpath_3.py [line:284] one_slot INFO 3pending block 10 in 0.100451 
2024-07-21 17:27:03,092 superfastpath_3.py [line:288] one_slot INFO delay block 9 in 0.571047 
2024-07-21 17:27:03,106 superfastpath_3.py [line:295] one_slot INFO Fast block at Node 8 for Epoch sidAFAST0 and Slot 9 has delay, TPS and TXs: 0.5710470676422119, 20000 
2024-07-21 17:27:03,106 superfastpath_3.py [line:297] one_slot INFO AVG TPS: 14832, running time 1.348374, weighted delay: 0.559266 
2024-07-21 17:27:03,106 superfastpath_3.py [line:302] one_slot INFO output block for slot 9 taking 0.585231 sec 
2024-07-21 17:27:03,106 superfastpath_3.py [line:306] one_slot INFO Leaving slot 10 
2024-07-21 17:27:03,107 superfastpath_3.py [line:232] one_slot INFO Entering slot 11 
2024-07-21 17:27:03,533 superfastpath_3.py [line:248] one_slot INFO pending block 11 in 0.082914 
2024-07-21 17:27:03,534 superfastpath_3.py [line:257] one_slot INFO 2pending block 11 in 0.083268 
2024-07-21 17:27:03,565 superfastpath_3.py [line:275] one_slot INFO read pending block 11 in 0.114123 
2024-07-21 17:27:03,565 superfastpath_3.py [line:284] one_slot INFO 3pending block 11 in 0.114337 
2024-07-21 17:27:03,565 superfastpath_3.py [line:288] one_slot INFO delay block 10 in 0.573334 
2024-07-21 17:27:03,581 superfastpath_3.py [line:295] one_slot INFO Fast block at Node 8 for Epoch sidAFAST0 and Slot 10 has delay, TPS and TXs: 0.5733339786529541, 30000 
2024-07-21 17:27:03,582 superfastpath_3.py [line:297] one_slot INFO AVG TPS: 16447, running time 1.823966, weighted delay: 0.563955 
2024-07-21 17:27:03,582 superfastpath_3.py [line:302] one_slot INFO output block for slot 10 taking 0.590493 sec 
2024-07-21 17:27:03,582 superfastpath_3.py [line:306] one_slot INFO Leaving slot 11 
2024-07-21 17:27:03,582 superfastpath_3.py [line:232] one_slot INFO Entering slot 12 
2024-07-21 17:27:03,980 superfastpath_3.py [line:248] one_slot INFO pending block 12 in 0.066375 
2024-07-21 17:27:03,980 superfastpath_3.py [line:257] one_slot INFO 2pending block 12 in 0.066601 
2024-07-21 17:27:03,993 superfastpath_3.py [line:275] one_slot INFO read pending block 12 in 0.079803 
2024-07-21 17:27:03,994 superfastpath_3.py [line:284] one_slot INFO 3pending block 12 in 0.080007 
2024-07-21 17:27:03,994 superfastpath_3.py [line:288] one_slot INFO delay block 11 in 0.543339 
2024-07-21 17:27:04,011 superfastpath_3.py [line:295] one_slot INFO Fast block at Node 8 for Epoch sidAFAST0 and Slot 11 has delay, TPS and TXs: 0.5433390140533447, 40000 
2024-07-21 17:27:04,011 superfastpath_3.py [line:297] one_slot INFO AVG TPS: 17754, running time 2.252938, weighted delay: 0.558801 
2024-07-21 17:27:04,011 superfastpath_3.py [line:302] one_slot INFO output block for slot 11 taking 0.560889 sec 
2024-07-21 17:27:04,011 superfastpath_3.py [line:306] one_slot INFO Leaving slot 12 
2024-07-21 17:27:04,012 superfastpath_3.py [line:232] one_slot INFO Entering slot 13 
2024-07-21 17:27:04,476 superfastpath_3.py [line:248] one_slot INFO pending block 13 in 0.086856 
2024-07-21 17:27:04,476 superfastpath_3.py [line:257] one_slot INFO 2pending block 13 in 0.087065 
2024-07-21 17:27:04,517 superfastpath_3.py [line:275] one_slot INFO read pending block 13 in 0.128141 
2024-07-21 17:27:04,517 superfastpath_3.py [line:284] one_slot INFO 3pending block 13 in 0.128314 
2024-07-21 17:27:04,517 superfastpath_3.py [line:288] one_slot INFO delay block 12 in 0.603776 
2024-07-21 17:27:04,554 superfastpath_3.py [line:295] one_slot INFO Fast block at Node 8 for Epoch sidAFAST0 and Slot 12 has delay, TPS and TXs: 0.603776216506958, 50000 
2024-07-21 17:27:04,554 superfastpath_3.py [line:297] one_slot INFO AVG TPS: 17880, running time 2.796384, weighted delay: 0.567796 
2024-07-21 17:27:04,554 superfastpath_3.py [line:302] one_slot INFO output block for slot 12 taking 0.640712 sec 
2024-07-21 17:27:04,554 superfastpath_3.py [line:306] one_slot INFO Leaving slot 13 
2024-07-21 17:27:04,555 superfastpath_3.py [line:232] one_slot INFO Entering slot 14 
2024-07-21 17:27:04,927 superfastpath_3.py [line:248] one_slot INFO pending block 14 in 0.074450 
2024-07-21 17:27:04,927 superfastpath_3.py [line:257] one_slot INFO 2pending block 14 in 0.074783 
2024-07-21 17:27:04,948 superfastpath_3.py [line:275] one_slot INFO read pending block 14 in 0.095181 
2024-07-21 17:27:04,948 superfastpath_3.py [line:284] one_slot INFO 3pending block 14 in 0.095941 
2024-07-21 17:27:04,948 superfastpath_3.py [line:288] one_slot INFO delay block 13 in 0.559376 
2024-07-21 17:27:04,967 superfastpath_3.py [line:295] one_slot INFO Fast block at Node 8 for Epoch sidAFAST0 and Slot 13 has delay, TPS and TXs: 0.559375524520874, 60000 
2024-07-21 17:27:04,968 superfastpath_3.py [line:297] one_slot INFO AVG TPS: 18693, running time 3.209733, weighted delay: 0.566393 
2024-07-21 17:27:04,968 superfastpath_3.py [line:302] one_slot INFO output block for slot 13 taking 0.578696 sec 
2024-07-21 17:27:04,968 superfastpath_3.py [line:306] one_slot INFO Leaving slot 14 
2024-07-21 17:27:04,968 superfastpath_3.py [line:232] one_slot INFO Entering slot 15 
2024-07-21 17:27:05,402 superfastpath_3.py [line:248] one_slot INFO pending block 15 in 0.076334 
2024-07-21 17:27:05,403 superfastpath_3.py [line:257] one_slot INFO 2pending block 15 in 0.076525 
2024-07-21 17:27:05,436 superfastpath_3.py [line:275] one_slot INFO read pending block 15 in 0.109918 
2024-07-21 17:27:05,436 superfastpath_3.py [line:284] one_slot INFO 3pending block 15 in 0.110106 
2024-07-21 17:27:05,436 superfastpath_3.py [line:288] one_slot INFO delay block 14 in 0.583893 
2024-07-21 17:27:05,454 superfastpath_3.py [line:295] one_slot INFO Fast block at Node 8 for Epoch sidAFAST0 and Slot 14 has delay, TPS and TXs: 0.583892822265625, 70000 
2024-07-21 17:27:05,454 superfastpath_3.py [line:297] one_slot INFO AVG TPS: 18937, running time 3.696344, weighted delay: 0.568893 
2024-07-21 17:27:05,455 superfastpath_3.py [line:302] one_slot INFO output block for slot 14 taking 0.602343 sec 
2024-07-21 17:27:05,455 superfastpath_3.py [line:306] one_slot INFO Leaving slot 15 
2024-07-21 17:27:05,455 superfastpath_3.py [line:232] one_slot INFO Entering slot 16 
2024-07-21 17:27:05,783 superfastpath_3.py [line:248] one_slot INFO pending block 16 in 0.028617 
2024-07-21 17:27:05,783 superfastpath_3.py [line:257] one_slot INFO 2pending block 16 in 0.031389 
2024-07-21 17:27:05,783 superfastpath_3.py [line:275] one_slot INFO read pending block 16 in 0.031522 
2024-07-21 17:27:05,783 superfastpath_3.py [line:284] one_slot INFO 3pending block 16 in 0.031600 
2024-07-21 17:27:05,783 superfastpath_3.py [line:288] one_slot INFO delay block 15 in 0.457001 
2024-07-21 17:27:05,854 superfastpath_3.py [line:295] one_slot INFO Fast block at Node 8 for Epoch sidAFAST0 and Slot 15 has delay, TPS and TXs: 0.4570014476776123, 80000 
2024-07-21 17:27:05,854 superfastpath_3.py [line:297] one_slot INFO AVG TPS: 19529, running time 4.096341, weighted delay: 0.554906 
2024-07-21 17:27:05,854 superfastpath_3.py [line:302] one_slot INFO output block for slot 15 taking 0.528297 sec 
2024-07-21 17:27:05,854 superfastpath_3.py [line:306] one_slot INFO Leaving slot 16 
2024-07-21 17:27:05,854 superfastpath_3.py [line:371] sufastpath INFO Leaves fastpath at 17 slot 
2024-07-21 17:27:05,855 Superfast.py [line:308] wait_for_fastpath INFO Fastpath of epoch 0 completed 
2024-07-21 17:27:05,855 Superfast.py [line:337] _run_epoch INFO Fastpath tps: 19528 delay 0.554906 
2024-07-21 17:30:44,319 sufp_node.py [line:79] run INFO node 8's starts to run consensus on process id 28853 
2024-07-21 17:30:44,319 sufp_node.py [line:80] run INFO parameters: N=16, f=5, S=15, T=5, fast-batch=1000, acs-batch=62, K=1, O=0 
2024-07-21 17:30:44,320 sufp_node.py [line:62] prepare_bootstrap INFO node id 8 is inserting dummy payload TXs 
2024-07-21 17:30:44,320 sufp_node.py [line:70] prepare_bootstrap INFO node id 8 just inserts 50000 TXs 
2024-07-21 17:30:44,320 sufp_node.py [line:70] prepare_bootstrap INFO node id 8 just inserts 50000 TXs 
2024-07-21 17:30:44,321 sufp_node.py [line:74] prepare_bootstrap INFO node id 8 completed the loading of dummy TXs 
2024-07-21 17:30:44,321 Superfast.py [line:178] run_bft INFO Node 8 starts to run at time:1721554244.3213332 
2024-07-21 17:30:44,321 Superfast.py [line:231] _run_epoch INFO Node enters epoch 0 
2024-07-21 17:30:44,322 superfastpath_3.py [line:43] sufastpath INFO Entering fast path 
2024-07-21 17:30:44,322 superfastpath_3.py [line:232] one_slot INFO Entering slot 1 
2024-07-21 17:30:44,998 superfastpath_3.py [line:248] one_slot INFO pending block 1 in 0.032641 
2024-07-21 17:30:44,999 superfastpath_3.py [line:257] one_slot INFO 2pending block 1 in 0.032860 
2024-07-21 17:30:45,001 superfastpath_3.py [line:275] one_slot INFO read pending block 1 in 0.035308 
2024-07-21 17:30:45,001 superfastpath_3.py [line:306] one_slot INFO Leaving slot 1 
2024-07-21 17:30:45,001 superfastpath_3.py [line:232] one_slot INFO Entering slot 2 
2024-07-21 17:30:45,079 superfastpath_3.py [line:248] one_slot INFO pending block 2 in 0.028773 
2024-07-21 17:30:45,079 superfastpath_3.py [line:257] one_slot INFO 2pending block 2 in 0.029067 
2024-07-21 17:30:45,084 superfastpath_3.py [line:275] one_slot INFO read pending block 2 in 0.033827 
2024-07-21 17:30:45,084 superfastpath_3.py [line:306] one_slot INFO Leaving slot 2 
2024-07-21 17:30:45,084 superfastpath_3.py [line:232] one_slot INFO Entering slot 3 
2024-07-21 17:30:45,131 superfastpath_3.py [line:248] one_slot INFO pending block 3 in 0.029844 
2024-07-21 17:30:45,131 superfastpath_3.py [line:257] one_slot INFO 2pending block 3 in 0.030030 
2024-07-21 17:30:45,133 superfastpath_3.py [line:275] one_slot INFO read pending block 3 in 0.031784 
2024-07-21 17:30:45,133 superfastpath_3.py [line:306] one_slot INFO Leaving slot 3 
2024-07-21 17:30:45,133 superfastpath_3.py [line:232] one_slot INFO Entering slot 4 
2024-07-21 17:30:45,200 superfastpath_3.py [line:248] one_slot INFO pending block 4 in 0.028931 
2024-07-21 17:30:45,200 superfastpath_3.py [line:257] one_slot INFO 2pending block 4 in 0.029133 
2024-07-21 17:30:45,202 superfastpath_3.py [line:275] one_slot INFO read pending block 4 in 0.031154 
2024-07-21 17:30:45,203 superfastpath_3.py [line:306] one_slot INFO Leaving slot 4 
2024-07-21 17:30:45,203 superfastpath_3.py [line:232] one_slot INFO Entering slot 5 
2024-07-21 17:30:45,279 superfastpath_3.py [line:248] one_slot INFO pending block 5 in 0.034113 
2024-07-21 17:30:45,279 superfastpath_3.py [line:257] one_slot INFO 2pending block 5 in 0.034313 
2024-07-21 17:30:45,287 superfastpath_3.py [line:275] one_slot INFO read pending block 5 in 0.039605 
2024-07-21 17:30:45,287 superfastpath_3.py [line:306] one_slot INFO Leaving slot 5 
2024-07-21 17:30:45,287 superfastpath_3.py [line:232] one_slot INFO Entering slot 6 
2024-07-21 17:30:50,287 superfastpath_3.py [line:364] sufastpath INFO Fastpath Timeout! 
2024-07-21 17:30:50,288 superfastpath_3.py [line:371] sufastpath INFO Leaves fastpath at 6 slot 
2024-07-21 17:30:50,288 Superfast.py [line:308] wait_for_fastpath INFO Fastpath of epoch 0 completed 
2024-07-21 17:30:55,289 Superfast.py [line:208] run_bft INFO node 8 breaks in 10.967751 seconds in epoch 0 with total delivered Txs 0 and average delay 0.000000 
2024-07-21 17:32:25,398 sufp_node.py [line:79] run INFO node 8's starts to run consensus on process id 29292 
2024-07-21 17:32:25,398 sufp_node.py [line:80] run INFO parameters: N=16, f=5, S=15, T=5, fast-batch=1000, acs-batch=62, K=1, O=0 
2024-07-21 17:32:25,399 sufp_node.py [line:62] prepare_bootstrap INFO node id 8 is inserting dummy payload TXs 
2024-07-21 17:32:25,399 sufp_node.py [line:70] prepare_bootstrap INFO node id 8 just inserts 50000 TXs 
2024-07-21 17:32:25,399 sufp_node.py [line:70] prepare_bootstrap INFO node id 8 just inserts 50000 TXs 
2024-07-21 17:32:25,400 sufp_node.py [line:74] prepare_bootstrap INFO node id 8 completed the loading of dummy TXs 
2024-07-21 17:32:25,400 Superfast.py [line:178] run_bft INFO Node 8 starts to run at time:1721554345.4001334 
2024-07-21 17:32:25,400 Superfast.py [line:231] _run_epoch INFO Node enters epoch 0 
2024-07-21 17:32:25,401 superfastpath_3.py [line:43] sufastpath INFO Entering fast path 
2024-07-21 17:32:25,401 superfastpath_3.py [line:232] one_slot INFO Entering slot 1 
2024-07-21 17:32:25,673 superfastpath_3.py [line:248] one_slot INFO pending block 1 in 0.032618 
2024-07-21 17:32:25,673 superfastpath_3.py [line:257] one_slot INFO 2pending block 1 in 0.032793 
2024-07-21 17:32:25,675 superfastpath_3.py [line:275] one_slot INFO read pending block 1 in 0.034670 
2024-07-21 17:32:25,675 superfastpath_3.py [line:306] one_slot INFO Leaving slot 1 
2024-07-21 17:32:25,675 superfastpath_3.py [line:232] one_slot INFO Entering slot 2 
2024-07-21 17:32:25,757 superfastpath_3.py [line:248] one_slot INFO pending block 2 in 0.027897 
2024-07-21 17:32:25,757 superfastpath_3.py [line:257] one_slot INFO 2pending block 2 in 0.028095 
2024-07-21 17:32:25,760 superfastpath_3.py [line:275] one_slot INFO read pending block 2 in 0.031528 
2024-07-21 17:32:25,760 superfastpath_3.py [line:306] one_slot INFO Leaving slot 2 
2024-07-21 17:32:25,761 superfastpath_3.py [line:232] one_slot INFO Entering slot 3 
2024-07-21 17:32:25,841 superfastpath_3.py [line:248] one_slot INFO pending block 3 in 0.050876 
2024-07-21 17:32:25,841 superfastpath_3.py [line:257] one_slot INFO 2pending block 3 in 0.051085 
2024-07-21 17:32:25,843 superfastpath_3.py [line:275] one_slot INFO read pending block 3 in 0.052775 
2024-07-21 17:32:25,843 superfastpath_3.py [line:306] one_slot INFO Leaving slot 3 
2024-07-21 17:32:25,843 superfastpath_3.py [line:232] one_slot INFO Entering slot 4 
2024-07-21 17:32:30,844 superfastpath_3.py [line:364] sufastpath INFO Fastpath Timeout! 
2024-07-21 17:32:30,844 superfastpath_3.py [line:371] sufastpath INFO Leaves fastpath at 4 slot 
2024-07-21 17:32:30,845 Superfast.py [line:308] wait_for_fastpath INFO Fastpath of epoch 0 completed 
2024-07-21 17:32:35,848 Superfast.py [line:208] run_bft INFO node 8 breaks in 10.448009 seconds in epoch 0 with total delivered Txs 0 and average delay 0.000000 
2024-07-21 17:39:26,369 sufp_node.py [line:79] run INFO node 8's starts to run consensus on process id 29653 
2024-07-21 17:39:26,370 sufp_node.py [line:80] run INFO parameters: N=16, f=5, S=15, T=5, fast-batch=1000, acs-batch=62, K=1, O=0 
2024-07-21 17:39:26,370 sufp_node.py [line:62] prepare_bootstrap INFO node id 8 is inserting dummy payload TXs 
2024-07-21 17:39:26,370 sufp_node.py [line:70] prepare_bootstrap INFO node id 8 just inserts 50000 TXs 
2024-07-21 17:39:26,370 sufp_node.py [line:70] prepare_bootstrap INFO node id 8 just inserts 50000 TXs 
2024-07-21 17:39:26,370 sufp_node.py [line:74] prepare_bootstrap INFO node id 8 completed the loading of dummy TXs 
2024-07-21 17:39:26,371 Superfast.py [line:178] run_bft INFO Node 8 starts to run at time:1721554766.3711135 
2024-07-21 17:39:26,371 Superfast.py [line:231] _run_epoch INFO Node enters epoch 0 
2024-07-21 17:39:26,372 superfastpath_3.py [line:43] sufastpath INFO Entering fast path 
2024-07-21 17:39:26,373 superfastpath_3.py [line:232] one_slot INFO Entering slot 1 
2024-07-21 17:39:26,541 superfastpath_3.py [line:248] one_slot INFO pending block 1 in 0.024503 
2024-07-21 17:39:26,541 superfastpath_3.py [line:257] one_slot INFO 2pending block 1 in 0.024673 
2024-07-21 17:39:26,543 superfastpath_3.py [line:275] one_slot INFO read pending block 1 in 0.027340 
2024-07-21 17:39:26,544 superfastpath_3.py [line:306] one_slot INFO Leaving slot 1 
2024-07-21 17:39:26,544 superfastpath_3.py [line:232] one_slot INFO Entering slot 2 
2024-07-21 17:39:26,614 superfastpath_3.py [line:248] one_slot INFO pending block 2 in 0.019249 
2024-07-21 17:39:26,615 superfastpath_3.py [line:257] one_slot INFO 2pending block 2 in 0.019466 
2024-07-21 17:39:26,617 superfastpath_3.py [line:275] one_slot INFO read pending block 2 in 0.021578 
2024-07-21 17:39:26,617 superfastpath_3.py [line:306] one_slot INFO Leaving slot 2 
2024-07-21 17:39:26,618 superfastpath_3.py [line:232] one_slot INFO Entering slot 3 
2024-07-21 17:39:26,697 superfastpath_3.py [line:248] one_slot INFO pending block 3 in 0.055366 
2024-07-21 17:39:26,697 superfastpath_3.py [line:257] one_slot INFO 2pending block 3 in 0.055635 
2024-07-21 17:39:26,699 superfastpath_3.py [line:275] one_slot INFO read pending block 3 in 0.057429 
2024-07-21 17:39:26,699 superfastpath_3.py [line:306] one_slot INFO Leaving slot 3 
2024-07-21 17:39:26,700 superfastpath_3.py [line:232] one_slot INFO Entering slot 4 
2024-07-21 17:39:31,700 superfastpath_3.py [line:364] sufastpath INFO Fastpath Timeout! 
2024-07-21 17:39:31,700 superfastpath_3.py [line:371] sufastpath INFO Leaves fastpath at 4 slot 
2024-07-21 17:39:31,701 Superfast.py [line:308] wait_for_fastpath INFO Fastpath of epoch 0 completed 
2024-07-21 17:39:36,702 Superfast.py [line:208] run_bft INFO node 8 breaks in 10.331262 seconds in epoch 0 with total delivered Txs 0 and average delay 0.000000 
2024-07-21 17:44:32,238 sufp_node.py [line:79] run INFO node 8's starts to run consensus on process id 29956 
2024-07-21 17:44:32,239 sufp_node.py [line:80] run INFO parameters: N=16, f=5, S=15, T=5, fast-batch=1000, acs-batch=62, K=1, O=0 
2024-07-21 17:44:32,239 sufp_node.py [line:62] prepare_bootstrap INFO node id 8 is inserting dummy payload TXs 
2024-07-21 17:44:32,240 sufp_node.py [line:70] prepare_bootstrap INFO node id 8 just inserts 50000 TXs 
2024-07-21 17:44:32,240 sufp_node.py [line:70] prepare_bootstrap INFO node id 8 just inserts 50000 TXs 
2024-07-21 17:44:32,240 sufp_node.py [line:74] prepare_bootstrap INFO node id 8 completed the loading of dummy TXs 
2024-07-21 17:44:32,240 Superfast.py [line:178] run_bft INFO Node 8 starts to run at time:1721555072.2405825 
2024-07-21 17:44:32,240 Superfast.py [line:231] _run_epoch INFO Node enters epoch 0 
2024-07-21 17:44:32,241 superfastpath_3.py [line:43] sufastpath INFO Entering fast path 
2024-07-21 17:44:32,241 superfastpath_3.py [line:232] one_slot INFO Entering slot 1 
2024-07-21 17:44:32,842 superfastpath_3.py [line:250] one_slot INFO pending block 1 in 0.036461 
2024-07-21 17:44:32,842 superfastpath_3.py [line:259] one_slot INFO 2pending block 1 in 0.036646 
2024-07-21 17:44:32,845 superfastpath_3.py [line:277] one_slot INFO read pending block 1 in 0.039753 
2024-07-21 17:44:32,845 superfastpath_3.py [line:308] one_slot INFO Leaving slot 1 
2024-07-21 17:44:32,845 superfastpath_3.py [line:232] one_slot INFO Entering slot 2 
2024-07-21 17:44:32,895 superfastpath_3.py [line:250] one_slot INFO pending block 2 in 0.009824 
2024-07-21 17:44:32,895 superfastpath_3.py [line:259] one_slot INFO 2pending block 2 in 0.010034 
2024-07-21 17:44:32,897 superfastpath_3.py [line:277] one_slot INFO read pending block 2 in 0.011984 
2024-07-21 17:44:32,897 superfastpath_3.py [line:308] one_slot INFO Leaving slot 2 
2024-07-21 17:44:32,897 superfastpath_3.py [line:232] one_slot INFO Entering slot 3 
2024-07-21 17:44:32,976 superfastpath_3.py [line:250] one_slot INFO pending block 3 in 0.055193 
2024-07-21 17:44:32,976 superfastpath_3.py [line:259] one_slot INFO 2pending block 3 in 0.055396 
2024-07-21 17:44:32,978 superfastpath_3.py [line:277] one_slot INFO read pending block 3 in 0.056852 
2024-07-21 17:44:32,978 superfastpath_3.py [line:308] one_slot INFO Leaving slot 3 
2024-07-21 17:44:32,978 superfastpath_3.py [line:232] one_slot INFO Entering slot 4 
2024-07-21 17:44:37,979 superfastpath_3.py [line:366] sufastpath INFO Fastpath Timeout! 
2024-07-21 17:44:37,980 superfastpath_3.py [line:373] sufastpath INFO Leaves fastpath at 4 slot 
2024-07-21 17:44:37,980 Superfast.py [line:308] wait_for_fastpath INFO Fastpath of epoch 0 completed 
2024-07-21 17:48:21,946 sufp_node.py [line:79] run INFO node 8's starts to run consensus on process id 30239 
2024-07-21 17:48:21,946 sufp_node.py [line:80] run INFO parameters: N=16, f=5, S=15, T=5, fast-batch=1000, acs-batch=62, K=1, O=0 
2024-07-21 17:48:21,946 sufp_node.py [line:62] prepare_bootstrap INFO node id 8 is inserting dummy payload TXs 
2024-07-21 17:48:21,946 sufp_node.py [line:70] prepare_bootstrap INFO node id 8 just inserts 50000 TXs 
2024-07-21 17:48:21,947 sufp_node.py [line:70] prepare_bootstrap INFO node id 8 just inserts 50000 TXs 
2024-07-21 17:48:21,947 sufp_node.py [line:74] prepare_bootstrap INFO node id 8 completed the loading of dummy TXs 
2024-07-21 17:48:21,947 Superfast.py [line:178] run_bft INFO Node 8 starts to run at time:1721555301.947224 
2024-07-21 17:48:21,947 Superfast.py [line:231] _run_epoch INFO Node enters epoch 0 
2024-07-21 17:48:21,948 superfastpath_3.py [line:43] sufastpath INFO Entering fast path 
2024-07-21 17:48:21,948 superfastpath_3.py [line:232] one_slot INFO Entering slot 1 
2024-07-21 17:48:22,304 superfastpath_3.py [line:250] one_slot INFO pending block 1 in 0.064153 
2024-07-21 17:48:22,304 superfastpath_3.py [line:259] one_slot INFO 2pending block 1 in 0.064380 
2024-07-21 17:48:22,306 superfastpath_3.py [line:277] one_slot INFO read pending block 1 in 0.066015 
2024-07-21 17:48:22,306 superfastpath_3.py [line:308] one_slot INFO Leaving slot 1 
2024-07-21 17:48:22,306 superfastpath_3.py [line:232] one_slot INFO Entering slot 2 
2024-07-21 17:48:22,354 superfastpath_3.py [line:250] one_slot INFO pending block 2 in 0.026443 
2024-07-21 17:48:22,354 superfastpath_3.py [line:259] one_slot INFO 2pending block 2 in 0.026632 
2024-07-21 17:48:22,356 superfastpath_3.py [line:277] one_slot INFO read pending block 2 in 0.028816 
2024-07-21 17:48:22,356 superfastpath_3.py [line:308] one_slot INFO Leaving slot 2 
2024-07-21 17:48:22,357 superfastpath_3.py [line:232] one_slot INFO Entering slot 3 
2024-07-21 17:48:22,398 superfastpath_3.py [line:250] one_slot INFO pending block 3 in 0.023278 
2024-07-21 17:48:22,398 superfastpath_3.py [line:259] one_slot INFO 2pending block 3 in 0.023466 
2024-07-21 17:48:22,400 superfastpath_3.py [line:277] one_slot INFO read pending block 3 in 0.025263 
2024-07-21 17:48:22,400 superfastpath_3.py [line:308] one_slot INFO Leaving slot 3 
2024-07-21 17:48:22,400 superfastpath_3.py [line:232] one_slot INFO Entering slot 4 
2024-07-21 17:48:27,401 superfastpath_3.py [line:366] sufastpath INFO Fastpath Timeout! 
2024-07-21 17:48:27,401 superfastpath_3.py [line:373] sufastpath INFO Leaves fastpath at 4 slot 
2024-07-21 17:48:27,402 Superfast.py [line:308] wait_for_fastpath INFO Fastpath of epoch 0 completed 
2024-07-21 17:52:05,453 sufp_node.py [line:79] run INFO node 8's starts to run consensus on process id 30560 
2024-07-21 17:52:05,453 sufp_node.py [line:80] run INFO parameters: N=16, f=5, S=15, T=5, fast-batch=1000, acs-batch=62, K=1, O=0 
2024-07-21 17:52:05,453 sufp_node.py [line:62] prepare_bootstrap INFO node id 8 is inserting dummy payload TXs 
2024-07-21 17:52:05,454 sufp_node.py [line:70] prepare_bootstrap INFO node id 8 just inserts 50000 TXs 
2024-07-21 17:52:05,454 sufp_node.py [line:70] prepare_bootstrap INFO node id 8 just inserts 50000 TXs 
2024-07-21 17:52:05,454 sufp_node.py [line:74] prepare_bootstrap INFO node id 8 completed the loading of dummy TXs 
2024-07-21 17:52:05,454 Superfast.py [line:178] run_bft INFO Node 8 starts to run at time:1721555525.4544828 
2024-07-21 17:52:05,454 Superfast.py [line:231] _run_epoch INFO Node enters epoch 0 
2024-07-21 17:52:05,455 superfastpath_3.py [line:43] sufastpath INFO Entering fast path 
2024-07-21 17:52:05,455 superfastpath_3.py [line:233] one_slot INFO Entering slot 1 
2024-07-21 17:52:05,456 superfastpath_3.py [line:241] one_slot INFO send vote in 1 b'>\xf6~\x99L\x89?h\xac\xe5z\xd1\x8d\x0e\xb8\xd8ec\x89O\x087\x91\xd2\x14P\x1d\xa2\xae\xfa+d' 
2024-07-21 17:52:05,954 superfastpath_3.py [line:251] one_slot INFO pending block 1 in 0.036592 
2024-07-21 17:52:05,955 superfastpath_3.py [line:260] one_slot INFO 2pending block 1 in 0.036759 
2024-07-21 17:52:05,956 superfastpath_3.py [line:278] one_slot INFO read pending block 1 in 0.037910 
2024-07-21 17:52:05,956 superfastpath_3.py [line:309] one_slot INFO Leaving slot 1 
2024-07-21 17:52:05,956 superfastpath_3.py [line:233] one_slot INFO Entering slot 2 
2024-07-21 17:52:05,956 superfastpath_3.py [line:241] one_slot INFO send vote in 2 b'\x9b\xe1\xaco\x9fV\x04J6\x87v+\xfa6a\xf2\xaaU\xcaN\r:\xf8\xfe\xf9\x11\x8a\x07)\xbf\xa1^' 
2024-07-21 17:52:05,981 superfastpath_3.py [line:251] one_slot INFO pending block 2 in 0.017331 
2024-07-21 17:52:05,981 superfastpath_3.py [line:260] one_slot INFO 2pending block 2 in 0.017512 
2024-07-21 17:52:05,983 superfastpath_3.py [line:278] one_slot INFO read pending block 2 in 0.019594 
2024-07-21 17:52:05,983 superfastpath_3.py [line:309] one_slot INFO Leaving slot 2 
2024-07-21 17:52:05,983 superfastpath_3.py [line:233] one_slot INFO Entering slot 3 
2024-07-21 17:52:05,983 superfastpath_3.py [line:241] one_slot INFO send vote in 3 b'\xba\xa5EM:\xc4\x00\xa3:\x16\xa4\xf9\x98\xf3 \x0b\x99YF\xc2\x12\xbe]\x891\x91\x94\xd9\x80jdA' 
2024-07-21 17:52:06,074 superfastpath_3.py [line:251] one_slot INFO pending block 3 in 0.063305 
2024-07-21 17:52:06,074 superfastpath_3.py [line:260] one_slot INFO 2pending block 3 in 0.063493 
2024-07-21 17:52:06,077 superfastpath_3.py [line:278] one_slot INFO read pending block 3 in 0.065911 
2024-07-21 17:52:06,078 superfastpath_3.py [line:309] one_slot INFO Leaving slot 3 
2024-07-21 17:52:06,078 superfastpath_3.py [line:233] one_slot INFO Entering slot 4 
2024-07-21 17:52:06,078 superfastpath_3.py [line:241] one_slot INFO send vote in 4 b'/\xda.\x80\x02\xe3{\xf4\xed\xf6\x8a\x7flH\x1ag\xc8m\xa94An\xd5\x81\xfa\x91\x97e\x14\x17`k' 
2024-07-21 17:52:11,078 superfastpath_3.py [line:367] sufastpath INFO Fastpath Timeout! 
2024-07-21 17:52:11,079 superfastpath_3.py [line:374] sufastpath INFO Leaves fastpath at 4 slot 
2024-07-21 17:52:11,079 Superfast.py [line:308] wait_for_fastpath INFO Fastpath of epoch 0 completed 
2024-07-21 17:53:16,879 sufp_node.py [line:79] run INFO node 8's starts to run consensus on process id 30821 
2024-07-21 17:53:16,880 sufp_node.py [line:80] run INFO parameters: N=16, f=5, S=15, T=5, fast-batch=1000, acs-batch=62, K=1, O=0 
2024-07-21 17:53:16,880 sufp_node.py [line:62] prepare_bootstrap INFO node id 8 is inserting dummy payload TXs 
2024-07-21 17:53:16,880 sufp_node.py [line:70] prepare_bootstrap INFO node id 8 just inserts 50000 TXs 
2024-07-21 17:53:16,880 sufp_node.py [line:70] prepare_bootstrap INFO node id 8 just inserts 50000 TXs 
2024-07-21 17:53:16,880 sufp_node.py [line:74] prepare_bootstrap INFO node id 8 completed the loading of dummy TXs 
2024-07-21 17:53:16,881 Superfast.py [line:178] run_bft INFO Node 8 starts to run at time:1721555596.881109 
2024-07-21 17:53:16,881 Superfast.py [line:231] _run_epoch INFO Node enters epoch 0 
2024-07-21 17:53:16,881 superfastpath_3.py [line:43] sufastpath INFO Entering fast path 
2024-07-21 17:53:16,881 superfastpath_3.py [line:233] one_slot INFO Entering slot 1 
2024-07-21 17:53:16,882 superfastpath_3.py [line:241] one_slot INFO send vote in 1 b'>\xf6~\x99L\x89?h\xac\xe5z\xd1\x8d\x0e\xb8\xd8ec\x89O\x087\x91\xd2\x14P\x1d\xa2\xae\xfa+d' 
2024-07-21 17:53:17,285 superfastpath_3.py [line:251] one_slot INFO pending block 1 in 0.021339 
2024-07-21 17:53:17,285 superfastpath_3.py [line:260] one_slot INFO 2pending block 1 in 0.021558 
2024-07-21 17:53:17,287 superfastpath_3.py [line:278] one_slot INFO read pending block 1 in 0.023078 
2024-07-21 17:53:17,287 superfastpath_3.py [line:309] one_slot INFO Leaving slot 1 
2024-07-21 17:53:17,287 superfastpath_3.py [line:233] one_slot INFO Entering slot 2 
2024-07-21 17:53:17,287 superfastpath_3.py [line:241] one_slot INFO send vote in 2 b'\xb0\x9b\x06y\x9cH\x87N\x0b&\xb9\xcf\x99\x8bsl\xad\x93\xc9T\xb7\x1c\xab\x92K\xb4\x99\xcd\x98\xdf\xb4\x1a' 
2024-07-21 17:53:17,338 superfastpath_3.py [line:251] one_slot INFO pending block 2 in 0.014274 
2024-07-21 17:53:17,338 superfastpath_3.py [line:260] one_slot INFO 2pending block 2 in 0.014570 
2024-07-21 17:53:17,341 superfastpath_3.py [line:278] one_slot INFO read pending block 2 in 0.016736 
2024-07-21 17:53:17,341 superfastpath_3.py [line:309] one_slot INFO Leaving slot 2 
2024-07-21 17:53:17,341 superfastpath_3.py [line:233] one_slot INFO Entering slot 3 
2024-07-21 17:53:17,342 superfastpath_3.py [line:241] one_slot INFO send vote in 3 b'_\x03\xf5\xa0G`\xcb\xac\xd7\xdb\x1aA\xcf\x17\xab\x8d`)\xab\xbb\xc9\xb3\x84/\xbd\xf12\x85oYB\x15' 
2024-07-21 17:53:17,390 superfastpath_3.py [line:251] one_slot INFO pending block 3 in 0.029929 
2024-07-21 17:53:17,390 superfastpath_3.py [line:260] one_slot INFO 2pending block 3 in 0.030088 
2024-07-21 17:53:17,392 superfastpath_3.py [line:278] one_slot INFO read pending block 3 in 0.031407 
2024-07-21 17:53:17,392 superfastpath_3.py [line:309] one_slot INFO Leaving slot 3 
2024-07-21 17:53:17,392 superfastpath_3.py [line:233] one_slot INFO Entering slot 4 
2024-07-21 17:53:17,392 superfastpath_3.py [line:241] one_slot INFO send vote in 4 b'\x11M 58\x02MZ\x0e\x18_\x8fQ\xe5I\x97UG\x0f\xf2\x91\xd7\xb3\x8c\xfdw\xa9t\xdd]\xcf\x9a' 
2024-07-21 17:53:22,393 superfastpath_3.py [line:367] sufastpath INFO Fastpath Timeout! 
2024-07-21 17:53:22,393 superfastpath_3.py [line:374] sufastpath INFO Leaves fastpath at 4 slot 
2024-07-21 17:53:22,393 Superfast.py [line:308] wait_for_fastpath INFO Fastpath of epoch 0 completed 
2024-07-21 17:55:45,830 sufp_node.py [line:79] run INFO node 8's starts to run consensus on process id 31090 
2024-07-21 17:55:45,831 sufp_node.py [line:80] run INFO parameters: N=16, f=5, S=15, T=5, fast-batch=1000, acs-batch=62, K=1, O=0 
2024-07-21 17:55:45,831 sufp_node.py [line:62] prepare_bootstrap INFO node id 8 is inserting dummy payload TXs 
2024-07-21 17:55:45,831 sufp_node.py [line:70] prepare_bootstrap INFO node id 8 just inserts 50000 TXs 
2024-07-21 17:55:45,831 sufp_node.py [line:70] prepare_bootstrap INFO node id 8 just inserts 50000 TXs 
2024-07-21 17:55:45,832 sufp_node.py [line:74] prepare_bootstrap INFO node id 8 completed the loading of dummy TXs 
2024-07-21 17:55:45,832 Superfast.py [line:178] run_bft INFO Node 8 starts to run at time:1721555745.8321924 
2024-07-21 17:55:45,832 Superfast.py [line:231] _run_epoch INFO Node enters epoch 0 
2024-07-21 17:55:45,833 superfastpath.py [line:43] sufastpath INFO Entering fast path 
2024-07-21 17:55:45,833 superfastpath.py [line:230] one_slot INFO Entering slot 1 
2024-07-21 17:55:45,904 superfastpath.py [line:246] one_slot INFO pending block 1 in 0.071397 
2024-07-21 17:55:45,905 superfastpath.py [line:255] one_slot INFO 2pending block 1 in 0.071597 
2024-07-21 17:55:45,906 superfastpath.py [line:273] one_slot INFO read pending block 1 in 0.073159 
2024-07-21 17:55:45,906 superfastpath.py [line:304] one_slot INFO Leaving slot 1 
2024-07-21 17:55:45,910 superfastpath.py [line:230] one_slot INFO Entering slot 2 
2024-07-21 17:55:45,950 superfastpath.py [line:246] one_slot INFO pending block 2 in 0.039639 
2024-07-21 17:55:45,950 superfastpath.py [line:255] one_slot INFO 2pending block 2 in 0.039844 
2024-07-21 17:55:45,951 superfastpath.py [line:273] one_slot INFO read pending block 2 in 0.041508 
2024-07-21 17:55:45,952 superfastpath.py [line:304] one_slot INFO Leaving slot 2 
2024-07-21 17:55:45,952 superfastpath.py [line:230] one_slot INFO Entering slot 3 
2024-07-21 17:55:46,039 superfastpath.py [line:246] one_slot INFO pending block 3 in 0.086636 
2024-07-21 17:55:46,039 superfastpath.py [line:255] one_slot INFO 2pending block 3 in 0.086841 
2024-07-21 17:55:46,041 superfastpath.py [line:273] one_slot INFO read pending block 3 in 0.088655 
2024-07-21 17:55:46,042 superfastpath.py [line:304] one_slot INFO Leaving slot 3 
2024-07-21 17:55:46,042 superfastpath.py [line:230] one_slot INFO Entering slot 4 
2024-07-21 17:55:46,124 superfastpath.py [line:246] one_slot INFO pending block 4 in 0.081612 
2024-07-21 17:55:46,124 superfastpath.py [line:255] one_slot INFO 2pending block 4 in 0.081991 
2024-07-21 17:55:46,130 superfastpath.py [line:273] one_slot INFO read pending block 4 in 0.088141 
2024-07-21 17:55:46,130 superfastpath.py [line:304] one_slot INFO Leaving slot 4 
2024-07-21 17:55:46,131 superfastpath.py [line:230] one_slot INFO Entering slot 5 
2024-07-21 17:55:46,205 superfastpath.py [line:246] one_slot INFO pending block 5 in 0.073710 
2024-07-21 17:55:46,205 superfastpath.py [line:255] one_slot INFO 2pending block 5 in 0.073928 
2024-07-21 17:55:46,207 superfastpath.py [line:273] one_slot INFO read pending block 5 in 0.075840 
2024-07-21 17:55:46,207 superfastpath.py [line:304] one_slot INFO Leaving slot 5 
2024-07-21 17:55:46,207 superfastpath.py [line:230] one_slot INFO Entering slot 6 
2024-07-21 17:55:51,207 superfastpath.py [line:362] sufastpath INFO Fastpath Timeout! 
2024-07-21 17:55:51,208 superfastpath.py [line:369] sufastpath INFO Leaves fastpath at 6 slot 
2024-07-21 17:55:51,208 Superfast.py [line:308] wait_for_fastpath INFO Fastpath of epoch 0 completed 
2024-07-21 17:58:38,631 sufp_node.py [line:79] run INFO node 8's starts to run consensus on process id 31368 
2024-07-21 17:58:38,632 sufp_node.py [line:80] run INFO parameters: N=16, f=5, S=15, T=5, fast-batch=1000, acs-batch=62, K=1, O=0 
2024-07-21 17:58:38,632 sufp_node.py [line:62] prepare_bootstrap INFO node id 8 is inserting dummy payload TXs 
2024-07-21 17:58:38,633 sufp_node.py [line:70] prepare_bootstrap INFO node id 8 just inserts 50000 TXs 
2024-07-21 17:58:38,633 sufp_node.py [line:70] prepare_bootstrap INFO node id 8 just inserts 50000 TXs 
2024-07-21 17:58:38,633 sufp_node.py [line:74] prepare_bootstrap INFO node id 8 completed the loading of dummy TXs 
2024-07-21 17:58:38,633 Superfast.py [line:178] run_bft INFO Node 8 starts to run at time:1721555918.633561 
2024-07-21 17:58:38,633 Superfast.py [line:231] _run_epoch INFO Node enters epoch 0 
2024-07-21 17:58:38,634 superfastpath.py [line:43] sufastpath INFO Entering fast path 
2024-07-21 17:58:38,634 superfastpath.py [line:230] one_slot INFO Entering slot 1 
2024-07-21 17:58:38,933 superfastpath.py [line:246] one_slot INFO pending block 1 in 0.298783 
2024-07-21 17:58:38,933 superfastpath.py [line:255] one_slot INFO 2pending block 1 in 0.299012 
2024-07-21 17:58:38,937 superfastpath.py [line:273] one_slot INFO read pending block 1 in 0.302888 
2024-07-21 17:58:38,937 superfastpath.py [line:304] one_slot INFO Leaving slot 1 
2024-07-21 17:58:38,938 superfastpath.py [line:230] one_slot INFO Entering slot 2 
2024-07-21 17:58:39,020 superfastpath.py [line:246] one_slot INFO pending block 2 in 0.082561 
2024-07-21 17:58:39,020 superfastpath.py [line:255] one_slot INFO 2pending block 2 in 0.082739 
2024-07-21 17:58:39,022 superfastpath.py [line:273] one_slot INFO read pending block 2 in 0.084633 
2024-07-21 17:58:39,022 superfastpath.py [line:304] one_slot INFO Leaving slot 2 
2024-07-21 17:58:39,023 superfastpath.py [line:230] one_slot INFO Entering slot 3 
2024-07-21 17:58:39,090 superfastpath.py [line:246] one_slot INFO pending block 3 in 0.067127 
2024-07-21 17:58:39,090 superfastpath.py [line:255] one_slot INFO 2pending block 3 in 0.067303 
2024-07-21 17:58:39,092 superfastpath.py [line:273] one_slot INFO read pending block 3 in 0.068940 
2024-07-21 17:58:39,092 superfastpath.py [line:304] one_slot INFO Leaving slot 3 
2024-07-21 17:58:39,092 superfastpath.py [line:230] one_slot INFO Entering slot 4 
2024-07-21 17:58:44,093 superfastpath.py [line:362] sufastpath INFO Fastpath Timeout! 
2024-07-21 17:58:44,094 superfastpath.py [line:369] sufastpath INFO Leaves fastpath at 4 slot 
2024-07-21 17:58:44,094 Superfast.py [line:308] wait_for_fastpath INFO Fastpath of epoch 0 completed 
2024-07-21 17:59:51,621 sufp_node.py [line:79] run INFO node 8's starts to run consensus on process id 31621 
2024-07-21 17:59:51,622 sufp_node.py [line:80] run INFO parameters: N=16, f=5, S=15, T=5, fast-batch=1000, acs-batch=62, K=1, O=0 
2024-07-21 17:59:51,622 sufp_node.py [line:62] prepare_bootstrap INFO node id 8 is inserting dummy payload TXs 
2024-07-21 17:59:51,623 sufp_node.py [line:70] prepare_bootstrap INFO node id 8 just inserts 50000 TXs 
2024-07-21 17:59:51,624 sufp_node.py [line:70] prepare_bootstrap INFO node id 8 just inserts 50000 TXs 
2024-07-21 17:59:51,624 sufp_node.py [line:74] prepare_bootstrap INFO node id 8 completed the loading of dummy TXs 
2024-07-21 17:59:51,624 Superfast.py [line:178] run_bft INFO Node 8 starts to run at time:1721555991.6244478 
2024-07-21 17:59:51,624 Superfast.py [line:231] _run_epoch INFO Node enters epoch 0 
2024-07-21 17:59:51,626 superfastpath.py [line:43] sufastpath INFO Entering fast path 
2024-07-21 17:59:51,626 superfastpath.py [line:230] one_slot INFO Entering slot 1 
2024-07-21 17:59:52,141 superfastpath.py [line:246] one_slot INFO pending block 1 in 0.514701 
2024-07-21 17:59:52,141 superfastpath.py [line:255] one_slot INFO 2pending block 1 in 0.514914 
2024-07-21 17:59:52,143 superfastpath.py [line:273] one_slot INFO read pending block 1 in 0.516648 
2024-07-21 17:59:52,143 superfastpath.py [line:304] one_slot INFO Leaving slot 1 
2024-07-21 17:59:52,143 superfastpath.py [line:230] one_slot INFO Entering slot 2 
2024-07-21 17:59:52,219 superfastpath.py [line:246] one_slot INFO pending block 2 in 0.075628 
2024-07-21 17:59:52,220 superfastpath.py [line:255] one_slot INFO 2pending block 2 in 0.075992 
2024-07-21 17:59:52,221 superfastpath.py [line:273] one_slot INFO read pending block 2 in 0.077728 
2024-07-21 17:59:52,221 superfastpath.py [line:304] one_slot INFO Leaving slot 2 
2024-07-21 17:59:52,222 superfastpath.py [line:230] one_slot INFO Entering slot 3 
2024-07-21 17:59:52,271 superfastpath.py [line:246] one_slot INFO pending block 3 in 0.049437 
2024-07-21 17:59:52,271 superfastpath.py [line:255] one_slot INFO 2pending block 3 in 0.049613 
2024-07-21 17:59:52,273 superfastpath.py [line:273] one_slot INFO read pending block 3 in 0.051485 
2024-07-21 17:59:52,273 superfastpath.py [line:304] one_slot INFO Leaving slot 3 
2024-07-21 17:59:52,274 superfastpath.py [line:230] one_slot INFO Entering slot 4 
2024-07-21 17:59:52,309 superfastpath.py [line:246] one_slot INFO pending block 4 in 0.035340 
2024-07-21 17:59:52,309 superfastpath.py [line:255] one_slot INFO 2pending block 4 in 0.035533 
2024-07-21 17:59:52,315 superfastpath.py [line:273] one_slot INFO read pending block 4 in 0.041077 
2024-07-21 17:59:52,316 superfastpath.py [line:304] one_slot INFO Leaving slot 4 
2024-07-21 17:59:52,318 superfastpath.py [line:230] one_slot INFO Entering slot 5 
2024-07-21 17:59:52,362 superfastpath.py [line:246] one_slot INFO pending block 5 in 0.044267 
2024-07-21 17:59:52,362 superfastpath.py [line:255] one_slot INFO 2pending block 5 in 0.044618 
2024-07-21 17:59:52,368 superfastpath.py [line:273] one_slot INFO read pending block 5 in 0.049967 
2024-07-21 17:59:52,368 superfastpath.py [line:304] one_slot INFO Leaving slot 5 
2024-07-21 17:59:52,369 superfastpath.py [line:230] one_slot INFO Entering slot 6 
2024-07-21 17:59:52,428 superfastpath.py [line:246] one_slot INFO pending block 6 in 0.059019 
2024-07-21 17:59:52,429 superfastpath.py [line:255] one_slot INFO 2pending block 6 in 0.059956 
2024-07-21 17:59:52,434 superfastpath.py [line:273] one_slot INFO read pending block 6 in 0.064734 
2024-07-21 17:59:52,434 superfastpath.py [line:304] one_slot INFO Leaving slot 6 
2024-07-21 17:59:52,434 superfastpath.py [line:230] one_slot INFO Entering slot 7 
2024-07-21 17:59:52,471 superfastpath.py [line:246] one_slot INFO pending block 7 in 0.037254 
2024-07-21 17:59:52,471 superfastpath.py [line:255] one_slot INFO 2pending block 7 in 0.037442 
2024-07-21 17:59:52,477 superfastpath.py [line:273] one_slot INFO read pending block 7 in 0.042495 
2024-07-21 17:59:52,477 superfastpath.py [line:304] one_slot INFO Leaving slot 7 
2024-07-21 17:59:52,477 superfastpath.py [line:230] one_slot INFO Entering slot 8 
2024-07-21 17:59:52,526 superfastpath.py [line:246] one_slot INFO pending block 8 in 0.049260 
2024-07-21 17:59:52,527 superfastpath.py [line:255] one_slot INFO 2pending block 8 in 0.049421 
2024-07-21 17:59:52,528 superfastpath.py [line:273] one_slot INFO read pending block 8 in 0.050950 
2024-07-21 17:59:52,528 superfastpath.py [line:304] one_slot INFO Leaving slot 8 
2024-07-21 17:59:52,529 superfastpath.py [line:230] one_slot INFO Entering slot 9 
2024-07-21 17:59:52,559 superfastpath.py [line:246] one_slot INFO pending block 9 in 0.030452 
2024-07-21 17:59:52,559 superfastpath.py [line:255] one_slot INFO 2pending block 9 in 0.030617 
2024-07-21 17:59:52,561 superfastpath.py [line:273] one_slot INFO read pending block 9 in 0.032449 
2024-07-21 17:59:52,561 superfastpath.py [line:282] one_slot INFO 3pending block 9 in 0.032598 
2024-07-21 17:59:52,561 superfastpath.py [line:286] one_slot INFO delay block 8 in 0.084276 
2024-07-21 17:59:52,567 superfastpath.py [line:293] one_slot INFO Fast block at Node 8 for Epoch sidAFAST0 and Slot 8 has delay, TPS and TXs: 0.08427619934082031, 1000 
2024-07-21 17:59:52,567 superfastpath.py [line:295] one_slot INFO AVG TPS: 11055, running time 0.090454, weighted delay: 0.084276 
2024-07-21 17:59:52,568 superfastpath.py [line:300] one_slot INFO output block for slot 8 taking 0.090521 sec 
2024-07-21 17:59:52,568 superfastpath.py [line:304] one_slot INFO Leaving slot 9 
2024-07-21 17:59:52,568 superfastpath.py [line:230] one_slot INFO Entering slot 10 
2024-07-21 17:59:52,621 superfastpath.py [line:246] one_slot INFO pending block 10 in 0.052660 
2024-07-21 17:59:52,621 superfastpath.py [line:255] one_slot INFO 2pending block 10 in 0.052830 
2024-07-21 17:59:52,626 superfastpath.py [line:273] one_slot INFO read pending block 10 in 0.058256 
2024-07-21 17:59:52,626 superfastpath.py [line:282] one_slot INFO 3pending block 10 in 0.058466 
2024-07-21 17:59:52,627 superfastpath.py [line:286] one_slot INFO delay block 9 in 0.097843 
2024-07-21 17:59:52,634 superfastpath.py [line:293] one_slot INFO Fast block at Node 8 for Epoch sidAFAST0 and Slot 9 has delay, TPS and TXs: 0.09784269332885742, 2000 
2024-07-21 17:59:52,634 superfastpath.py [line:295] one_slot INFO AVG TPS: 12746, running time 0.156906, weighted delay: 0.091059 
2024-07-21 17:59:52,634 superfastpath.py [line:300] one_slot INFO output block for slot 9 taking 0.105283 sec 
2024-07-21 17:59:52,634 superfastpath.py [line:304] one_slot INFO Leaving slot 10 
2024-07-21 17:59:52,634 superfastpath.py [line:230] one_slot INFO Entering slot 11 
2024-07-21 17:59:52,669 superfastpath.py [line:246] one_slot INFO pending block 11 in 0.034887 
2024-07-21 17:59:52,669 superfastpath.py [line:255] one_slot INFO 2pending block 11 in 0.035043 
2024-07-21 17:59:52,671 superfastpath.py [line:273] one_slot INFO read pending block 11 in 0.036790 
2024-07-21 17:59:52,671 superfastpath.py [line:282] one_slot INFO 3pending block 11 in 0.036903 
2024-07-21 17:59:52,671 superfastpath.py [line:286] one_slot INFO delay block 10 in 0.103289 
2024-07-21 17:59:52,673 superfastpath.py [line:293] one_slot INFO Fast block at Node 8 for Epoch sidAFAST0 and Slot 10 has delay, TPS and TXs: 0.10328888893127441, 3000 
2024-07-21 17:59:52,673 superfastpath.py [line:295] one_slot INFO AVG TPS: 15280, running time 0.196332, weighted delay: 0.095136 
2024-07-21 17:59:52,673 superfastpath.py [line:300] one_slot INFO output block for slot 10 taking 0.105460 sec 
2024-07-21 17:59:52,674 superfastpath.py [line:304] one_slot INFO Leaving slot 11 
2024-07-21 17:59:52,687 superfastpath.py [line:230] one_slot INFO Entering slot 12 
2024-07-21 17:59:52,730 superfastpath.py [line:246] one_slot INFO pending block 12 in 0.042356 
2024-07-21 17:59:52,730 superfastpath.py [line:255] one_slot INFO 2pending block 12 in 0.042624 
2024-07-21 17:59:52,734 superfastpath.py [line:273] one_slot INFO read pending block 12 in 0.046029 
2024-07-21 17:59:52,734 superfastpath.py [line:282] one_slot INFO 3pending block 12 in 0.046340 
2024-07-21 17:59:52,734 superfastpath.py [line:286] one_slot INFO delay block 11 in 0.099596 
2024-07-21 17:59:52,736 superfastpath.py [line:293] one_slot INFO Fast block at Node 8 for Epoch sidAFAST0 and Slot 11 has delay, TPS and TXs: 0.09959602355957031, 4000 
2024-07-21 17:59:52,736 superfastpath.py [line:295] one_slot INFO AVG TPS: 15450, running time 0.258888, weighted delay: 0.096251 
2024-07-21 17:59:52,736 superfastpath.py [line:300] one_slot INFO output block for slot 11 taking 0.101678 sec 
2024-07-21 17:59:52,736 superfastpath.py [line:304] one_slot INFO Leaving slot 12 
2024-07-21 17:59:52,736 superfastpath.py [line:230] one_slot INFO Entering slot 13 
2024-07-21 17:59:52,802 superfastpath.py [line:246] one_slot INFO pending block 13 in 0.065482 
2024-07-21 17:59:52,802 superfastpath.py [line:255] one_slot INFO 2pending block 13 in 0.065624 
2024-07-21 17:59:52,809 superfastpath.py [line:273] one_slot INFO read pending block 13 in 0.072210 
2024-07-21 17:59:52,809 superfastpath.py [line:282] one_slot INFO 3pending block 13 in 0.072603 
2024-07-21 17:59:52,809 superfastpath.py [line:286] one_slot INFO delay block 12 in 0.121802 
2024-07-21 17:59:52,814 superfastpath.py [line:293] one_slot INFO Fast block at Node 8 for Epoch sidAFAST0 and Slot 12 has delay, TPS and TXs: 0.12180185317993164, 5000 
2024-07-21 17:59:52,814 superfastpath.py [line:295] one_slot INFO AVG TPS: 14820, running time 0.337377, weighted delay: 0.101361 
2024-07-21 17:59:52,815 superfastpath.py [line:300] one_slot INFO output block for slot 12 taking 0.127235 sec 
2024-07-21 17:59:52,815 superfastpath.py [line:304] one_slot INFO Leaving slot 13 
2024-07-21 17:59:52,815 superfastpath.py [line:230] one_slot INFO Entering slot 14 
2024-07-21 17:59:52,871 superfastpath.py [line:246] one_slot INFO pending block 14 in 0.055422 
2024-07-21 17:59:52,871 superfastpath.py [line:255] one_slot INFO 2pending block 14 in 0.055636 
2024-07-21 17:59:52,873 superfastpath.py [line:273] one_slot INFO read pending block 14 in 0.057697 
2024-07-21 17:59:52,873 superfastpath.py [line:282] one_slot INFO 3pending block 14 in 0.057820 
2024-07-21 17:59:52,873 superfastpath.py [line:286] one_slot INFO delay block 13 in 0.136744 
2024-07-21 17:59:52,881 superfastpath.py [line:293] one_slot INFO Fast block at Node 8 for Epoch sidAFAST0 and Slot 13 has delay, TPS and TXs: 0.13674354553222656, 6000 
2024-07-21 17:59:52,882 superfastpath.py [line:295] one_slot INFO AVG TPS: 14830, running time 0.404562, weighted delay: 0.107258 
2024-07-21 17:59:52,882 superfastpath.py [line:300] one_slot INFO output block for slot 13 taking 0.145104 sec 
2024-07-21 17:59:52,882 superfastpath.py [line:304] one_slot INFO Leaving slot 14 
2024-07-21 17:59:52,883 superfastpath.py [line:230] one_slot INFO Entering slot 15 
2024-07-21 17:59:52,936 superfastpath.py [line:246] one_slot INFO pending block 15 in 0.053080 
2024-07-21 17:59:52,936 superfastpath.py [line:255] one_slot INFO 2pending block 15 in 0.053250 
2024-07-21 17:59:52,943 superfastpath.py [line:273] one_slot INFO read pending block 15 in 0.060342 
2024-07-21 17:59:52,943 superfastpath.py [line:282] one_slot INFO 3pending block 15 in 0.060524 
2024-07-21 17:59:52,943 superfastpath.py [line:286] one_slot INFO delay block 14 in 0.127887 
2024-07-21 17:59:52,945 superfastpath.py [line:293] one_slot INFO Fast block at Node 8 for Epoch sidAFAST0 and Slot 14 has delay, TPS and TXs: 0.12788653373718262, 7000 
2024-07-21 17:59:52,945 superfastpath.py [line:295] one_slot INFO AVG TPS: 14957, running time 0.468000, weighted delay: 0.110205 
2024-07-21 17:59:52,945 superfastpath.py [line:300] one_slot INFO output block for slot 14 taking 0.129673 sec 
2024-07-21 17:59:52,945 superfastpath.py [line:304] one_slot INFO Leaving slot 15 
2024-07-21 17:59:52,945 superfastpath.py [line:230] one_slot INFO Entering slot 16 
2024-07-21 17:59:52,970 superfastpath.py [line:246] one_slot INFO pending block 16 in 0.024469 
2024-07-21 17:59:52,970 superfastpath.py [line:255] one_slot INFO 2pending block 16 in 0.024627 
2024-07-21 17:59:52,970 superfastpath.py [line:273] one_slot INFO read pending block 16 in 0.024752 
2024-07-21 17:59:52,970 superfastpath.py [line:282] one_slot INFO 3pending block 16 in 0.024836 
2024-07-21 17:59:52,971 superfastpath.py [line:286] one_slot INFO delay block 15 in 0.087993 
2024-07-21 17:59:52,979 superfastpath.py [line:293] one_slot INFO Fast block at Node 8 for Epoch sidAFAST0 and Slot 15 has delay, TPS and TXs: 0.08799314498901367, 8000 
2024-07-21 17:59:52,979 superfastpath.py [line:295] one_slot INFO AVG TPS: 15936, running time 0.501989, weighted delay: 0.107429 
2024-07-21 17:59:52,979 superfastpath.py [line:300] one_slot INFO output block for slot 15 taking 0.096420 sec 
2024-07-21 17:59:52,979 superfastpath.py [line:304] one_slot INFO Leaving slot 16 
2024-07-21 17:59:52,979 superfastpath.py [line:369] sufastpath INFO Leaves fastpath at 17 slot 
2024-07-21 17:59:52,980 Superfast.py [line:308] wait_for_fastpath INFO Fastpath of epoch 0 completed 
2024-07-21 17:59:52,980 Superfast.py [line:337] _run_epoch INFO Fastpath tps: 15930 delay 0.107429 
2024-07-21 17:59:57,984 Superfast.py [line:208] run_bft INFO node 8 breaks in 6.359702 seconds in epoch 0 with total delivered Txs 0 and average delay 0.000000 
2024-07-21 19:32:12,285 sufp_node.py [line:79] run INFO node 8's starts to run consensus on process id 32351 
2024-07-21 19:32:12,285 sufp_node.py [line:80] run INFO parameters: N=16, f=5, S=15, T=5, fast-batch=1000, acs-batch=62, K=1, O=0 
2024-07-21 19:32:12,286 sufp_node.py [line:62] prepare_bootstrap INFO node id 8 is inserting dummy payload TXs 
2024-07-21 19:32:12,286 sufp_node.py [line:70] prepare_bootstrap INFO node id 8 just inserts 50000 TXs 
2024-07-21 19:32:12,286 sufp_node.py [line:70] prepare_bootstrap INFO node id 8 just inserts 50000 TXs 
2024-07-21 19:32:12,286 sufp_node.py [line:74] prepare_bootstrap INFO node id 8 completed the loading of dummy TXs 
2024-07-21 19:32:12,287 Superfast.py [line:178] run_bft INFO Node 8 starts to run at time:1721561532.286979 
2024-07-21 19:32:12,287 Superfast.py [line:231] _run_epoch INFO Node enters epoch 0 
2024-07-21 19:32:12,287 superfastpath.py [line:43] sufastpath INFO Entering fast path 
2024-07-21 19:32:12,288 superfastpath.py [line:230] one_slot INFO Entering slot 1 
2024-07-21 19:32:12,322 superfastpath.py [line:246] one_slot INFO pending block 1 in 0.034140 
2024-07-21 19:32:12,322 superfastpath.py [line:255] one_slot INFO 2pending block 1 in 0.034398 
2024-07-21 19:32:12,324 superfastpath.py [line:273] one_slot INFO read pending block 1 in 0.035905 
2024-07-21 19:32:12,324 superfastpath.py [line:304] one_slot INFO Leaving slot 1 
2024-07-21 19:32:12,324 superfastpath.py [line:230] one_slot INFO Entering slot 2 
2024-07-21 19:32:12,375 superfastpath.py [line:246] one_slot INFO pending block 2 in 0.050774 
2024-07-21 19:32:12,375 superfastpath.py [line:255] one_slot INFO 2pending block 2 in 0.050977 
2024-07-21 19:32:12,379 superfastpath.py [line:273] one_slot INFO read pending block 2 in 0.054267 
2024-07-21 19:32:12,381 superfastpath.py [line:304] one_slot INFO Leaving slot 2 
2024-07-21 19:32:12,384 superfastpath.py [line:230] one_slot INFO Entering slot 3 
2024-07-21 19:32:12,437 superfastpath.py [line:246] one_slot INFO pending block 3 in 0.052516 
2024-07-21 19:32:12,437 superfastpath.py [line:255] one_slot INFO 2pending block 3 in 0.052690 
2024-07-21 19:32:12,440 superfastpath.py [line:273] one_slot INFO read pending block 3 in 0.055156 
2024-07-21 19:32:12,440 superfastpath.py [line:304] one_slot INFO Leaving slot 3 
2024-07-21 19:32:12,440 superfastpath.py [line:230] one_slot INFO Entering slot 4 
2024-07-21 19:32:12,489 superfastpath.py [line:246] one_slot INFO pending block 4 in 0.048667 
2024-07-21 19:32:12,489 superfastpath.py [line:255] one_slot INFO 2pending block 4 in 0.048949 
2024-07-21 19:32:12,495 superfastpath.py [line:273] one_slot INFO read pending block 4 in 0.054684 
2024-07-21 19:32:12,495 superfastpath.py [line:304] one_slot INFO Leaving slot 4 
2024-07-21 19:32:12,495 superfastpath.py [line:230] one_slot INFO Entering slot 5 
2024-07-21 19:32:12,522 superfastpath.py [line:246] one_slot INFO pending block 5 in 0.026907 
2024-07-21 19:32:12,522 superfastpath.py [line:255] one_slot INFO 2pending block 5 in 0.027094 
2024-07-21 19:32:12,539 superfastpath.py [line:273] one_slot INFO read pending block 5 in 0.044161 
2024-07-21 19:32:12,540 superfastpath.py [line:304] one_slot INFO Leaving slot 5 
2024-07-21 19:32:12,540 superfastpath.py [line:230] one_slot INFO Entering slot 6 
2024-07-21 19:32:12,588 superfastpath.py [line:246] one_slot INFO pending block 6 in 0.048128 
2024-07-21 19:32:12,588 superfastpath.py [line:255] one_slot INFO 2pending block 6 in 0.048588 
2024-07-21 19:32:12,593 superfastpath.py [line:273] one_slot INFO read pending block 6 in 0.052516 
2024-07-21 19:32:12,594 superfastpath.py [line:304] one_slot INFO Leaving slot 6 
2024-07-21 19:32:12,594 superfastpath.py [line:230] one_slot INFO Entering slot 7 
2024-07-21 19:32:12,638 superfastpath.py [line:246] one_slot INFO pending block 7 in 0.043142 
2024-07-21 19:32:12,639 superfastpath.py [line:255] one_slot INFO 2pending block 7 in 0.043508 
2024-07-21 19:32:12,647 superfastpath.py [line:273] one_slot INFO read pending block 7 in 0.052018 
2024-07-21 19:32:12,648 superfastpath.py [line:304] one_slot INFO Leaving slot 7 
2024-07-21 19:32:12,648 superfastpath.py [line:230] one_slot INFO Entering slot 8 
2024-07-21 19:32:12,692 superfastpath.py [line:246] one_slot INFO pending block 8 in 0.043262 
2024-07-21 19:32:12,692 superfastpath.py [line:255] one_slot INFO 2pending block 8 in 0.043983 
2024-07-21 19:32:12,707 superfastpath.py [line:273] one_slot INFO read pending block 8 in 0.058361 
2024-07-21 19:32:12,707 superfastpath.py [line:304] one_slot INFO Leaving slot 8 
2024-07-21 19:32:12,710 superfastpath.py [line:230] one_slot INFO Entering slot 9 
2024-07-21 19:32:12,739 superfastpath.py [line:246] one_slot INFO pending block 9 in 0.029163 
2024-07-21 19:32:12,740 superfastpath.py [line:255] one_slot INFO 2pending block 9 in 0.029332 
2024-07-21 19:32:12,748 superfastpath.py [line:273] one_slot INFO read pending block 9 in 0.037402 
2024-07-21 19:32:12,748 superfastpath.py [line:282] one_slot INFO 3pending block 9 in 0.037554 
2024-07-21 19:32:12,748 superfastpath.py [line:286] one_slot INFO delay block 8 in 0.099581 
2024-07-21 19:32:12,754 superfastpath.py [line:293] one_slot INFO Fast block at Node 8 for Epoch sidAFAST0 and Slot 8 has delay, TPS and TXs: 0.09958100318908691, 1000 
2024-07-21 19:32:12,754 superfastpath.py [line:295] one_slot INFO AVG TPS: 9471, running time 0.105586, weighted delay: 0.099581 
2024-07-21 19:32:12,754 superfastpath.py [line:300] one_slot INFO output block for slot 8 taking 0.105547 sec 
2024-07-21 19:32:12,754 superfastpath.py [line:304] one_slot INFO Leaving slot 9 
2024-07-21 19:32:12,754 superfastpath.py [line:230] one_slot INFO Entering slot 10 
2024-07-21 19:32:12,795 superfastpath.py [line:246] one_slot INFO pending block 10 in 0.041318 
2024-07-21 19:32:12,796 superfastpath.py [line:255] one_slot INFO 2pending block 10 in 0.041501 
2024-07-21 19:32:12,797 superfastpath.py [line:273] one_slot INFO read pending block 10 in 0.042937 
2024-07-21 19:32:12,797 superfastpath.py [line:282] one_slot INFO 3pending block 10 in 0.043109 
2024-07-21 19:32:12,798 superfastpath.py [line:286] one_slot INFO delay block 9 in 0.087058 
2024-07-21 19:32:12,808 superfastpath.py [line:293] one_slot INFO Fast block at Node 8 for Epoch sidAFAST0 and Slot 9 has delay, TPS and TXs: 0.08705830574035645, 2000 
2024-07-21 19:32:12,808 superfastpath.py [line:295] one_slot INFO AVG TPS: 12530, running time 0.159609, weighted delay: 0.093320 
2024-07-21 19:32:12,808 superfastpath.py [line:300] one_slot INFO output block for slot 9 taking 0.097619 sec 
2024-07-21 19:32:12,808 superfastpath.py [line:304] one_slot INFO Leaving slot 10 
2024-07-21 19:32:12,808 superfastpath.py [line:230] one_slot INFO Entering slot 11 
2024-07-21 19:32:12,852 superfastpath.py [line:246] one_slot INFO pending block 11 in 0.044284 
2024-07-21 19:32:12,853 superfastpath.py [line:255] one_slot INFO 2pending block 11 in 0.044497 
2024-07-21 19:32:12,857 superfastpath.py [line:273] one_slot INFO read pending block 11 in 0.048999 
2024-07-21 19:32:12,857 superfastpath.py [line:282] one_slot INFO 3pending block 11 in 0.049214 
2024-07-21 19:32:12,858 superfastpath.py [line:286] one_slot INFO delay block 10 in 0.103420 
2024-07-21 19:32:12,862 superfastpath.py [line:293] one_slot INFO Fast block at Node 8 for Epoch sidAFAST0 and Slot 10 has delay, TPS and TXs: 0.10342025756835938, 3000 
2024-07-21 19:32:12,863 superfastpath.py [line:295] one_slot INFO AVG TPS: 13950, running time 0.215044, weighted delay: 0.096687 
2024-07-21 19:32:12,863 superfastpath.py [line:300] one_slot INFO output block for slot 10 taking 0.109228 sec 
2024-07-21 19:32:12,863 superfastpath.py [line:304] one_slot INFO Leaving slot 11 
2024-07-21 19:32:12,864 superfastpath.py [line:230] one_slot INFO Entering slot 12 
2024-07-21 19:32:12,900 superfastpath.py [line:246] one_slot INFO pending block 12 in 0.033547 
2024-07-21 19:32:12,900 superfastpath.py [line:255] one_slot INFO 2pending block 12 in 0.033702 
2024-07-21 19:32:12,902 superfastpath.py [line:273] one_slot INFO read pending block 12 in 0.036062 
2024-07-21 19:32:12,902 superfastpath.py [line:282] one_slot INFO 3pending block 12 in 0.036215 
2024-07-21 19:32:12,902 superfastpath.py [line:286] one_slot INFO delay block 11 in 0.094085 
2024-07-21 19:32:12,917 superfastpath.py [line:293] one_slot INFO Fast block at Node 8 for Epoch sidAFAST0 and Slot 11 has delay, TPS and TXs: 0.09408450126647949, 4000 
2024-07-21 19:32:12,917 superfastpath.py [line:295] one_slot INFO AVG TPS: 14872, running time 0.268949, weighted delay: 0.096036 
2024-07-21 19:32:12,917 superfastpath.py [line:300] one_slot INFO output block for slot 11 taking 0.109089 sec 
2024-07-21 19:32:12,917 superfastpath.py [line:304] one_slot INFO Leaving slot 12 
2024-07-21 19:32:12,918 superfastpath.py [line:230] one_slot INFO Entering slot 13 
2024-07-21 19:32:12,953 superfastpath.py [line:246] one_slot INFO pending block 13 in 0.035447 
2024-07-21 19:32:12,953 superfastpath.py [line:255] one_slot INFO 2pending block 13 in 0.035626 
2024-07-21 19:32:12,957 superfastpath.py [line:273] one_slot INFO read pending block 13 in 0.039298 
2024-07-21 19:32:12,957 superfastpath.py [line:282] one_slot INFO 3pending block 13 in 0.039698 
2024-07-21 19:32:12,958 superfastpath.py [line:286] one_slot INFO delay block 12 in 0.091580 
2024-07-21 19:32:12,961 superfastpath.py [line:293] one_slot INFO Fast block at Node 8 for Epoch sidAFAST0 and Slot 12 has delay, TPS and TXs: 0.09158015251159668, 5000 
2024-07-21 19:32:12,961 superfastpath.py [line:295] one_slot INFO AVG TPS: 15987, running time 0.312749, weighted delay: 0.095145 
2024-07-21 19:32:12,961 superfastpath.py [line:300] one_slot INFO output block for slot 12 taking 0.095073 sec 
2024-07-21 19:32:12,961 superfastpath.py [line:304] one_slot INFO Leaving slot 13 
2024-07-21 19:32:12,961 superfastpath.py [line:230] one_slot INFO Entering slot 14 
2024-07-21 19:32:13,033 superfastpath.py [line:246] one_slot INFO pending block 14 in 0.071140 
2024-07-21 19:32:13,033 superfastpath.py [line:255] one_slot INFO 2pending block 14 in 0.071465 
2024-07-21 19:32:13,039 superfastpath.py [line:273] one_slot INFO read pending block 14 in 0.077576 
2024-07-21 19:32:13,039 superfastpath.py [line:282] one_slot INFO 3pending block 14 in 0.077756 
2024-07-21 19:32:13,039 superfastpath.py [line:286] one_slot INFO delay block 13 in 0.121664 
2024-07-21 19:32:13,045 superfastpath.py [line:293] one_slot INFO Fast block at Node 8 for Epoch sidAFAST0 and Slot 13 has delay, TPS and TXs: 0.12166404724121094, 6000 
2024-07-21 19:32:13,045 superfastpath.py [line:295] one_slot INFO AVG TPS: 15124, running time 0.396712, weighted delay: 0.099565 
2024-07-21 19:32:13,045 superfastpath.py [line:300] one_slot INFO output block for slot 13 taking 0.127341 sec 
2024-07-21 19:32:13,045 superfastpath.py [line:304] one_slot INFO Leaving slot 14 
2024-07-21 19:32:13,045 superfastpath.py [line:230] one_slot INFO Entering slot 15 
2024-07-21 19:32:13,074 superfastpath.py [line:246] one_slot INFO pending block 15 in 0.028554 
2024-07-21 19:32:13,074 superfastpath.py [line:255] one_slot INFO 2pending block 15 in 0.028715 
2024-07-21 19:32:13,079 superfastpath.py [line:273] one_slot INFO read pending block 15 in 0.033091 
2024-07-21 19:32:13,081 superfastpath.py [line:282] one_slot INFO 3pending block 15 in 0.034584 
2024-07-21 19:32:13,081 superfastpath.py [line:286] one_slot INFO delay block 14 in 0.119734 
2024-07-21 19:32:13,085 superfastpath.py [line:293] one_slot INFO Fast block at Node 8 for Epoch sidAFAST0 and Slot 14 has delay, TPS and TXs: 0.11973381042480469, 7000 
2024-07-21 19:32:13,085 superfastpath.py [line:295] one_slot INFO AVG TPS: 16015, running time 0.437078, weighted delay: 0.102446 
2024-07-21 19:32:13,085 superfastpath.py [line:300] one_slot INFO output block for slot 14 taking 0.123848 sec 
2024-07-21 19:32:13,085 superfastpath.py [line:304] one_slot INFO Leaving slot 15 
2024-07-21 19:32:13,086 superfastpath.py [line:230] one_slot INFO Entering slot 16 
2024-07-21 19:32:13,118 superfastpath.py [line:246] one_slot INFO pending block 16 in 0.031911 
2024-07-21 19:32:13,118 superfastpath.py [line:255] one_slot INFO 2pending block 16 in 0.032076 
2024-07-21 19:32:13,119 superfastpath.py [line:273] one_slot INFO read pending block 16 in 0.032210 
2024-07-21 19:32:13,119 superfastpath.py [line:282] one_slot INFO 3pending block 16 in 0.032298 
2024-07-21 19:32:13,122 superfastpath.py [line:286] one_slot INFO delay block 15 in 0.076214 
2024-07-21 19:32:13,127 superfastpath.py [line:293] one_slot INFO Fast block at Node 8 for Epoch sidAFAST0 and Slot 15 has delay, TPS and TXs: 0.07621359825134277, 8000 
2024-07-21 19:32:13,130 superfastpath.py [line:295] one_slot INFO AVG TPS: 16714, running time 0.478641, weighted delay: 0.099167 
2024-07-21 19:32:13,131 superfastpath.py [line:300] one_slot INFO output block for slot 15 taking 0.085026 sec 
2024-07-21 19:32:13,131 superfastpath.py [line:304] one_slot INFO Leaving slot 16 
2024-07-21 19:32:13,131 superfastpath.py [line:369] sufastpath INFO Leaves fastpath at 17 slot 
2024-07-21 19:32:13,131 Superfast.py [line:308] wait_for_fastpath INFO Fastpath of epoch 0 completed 
2024-07-21 19:32:13,134 Superfast.py [line:337] _run_epoch INFO Fastpath tps: 16582 delay 0.099167 
2024-07-21 19:33:48,884 sufp_node.py [line:79] run INFO node 8's starts to run consensus on process id 32649 
2024-07-21 19:33:48,885 sufp_node.py [line:80] run INFO parameters: N=16, f=5, S=15, T=5, fast-batch=1000, acs-batch=62, K=1, O=0 
2024-07-21 19:33:48,885 sufp_node.py [line:62] prepare_bootstrap INFO node id 8 is inserting dummy payload TXs 
2024-07-21 19:33:48,886 sufp_node.py [line:70] prepare_bootstrap INFO node id 8 just inserts 50000 TXs 
2024-07-21 19:33:48,886 sufp_node.py [line:70] prepare_bootstrap INFO node id 8 just inserts 50000 TXs 
2024-07-21 19:33:48,886 sufp_node.py [line:74] prepare_bootstrap INFO node id 8 completed the loading of dummy TXs 
2024-07-21 19:33:48,886 Superfast.py [line:178] run_bft INFO Node 8 starts to run at time:1721561628.8866463 
2024-07-21 19:33:48,886 Superfast.py [line:231] _run_epoch INFO Node enters epoch 0 
2024-07-21 19:33:48,887 superfastpath.py [line:43] sufastpath INFO Entering fast path 
2024-07-21 19:33:48,888 superfastpath.py [line:230] one_slot INFO Entering slot 1 
2024-07-21 19:33:49,452 superfastpath.py [line:246] one_slot INFO pending block 1 in 0.564304 
2024-07-21 19:33:49,452 superfastpath.py [line:255] one_slot INFO 2pending block 1 in 0.564485 
2024-07-21 19:33:49,453 superfastpath.py [line:273] one_slot INFO read pending block 1 in 0.565655 
2024-07-21 19:33:49,454 superfastpath.py [line:304] one_slot INFO Leaving slot 1 
2024-07-21 19:33:49,454 superfastpath.py [line:230] one_slot INFO Entering slot 2 
2024-07-21 19:33:49,481 superfastpath.py [line:246] one_slot INFO pending block 2 in 0.027150 
2024-07-21 19:33:49,481 superfastpath.py [line:255] one_slot INFO 2pending block 2 in 0.027543 
2024-07-21 19:33:49,486 superfastpath.py [line:273] one_slot INFO read pending block 2 in 0.029840 
2024-07-21 19:33:49,486 superfastpath.py [line:304] one_slot INFO Leaving slot 2 
2024-07-21 19:33:49,488 superfastpath.py [line:230] one_slot INFO Entering slot 3 
2024-07-21 19:33:49,533 superfastpath.py [line:246] one_slot INFO pending block 3 in 0.044147 
2024-07-21 19:33:49,533 superfastpath.py [line:255] one_slot INFO 2pending block 3 in 0.044302 
2024-07-21 19:33:49,534 superfastpath.py [line:273] one_slot INFO read pending block 3 in 0.045778 
2024-07-21 19:33:49,534 superfastpath.py [line:304] one_slot INFO Leaving slot 3 
2024-07-21 19:33:49,534 superfastpath.py [line:230] one_slot INFO Entering slot 4 
2024-07-21 19:33:49,598 superfastpath.py [line:246] one_slot INFO pending block 4 in 0.063403 
2024-07-21 19:33:49,599 superfastpath.py [line:255] one_slot INFO 2pending block 4 in 0.064276 
2024-07-21 19:33:49,601 superfastpath.py [line:273] one_slot INFO read pending block 4 in 0.066260 
2024-07-21 19:33:49,601 superfastpath.py [line:304] one_slot INFO Leaving slot 4 
2024-07-21 19:33:49,601 superfastpath.py [line:230] one_slot INFO Entering slot 5 
2024-07-21 19:33:49,650 superfastpath.py [line:246] one_slot INFO pending block 5 in 0.048400 
2024-07-21 19:33:49,650 superfastpath.py [line:255] one_slot INFO 2pending block 5 in 0.048682 
2024-07-21 19:33:49,652 superfastpath.py [line:273] one_slot INFO read pending block 5 in 0.050782 
2024-07-21 19:33:49,652 superfastpath.py [line:304] one_slot INFO Leaving slot 5 
2024-07-21 19:33:49,653 superfastpath.py [line:230] one_slot INFO Entering slot 6 
2024-07-21 19:33:49,692 superfastpath.py [line:246] one_slot INFO pending block 6 in 0.038738 
2024-07-21 19:33:49,692 superfastpath.py [line:255] one_slot INFO 2pending block 6 in 0.039486 
2024-07-21 19:33:49,699 superfastpath.py [line:273] one_slot INFO read pending block 6 in 0.046296 
2024-07-21 19:33:49,699 superfastpath.py [line:304] one_slot INFO Leaving slot 6 
2024-07-21 19:33:49,700 superfastpath.py [line:230] one_slot INFO Entering slot 7 
2024-07-21 19:33:49,751 superfastpath.py [line:246] one_slot INFO pending block 7 in 0.049865 
2024-07-21 19:33:49,752 superfastpath.py [line:255] one_slot INFO 2pending block 7 in 0.052380 
2024-07-21 19:33:49,757 superfastpath.py [line:273] one_slot INFO read pending block 7 in 0.056895 
2024-07-21 19:33:49,757 superfastpath.py [line:304] one_slot INFO Leaving slot 7 
2024-07-21 19:33:49,757 superfastpath.py [line:230] one_slot INFO Entering slot 8 
2024-07-21 19:33:49,795 superfastpath.py [line:246] one_slot INFO pending block 8 in 0.037844 
2024-07-21 19:33:49,795 superfastpath.py [line:255] one_slot INFO 2pending block 8 in 0.038042 
2024-07-21 19:33:49,797 superfastpath.py [line:273] one_slot INFO read pending block 8 in 0.039512 
2024-07-21 19:33:49,797 superfastpath.py [line:304] one_slot INFO Leaving slot 8 
2024-07-21 19:33:49,798 superfastpath.py [line:230] one_slot INFO Entering slot 9 
2024-07-21 19:33:49,850 superfastpath.py [line:246] one_slot INFO pending block 9 in 0.052665 
2024-07-21 19:33:49,851 superfastpath.py [line:255] one_slot INFO 2pending block 9 in 0.052913 
2024-07-21 19:33:49,852 superfastpath.py [line:273] one_slot INFO read pending block 9 in 0.054507 
2024-07-21 19:33:49,852 superfastpath.py [line:282] one_slot INFO 3pending block 9 in 0.054734 
2024-07-21 19:33:49,853 superfastpath.py [line:286] one_slot INFO delay block 8 in 0.095593 
2024-07-21 19:33:49,854 superfastpath.py [line:293] one_slot INFO Fast block at Node 8 for Epoch sidAFAST0 and Slot 8 has delay, TPS and TXs: 0.09559345245361328, 1000 
2024-07-21 19:33:49,854 superfastpath.py [line:295] one_slot INFO AVG TPS: 10263, running time 0.097435, weighted delay: 0.095593 
2024-07-21 19:33:49,854 superfastpath.py [line:300] one_slot INFO output block for slot 8 taking 0.097431 sec 
2024-07-21 19:33:49,854 superfastpath.py [line:304] one_slot INFO Leaving slot 9 
2024-07-21 19:33:49,855 superfastpath.py [line:230] one_slot INFO Entering slot 10 
2024-07-21 19:33:49,912 superfastpath.py [line:246] one_slot INFO pending block 10 in 0.057773 
2024-07-21 19:33:49,913 superfastpath.py [line:255] one_slot INFO 2pending block 10 in 0.057964 
2024-07-21 19:33:49,917 superfastpath.py [line:273] one_slot INFO read pending block 10 in 0.062478 
2024-07-21 19:33:49,976 superfastpath.py [line:282] one_slot INFO 3pending block 10 in 0.121457 
2024-07-21 19:33:49,976 superfastpath.py [line:286] one_slot INFO delay block 9 in 0.178592 
2024-07-21 19:33:49,978 superfastpath.py [line:293] one_slot INFO Fast block at Node 8 for Epoch sidAFAST0 and Slot 9 has delay, TPS and TXs: 0.17859196662902832, 2000 
2024-07-21 19:33:49,979 superfastpath.py [line:295] one_slot INFO AVG TPS: 9017, running time 0.221785, weighted delay: 0.137093 
2024-07-21 19:33:49,979 superfastpath.py [line:300] one_slot INFO output block for slot 9 taking 0.181020 sec 
2024-07-21 19:33:49,979 superfastpath.py [line:304] one_slot INFO Leaving slot 10 
2024-07-21 19:33:49,979 superfastpath.py [line:230] one_slot INFO Entering slot 11 
2024-07-21 19:33:50,010 superfastpath.py [line:246] one_slot INFO pending block 11 in 0.030731 
2024-07-21 19:33:50,010 superfastpath.py [line:255] one_slot INFO 2pending block 11 in 0.030891 
2024-07-21 19:33:50,012 superfastpath.py [line:273] one_slot INFO read pending block 11 in 0.032760 
2024-07-21 19:33:50,012 superfastpath.py [line:282] one_slot INFO 3pending block 11 in 0.032934 
2024-07-21 19:33:50,012 superfastpath.py [line:286] one_slot INFO delay block 10 in 0.157380 
2024-07-21 19:33:50,015 superfastpath.py [line:293] one_slot INFO Fast block at Node 8 for Epoch sidAFAST0 and Slot 10 has delay, TPS and TXs: 0.1573803424835205, 3000 
2024-07-21 19:33:50,015 superfastpath.py [line:295] one_slot INFO AVG TPS: 11599, running time 0.258629, weighted delay: 0.143855 
2024-07-21 19:33:50,016 superfastpath.py [line:300] one_slot INFO output block for slot 10 taking 0.160878 sec 
2024-07-21 19:33:50,016 superfastpath.py [line:304] one_slot INFO Leaving slot 11 
2024-07-21 19:33:50,016 superfastpath.py [line:230] one_slot INFO Entering slot 12 
2024-07-21 19:33:50,071 superfastpath.py [line:246] one_slot INFO pending block 12 in 0.055361 
2024-07-21 19:33:50,071 superfastpath.py [line:255] one_slot INFO 2pending block 12 in 0.055521 
2024-07-21 19:33:50,073 superfastpath.py [line:273] one_slot INFO read pending block 12 in 0.057194 
2024-07-21 19:33:50,073 superfastpath.py [line:282] one_slot INFO 3pending block 12 in 0.057359 
2024-07-21 19:33:50,073 superfastpath.py [line:286] one_slot INFO delay block 11 in 0.094220 
2024-07-21 19:33:50,075 superfastpath.py [line:293] one_slot INFO Fast block at Node 8 for Epoch sidAFAST0 and Slot 11 has delay, TPS and TXs: 0.09421968460083008, 4000 
2024-07-21 19:33:50,075 superfastpath.py [line:295] one_slot INFO AVG TPS: 12580, running time 0.317961, weighted delay: 0.131446 
2024-07-21 19:33:50,075 superfastpath.py [line:300] one_slot INFO output block for slot 11 taking 0.095848 sec 
2024-07-21 19:33:50,075 superfastpath.py [line:304] one_slot INFO Leaving slot 12 
2024-07-21 19:33:50,075 superfastpath.py [line:230] one_slot INFO Entering slot 13 
2024-07-21 19:33:50,122 superfastpath.py [line:246] one_slot INFO pending block 13 in 0.046900 
2024-07-21 19:33:50,125 superfastpath.py [line:255] one_slot INFO 2pending block 13 in 0.049686 
2024-07-21 19:33:50,132 superfastpath.py [line:273] one_slot INFO read pending block 13 in 0.056626 
2024-07-21 19:33:50,132 superfastpath.py [line:282] one_slot INFO 3pending block 13 in 0.056956 
2024-07-21 19:33:50,132 superfastpath.py [line:286] one_slot INFO delay block 12 in 0.116400 
2024-07-21 19:33:50,137 superfastpath.py [line:293] one_slot INFO Fast block at Node 8 for Epoch sidAFAST0 and Slot 12 has delay, TPS and TXs: 0.11639976501464844, 5000 
2024-07-21 19:33:50,137 superfastpath.py [line:295] one_slot INFO AVG TPS: 13150, running time 0.380205, weighted delay: 0.128437 
2024-07-21 19:33:50,137 superfastpath.py [line:300] one_slot INFO output block for slot 12 taking 0.121342 sec 
2024-07-21 19:33:50,137 superfastpath.py [line:304] one_slot INFO Leaving slot 13 
2024-07-21 19:33:50,137 superfastpath.py [line:230] one_slot INFO Entering slot 14 
2024-07-21 19:33:50,170 superfastpath.py [line:246] one_slot INFO pending block 14 in 0.032101 
2024-07-21 19:33:50,170 superfastpath.py [line:255] one_slot INFO 2pending block 14 in 0.032260 
2024-07-21 19:33:50,175 superfastpath.py [line:273] one_slot INFO read pending block 14 in 0.037782 
2024-07-21 19:33:50,175 superfastpath.py [line:282] one_slot INFO 3pending block 14 in 0.037934 
2024-07-21 19:33:50,175 superfastpath.py [line:286] one_slot INFO delay block 13 in 0.100357 
2024-07-21 19:33:50,177 superfastpath.py [line:293] one_slot INFO Fast block at Node 8 for Epoch sidAFAST0 and Slot 13 has delay, TPS and TXs: 0.1003570556640625, 6000 
2024-07-21 19:33:50,177 superfastpath.py [line:295] one_slot INFO AVG TPS: 14274, running time 0.420342, weighted delay: 0.123757 
2024-07-21 19:33:50,177 superfastpath.py [line:300] one_slot INFO output block for slot 13 taking 0.102169 sec 
2024-07-21 19:33:50,177 superfastpath.py [line:304] one_slot INFO Leaving slot 14 
2024-07-21 19:33:50,178 superfastpath.py [line:230] one_slot INFO Entering slot 15 
2024-07-21 19:33:50,231 superfastpath.py [line:246] one_slot INFO pending block 15 in 0.050041 
2024-07-21 19:33:50,231 superfastpath.py [line:255] one_slot INFO 2pending block 15 in 0.053245 
2024-07-21 19:33:50,237 superfastpath.py [line:273] one_slot INFO read pending block 15 in 0.059829 
2024-07-21 19:33:50,238 superfastpath.py [line:282] one_slot INFO 3pending block 15 in 0.060875 
2024-07-21 19:33:50,239 superfastpath.py [line:286] one_slot INFO delay block 14 in 0.101154 
2024-07-21 19:33:50,246 superfastpath.py [line:293] one_slot INFO Fast block at Node 8 for Epoch sidAFAST0 and Slot 14 has delay, TPS and TXs: 0.10115408897399902, 7000 
2024-07-21 19:33:50,249 superfastpath.py [line:295] one_slot INFO AVG TPS: 14304, running time 0.489353, weighted delay: 0.120528 
2024-07-21 19:33:50,249 superfastpath.py [line:300] one_slot INFO output block for slot 14 taking 0.111403 sec 
2024-07-21 19:33:50,249 superfastpath.py [line:304] one_slot INFO Leaving slot 15 
2024-07-21 19:33:50,249 superfastpath.py [line:230] one_slot INFO Entering slot 16 
2024-07-21 19:33:50,282 superfastpath.py [line:246] one_slot INFO pending block 16 in 0.032873 
2024-07-21 19:33:50,283 superfastpath.py [line:255] one_slot INFO 2pending block 16 in 0.034056 
2024-07-21 19:33:50,284 superfastpath.py [line:273] one_slot INFO read pending block 16 in 0.034308 
2024-07-21 19:33:50,284 superfastpath.py [line:282] one_slot INFO 3pending block 16 in 0.034405 
2024-07-21 19:33:50,284 superfastpath.py [line:286] one_slot INFO delay block 15 in 0.106285 
2024-07-21 19:33:50,288 superfastpath.py [line:293] one_slot INFO Fast block at Node 8 for Epoch sidAFAST0 and Slot 15 has delay, TPS and TXs: 0.10628485679626465, 8000 
2024-07-21 19:33:50,288 superfastpath.py [line:295] one_slot INFO AVG TPS: 15062, running time 0.531108, weighted delay: 0.118748 
2024-07-21 19:33:50,288 superfastpath.py [line:300] one_slot INFO output block for slot 15 taking 0.110471 sec 
2024-07-21 19:33:50,288 superfastpath.py [line:304] one_slot INFO Leaving slot 16 
2024-07-21 19:33:50,288 superfastpath.py [line:369] sufastpath INFO Leaves fastpath at 17 slot 
2024-07-21 19:33:50,289 Superfast.py [line:308] wait_for_fastpath INFO Fastpath of epoch 0 completed 
2024-07-21 19:33:50,289 Superfast.py [line:337] _run_epoch INFO Fastpath tps: 15057 delay 0.118748 
2024-07-21 19:35:35,466 sufp_node.py [line:79] run INFO node 8's starts to run consensus on process id 518 
2024-07-21 19:35:35,466 sufp_node.py [line:80] run INFO parameters: N=16, f=5, S=15, T=5, fast-batch=1000, acs-batch=62, K=1, O=0 
2024-07-21 19:35:35,466 sufp_node.py [line:62] prepare_bootstrap INFO node id 8 is inserting dummy payload TXs 
2024-07-21 19:35:35,467 sufp_node.py [line:70] prepare_bootstrap INFO node id 8 just inserts 50000 TXs 
2024-07-21 19:35:35,467 sufp_node.py [line:70] prepare_bootstrap INFO node id 8 just inserts 50000 TXs 
2024-07-21 19:35:35,467 sufp_node.py [line:74] prepare_bootstrap INFO node id 8 completed the loading of dummy TXs 
2024-07-21 19:35:35,467 Superfast.py [line:178] run_bft INFO Node 8 starts to run at time:1721561735.4673915 
2024-07-21 19:35:35,467 Superfast.py [line:231] _run_epoch INFO Node enters epoch 0 
2024-07-21 19:35:35,467 superfastpath.py [line:43] sufastpath INFO Entering fast path 
2024-07-21 19:35:35,468 superfastpath.py [line:231] one_slot INFO Entering slot 1 
2024-07-21 19:35:35,923 superfastpath.py [line:247] one_slot INFO pending block 1 in 0.454971 
2024-07-21 19:35:35,923 superfastpath.py [line:256] one_slot INFO 2pending block 1 in 0.455164 
2024-07-21 19:35:35,924 superfastpath.py [line:274] one_slot INFO read pending block 1 in 0.456714 
2024-07-21 19:35:35,925 superfastpath.py [line:305] one_slot INFO Leaving slot 1 
2024-07-21 19:35:35,925 superfastpath.py [line:231] one_slot INFO Entering slot 2 
2024-07-21 19:35:35,953 superfastpath.py [line:247] one_slot INFO pending block 2 in 0.028181 
2024-07-21 19:35:35,953 superfastpath.py [line:256] one_slot INFO 2pending block 2 in 0.028359 
2024-07-21 19:35:35,955 superfastpath.py [line:274] one_slot INFO read pending block 2 in 0.030128 
2024-07-21 19:35:35,955 superfastpath.py [line:305] one_slot INFO Leaving slot 2 
2024-07-21 19:35:35,955 superfastpath.py [line:231] one_slot INFO Entering slot 3 
2024-07-21 19:35:36,003 superfastpath.py [line:247] one_slot INFO pending block 3 in 0.047391 
2024-07-21 19:35:36,003 superfastpath.py [line:256] one_slot INFO 2pending block 3 in 0.047702 
2024-07-21 19:35:36,012 superfastpath.py [line:274] one_slot INFO read pending block 3 in 0.056570 
2024-07-21 19:35:36,012 superfastpath.py [line:305] one_slot INFO Leaving slot 3 
2024-07-21 19:35:36,012 superfastpath.py [line:231] one_slot INFO Entering slot 4 
2024-07-21 19:35:36,065 superfastpath.py [line:247] one_slot INFO pending block 4 in 0.052487 
2024-07-21 19:35:36,067 superfastpath.py [line:256] one_slot INFO 2pending block 4 in 0.054434 
2024-07-21 19:35:36,070 superfastpath.py [line:274] one_slot INFO read pending block 4 in 0.058155 
2024-07-21 19:35:36,071 superfastpath.py [line:305] one_slot INFO Leaving slot 4 
2024-07-21 19:35:36,071 superfastpath.py [line:231] one_slot INFO Entering slot 5 
2024-07-21 19:35:36,104 superfastpath.py [line:247] one_slot INFO pending block 5 in 0.033444 
2024-07-21 19:35:36,104 superfastpath.py [line:256] one_slot INFO 2pending block 5 in 0.033636 
2024-07-21 19:35:36,111 superfastpath.py [line:274] one_slot INFO read pending block 5 in 0.035340 
2024-07-21 19:35:36,112 superfastpath.py [line:305] one_slot INFO Leaving slot 5 
2024-07-21 19:35:36,112 superfastpath.py [line:231] one_slot INFO Entering slot 6 
2024-07-21 19:35:36,154 superfastpath.py [line:247] one_slot INFO pending block 6 in 0.042510 
2024-07-21 19:35:36,154 superfastpath.py [line:256] one_slot INFO 2pending block 6 in 0.042697 
2024-07-21 19:35:36,158 superfastpath.py [line:274] one_slot INFO read pending block 6 in 0.045989 
2024-07-21 19:35:36,159 superfastpath.py [line:305] one_slot INFO Leaving slot 6 
2024-07-21 19:35:36,159 superfastpath.py [line:231] one_slot INFO Entering slot 7 
2024-07-21 19:35:36,214 superfastpath.py [line:247] one_slot INFO pending block 7 in 0.054566 
2024-07-21 19:35:36,214 superfastpath.py [line:256] one_slot INFO 2pending block 7 in 0.054748 
2024-07-21 19:35:36,216 superfastpath.py [line:274] one_slot INFO read pending block 7 in 0.057203 
2024-07-21 19:35:36,217 superfastpath.py [line:305] one_slot INFO Leaving slot 7 
2024-07-21 19:35:36,217 superfastpath.py [line:231] one_slot INFO Entering slot 8 
2024-07-21 19:35:36,257 superfastpath.py [line:247] one_slot INFO pending block 8 in 0.040563 
2024-07-21 19:35:36,258 superfastpath.py [line:256] one_slot INFO 2pending block 8 in 0.040755 
2024-07-21 19:35:36,259 superfastpath.py [line:274] one_slot INFO read pending block 8 in 0.042377 
2024-07-21 19:35:36,259 superfastpath.py [line:305] one_slot INFO Leaving slot 8 
2024-07-21 19:35:36,260 superfastpath.py [line:231] one_slot INFO Entering slot 9 
2024-07-21 19:35:36,320 superfastpath.py [line:247] one_slot INFO pending block 9 in 0.059870 
2024-07-21 19:35:36,320 superfastpath.py [line:256] one_slot INFO 2pending block 9 in 0.060051 
2024-07-21 19:35:36,321 superfastpath.py [line:274] one_slot INFO read pending block 9 in 0.061481 
2024-07-21 19:35:36,321 superfastpath.py [line:283] one_slot INFO 3pending block 9 in 0.061632 
2024-07-21 19:35:36,321 superfastpath.py [line:287] one_slot INFO delay block 8 in 0.104537 
2024-07-21 19:35:36,323 superfastpath.py [line:294] one_slot INFO Fast block at Node 8 for Epoch sidAFAST0 and Slot 8 has delay, TPS and TXs: 0.1045372486114502, 1000 
2024-07-21 19:35:36,323 superfastpath.py [line:296] one_slot INFO AVG TPS: 9406, running time 0.106308, weighted delay: 0.104537 
2024-07-21 19:35:36,323 superfastpath.py [line:301] one_slot INFO output block for slot 8 taking 0.106329 sec 
2024-07-21 19:35:36,323 superfastpath.py [line:305] one_slot INFO Leaving slot 9 
2024-07-21 19:35:36,323 superfastpath.py [line:231] one_slot INFO Entering slot 10 
2024-07-21 19:35:36,359 superfastpath.py [line:247] one_slot INFO pending block 10 in 0.034240 
2024-07-21 19:35:36,359 superfastpath.py [line:256] one_slot INFO 2pending block 10 in 0.035863 
2024-07-21 19:35:36,362 superfastpath.py [line:274] one_slot INFO read pending block 10 in 0.038624 
2024-07-21 19:35:36,362 superfastpath.py [line:283] one_slot INFO 3pending block 10 in 0.038788 
2024-07-21 19:35:36,362 superfastpath.py [line:287] one_slot INFO delay block 9 in 0.102676 
2024-07-21 19:35:36,366 superfastpath.py [line:294] one_slot INFO Fast block at Node 8 for Epoch sidAFAST0 and Slot 9 has delay, TPS and TXs: 0.1026759147644043, 2000 
2024-07-21 19:35:36,366 superfastpath.py [line:296] one_slot INFO AVG TPS: 13362, running time 0.149674, weighted delay: 0.103607 
2024-07-21 19:35:36,367 superfastpath.py [line:301] one_slot INFO output block for slot 9 taking 0.106992 sec 
2024-07-21 19:35:36,367 superfastpath.py [line:305] one_slot INFO Leaving slot 10 
2024-07-21 19:35:36,368 superfastpath.py [line:231] one_slot INFO Entering slot 11 
2024-07-21 19:35:36,419 superfastpath.py [line:247] one_slot INFO pending block 11 in 0.050942 
2024-07-21 19:35:36,422 superfastpath.py [line:256] one_slot INFO 2pending block 11 in 0.054262 
2024-07-21 19:35:36,425 superfastpath.py [line:274] one_slot INFO read pending block 11 in 0.057181 
2024-07-21 19:35:36,425 superfastpath.py [line:283] one_slot INFO 3pending block 11 in 0.057332 
2024-07-21 19:35:36,425 superfastpath.py [line:287] one_slot INFO delay block 10 in 0.101814 
2024-07-21 19:35:36,432 superfastpath.py [line:294] one_slot INFO Fast block at Node 8 for Epoch sidAFAST0 and Slot 10 has delay, TPS and TXs: 0.10181379318237305, 3000 
2024-07-21 19:35:36,432 superfastpath.py [line:296] one_slot INFO AVG TPS: 13914, running time 0.215611, weighted delay: 0.103009 
2024-07-21 19:35:36,432 superfastpath.py [line:301] one_slot INFO output block for slot 10 taking 0.109011 sec 
2024-07-21 19:35:36,433 superfastpath.py [line:305] one_slot INFO Leaving slot 11 
2024-07-21 19:35:36,433 superfastpath.py [line:231] one_slot INFO Entering slot 12 
2024-07-21 19:35:36,479 superfastpath.py [line:247] one_slot INFO pending block 12 in 0.046242 
2024-07-21 19:35:36,479 superfastpath.py [line:256] one_slot INFO 2pending block 12 in 0.046393 
2024-07-21 19:35:36,484 superfastpath.py [line:274] one_slot INFO read pending block 12 in 0.051156 
2024-07-21 19:35:36,484 superfastpath.py [line:283] one_slot INFO 3pending block 12 in 0.051297 
2024-07-21 19:35:36,484 superfastpath.py [line:287] one_slot INFO delay block 11 in 0.116212 
2024-07-21 19:35:36,487 superfastpath.py [line:294] one_slot INFO Fast block at Node 8 for Epoch sidAFAST0 and Slot 11 has delay, TPS and TXs: 0.11621236801147461, 4000 
2024-07-21 19:35:36,487 superfastpath.py [line:296] one_slot INFO AVG TPS: 14780, running time 0.270633, weighted delay: 0.106310 
2024-07-21 19:35:36,487 superfastpath.py [line:301] one_slot INFO output block for slot 11 taking 0.119601 sec 
2024-07-21 19:35:36,488 superfastpath.py [line:305] one_slot INFO Leaving slot 12 
2024-07-21 19:35:36,489 superfastpath.py [line:231] one_slot INFO Entering slot 13 
2024-07-21 19:35:36,518 superfastpath.py [line:247] one_slot INFO pending block 13 in 0.027889 
2024-07-21 19:35:36,518 superfastpath.py [line:256] one_slot INFO 2pending block 13 in 0.028196 
2024-07-21 19:35:36,525 superfastpath.py [line:274] one_slot INFO read pending block 13 in 0.035668 
2024-07-21 19:35:36,525 superfastpath.py [line:283] one_slot INFO 3pending block 13 in 0.035816 
2024-07-21 19:35:36,526 superfastpath.py [line:287] one_slot INFO delay block 12 in 0.092816 
2024-07-21 19:35:36,530 superfastpath.py [line:294] one_slot INFO Fast block at Node 8 for Epoch sidAFAST0 and Slot 12 has delay, TPS and TXs: 0.09281587600708008, 5000 
2024-07-21 19:35:36,530 superfastpath.py [line:296] one_slot INFO AVG TPS: 15963, running time 0.313221, weighted delay: 0.103611 
2024-07-21 19:35:36,531 superfastpath.py [line:301] one_slot INFO output block for slot 12 taking 0.098423 sec 
2024-07-21 19:35:36,531 superfastpath.py [line:305] one_slot INFO Leaving slot 13 
2024-07-21 19:35:36,532 superfastpath.py [line:231] one_slot INFO Entering slot 14 
2024-07-21 19:35:36,554 superfastpath.py [line:247] one_slot INFO pending block 14 in 0.022247 
2024-07-21 19:35:36,554 superfastpath.py [line:256] one_slot INFO 2pending block 14 in 0.022438 
2024-07-21 19:35:36,557 superfastpath.py [line:274] one_slot INFO read pending block 14 in 0.025286 
2024-07-21 19:35:36,561 superfastpath.py [line:283] one_slot INFO 3pending block 14 in 0.029103 
2024-07-21 19:35:36,561 superfastpath.py [line:287] one_slot INFO delay block 13 in 0.071273 
2024-07-21 19:35:36,566 superfastpath.py [line:294] one_slot INFO Fast block at Node 8 for Epoch sidAFAST0 and Slot 13 has delay, TPS and TXs: 0.0712730884552002, 6000 
2024-07-21 19:35:36,566 superfastpath.py [line:296] one_slot INFO AVG TPS: 17182, running time 0.349202, weighted delay: 0.098221 
2024-07-21 19:35:36,566 superfastpath.py [line:301] one_slot INFO output block for slot 13 taking 0.076607 sec 
2024-07-21 19:35:36,566 superfastpath.py [line:305] one_slot INFO Leaving slot 14 
2024-07-21 19:35:36,566 superfastpath.py [line:231] one_slot INFO Entering slot 15 
2024-07-21 19:35:36,611 superfastpath.py [line:247] one_slot INFO pending block 15 in 0.043220 
2024-07-21 19:35:36,611 superfastpath.py [line:256] one_slot INFO 2pending block 15 in 0.043381 
2024-07-21 19:35:36,613 superfastpath.py [line:274] one_slot INFO read pending block 15 in 0.045332 
2024-07-21 19:35:36,613 superfastpath.py [line:283] one_slot INFO 3pending block 15 in 0.045466 
2024-07-21 19:35:36,613 superfastpath.py [line:287] one_slot INFO delay block 14 in 0.081408 
2024-07-21 19:35:36,615 superfastpath.py [line:294] one_slot INFO Fast block at Node 8 for Epoch sidAFAST0 and Slot 14 has delay, TPS and TXs: 0.08140802383422852, 7000 
2024-07-21 19:35:36,615 superfastpath.py [line:296] one_slot INFO AVG TPS: 17575, running time 0.398282, weighted delay: 0.095819 
2024-07-21 19:35:36,615 superfastpath.py [line:301] one_slot INFO output block for slot 14 taking 0.083410 sec 
2024-07-21 19:35:36,615 superfastpath.py [line:305] one_slot INFO Leaving slot 15 
2024-07-21 19:35:36,615 superfastpath.py [line:231] one_slot INFO Entering slot 16 
2024-07-21 19:35:36,648 superfastpath.py [line:247] one_slot INFO pending block 16 in 0.033040 
2024-07-21 19:35:36,649 superfastpath.py [line:256] one_slot INFO 2pending block 16 in 0.033186 
2024-07-21 19:35:36,649 superfastpath.py [line:274] one_slot INFO read pending block 16 in 0.033308 
2024-07-21 19:35:36,649 superfastpath.py [line:283] one_slot INFO 3pending block 16 in 0.034049 
2024-07-21 19:35:36,649 superfastpath.py [line:287] one_slot INFO delay block 15 in 0.081935 
2024-07-21 19:35:36,654 superfastpath.py [line:294] one_slot INFO Fast block at Node 8 for Epoch sidAFAST0 and Slot 15 has delay, TPS and TXs: 0.08193516731262207, 8000 
2024-07-21 19:35:36,654 superfastpath.py [line:296] one_slot INFO AVG TPS: 18274, running time 0.437768, weighted delay: 0.094084 
2024-07-21 19:35:36,655 superfastpath.py [line:301] one_slot INFO output block for slot 15 taking 0.087704 sec 
2024-07-21 19:35:36,655 superfastpath.py [line:305] one_slot INFO Leaving slot 16 
2024-07-21 19:35:36,655 superfastpath.py [line:370] sufastpath INFO Leaves fastpath at 17 slot 
2024-07-21 19:35:36,657 Superfast.py [line:308] wait_for_fastpath INFO Fastpath of epoch 0 completed 
2024-07-21 19:35:36,657 Superfast.py [line:337] _run_epoch INFO Fastpath tps: 18237 delay 0.094084 
2024-07-21 19:37:55,598 sufp_node.py [line:79] run INFO node 8's starts to run consensus on process id 859 
2024-07-21 19:37:55,599 sufp_node.py [line:80] run INFO parameters: N=16, f=5, S=15, T=5, fast-batch=1000, acs-batch=62, K=1, O=0 
2024-07-21 19:37:55,599 sufp_node.py [line:62] prepare_bootstrap INFO node id 8 is inserting dummy payload TXs 
2024-07-21 19:37:55,599 sufp_node.py [line:70] prepare_bootstrap INFO node id 8 just inserts 50000 TXs 
2024-07-21 19:37:55,599 sufp_node.py [line:70] prepare_bootstrap INFO node id 8 just inserts 50000 TXs 
2024-07-21 19:37:55,599 sufp_node.py [line:74] prepare_bootstrap INFO node id 8 completed the loading of dummy TXs 
2024-07-21 19:37:55,600 Superfast.py [line:178] run_bft INFO Node 8 starts to run at time:1721561875.6001165 
2024-07-21 19:37:55,600 Superfast.py [line:231] _run_epoch INFO Node enters epoch 0 
2024-07-21 19:37:55,601 superfastpath.py [line:43] sufastpath INFO Entering fast path 
2024-07-21 19:37:55,601 superfastpath.py [line:233] one_slot INFO Entering slot 1 
2024-07-21 19:37:56,185 superfastpath.py [line:249] one_slot INFO pending block 1 in 0.584409 
2024-07-21 19:37:56,185 superfastpath.py [line:258] one_slot INFO 2pending block 1 in 0.584586 
2024-07-21 19:37:56,187 superfastpath.py [line:276] one_slot INFO read pending block 1 in 0.586155 
2024-07-21 19:37:56,187 superfastpath.py [line:307] one_slot INFO Leaving slot 1 
2024-07-21 19:37:56,187 superfastpath.py [line:233] one_slot INFO Entering slot 2 
2024-07-21 19:37:56,238 superfastpath.py [line:249] one_slot INFO pending block 2 in 0.050527 
2024-07-21 19:37:56,238 superfastpath.py [line:258] one_slot INFO 2pending block 2 in 0.050797 
2024-07-21 19:37:56,240 superfastpath.py [line:276] one_slot INFO read pending block 2 in 0.052480 
2024-07-21 19:37:56,240 superfastpath.py [line:307] one_slot INFO Leaving slot 2 
2024-07-21 19:37:56,240 superfastpath.py [line:233] one_slot INFO Entering slot 3 
2024-07-21 19:37:56,283 superfastpath.py [line:249] one_slot INFO pending block 3 in 0.042207 
2024-07-21 19:37:56,288 superfastpath.py [line:258] one_slot INFO 2pending block 3 in 0.047359 
2024-07-21 19:37:56,294 superfastpath.py [line:276] one_slot INFO read pending block 3 in 0.053652 
2024-07-21 19:37:56,295 superfastpath.py [line:307] one_slot INFO Leaving slot 3 
2024-07-21 19:37:56,295 superfastpath.py [line:233] one_slot INFO Entering slot 4 
2024-07-21 19:37:56,346 superfastpath.py [line:249] one_slot INFO pending block 4 in 0.050566 
2024-07-21 19:37:56,346 superfastpath.py [line:258] one_slot INFO 2pending block 4 in 0.050760 
2024-07-21 19:37:56,350 superfastpath.py [line:276] one_slot INFO read pending block 4 in 0.054875 
2024-07-21 19:37:56,350 superfastpath.py [line:307] one_slot INFO Leaving slot 4 
2024-07-21 19:37:56,350 superfastpath.py [line:233] one_slot INFO Entering slot 5 
2024-07-21 19:37:56,390 superfastpath.py [line:249] one_slot INFO pending block 5 in 0.038980 
2024-07-21 19:37:56,391 superfastpath.py [line:258] one_slot INFO 2pending block 5 in 0.040611 
2024-07-21 19:37:56,396 superfastpath.py [line:276] one_slot INFO read pending block 5 in 0.045074 
2024-07-21 19:37:56,396 superfastpath.py [line:307] one_slot INFO Leaving slot 5 
2024-07-21 19:37:56,397 superfastpath.py [line:233] one_slot INFO Entering slot 6 
2024-07-21 19:37:56,435 superfastpath.py [line:249] one_slot INFO pending block 6 in 0.038257 
2024-07-21 19:37:56,435 superfastpath.py [line:258] one_slot INFO 2pending block 6 in 0.038479 
2024-07-21 19:37:56,445 superfastpath.py [line:276] one_slot INFO read pending block 6 in 0.047715 
2024-07-21 19:37:56,445 superfastpath.py [line:307] one_slot INFO Leaving slot 6 
2024-07-21 19:37:56,445 superfastpath.py [line:233] one_slot INFO Entering slot 7 
2024-07-21 19:37:56,497 superfastpath.py [line:249] one_slot INFO pending block 7 in 0.052202 
2024-07-21 19:37:56,497 superfastpath.py [line:258] one_slot INFO 2pending block 7 in 0.052375 
2024-07-21 19:37:56,504 superfastpath.py [line:276] one_slot INFO read pending block 7 in 0.059173 
2024-07-21 19:37:56,507 superfastpath.py [line:307] one_slot INFO Leaving slot 7 
2024-07-21 19:37:56,509 superfastpath.py [line:233] one_slot INFO Entering slot 8 
2024-07-21 19:37:56,560 superfastpath.py [line:249] one_slot INFO pending block 8 in 0.050699 
2024-07-21 19:37:56,560 superfastpath.py [line:258] one_slot INFO 2pending block 8 in 0.051002 
2024-07-21 19:37:56,562 superfastpath.py [line:276] one_slot INFO read pending block 8 in 0.053122 
2024-07-21 19:37:56,562 superfastpath.py [line:307] one_slot INFO Leaving slot 8 
2024-07-21 19:37:56,563 superfastpath.py [line:233] one_slot INFO Entering slot 9 
2024-07-21 19:37:56,610 superfastpath.py [line:249] one_slot INFO pending block 9 in 0.047543 
2024-07-21 19:37:56,610 superfastpath.py [line:258] one_slot INFO 2pending block 9 in 0.047701 
2024-07-21 19:37:56,612 superfastpath.py [line:276] one_slot INFO read pending block 9 in 0.049330 
2024-07-21 19:37:56,612 superfastpath.py [line:285] one_slot INFO 3pending block 9 in 0.049477 
2024-07-21 19:37:56,612 superfastpath.py [line:289] one_slot INFO delay block 8 in 0.103092 
2024-07-21 19:37:56,614 superfastpath.py [line:296] one_slot INFO Fast block at Node 8 for Epoch sidAFAST0 and Slot 8 has delay, TPS and TXs: 0.10309219360351562, 1000 
2024-07-21 19:37:56,614 superfastpath.py [line:298] one_slot INFO AVG TPS: 9347, running time 0.106981, weighted delay: 0.103092 
2024-07-21 19:37:56,614 superfastpath.py [line:303] one_slot INFO output block for slot 8 taking 0.105119 sec 
2024-07-21 19:37:56,614 superfastpath.py [line:307] one_slot INFO Leaving slot 9 
2024-07-21 19:37:56,614 superfastpath.py [line:233] one_slot INFO Entering slot 10 
2024-07-21 19:37:56,659 superfastpath.py [line:249] one_slot INFO pending block 10 in 0.044303 
2024-07-21 19:37:56,659 superfastpath.py [line:258] one_slot INFO 2pending block 10 in 0.044477 
2024-07-21 19:37:56,664 superfastpath.py [line:276] one_slot INFO read pending block 10 in 0.049338 
2024-07-21 19:37:56,664 superfastpath.py [line:285] one_slot INFO 3pending block 10 in 0.049507 
2024-07-21 19:37:56,664 superfastpath.py [line:289] one_slot INFO delay block 9 in 0.101491 
2024-07-21 19:37:56,669 superfastpath.py [line:296] one_slot INFO Fast block at Node 8 for Epoch sidAFAST0 and Slot 9 has delay, TPS and TXs: 0.10149145126342773, 2000 
2024-07-21 19:37:56,669 superfastpath.py [line:298] one_slot INFO AVG TPS: 12323, running time 0.162287, weighted delay: 0.102292 
2024-07-21 19:37:56,670 superfastpath.py [line:303] one_slot INFO output block for slot 9 taking 0.106973 sec 
2024-07-21 19:37:56,670 superfastpath.py [line:307] one_slot INFO Leaving slot 10 
2024-07-21 19:37:56,670 superfastpath.py [line:233] one_slot INFO Entering slot 11 
2024-07-21 19:37:56,713 superfastpath.py [line:249] one_slot INFO pending block 11 in 0.043278 
2024-07-21 19:37:56,713 superfastpath.py [line:258] one_slot INFO 2pending block 11 in 0.043453 
2024-07-21 19:37:56,715 superfastpath.py [line:276] one_slot INFO read pending block 11 in 0.045271 
2024-07-21 19:37:56,715 superfastpath.py [line:285] one_slot INFO 3pending block 11 in 0.045406 
2024-07-21 19:37:56,715 superfastpath.py [line:289] one_slot INFO delay block 10 in 0.100862 
2024-07-21 19:37:56,717 superfastpath.py [line:296] one_slot INFO Fast block at Node 8 for Epoch sidAFAST0 and Slot 10 has delay, TPS and TXs: 0.10086226463317871, 3000 
2024-07-21 19:37:56,717 superfastpath.py [line:298] one_slot INFO AVG TPS: 14272, running time 0.210202, weighted delay: 0.101815 
2024-07-21 19:37:56,717 superfastpath.py [line:303] one_slot INFO output block for slot 10 taking 0.102941 sec 
2024-07-21 19:37:56,718 superfastpath.py [line:307] one_slot INFO Leaving slot 11 
2024-07-21 19:37:56,718 superfastpath.py [line:233] one_slot INFO Entering slot 12 
2024-07-21 19:37:56,783 superfastpath.py [line:249] one_slot INFO pending block 12 in 0.065607 
2024-07-21 19:37:56,784 superfastpath.py [line:258] one_slot INFO 2pending block 12 in 0.065770 
2024-07-21 19:37:56,785 superfastpath.py [line:276] one_slot INFO read pending block 12 in 0.067259 
2024-07-21 19:37:56,785 superfastpath.py [line:285] one_slot INFO 3pending block 12 in 0.067563 
2024-07-21 19:37:56,786 superfastpath.py [line:289] one_slot INFO delay block 11 in 0.115602 
2024-07-21 19:37:56,787 superfastpath.py [line:296] one_slot INFO Fast block at Node 8 for Epoch sidAFAST0 and Slot 11 has delay, TPS and TXs: 0.11560225486755371, 4000 
2024-07-21 19:37:56,787 superfastpath.py [line:298] one_slot INFO AVG TPS: 14281, running time 0.280078, weighted delay: 0.105262 
2024-07-21 19:37:56,787 superfastpath.py [line:303] one_slot INFO output block for slot 11 taking 0.117425 sec 
2024-07-21 19:37:56,787 superfastpath.py [line:307] one_slot INFO Leaving slot 12 
2024-07-21 19:37:56,788 superfastpath.py [line:233] one_slot INFO Entering slot 13 
2024-07-21 19:37:56,815 superfastpath.py [line:249] one_slot INFO pending block 13 in 0.026923 
2024-07-21 19:37:56,815 superfastpath.py [line:258] one_slot INFO 2pending block 13 in 0.027258 
2024-07-21 19:37:56,820 superfastpath.py [line:276] one_slot INFO read pending block 13 in 0.032123 
2024-07-21 19:37:56,820 superfastpath.py [line:285] one_slot INFO 3pending block 13 in 0.032441 
2024-07-21 19:37:56,820 superfastpath.py [line:289] one_slot INFO delay block 12 in 0.102378 
2024-07-21 19:37:56,828 superfastpath.py [line:296] one_slot INFO Fast block at Node 8 for Epoch sidAFAST0 and Slot 12 has delay, TPS and TXs: 0.10237765312194824, 5000 
2024-07-21 19:37:56,828 superfastpath.py [line:298] one_slot INFO AVG TPS: 15596, running time 0.320577, weighted delay: 0.104685 
2024-07-21 19:37:56,828 superfastpath.py [line:303] one_slot INFO output block for slot 12 taking 0.109997 sec 
2024-07-21 19:37:56,828 superfastpath.py [line:307] one_slot INFO Leaving slot 13 
2024-07-21 19:37:56,829 superfastpath.py [line:233] one_slot INFO Entering slot 14 
2024-07-21 19:37:56,868 superfastpath.py [line:249] one_slot INFO pending block 14 in 0.039090 
2024-07-21 19:37:56,869 superfastpath.py [line:258] one_slot INFO 2pending block 14 in 0.039352 
2024-07-21 19:37:56,874 superfastpath.py [line:276] one_slot INFO read pending block 14 in 0.044659 
2024-07-21 19:37:56,874 superfastpath.py [line:285] one_slot INFO 3pending block 14 in 0.044847 
2024-07-21 19:37:56,874 superfastpath.py [line:289] one_slot INFO delay block 13 in 0.086680 
2024-07-21 19:37:56,877 superfastpath.py [line:296] one_slot INFO Fast block at Node 8 for Epoch sidAFAST0 and Slot 13 has delay, TPS and TXs: 0.08668017387390137, 6000 
2024-07-21 19:37:56,877 superfastpath.py [line:298] one_slot INFO AVG TPS: 16205, running time 0.370245, weighted delay: 0.101684 
2024-07-21 19:37:56,877 superfastpath.py [line:303] one_slot INFO output block for slot 13 taking 0.089869 sec 
2024-07-21 19:37:56,878 superfastpath.py [line:307] one_slot INFO Leaving slot 14 
2024-07-21 19:37:56,878 superfastpath.py [line:233] one_slot INFO Entering slot 15 
2024-07-21 19:37:56,931 superfastpath.py [line:249] one_slot INFO pending block 15 in 0.053513 
2024-07-21 19:37:56,932 superfastpath.py [line:258] one_slot INFO 2pending block 15 in 0.053772 
2024-07-21 19:37:56,933 superfastpath.py [line:276] one_slot INFO read pending block 15 in 0.055498 
2024-07-21 19:37:56,933 superfastpath.py [line:285] one_slot INFO 3pending block 15 in 0.055676 
2024-07-21 19:37:56,942 superfastpath.py [line:289] one_slot INFO delay block 14 in 0.112860 
2024-07-21 19:37:56,944 superfastpath.py [line:296] one_slot INFO Fast block at Node 8 for Epoch sidAFAST0 and Slot 14 has delay, TPS and TXs: 0.11286044120788574, 7000 
2024-07-21 19:37:56,945 superfastpath.py [line:298] one_slot INFO AVG TPS: 15998, running time 0.437529, weighted delay: 0.103281 
2024-07-21 19:37:56,945 superfastpath.py [line:303] one_slot INFO output block for slot 14 taking 0.115447 sec 
2024-07-21 19:37:56,945 superfastpath.py [line:307] one_slot INFO Leaving slot 15 
2024-07-21 19:37:56,945 superfastpath.py [line:233] one_slot INFO Entering slot 16 
2024-07-21 19:37:56,979 superfastpath.py [line:249] one_slot INFO pending block 16 in 0.033632 
2024-07-21 19:37:56,979 superfastpath.py [line:258] one_slot INFO 2pending block 16 in 0.033807 
2024-07-21 19:37:56,979 superfastpath.py [line:276] one_slot INFO read pending block 16 in 0.033936 
2024-07-21 19:37:56,979 superfastpath.py [line:285] one_slot INFO 3pending block 16 in 0.034025 
2024-07-21 19:37:56,979 superfastpath.py [line:289] one_slot INFO delay block 15 in 0.101583 
2024-07-21 19:37:56,983 superfastpath.py [line:296] one_slot INFO Fast block at Node 8 for Epoch sidAFAST0 and Slot 15 has delay, TPS and TXs: 0.10158276557922363, 8000 
2024-07-21 19:37:56,983 superfastpath.py [line:298] one_slot INFO AVG TPS: 16797, running time 0.476272, weighted delay: 0.103069 
2024-07-21 19:37:56,984 superfastpath.py [line:303] one_slot INFO output block for slot 15 taking 0.105722 sec 
2024-07-21 19:37:56,984 superfastpath.py [line:307] one_slot INFO Leaving slot 16 
2024-07-21 19:37:56,984 superfastpath.py [line:372] sufastpath INFO Leaves fastpath at 17 slot 
2024-07-21 19:37:56,984 Superfast.py [line:308] wait_for_fastpath INFO Fastpath of epoch 0 completed 
2024-07-21 19:37:56,984 Superfast.py [line:337] _run_epoch INFO Fastpath tps: 16790 delay 0.103069 
2024-07-21 19:41:34,356 sufp_node.py [line:79] run INFO node 8's starts to run consensus on process id 1283 
2024-07-21 19:41:34,356 sufp_node.py [line:80] run INFO parameters: N=16, f=5, S=15, T=5, fast-batch=1000, acs-batch=62, K=1, O=0 
2024-07-21 19:41:34,356 sufp_node.py [line:62] prepare_bootstrap INFO node id 8 is inserting dummy payload TXs 
2024-07-21 19:41:34,357 sufp_node.py [line:70] prepare_bootstrap INFO node id 8 just inserts 50000 TXs 
2024-07-21 19:41:34,357 sufp_node.py [line:70] prepare_bootstrap INFO node id 8 just inserts 50000 TXs 
2024-07-21 19:41:34,357 sufp_node.py [line:74] prepare_bootstrap INFO node id 8 completed the loading of dummy TXs 
2024-07-21 19:41:34,357 Superfast.py [line:178] run_bft INFO Node 8 starts to run at time:1721562094.3576381 
2024-07-21 19:41:34,357 Superfast.py [line:231] _run_epoch INFO Node enters epoch 0 
2024-07-21 19:41:34,358 superfastpath.py [line:43] sufastpath INFO Entering fast path 
2024-07-21 19:41:34,358 superfastpath.py [line:233] one_slot INFO Entering slot 1 
2024-07-21 19:41:34,421 superfastpath.py [line:249] one_slot INFO pending block 1 in 0.062887 
2024-07-21 19:41:34,421 superfastpath.py [line:258] one_slot INFO 2pending block 1 in 0.063250 
2024-07-21 19:41:34,423 superfastpath.py [line:276] one_slot INFO read pending block 1 in 0.064960 
2024-07-21 19:41:34,423 superfastpath.py [line:307] one_slot INFO Leaving slot 1 
2024-07-21 19:41:34,423 superfastpath.py [line:233] one_slot INFO Entering slot 2 
2024-07-21 19:41:34,439 superfastpath.py [line:249] one_slot INFO pending block 2 in 0.015380 
2024-07-21 19:41:34,439 superfastpath.py [line:258] one_slot INFO 2pending block 2 in 0.015566 
2024-07-21 19:41:34,440 superfastpath.py [line:276] one_slot INFO read pending block 2 in 0.017004 
2024-07-21 19:41:34,441 superfastpath.py [line:307] one_slot INFO Leaving slot 2 
2024-07-21 19:41:34,441 superfastpath.py [line:233] one_slot INFO Entering slot 3 
2024-07-21 19:41:34,490 superfastpath.py [line:249] one_slot INFO pending block 3 in 0.049238 
2024-07-21 19:41:34,490 superfastpath.py [line:258] one_slot INFO 2pending block 3 in 0.049460 
2024-07-21 19:41:34,492 superfastpath.py [line:276] one_slot INFO read pending block 3 in 0.051265 
2024-07-21 19:41:34,492 superfastpath.py [line:307] one_slot INFO Leaving slot 3 
2024-07-21 19:41:34,492 superfastpath.py [line:233] one_slot INFO Entering slot 4 
2024-07-21 19:41:34,554 superfastpath.py [line:249] one_slot INFO pending block 4 in 0.061485 
2024-07-21 19:41:34,554 superfastpath.py [line:258] one_slot INFO 2pending block 4 in 0.061892 
2024-07-21 19:41:34,556 superfastpath.py [line:276] one_slot INFO read pending block 4 in 0.063738 
2024-07-21 19:41:34,557 superfastpath.py [line:307] one_slot INFO Leaving slot 4 
2024-07-21 19:41:34,557 superfastpath.py [line:233] one_slot INFO Entering slot 5 
2024-07-21 19:41:34,623 superfastpath.py [line:249] one_slot INFO pending block 5 in 0.066376 
2024-07-21 19:41:34,623 superfastpath.py [line:258] one_slot INFO 2pending block 5 in 0.066564 
2024-07-21 19:41:34,628 superfastpath.py [line:276] one_slot INFO read pending block 5 in 0.070700 
2024-07-21 19:41:34,628 superfastpath.py [line:307] one_slot INFO Leaving slot 5 
2024-07-21 19:41:34,628 superfastpath.py [line:233] one_slot INFO Entering slot 6 
2024-07-21 19:41:34,698 superfastpath.py [line:249] one_slot INFO pending block 6 in 0.070158 
2024-07-21 19:41:34,698 superfastpath.py [line:258] one_slot INFO 2pending block 6 in 0.070370 
2024-07-21 19:41:34,700 superfastpath.py [line:276] one_slot INFO read pending block 6 in 0.072075 
2024-07-21 19:41:34,700 superfastpath.py [line:307] one_slot INFO Leaving slot 6 
2024-07-21 19:41:34,701 superfastpath.py [line:233] one_slot INFO Entering slot 7 
2024-07-21 19:41:34,764 superfastpath.py [line:249] one_slot INFO pending block 7 in 0.062930 
2024-07-21 19:41:34,764 superfastpath.py [line:258] one_slot INFO 2pending block 7 in 0.063115 
2024-07-21 19:41:34,766 superfastpath.py [line:276] one_slot INFO read pending block 7 in 0.064917 
2024-07-21 19:41:34,766 superfastpath.py [line:307] one_slot INFO Leaving slot 7 
2024-07-21 19:41:34,766 superfastpath.py [line:233] one_slot INFO Entering slot 8 
2024-07-21 19:41:34,860 superfastpath.py [line:249] one_slot INFO pending block 8 in 0.093774 
2024-07-21 19:41:34,860 superfastpath.py [line:258] one_slot INFO 2pending block 8 in 0.093967 
2024-07-21 19:41:34,868 superfastpath.py [line:276] one_slot INFO read pending block 8 in 0.101886 
2024-07-21 19:41:34,868 superfastpath.py [line:307] one_slot INFO Leaving slot 8 
2024-07-21 19:41:34,868 superfastpath.py [line:233] one_slot INFO Entering slot 9 
2024-07-21 19:41:34,925 superfastpath.py [line:249] one_slot INFO pending block 9 in 0.056115 
2024-07-21 19:41:34,973 superfastpath.py [line:258] one_slot INFO 2pending block 9 in 0.104869 
2024-07-21 19:41:34,976 superfastpath.py [line:276] one_slot INFO read pending block 9 in 0.107537 
2024-07-21 19:41:34,976 superfastpath.py [line:285] one_slot INFO 3pending block 9 in 0.107662 
2024-07-21 19:41:34,976 superfastpath.py [line:289] one_slot INFO delay block 8 in 0.210063 
2024-07-21 19:41:34,979 superfastpath.py [line:296] one_slot INFO Fast block at Node 8 for Epoch sidAFAST0 and Slot 8 has delay, TPS and TXs: 0.21006345748901367, 1000 
2024-07-21 19:41:34,980 superfastpath.py [line:298] one_slot INFO AVG TPS: 4682, running time 0.213575, weighted delay: 0.210063 
2024-07-21 19:41:34,980 superfastpath.py [line:303] one_slot INFO output block for slot 8 taking 0.213539 sec 
2024-07-21 19:41:34,980 superfastpath.py [line:307] one_slot INFO Leaving slot 9 
2024-07-21 19:41:34,980 superfastpath.py [line:233] one_slot INFO Entering slot 10 
2024-07-21 19:41:35,034 superfastpath.py [line:249] one_slot INFO pending block 10 in 0.053643 
2024-07-21 19:41:35,034 superfastpath.py [line:258] one_slot INFO 2pending block 10 in 0.053819 
2024-07-21 19:41:35,035 superfastpath.py [line:276] one_slot INFO read pending block 10 in 0.055285 
2024-07-21 19:41:35,035 superfastpath.py [line:285] one_slot INFO 3pending block 10 in 0.055487 
2024-07-21 19:41:35,036 superfastpath.py [line:289] one_slot INFO delay block 9 in 0.167029 
2024-07-21 19:41:35,037 superfastpath.py [line:296] one_slot INFO Fast block at Node 8 for Epoch sidAFAST0 and Slot 9 has delay, TPS and TXs: 0.16702866554260254, 2000 
2024-07-21 19:41:35,038 superfastpath.py [line:298] one_slot INFO AVG TPS: 7367, running time 0.271476, weighted delay: 0.188546 
2024-07-21 19:41:35,038 superfastpath.py [line:303] one_slot INFO output block for slot 9 taking 0.169199 sec 
2024-07-21 19:41:35,038 superfastpath.py [line:307] one_slot INFO Leaving slot 10 
2024-07-21 19:41:35,038 superfastpath.py [line:233] one_slot INFO Entering slot 11 
2024-07-21 19:41:35,116 superfastpath.py [line:249] one_slot INFO pending block 11 in 0.077754 
2024-07-21 19:41:35,116 superfastpath.py [line:258] one_slot INFO 2pending block 11 in 0.077956 
2024-07-21 19:41:35,118 superfastpath.py [line:276] one_slot INFO read pending block 11 in 0.079734 
2024-07-21 19:41:35,118 superfastpath.py [line:285] one_slot INFO 3pending block 11 in 0.079921 
2024-07-21 19:41:35,118 superfastpath.py [line:289] one_slot INFO delay block 10 in 0.138249 
2024-07-21 19:41:35,120 superfastpath.py [line:296] one_slot INFO Fast block at Node 8 for Epoch sidAFAST0 and Slot 10 has delay, TPS and TXs: 0.13824892044067383, 3000 
2024-07-21 19:41:35,120 superfastpath.py [line:298] one_slot INFO AVG TPS: 8471, running time 0.354136, weighted delay: 0.171780 
2024-07-21 19:41:35,120 superfastpath.py [line:303] one_slot INFO output block for slot 10 taking 0.140363 sec 
2024-07-21 19:41:35,120 superfastpath.py [line:307] one_slot INFO Leaving slot 11 
2024-07-21 19:41:35,121 superfastpath.py [line:233] one_slot INFO Entering slot 12 
2024-07-21 19:41:35,167 superfastpath.py [line:249] one_slot INFO pending block 12 in 0.046037 
2024-07-21 19:41:35,168 superfastpath.py [line:258] one_slot INFO 2pending block 12 in 0.047692 
2024-07-21 19:41:35,181 superfastpath.py [line:276] one_slot INFO read pending block 12 in 0.060004 
2024-07-21 19:41:35,181 superfastpath.py [line:285] one_slot INFO 3pending block 12 in 0.060183 
2024-07-21 19:41:35,181 superfastpath.py [line:289] one_slot INFO delay block 11 in 0.142717 
2024-07-21 19:41:35,192 superfastpath.py [line:296] one_slot INFO Fast block at Node 8 for Epoch sidAFAST0 and Slot 11 has delay, TPS and TXs: 0.1427173614501953, 4000 
2024-07-21 19:41:35,194 superfastpath.py [line:298] one_slot INFO AVG TPS: 9378, running time 0.426494, weighted delay: 0.164515 
2024-07-21 19:41:35,195 superfastpath.py [line:303] one_slot INFO output block for slot 11 taking 0.156588 sec 
2024-07-21 19:41:35,195 superfastpath.py [line:307] one_slot INFO Leaving slot 12 
2024-07-21 19:41:35,195 superfastpath.py [line:233] one_slot INFO Entering slot 13 
2024-07-21 19:41:35,235 superfastpath.py [line:249] one_slot INFO pending block 13 in 0.039390 
2024-07-21 19:41:35,236 superfastpath.py [line:258] one_slot INFO 2pending block 13 in 0.039556 
2024-07-21 19:41:35,237 superfastpath.py [line:276] one_slot INFO read pending block 13 in 0.041050 
2024-07-21 19:41:35,237 superfastpath.py [line:285] one_slot INFO 3pending block 13 in 0.041189 
2024-07-21 19:41:35,237 superfastpath.py [line:289] one_slot INFO delay block 12 in 0.116708 
2024-07-21 19:41:35,239 superfastpath.py [line:296] one_slot INFO Fast block at Node 8 for Epoch sidAFAST0 and Slot 12 has delay, TPS and TXs: 0.11670756340026855, 5000 
2024-07-21 19:41:35,239 superfastpath.py [line:298] one_slot INFO AVG TPS: 10571, running time 0.472960, weighted delay: 0.154953 
2024-07-21 19:41:35,239 superfastpath.py [line:303] one_slot INFO output block for slot 12 taking 0.118469 sec 
2024-07-21 19:41:35,239 superfastpath.py [line:307] one_slot INFO Leaving slot 13 
2024-07-21 19:41:35,239 superfastpath.py [line:233] one_slot INFO Entering slot 14 
2024-07-21 19:41:35,304 superfastpath.py [line:249] one_slot INFO pending block 14 in 0.064407 
2024-07-21 19:41:35,304 superfastpath.py [line:258] one_slot INFO 2pending block 14 in 0.064562 
2024-07-21 19:41:35,306 superfastpath.py [line:276] one_slot INFO read pending block 14 in 0.066937 
2024-07-21 19:41:35,306 superfastpath.py [line:285] one_slot INFO 3pending block 14 in 0.067116 
2024-07-21 19:41:35,307 superfastpath.py [line:289] one_slot INFO delay block 13 in 0.110509 
2024-07-21 19:41:35,309 superfastpath.py [line:296] one_slot INFO Fast block at Node 8 for Epoch sidAFAST0 and Slot 13 has delay, TPS and TXs: 0.11050868034362793, 6000 
2024-07-21 19:41:35,309 superfastpath.py [line:298] one_slot INFO AVG TPS: 11044, running time 0.543274, weighted delay: 0.147546 
2024-07-21 19:41:35,310 superfastpath.py [line:303] one_slot INFO output block for slot 13 taking 0.113827 sec 
2024-07-21 19:41:35,310 superfastpath.py [line:307] one_slot INFO Leaving slot 14 
2024-07-21 19:41:35,310 superfastpath.py [line:233] one_slot INFO Entering slot 15 
2024-07-21 19:41:35,395 superfastpath.py [line:249] one_slot INFO pending block 15 in 0.084555 
2024-07-21 19:41:35,395 superfastpath.py [line:258] one_slot INFO 2pending block 15 in 0.084785 
2024-07-21 19:41:35,397 superfastpath.py [line:276] one_slot INFO read pending block 15 in 0.086470 
2024-07-21 19:41:35,397 superfastpath.py [line:285] one_slot INFO 3pending block 15 in 0.086700 
2024-07-21 19:41:35,397 superfastpath.py [line:289] one_slot INFO delay block 14 in 0.157627 
2024-07-21 19:41:35,400 superfastpath.py [line:296] one_slot INFO Fast block at Node 8 for Epoch sidAFAST0 and Slot 14 has delay, TPS and TXs: 0.15762734413146973, 7000 
2024-07-21 19:41:35,400 superfastpath.py [line:298] one_slot INFO AVG TPS: 11042, running time 0.633888, weighted delay: 0.148986 
2024-07-21 19:41:35,401 superfastpath.py [line:303] one_slot INFO output block for slot 14 taking 0.161401 sec 
2024-07-21 19:41:35,402 superfastpath.py [line:307] one_slot INFO Leaving slot 15 
2024-07-21 19:41:35,419 superfastpath.py [line:233] one_slot INFO Entering slot 16 
2024-07-21 19:41:35,445 superfastpath.py [line:249] one_slot INFO pending block 16 in 0.025809 
2024-07-21 19:41:35,445 superfastpath.py [line:258] one_slot INFO 2pending block 16 in 0.025949 
2024-07-21 19:41:35,445 superfastpath.py [line:276] one_slot INFO read pending block 16 in 0.026041 
2024-07-21 19:41:35,445 superfastpath.py [line:285] one_slot INFO 3pending block 16 in 0.026109 
2024-07-21 19:41:35,446 superfastpath.py [line:289] one_slot INFO delay block 15 in 0.136102 
2024-07-21 19:41:35,451 superfastpath.py [line:296] one_slot INFO Fast block at Node 8 for Epoch sidAFAST0 and Slot 15 has delay, TPS and TXs: 0.13610196113586426, 8000 
2024-07-21 19:41:35,452 superfastpath.py [line:298] one_slot INFO AVG TPS: 11668, running time 0.685610, weighted delay: 0.147375 
2024-07-21 19:41:35,452 superfastpath.py [line:303] one_slot INFO output block for slot 15 taking 0.141611 sec 
2024-07-21 19:41:35,452 superfastpath.py [line:307] one_slot INFO Leaving slot 16 
2024-07-21 19:41:35,452 superfastpath.py [line:372] sufastpath INFO Leaves fastpath at 17 slot 
2024-07-21 19:41:35,455 Superfast.py [line:308] wait_for_fastpath INFO Fastpath of epoch 0 completed 
2024-07-21 19:41:35,456 Superfast.py [line:337] _run_epoch INFO Fastpath tps: 11664 delay 0.147375 
2024-07-21 19:41:40,469 Superfast.py [line:208] run_bft INFO node 8 breaks in 6.112255 seconds in epoch 0 with total delivered Txs 0 and average delay 0.000000 
2024-07-21 19:43:08,617 sufp_node.py [line:79] run INFO node 8's starts to run consensus on process id 1703 
2024-07-21 19:43:08,618 sufp_node.py [line:80] run INFO parameters: N=16, f=5, S=15, T=5, fast-batch=1000, acs-batch=62, K=1, O=0 
2024-07-21 19:43:08,618 sufp_node.py [line:62] prepare_bootstrap INFO node id 8 is inserting dummy payload TXs 
2024-07-21 19:43:08,618 sufp_node.py [line:70] prepare_bootstrap INFO node id 8 just inserts 50000 TXs 
2024-07-21 19:43:08,618 sufp_node.py [line:70] prepare_bootstrap INFO node id 8 just inserts 50000 TXs 
2024-07-21 19:43:08,619 sufp_node.py [line:74] prepare_bootstrap INFO node id 8 completed the loading of dummy TXs 
2024-07-21 19:43:08,619 Superfast.py [line:178] run_bft INFO Node 8 starts to run at time:1721562188.6191401 
2024-07-21 19:43:08,619 Superfast.py [line:231] _run_epoch INFO Node enters epoch 0 
2024-07-21 19:43:08,619 superfastpath.py [line:43] sufastpath INFO Entering fast path 
2024-07-21 19:43:08,620 superfastpath.py [line:233] one_slot INFO Entering slot 1 
2024-07-21 19:43:08,842 superfastpath.py [line:249] one_slot INFO pending block 1 in 0.222178 
2024-07-21 19:43:08,842 superfastpath.py [line:258] one_slot INFO 2pending block 1 in 0.222353 
2024-07-21 19:43:08,845 superfastpath.py [line:276] one_slot INFO read pending block 1 in 0.224817 
2024-07-21 19:43:08,845 superfastpath.py [line:307] one_slot INFO Leaving slot 1 
2024-07-21 19:43:08,845 superfastpath.py [line:233] one_slot INFO Entering slot 2 
2024-07-21 19:43:08,876 superfastpath.py [line:249] one_slot INFO pending block 2 in 0.030881 
2024-07-21 19:43:08,876 superfastpath.py [line:258] one_slot INFO 2pending block 2 in 0.031042 
2024-07-21 19:43:08,878 superfastpath.py [line:276] one_slot INFO read pending block 2 in 0.032933 
2024-07-21 19:43:08,878 superfastpath.py [line:307] one_slot INFO Leaving slot 2 
2024-07-21 19:43:08,878 superfastpath.py [line:233] one_slot INFO Entering slot 3 
2024-07-21 19:43:08,898 superfastpath.py [line:249] one_slot INFO pending block 3 in 0.019878 
2024-07-21 19:43:08,898 superfastpath.py [line:258] one_slot INFO 2pending block 3 in 0.020062 
2024-07-21 19:43:08,900 superfastpath.py [line:276] one_slot INFO read pending block 3 in 0.021783 
2024-07-21 19:43:08,900 superfastpath.py [line:307] one_slot INFO Leaving slot 3 
2024-07-21 19:43:08,900 superfastpath.py [line:233] one_slot INFO Entering slot 4 
2024-07-21 19:43:13,901 superfastpath.py [line:365] sufastpath INFO Fastpath Timeout! 
2024-07-21 19:43:13,901 superfastpath.py [line:372] sufastpath INFO Leaves fastpath at 4 slot 
2024-07-21 19:43:13,902 Superfast.py [line:308] wait_for_fastpath INFO Fastpath of epoch 0 completed 
2024-07-21 19:47:39,442 sufp_node.py [line:79] run INFO node 8's starts to run consensus on process id 1995 
2024-07-21 19:47:39,442 sufp_node.py [line:80] run INFO parameters: N=16, f=5, S=15, T=5, fast-batch=1000, acs-batch=62, K=1, O=0 
2024-07-21 19:47:39,443 sufp_node.py [line:62] prepare_bootstrap INFO node id 8 is inserting dummy payload TXs 
2024-07-21 19:47:39,443 sufp_node.py [line:70] prepare_bootstrap INFO node id 8 just inserts 50000 TXs 
2024-07-21 19:47:39,443 sufp_node.py [line:70] prepare_bootstrap INFO node id 8 just inserts 50000 TXs 
2024-07-21 19:47:39,443 sufp_node.py [line:74] prepare_bootstrap INFO node id 8 completed the loading of dummy TXs 
2024-07-21 19:47:39,443 Superfast.py [line:178] run_bft INFO Node 8 starts to run at time:1721562459.4437547 
2024-07-21 19:47:39,443 Superfast.py [line:231] _run_epoch INFO Node enters epoch 0 
2024-07-21 19:47:39,444 superfastpath.py [line:43] sufastpath INFO Entering fast path 
2024-07-21 19:47:39,444 superfastpath.py [line:234] one_slot INFO Entering slot 1 
2024-07-21 19:47:40,308 superfastpath.py [line:250] one_slot INFO pending block 1 in 0.864013 
2024-07-21 19:47:40,308 superfastpath.py [line:259] one_slot INFO 2pending block 1 in 0.864181 
2024-07-21 19:47:40,313 superfastpath.py [line:277] one_slot INFO read pending block 1 in 0.868954 
2024-07-21 19:47:40,313 superfastpath.py [line:308] one_slot INFO Leaving slot 1 
2024-07-21 19:47:40,314 superfastpath.py [line:234] one_slot INFO Entering slot 2 
2024-07-21 19:47:40,361 superfastpath.py [line:250] one_slot INFO pending block 2 in 0.047331 
2024-07-21 19:47:40,361 superfastpath.py [line:259] one_slot INFO 2pending block 2 in 0.047504 
2024-07-21 19:47:40,363 superfastpath.py [line:277] one_slot INFO read pending block 2 in 0.049642 
2024-07-21 19:47:40,363 superfastpath.py [line:308] one_slot INFO Leaving slot 2 
2024-07-21 19:47:40,364 superfastpath.py [line:234] one_slot INFO Entering slot 3 
2024-07-21 19:47:40,418 superfastpath.py [line:250] one_slot INFO pending block 3 in 0.053993 
2024-07-21 19:47:40,418 superfastpath.py [line:259] one_slot INFO 2pending block 3 in 0.054314 
2024-07-21 19:47:40,420 superfastpath.py [line:277] one_slot INFO read pending block 3 in 0.056770 
2024-07-21 19:47:40,421 superfastpath.py [line:308] one_slot INFO Leaving slot 3 
2024-07-21 19:47:40,421 superfastpath.py [line:234] one_slot INFO Entering slot 4 
2024-07-21 19:47:45,422 superfastpath.py [line:366] sufastpath INFO Fastpath Timeout! 
2024-07-21 19:47:45,422 superfastpath.py [line:373] sufastpath INFO Leaves fastpath at 4 slot 
2024-07-21 19:47:45,422 Superfast.py [line:308] wait_for_fastpath INFO Fastpath of epoch 0 completed 
2024-07-21 19:47:50,425 Superfast.py [line:208] run_bft INFO node 8 breaks in 10.981319 seconds in epoch 0 with total delivered Txs 0 and average delay 0.000000 
2024-07-21 19:49:14,957 sufp_node.py [line:79] run INFO node 8's starts to run consensus on process id 2273 
2024-07-21 19:49:14,957 sufp_node.py [line:80] run INFO parameters: N=16, f=5, S=15, T=5, fast-batch=1000, acs-batch=62, K=1, O=0 
2024-07-21 19:49:14,957 sufp_node.py [line:62] prepare_bootstrap INFO node id 8 is inserting dummy payload TXs 
2024-07-21 19:49:14,957 sufp_node.py [line:70] prepare_bootstrap INFO node id 8 just inserts 50000 TXs 
2024-07-21 19:49:14,958 sufp_node.py [line:70] prepare_bootstrap INFO node id 8 just inserts 50000 TXs 
2024-07-21 19:49:14,958 sufp_node.py [line:74] prepare_bootstrap INFO node id 8 completed the loading of dummy TXs 
2024-07-21 19:49:14,958 Superfast.py [line:178] run_bft INFO Node 8 starts to run at time:1721562554.9583607 
2024-07-21 19:49:14,958 Superfast.py [line:231] _run_epoch INFO Node enters epoch 0 
2024-07-21 19:49:14,959 superfastpath.py [line:43] sufastpath INFO Entering fast path 
2024-07-21 19:49:14,959 superfastpath.py [line:234] one_slot INFO Entering slot 1 
2024-07-21 19:49:15,301 superfastpath.py [line:250] one_slot INFO pending block 1 in 0.342242 
2024-07-21 19:49:15,301 superfastpath.py [line:259] one_slot INFO 2pending block 1 in 0.342434 
2024-07-21 19:49:15,303 superfastpath.py [line:277] one_slot INFO read pending block 1 in 0.343917 
2024-07-21 19:49:15,303 superfastpath.py [line:308] one_slot INFO Leaving slot 1 
2024-07-21 19:49:15,303 superfastpath.py [line:234] one_slot INFO Entering slot 2 
2024-07-21 19:49:15,386 superfastpath.py [line:250] one_slot INFO pending block 2 in 0.082417 
2024-07-21 19:49:15,386 superfastpath.py [line:259] one_slot INFO 2pending block 2 in 0.082565 
2024-07-21 19:49:15,387 superfastpath.py [line:277] one_slot INFO read pending block 2 in 0.083915 
2024-07-21 19:49:15,387 superfastpath.py [line:308] one_slot INFO Leaving slot 2 
2024-07-21 19:49:15,388 superfastpath.py [line:234] one_slot INFO Entering slot 3 
2024-07-21 19:49:15,446 superfastpath.py [line:250] one_slot INFO pending block 3 in 0.058701 
2024-07-21 19:49:15,447 superfastpath.py [line:259] one_slot INFO 2pending block 3 in 0.058996 
2024-07-21 19:49:15,449 superfastpath.py [line:277] one_slot INFO read pending block 3 in 0.060887 
2024-07-21 19:49:15,449 superfastpath.py [line:308] one_slot INFO Leaving slot 3 
2024-07-21 19:49:15,449 superfastpath.py [line:234] one_slot INFO Entering slot 4 
2024-07-21 19:49:20,449 superfastpath.py [line:366] sufastpath INFO Fastpath Timeout! 
2024-07-21 19:49:20,450 superfastpath.py [line:373] sufastpath INFO Leaves fastpath at 4 slot 
2024-07-21 19:49:20,450 Superfast.py [line:308] wait_for_fastpath INFO Fastpath of epoch 0 completed 
2024-07-21 19:52:59,746 sufp_node.py [line:79] run INFO node 8's starts to run consensus on process id 2773 
2024-07-21 19:52:59,747 sufp_node.py [line:80] run INFO parameters: N=16, f=5, S=15, T=5, fast-batch=1000, acs-batch=62, K=1, O=0 
2024-07-21 19:52:59,747 sufp_node.py [line:62] prepare_bootstrap INFO node id 8 is inserting dummy payload TXs 
2024-07-21 19:52:59,747 sufp_node.py [line:70] prepare_bootstrap INFO node id 8 just inserts 50000 TXs 
2024-07-21 19:52:59,747 sufp_node.py [line:70] prepare_bootstrap INFO node id 8 just inserts 50000 TXs 
2024-07-21 19:52:59,747 sufp_node.py [line:74] prepare_bootstrap INFO node id 8 completed the loading of dummy TXs 
2024-07-21 19:52:59,747 Superfast.py [line:180] run_bft INFO Node 8 starts to run at time:1721562779.7479427 
2024-07-21 19:52:59,748 Superfast.py [line:233] _run_epoch INFO Node enters epoch 0 
2024-07-21 19:52:59,748 superfastpath.py [line:43] sufastpath INFO Entering fast path 
2024-07-21 19:52:59,749 superfastpath.py [line:234] one_slot INFO Entering slot 1 
2024-07-21 19:53:00,062 superfastpath.py [line:250] one_slot INFO pending block 1 in 0.313494 
2024-07-21 19:53:00,062 superfastpath.py [line:259] one_slot INFO 2pending block 1 in 0.313678 
2024-07-21 19:53:00,064 superfastpath.py [line:277] one_slot INFO read pending block 1 in 0.315245 
2024-07-21 19:53:00,064 superfastpath.py [line:308] one_slot INFO Leaving slot 1 
2024-07-21 19:53:00,064 superfastpath.py [line:234] one_slot INFO Entering slot 2 
2024-07-21 19:53:00,127 superfastpath.py [line:250] one_slot INFO pending block 2 in 0.062351 
2024-07-21 19:53:00,127 superfastpath.py [line:259] one_slot INFO 2pending block 2 in 0.062557 
2024-07-21 19:53:00,132 superfastpath.py [line:277] one_slot INFO read pending block 2 in 0.068009 
2024-07-21 19:53:00,134 superfastpath.py [line:308] one_slot INFO Leaving slot 2 
2024-07-21 19:53:00,134 superfastpath.py [line:234] one_slot INFO Entering slot 3 
2024-07-21 19:53:00,163 superfastpath.py [line:250] one_slot INFO pending block 3 in 0.028354 
2024-07-21 19:53:00,163 superfastpath.py [line:259] one_slot INFO 2pending block 3 in 0.028569 
2024-07-21 19:53:00,166 superfastpath.py [line:277] one_slot INFO read pending block 3 in 0.031342 
2024-07-21 19:53:00,167 superfastpath.py [line:308] one_slot INFO Leaving slot 3 
2024-07-21 19:53:00,167 superfastpath.py [line:234] one_slot INFO Entering slot 4 
2024-07-21 19:53:05,168 superfastpath.py [line:366] sufastpath INFO Fastpath Timeout! 
2024-07-21 19:53:05,168 superfastpath.py [line:373] sufastpath INFO Leaves fastpath at 4 slot 
2024-07-21 19:53:05,168 Superfast.py [line:310] wait_for_fastpath INFO Fastpath of epoch 0 completed 
2024-07-21 19:53:10,169 Superfast.py [line:210] run_bft INFO node 8 breaks in 10.421380 seconds in epoch 0 with total delivered Txs 0 and average delay 0.000000 
2024-07-21 19:58:44,037 sufp_node.py [line:79] run INFO node 8's starts to run consensus on process id 3415 
2024-07-21 19:58:44,037 sufp_node.py [line:80] run INFO parameters: N=16, f=5, S=15, T=5, fast-batch=1000, acs-batch=62, K=1, O=0 
2024-07-21 19:58:44,037 sufp_node.py [line:62] prepare_bootstrap INFO node id 8 is inserting dummy payload TXs 
2024-07-21 19:58:44,037 sufp_node.py [line:70] prepare_bootstrap INFO node id 8 just inserts 50000 TXs 
2024-07-21 19:58:44,038 sufp_node.py [line:70] prepare_bootstrap INFO node id 8 just inserts 50000 TXs 
2024-07-21 19:58:44,038 sufp_node.py [line:74] prepare_bootstrap INFO node id 8 completed the loading of dummy TXs 
2024-07-21 19:58:44,038 Superfast.py [line:180] run_bft INFO Node 8 starts to run at time:1721563124.0384066 
2024-07-21 19:58:44,038 Superfast.py [line:233] _run_epoch INFO Node enters epoch 0 
2024-07-21 19:58:44,039 superfastpath.py [line:43] sufastpath INFO Entering fast path 
2024-07-21 19:58:44,039 superfastpath.py [line:234] one_slot INFO Entering slot 1 
2024-07-21 19:58:44,454 superfastpath.py [line:250] one_slot INFO pending block 1 in 0.414360 
2024-07-21 19:58:44,454 superfastpath.py [line:259] one_slot INFO 2pending block 1 in 0.414538 
2024-07-21 19:58:44,457 superfastpath.py [line:277] one_slot INFO read pending block 1 in 0.417507 
2024-07-21 19:58:44,457 superfastpath.py [line:308] one_slot INFO Leaving slot 1 
2024-07-21 19:58:44,457 superfastpath.py [line:234] one_slot INFO Entering slot 2 
2024-07-21 19:58:44,540 superfastpath.py [line:250] one_slot INFO pending block 2 in 0.082546 
2024-07-21 19:58:44,540 superfastpath.py [line:259] one_slot INFO 2pending block 2 in 0.082857 
2024-07-21 19:58:44,542 superfastpath.py [line:277] one_slot INFO read pending block 2 in 0.084915 
2024-07-21 19:58:44,543 superfastpath.py [line:308] one_slot INFO Leaving slot 2 
2024-07-21 19:58:44,543 superfastpath.py [line:234] one_slot INFO Entering slot 3 
2024-07-21 19:58:44,617 superfastpath.py [line:250] one_slot INFO pending block 3 in 0.074409 
2024-07-21 19:58:44,617 superfastpath.py [line:259] one_slot INFO 2pending block 3 in 0.074608 
2024-07-21 19:58:44,619 superfastpath.py [line:277] one_slot INFO read pending block 3 in 0.076364 
2024-07-21 19:58:44,620 superfastpath.py [line:308] one_slot INFO Leaving slot 3 
2024-07-21 19:58:44,620 superfastpath.py [line:234] one_slot INFO Entering slot 4 
2024-07-21 19:58:44,690 superfastpath.py [line:250] one_slot INFO pending block 4 in 0.069926 
2024-07-21 19:58:44,690 superfastpath.py [line:259] one_slot INFO 2pending block 4 in 0.070186 
2024-07-21 19:58:44,692 superfastpath.py [line:277] one_slot INFO read pending block 4 in 0.071913 
2024-07-21 19:58:44,692 superfastpath.py [line:308] one_slot INFO Leaving slot 4 
2024-07-21 19:58:44,692 superfastpath.py [line:234] one_slot INFO Entering slot 5 
2024-07-21 19:58:44,766 superfastpath.py [line:250] one_slot INFO pending block 5 in 0.073208 
2024-07-21 19:58:44,766 superfastpath.py [line:259] one_slot INFO 2pending block 5 in 0.073460 
2024-07-21 19:58:44,768 superfastpath.py [line:277] one_slot INFO read pending block 5 in 0.075233 
2024-07-21 19:58:44,768 superfastpath.py [line:308] one_slot INFO Leaving slot 5 
2024-07-21 19:58:44,768 superfastpath.py [line:234] one_slot INFO Entering slot 6 
2024-07-21 19:58:44,838 superfastpath.py [line:250] one_slot INFO pending block 6 in 0.069623 
2024-07-21 19:58:44,838 superfastpath.py [line:259] one_slot INFO 2pending block 6 in 0.070027 
2024-07-21 19:58:44,842 superfastpath.py [line:277] one_slot INFO read pending block 6 in 0.073970 
2024-07-21 19:58:44,843 superfastpath.py [line:308] one_slot INFO Leaving slot 6 
2024-07-21 19:58:44,843 superfastpath.py [line:234] one_slot INFO Entering slot 7 
2024-07-21 19:58:44,910 superfastpath.py [line:250] one_slot INFO pending block 7 in 0.066478 
2024-07-21 19:58:44,910 superfastpath.py [line:259] one_slot INFO 2pending block 7 in 0.066962 
2024-07-21 19:58:44,911 superfastpath.py [line:277] one_slot INFO read pending block 7 in 0.068479 
2024-07-21 19:58:44,912 superfastpath.py [line:308] one_slot INFO Leaving slot 7 
2024-07-21 19:58:44,912 superfastpath.py [line:234] one_slot INFO Entering slot 8 
2024-07-21 19:58:44,998 superfastpath.py [line:250] one_slot INFO pending block 8 in 0.086298 
2024-07-21 19:58:44,999 superfastpath.py [line:259] one_slot INFO 2pending block 8 in 0.086639 
2024-07-21 19:58:45,000 superfastpath.py [line:277] one_slot INFO read pending block 8 in 0.088470 
2024-07-21 19:58:45,001 superfastpath.py [line:308] one_slot INFO Leaving slot 8 
2024-07-21 19:58:45,001 superfastpath.py [line:234] one_slot INFO Entering slot 9 
2024-07-21 19:58:45,067 superfastpath.py [line:250] one_slot INFO pending block 9 in 0.065895 
2024-07-21 19:58:45,067 superfastpath.py [line:259] one_slot INFO 2pending block 9 in 0.066242 
2024-07-21 19:58:45,072 superfastpath.py [line:277] one_slot INFO read pending block 9 in 0.070781 
2024-07-21 19:58:45,073 superfastpath.py [line:286] one_slot INFO 3pending block 9 in 0.072011 
2024-07-21 19:58:45,073 superfastpath.py [line:290] one_slot INFO delay block 8 in 0.161288 
2024-07-21 19:58:45,090 superfastpath.py [line:297] one_slot INFO Fast block at Node 8 for Epoch sidAFAST0 and Slot 8 has delay, TPS and TXs: 0.16128754615783691, 1000 
2024-07-21 19:58:45,090 superfastpath.py [line:299] one_slot INFO AVG TPS: 5615, running time 0.178086, weighted delay: 0.161288 
2024-07-21 19:58:45,090 superfastpath.py [line:304] one_slot INFO output block for slot 8 taking 0.178076 sec 
2024-07-21 19:58:45,090 superfastpath.py [line:308] one_slot INFO Leaving slot 9 
2024-07-21 19:58:45,090 superfastpath.py [line:234] one_slot INFO Entering slot 10 
2024-07-21 19:58:45,174 superfastpath.py [line:250] one_slot INFO pending block 10 in 0.083215 
2024-07-21 19:58:45,174 superfastpath.py [line:259] one_slot INFO 2pending block 10 in 0.083535 
2024-07-21 19:58:45,176 superfastpath.py [line:277] one_slot INFO read pending block 10 in 0.085310 
2024-07-21 19:58:45,176 superfastpath.py [line:286] one_slot INFO 3pending block 10 in 0.085469 
2024-07-21 19:58:45,176 superfastpath.py [line:290] one_slot INFO delay block 9 in 0.174917 
2024-07-21 19:58:45,177 superfastpath.py [line:297] one_slot INFO Fast block at Node 8 for Epoch sidAFAST0 and Slot 9 has delay, TPS and TXs: 0.17491650581359863, 2000 
2024-07-21 19:58:45,179 superfastpath.py [line:299] one_slot INFO AVG TPS: 7496, running time 0.266792, weighted delay: 0.168102 
2024-07-21 19:58:45,179 superfastpath.py [line:304] one_slot INFO output block for slot 9 taking 0.177724 sec 
2024-07-21 19:58:45,179 superfastpath.py [line:308] one_slot INFO Leaving slot 10 
2024-07-21 19:58:45,179 superfastpath.py [line:234] one_slot INFO Entering slot 11 
2024-07-21 19:58:45,258 superfastpath.py [line:250] one_slot INFO pending block 11 in 0.078131 
2024-07-21 19:58:45,258 superfastpath.py [line:259] one_slot INFO 2pending block 11 in 0.078763 
2024-07-21 19:58:45,260 superfastpath.py [line:277] one_slot INFO read pending block 11 in 0.080414 
2024-07-21 19:58:45,260 superfastpath.py [line:286] one_slot INFO 3pending block 11 in 0.080547 
2024-07-21 19:58:45,260 superfastpath.py [line:290] one_slot INFO delay block 10 in 0.169886 
2024-07-21 19:58:45,262 superfastpath.py [line:297] one_slot INFO Fast block at Node 8 for Epoch sidAFAST0 and Slot 10 has delay, TPS and TXs: 0.16988587379455566, 3000 
2024-07-21 19:58:45,262 superfastpath.py [line:299] one_slot INFO AVG TPS: 8564, running time 0.350272, weighted delay: 0.168697 
2024-07-21 19:58:45,262 superfastpath.py [line:304] one_slot INFO output block for slot 10 taking 0.171818 sec 
2024-07-21 19:58:45,262 superfastpath.py [line:308] one_slot INFO Leaving slot 11 
2024-07-21 19:58:45,262 superfastpath.py [line:234] one_slot INFO Entering slot 12 
2024-07-21 19:58:45,342 superfastpath.py [line:250] one_slot INFO pending block 12 in 0.079913 
2024-07-21 19:58:45,343 superfastpath.py [line:259] one_slot INFO 2pending block 12 in 0.080145 
2024-07-21 19:58:45,344 superfastpath.py [line:277] one_slot INFO read pending block 12 in 0.081963 
2024-07-21 19:58:45,345 superfastpath.py [line:286] one_slot INFO 3pending block 12 in 0.082137 
2024-07-21 19:58:45,345 superfastpath.py [line:290] one_slot INFO delay block 11 in 0.165108 
2024-07-21 19:58:45,359 superfastpath.py [line:297] one_slot INFO Fast block at Node 8 for Epoch sidAFAST0 and Slot 11 has delay, TPS and TXs: 0.16510820388793945, 4000 
2024-07-21 19:58:45,361 superfastpath.py [line:299] one_slot INFO AVG TPS: 8912, running time 0.448801, weighted delay: 0.167800 
2024-07-21 19:58:45,361 superfastpath.py [line:304] one_slot INFO output block for slot 11 taking 0.181124 sec 
2024-07-21 19:58:45,362 superfastpath.py [line:308] one_slot INFO Leaving slot 12 
2024-07-21 19:58:45,362 superfastpath.py [line:234] one_slot INFO Entering slot 13 
2024-07-21 19:58:45,408 superfastpath.py [line:250] one_slot INFO pending block 13 in 0.045178 
2024-07-21 19:58:45,408 superfastpath.py [line:259] one_slot INFO 2pending block 13 in 0.045338 
2024-07-21 19:58:45,409 superfastpath.py [line:277] one_slot INFO read pending block 13 in 0.046752 
2024-07-21 19:58:45,409 superfastpath.py [line:286] one_slot INFO 3pending block 13 in 0.046916 
2024-07-21 19:58:45,410 superfastpath.py [line:290] one_slot INFO delay block 12 in 0.147105 
2024-07-21 19:58:45,411 superfastpath.py [line:297] one_slot INFO Fast block at Node 8 for Epoch sidAFAST0 and Slot 12 has delay, TPS and TXs: 0.14710497856140137, 5000 
2024-07-21 19:58:45,411 superfastpath.py [line:299] one_slot INFO AVG TPS: 10014, running time 0.499287, weighted delay: 0.163661 
2024-07-21 19:58:45,411 superfastpath.py [line:304] one_slot INFO output block for slot 12 taking 0.148719 sec 
2024-07-21 19:58:45,411 superfastpath.py [line:308] one_slot INFO Leaving slot 13 
2024-07-21 19:58:45,411 superfastpath.py [line:234] one_slot INFO Entering slot 14 
2024-07-21 19:58:45,488 superfastpath.py [line:250] one_slot INFO pending block 14 in 0.076623 
2024-07-21 19:58:45,489 superfastpath.py [line:259] one_slot INFO 2pending block 14 in 0.077615 
2024-07-21 19:58:45,494 superfastpath.py [line:277] one_slot INFO read pending block 14 in 0.082487 
2024-07-21 19:58:45,496 superfastpath.py [line:286] one_slot INFO 3pending block 14 in 0.084204 
2024-07-21 19:58:45,496 superfastpath.py [line:290] one_slot INFO delay block 13 in 0.133247 
2024-07-21 19:58:45,500 superfastpath.py [line:297] one_slot INFO Fast block at Node 8 for Epoch sidAFAST0 and Slot 13 has delay, TPS and TXs: 0.13324666023254395, 6000 
2024-07-21 19:58:45,500 superfastpath.py [line:299] one_slot INFO AVG TPS: 10201, running time 0.588160, weighted delay: 0.158592 
2024-07-21 19:58:45,500 superfastpath.py [line:304] one_slot INFO output block for slot 13 taking 0.137527 sec 
2024-07-21 19:58:45,500 superfastpath.py [line:308] one_slot INFO Leaving slot 14 
2024-07-21 19:58:45,500 superfastpath.py [line:234] one_slot INFO Entering slot 15 
2024-07-21 19:58:45,567 superfastpath.py [line:250] one_slot INFO pending block 15 in 0.066252 
2024-07-21 19:58:45,567 superfastpath.py [line:259] one_slot INFO 2pending block 15 in 0.066987 
2024-07-21 19:58:45,582 superfastpath.py [line:277] one_slot INFO read pending block 15 in 0.081738 
2024-07-21 19:58:45,583 superfastpath.py [line:286] one_slot INFO 3pending block 15 in 0.082097 
2024-07-21 19:58:45,583 superfastpath.py [line:290] one_slot INFO delay block 14 in 0.171270 
2024-07-21 19:58:45,584 superfastpath.py [line:297] one_slot INFO Fast block at Node 8 for Epoch sidAFAST0 and Slot 14 has delay, TPS and TXs: 0.17126989364624023, 7000 
2024-07-21 19:58:45,585 superfastpath.py [line:299] one_slot INFO AVG TPS: 10400, running time 0.673016, weighted delay: 0.160403 
2024-07-21 19:58:45,585 superfastpath.py [line:304] one_slot INFO output block for slot 14 taking 0.173562 sec 
2024-07-21 19:58:45,585 superfastpath.py [line:308] one_slot INFO Leaving slot 15 
2024-07-21 19:58:45,585 superfastpath.py [line:234] one_slot INFO Entering slot 16 
2024-07-21 19:58:45,617 superfastpath.py [line:250] one_slot INFO pending block 16 in 0.032084 
2024-07-21 19:58:45,618 superfastpath.py [line:259] one_slot INFO 2pending block 16 in 0.032245 
2024-07-21 19:58:45,618 superfastpath.py [line:277] one_slot INFO read pending block 16 in 0.032383 
2024-07-21 19:58:45,618 superfastpath.py [line:286] one_slot INFO 3pending block 16 in 0.032471 
2024-07-21 19:58:45,618 superfastpath.py [line:290] one_slot INFO delay block 15 in 0.117476 
2024-07-21 19:58:45,620 superfastpath.py [line:297] one_slot INFO Fast block at Node 8 for Epoch sidAFAST0 and Slot 15 has delay, TPS and TXs: 0.11747598648071289, 8000 
2024-07-21 19:58:45,620 superfastpath.py [line:299] one_slot INFO AVG TPS: 11298, running time 0.708031, weighted delay: 0.155037 
2024-07-21 19:58:45,620 superfastpath.py [line:304] one_slot INFO output block for slot 15 taking 0.119469 sec 
2024-07-21 19:58:45,620 superfastpath.py [line:308] one_slot INFO Leaving slot 16 
2024-07-21 19:58:45,620 superfastpath.py [line:373] sufastpath INFO Leaves fastpath at 17 slot 
2024-07-21 19:58:45,620 Superfast.py [line:310] wait_for_fastpath INFO Fastpath of epoch 0 completed 
2024-07-21 19:58:45,621 Superfast.py [line:339] _run_epoch INFO Fastpath tps: 11295 delay 0.155037 
2024-07-21 20:04:31,035 sufp_node.py [line:79] run INFO node 8's starts to run consensus on process id 3722 
2024-07-21 20:04:31,036 sufp_node.py [line:80] run INFO parameters: N=16, f=5, S=15, T=5, fast-batch=10000, acs-batch=62, K=1, O=0 
2024-07-21 20:04:31,036 sufp_node.py [line:62] prepare_bootstrap INFO node id 8 is inserting dummy payload TXs 
2024-07-21 20:04:31,037 sufp_node.py [line:70] prepare_bootstrap INFO node id 8 just inserts 50000 TXs 
2024-07-21 20:04:31,037 sufp_node.py [line:70] prepare_bootstrap INFO node id 8 just inserts 50000 TXs 
2024-07-21 20:04:31,037 sufp_node.py [line:74] prepare_bootstrap INFO node id 8 completed the loading of dummy TXs 
2024-07-21 20:04:31,038 Superfast.py [line:180] run_bft INFO Node 8 starts to run at time:1721563471.0380769 
2024-07-21 20:04:31,038 Superfast.py [line:233] _run_epoch INFO Node enters epoch 0 
2024-07-21 20:04:31,039 superfastpath.py [line:43] sufastpath INFO Entering fast path 
2024-07-21 20:04:31,039 superfastpath.py [line:234] one_slot INFO Entering slot 1 
2024-07-21 20:04:31,868 superfastpath.py [line:250] one_slot INFO pending block 1 in 0.829163 
2024-07-21 20:04:31,868 superfastpath.py [line:259] one_slot INFO 2pending block 1 in 0.829357 
2024-07-21 20:04:31,905 superfastpath.py [line:277] one_slot INFO read pending block 1 in 0.865746 
2024-07-21 20:04:31,905 superfastpath.py [line:308] one_slot INFO Leaving slot 1 
2024-07-21 20:04:31,905 superfastpath.py [line:234] one_slot INFO Entering slot 2 
2024-07-21 20:04:32,170 superfastpath.py [line:250] one_slot INFO pending block 2 in 0.264488 
2024-07-21 20:04:32,170 superfastpath.py [line:259] one_slot INFO 2pending block 2 in 0.264704 
2024-07-21 20:04:32,185 superfastpath.py [line:277] one_slot INFO read pending block 2 in 0.279760 
2024-07-21 20:04:32,186 superfastpath.py [line:308] one_slot INFO Leaving slot 2 
2024-07-21 20:04:32,186 superfastpath.py [line:234] one_slot INFO Entering slot 3 
2024-07-21 20:04:32,672 superfastpath.py [line:250] one_slot INFO pending block 3 in 0.486129 
2024-07-21 20:04:32,673 superfastpath.py [line:259] one_slot INFO 2pending block 3 in 0.486446 
2024-07-21 20:04:32,696 superfastpath.py [line:277] one_slot INFO read pending block 3 in 0.509512 
2024-07-21 20:04:32,696 superfastpath.py [line:308] one_slot INFO Leaving slot 3 
2024-07-21 20:04:32,696 superfastpath.py [line:234] one_slot INFO Entering slot 4 
2024-07-21 20:04:33,145 superfastpath.py [line:250] one_slot INFO pending block 4 in 0.448619 
2024-07-21 20:04:33,145 superfastpath.py [line:259] one_slot INFO 2pending block 4 in 0.448996 
2024-07-21 20:04:33,168 superfastpath.py [line:277] one_slot INFO read pending block 4 in 0.471827 
2024-07-21 20:04:33,169 superfastpath.py [line:308] one_slot INFO Leaving slot 4 
2024-07-21 20:04:33,169 superfastpath.py [line:234] one_slot INFO Entering slot 5 
2024-07-21 20:04:33,604 superfastpath.py [line:250] one_slot INFO pending block 5 in 0.435352 
2024-07-21 20:04:33,604 superfastpath.py [line:259] one_slot INFO 2pending block 5 in 0.435536 
2024-07-21 20:04:33,621 superfastpath.py [line:277] one_slot INFO read pending block 5 in 0.452117 
2024-07-21 20:04:33,621 superfastpath.py [line:308] one_slot INFO Leaving slot 5 
2024-07-21 20:04:33,621 superfastpath.py [line:234] one_slot INFO Entering slot 6 
2024-07-21 20:04:34,114 superfastpath.py [line:250] one_slot INFO pending block 6 in 0.492348 
2024-07-21 20:04:34,114 superfastpath.py [line:259] one_slot INFO 2pending block 6 in 0.492571 
2024-07-21 20:04:34,134 superfastpath.py [line:277] one_slot INFO read pending block 6 in 0.512515 
2024-07-21 20:04:34,135 superfastpath.py [line:308] one_slot INFO Leaving slot 6 
2024-07-21 20:04:34,135 superfastpath.py [line:234] one_slot INFO Entering slot 7 
2024-07-21 20:04:34,583 superfastpath.py [line:250] one_slot INFO pending block 7 in 0.446753 
2024-07-21 20:04:34,583 superfastpath.py [line:259] one_slot INFO 2pending block 7 in 0.447570 
2024-07-21 20:04:34,602 superfastpath.py [line:277] one_slot INFO read pending block 7 in 0.466942 
2024-07-21 20:04:34,603 superfastpath.py [line:308] one_slot INFO Leaving slot 7 
2024-07-21 20:04:34,603 superfastpath.py [line:234] one_slot INFO Entering slot 8 
2024-07-21 20:04:35,008 superfastpath.py [line:250] one_slot INFO pending block 8 in 0.405368 
2024-07-21 20:04:35,009 superfastpath.py [line:259] one_slot INFO 2pending block 8 in 0.405741 
2024-07-21 20:04:35,038 superfastpath.py [line:277] one_slot INFO read pending block 8 in 0.434816 
2024-07-21 20:04:35,038 superfastpath.py [line:308] one_slot INFO Leaving slot 8 
2024-07-21 20:04:35,038 superfastpath.py [line:234] one_slot INFO Entering slot 9 
2024-07-21 20:04:35,472 superfastpath.py [line:250] one_slot INFO pending block 9 in 0.434230 
2024-07-21 20:04:35,472 superfastpath.py [line:259] one_slot INFO 2pending block 9 in 0.434433 
2024-07-21 20:04:35,491 superfastpath.py [line:277] one_slot INFO read pending block 9 in 0.452535 
2024-07-21 20:04:35,491 superfastpath.py [line:286] one_slot INFO 3pending block 9 in 0.452954 
2024-07-21 20:04:35,491 superfastpath.py [line:290] one_slot INFO delay block 8 in 0.888342 
2024-07-21 20:04:35,511 superfastpath.py [line:297] one_slot INFO Fast block at Node 8 for Epoch sidAFAST0 and Slot 8 has delay, TPS and TXs: 0.8883416652679443, 10000 
2024-07-21 20:04:35,512 superfastpath.py [line:299] one_slot INFO AVG TPS: 11001, running time 0.908976, weighted delay: 0.888342 
2024-07-21 20:04:35,512 superfastpath.py [line:304] one_slot INFO output block for slot 8 taking 0.909061 sec 
2024-07-21 20:04:35,512 superfastpath.py [line:308] one_slot INFO Leaving slot 9 
2024-07-21 20:04:35,512 superfastpath.py [line:234] one_slot INFO Entering slot 10 
2024-07-21 20:04:36,000 superfastpath.py [line:250] one_slot INFO pending block 10 in 0.487074 
2024-07-21 20:04:36,000 superfastpath.py [line:259] one_slot INFO 2pending block 10 in 0.488205 
2024-07-21 20:04:36,017 superfastpath.py [line:277] one_slot INFO read pending block 10 in 0.504935 
2024-07-21 20:04:36,017 superfastpath.py [line:286] one_slot INFO 3pending block 10 in 0.505165 
2024-07-21 20:04:36,017 superfastpath.py [line:290] one_slot INFO delay block 9 in 0.979419 
2024-07-21 20:04:36,032 superfastpath.py [line:297] one_slot INFO Fast block at Node 8 for Epoch sidAFAST0 and Slot 9 has delay, TPS and TXs: 0.979419469833374, 20000 
2024-07-21 20:04:36,032 superfastpath.py [line:299] one_slot INFO AVG TPS: 13993, running time 1.429269, weighted delay: 0.933881 
2024-07-21 20:04:36,032 superfastpath.py [line:304] one_slot INFO output block for slot 9 taking 0.994004 sec 
2024-07-21 20:04:36,032 superfastpath.py [line:308] one_slot INFO Leaving slot 10 
2024-07-21 20:04:36,032 superfastpath.py [line:234] one_slot INFO Entering slot 11 
2024-07-21 20:04:36,511 superfastpath.py [line:250] one_slot INFO pending block 11 in 0.478888 
2024-07-21 20:04:36,511 superfastpath.py [line:259] one_slot INFO 2pending block 11 in 0.479109 
2024-07-21 20:04:36,533 superfastpath.py [line:277] one_slot INFO read pending block 11 in 0.500953 
2024-07-21 20:04:36,533 superfastpath.py [line:286] one_slot INFO 3pending block 11 in 0.501146 
2024-07-21 20:04:36,534 superfastpath.py [line:290] one_slot INFO delay block 10 in 1.021385 
2024-07-21 20:04:36,549 superfastpath.py [line:297] one_slot INFO Fast block at Node 8 for Epoch sidAFAST0 and Slot 10 has delay, TPS and TXs: 1.0213854312896729, 30000 
2024-07-21 20:04:36,550 superfastpath.py [line:299] one_slot INFO AVG TPS: 15408, running time 1.946991, weighted delay: 0.963049 
2024-07-21 20:04:36,550 superfastpath.py [line:304] one_slot INFO output block for slot 10 taking 1.037554 sec 
2024-07-21 20:04:36,550 superfastpath.py [line:308] one_slot INFO Leaving slot 11 
2024-07-21 20:04:36,550 superfastpath.py [line:234] one_slot INFO Entering slot 12 
2024-07-21 20:04:37,033 superfastpath.py [line:250] one_slot INFO pending block 12 in 0.483121 
2024-07-21 20:04:37,033 superfastpath.py [line:259] one_slot INFO 2pending block 12 in 0.483377 
2024-07-21 20:04:37,051 superfastpath.py [line:277] one_slot INFO read pending block 12 in 0.500788 
2024-07-21 20:04:37,051 superfastpath.py [line:286] one_slot INFO 3pending block 12 in 0.500991 
2024-07-21 20:04:37,051 superfastpath.py [line:290] one_slot INFO delay block 11 in 1.018830 
2024-07-21 20:04:37,067 superfastpath.py [line:297] one_slot INFO Fast block at Node 8 for Epoch sidAFAST0 and Slot 11 has delay, TPS and TXs: 1.0188298225402832, 40000 
2024-07-21 20:04:37,067 superfastpath.py [line:299] one_slot INFO AVG TPS: 16230, running time 2.464561, weighted delay: 0.976994 
2024-07-21 20:04:37,068 superfastpath.py [line:304] one_slot INFO output block for slot 11 taking 1.035355 sec 
2024-07-21 20:04:37,068 superfastpath.py [line:308] one_slot INFO Leaving slot 12 
2024-07-21 20:04:37,068 superfastpath.py [line:234] one_slot INFO Entering slot 13 
2024-07-21 20:04:37,492 superfastpath.py [line:250] one_slot INFO pending block 13 in 0.423881 
2024-07-21 20:04:37,492 superfastpath.py [line:259] one_slot INFO 2pending block 13 in 0.424088 
2024-07-21 20:04:37,507 superfastpath.py [line:277] one_slot INFO read pending block 13 in 0.438931 
2024-07-21 20:04:37,507 superfastpath.py [line:286] one_slot INFO 3pending block 13 in 0.439130 
2024-07-21 20:04:37,507 superfastpath.py [line:290] one_slot INFO delay block 12 in 0.957186 
2024-07-21 20:04:37,523 superfastpath.py [line:297] one_slot INFO Fast block at Node 8 for Epoch sidAFAST0 and Slot 12 has delay, TPS and TXs: 0.957186222076416, 50000 
2024-07-21 20:04:37,523 superfastpath.py [line:299] one_slot INFO AVG TPS: 17121, running time 2.920224, weighted delay: 0.973033 
2024-07-21 20:04:37,523 superfastpath.py [line:304] one_slot INFO output block for slot 12 taking 0.972944 sec 
2024-07-21 20:04:37,523 superfastpath.py [line:308] one_slot INFO Leaving slot 13 
2024-07-21 20:04:37,523 superfastpath.py [line:234] one_slot INFO Entering slot 14 
2024-07-21 20:04:38,007 superfastpath.py [line:250] one_slot INFO pending block 14 in 0.483898 
2024-07-21 20:04:38,008 superfastpath.py [line:259] one_slot INFO 2pending block 14 in 0.484398 
2024-07-21 20:04:38,027 superfastpath.py [line:277] one_slot INFO read pending block 14 in 0.503495 
2024-07-21 20:04:38,027 superfastpath.py [line:286] one_slot INFO 3pending block 14 in 0.503730 
2024-07-21 20:04:38,027 superfastpath.py [line:290] one_slot INFO delay block 13 in 0.959054 
2024-07-21 20:04:38,044 superfastpath.py [line:297] one_slot INFO Fast block at Node 8 for Epoch sidAFAST0 and Slot 13 has delay, TPS and TXs: 0.9590537548065186, 60000 
2024-07-21 20:04:38,044 superfastpath.py [line:299] one_slot INFO AVG TPS: 17434, running time 3.441454, weighted delay: 0.970703 
2024-07-21 20:04:38,044 superfastpath.py [line:304] one_slot INFO output block for slot 13 taking 0.976223 sec 
2024-07-21 20:04:38,044 superfastpath.py [line:308] one_slot INFO Leaving slot 14 
2024-07-21 20:04:38,044 superfastpath.py [line:234] one_slot INFO Entering slot 15 
2024-07-21 20:04:38,529 superfastpath.py [line:250] one_slot INFO pending block 15 in 0.484326 
2024-07-21 20:04:38,529 superfastpath.py [line:259] one_slot INFO 2pending block 15 in 0.484526 
2024-07-21 20:04:38,549 superfastpath.py [line:277] one_slot INFO read pending block 15 in 0.504419 
2024-07-21 20:04:38,549 superfastpath.py [line:286] one_slot INFO 3pending block 15 in 0.504625 
2024-07-21 20:04:38,549 superfastpath.py [line:290] one_slot INFO delay block 14 in 1.026014 
2024-07-21 20:04:38,573 superfastpath.py [line:297] one_slot INFO Fast block at Node 8 for Epoch sidAFAST0 and Slot 14 has delay, TPS and TXs: 1.0260143280029297, 70000 
2024-07-21 20:04:38,574 superfastpath.py [line:299] one_slot INFO AVG TPS: 17628, running time 3.970911, weighted delay: 0.978604 
2024-07-21 20:04:38,574 superfastpath.py [line:304] one_slot INFO output block for slot 14 taking 1.051018 sec 
2024-07-21 20:04:38,574 superfastpath.py [line:308] one_slot INFO Leaving slot 15 
2024-07-21 20:04:38,575 superfastpath.py [line:234] one_slot INFO Entering slot 16 
2024-07-21 20:04:38,706 superfastpath.py [line:250] one_slot INFO pending block 16 in 0.131254 
2024-07-21 20:04:38,706 superfastpath.py [line:259] one_slot INFO 2pending block 16 in 0.131394 
2024-07-21 20:04:38,706 superfastpath.py [line:277] one_slot INFO read pending block 16 in 0.131495 
2024-07-21 20:04:38,706 superfastpath.py [line:286] one_slot INFO 3pending block 16 in 0.131557 
2024-07-21 20:04:38,706 superfastpath.py [line:290] one_slot INFO delay block 15 in 0.661743 
2024-07-21 20:04:38,730 superfastpath.py [line:297] one_slot INFO Fast block at Node 8 for Epoch sidAFAST0 and Slot 15 has delay, TPS and TXs: 0.6617434024810791, 80000 
2024-07-21 20:04:38,730 superfastpath.py [line:299] one_slot INFO AVG TPS: 19382, running time 4.127451, weighted delay: 0.938997 
2024-07-21 20:04:38,730 superfastpath.py [line:304] one_slot INFO output block for slot 15 taking 0.685694 sec 
2024-07-21 20:04:38,730 superfastpath.py [line:308] one_slot INFO Leaving slot 16 
2024-07-21 20:04:38,730 superfastpath.py [line:373] sufastpath INFO Leaves fastpath at 17 slot 
2024-07-21 20:04:38,731 Superfast.py [line:310] wait_for_fastpath INFO Fastpath of epoch 0 completed 
2024-07-21 20:04:38,731 Superfast.py [line:339] _run_epoch INFO Fastpath tps: 19381 delay 0.938997 
2024-07-21 20:04:43,733 Superfast.py [line:210] run_bft INFO node 8 breaks in 12.694896 seconds in epoch 0 with total delivered Txs 0 and average delay 0.000000 
2024-07-21 20:59:44,033 sufp_node.py [line:79] run INFO node 8's starts to run consensus on process id 4573 
2024-07-21 20:59:44,033 sufp_node.py [line:80] run INFO parameters: N=16, f=5, S=15, T=5, fast-batch=10000, acs-batch=62, K=1, O=0 
2024-07-21 20:59:44,033 sufp_node.py [line:62] prepare_bootstrap INFO node id 8 is inserting dummy payload TXs 
2024-07-21 20:59:44,034 sufp_node.py [line:70] prepare_bootstrap INFO node id 8 just inserts 50000 TXs 
2024-07-21 20:59:44,034 sufp_node.py [line:70] prepare_bootstrap INFO node id 8 just inserts 50000 TXs 
2024-07-21 20:59:44,034 sufp_node.py [line:74] prepare_bootstrap INFO node id 8 completed the loading of dummy TXs 
2024-07-21 20:59:44,034 Superfast.py [line:180] run_bft INFO Node 8 starts to run at time:1721566784.0347898 
2024-07-21 20:59:44,034 Superfast.py [line:233] _run_epoch INFO Node enters epoch 0 
2024-07-21 20:59:44,035 superfastpath_3.py [line:43] sufastpath INFO Entering fast path 
2024-07-21 20:59:44,035 superfastpath_3.py [line:236] one_slot INFO Entering slot 1 
2024-07-21 20:59:44,315 superfastpath_3.py [line:252] one_slot INFO pending block 1 in 0.149642 
2024-07-21 20:59:44,315 superfastpath_3.py [line:261] one_slot INFO 2pending block 1 in 0.149818 
2024-07-21 20:59:44,339 superfastpath_3.py [line:279] one_slot INFO read pending block 1 in 0.173808 
2024-07-21 20:59:44,339 superfastpath_3.py [line:310] one_slot INFO Leaving slot 1 
2024-07-21 20:59:44,340 superfastpath_3.py [line:236] one_slot INFO Entering slot 2 
2024-07-21 20:59:44,585 superfastpath_3.py [line:252] one_slot INFO pending block 2 in 0.113171 
2024-07-21 20:59:44,585 superfastpath_3.py [line:261] one_slot INFO 2pending block 2 in 0.113397 
2024-07-21 20:59:44,613 superfastpath_3.py [line:279] one_slot INFO read pending block 2 in 0.141362 
2024-07-21 20:59:44,613 superfastpath_3.py [line:310] one_slot INFO Leaving slot 2 
2024-07-21 20:59:44,615 superfastpath_3.py [line:236] one_slot INFO Entering slot 3 
2024-07-21 20:59:45,074 superfastpath_3.py [line:252] one_slot INFO pending block 3 in 0.342058 
2024-07-21 20:59:45,075 superfastpath_3.py [line:261] one_slot INFO 2pending block 3 in 0.342266 
2024-07-21 20:59:45,091 superfastpath_3.py [line:279] one_slot INFO read pending block 3 in 0.358682 
2024-07-21 20:59:45,092 superfastpath_3.py [line:310] one_slot INFO Leaving slot 3 
2024-07-21 20:59:45,092 superfastpath_3.py [line:236] one_slot INFO Entering slot 4 
2024-07-21 20:59:45,526 superfastpath_3.py [line:252] one_slot INFO pending block 4 in 0.341280 
2024-07-21 20:59:45,526 superfastpath_3.py [line:261] one_slot INFO 2pending block 4 in 0.341507 
2024-07-21 20:59:45,555 superfastpath_3.py [line:279] one_slot INFO read pending block 4 in 0.370523 
2024-07-21 20:59:45,556 superfastpath_3.py [line:310] one_slot INFO Leaving slot 4 
2024-07-21 20:59:45,556 superfastpath_3.py [line:236] one_slot INFO Entering slot 5 
2024-07-21 20:59:46,016 superfastpath_3.py [line:252] one_slot INFO pending block 5 in 0.341322 
2024-07-21 20:59:46,016 superfastpath_3.py [line:261] one_slot INFO 2pending block 5 in 0.341522 
2024-07-21 20:59:46,043 superfastpath_3.py [line:279] one_slot INFO read pending block 5 in 0.368411 
2024-07-21 20:59:46,044 superfastpath_3.py [line:310] one_slot INFO Leaving slot 5 
2024-07-21 20:59:46,044 superfastpath_3.py [line:236] one_slot INFO Entering slot 6 
2024-07-21 20:59:46,458 superfastpath_3.py [line:252] one_slot INFO pending block 6 in 0.308624 
2024-07-21 20:59:46,460 superfastpath_3.py [line:261] one_slot INFO 2pending block 6 in 0.310412 
2024-07-21 20:59:46,489 superfastpath_3.py [line:279] one_slot INFO read pending block 6 in 0.339504 
2024-07-21 20:59:46,489 superfastpath_3.py [line:310] one_slot INFO Leaving slot 6 
2024-07-21 20:59:46,489 superfastpath_3.py [line:236] one_slot INFO Entering slot 7 
2024-07-21 20:59:46,987 superfastpath_3.py [line:252] one_slot INFO pending block 7 in 0.393103 
2024-07-21 20:59:46,988 superfastpath_3.py [line:261] one_slot INFO 2pending block 7 in 0.393363 
2024-07-21 20:59:47,026 superfastpath_3.py [line:279] one_slot INFO read pending block 7 in 0.431890 
2024-07-21 20:59:47,026 superfastpath_3.py [line:310] one_slot INFO Leaving slot 7 
2024-07-21 20:59:47,027 superfastpath_3.py [line:236] one_slot INFO Entering slot 8 
2024-07-21 20:59:47,493 superfastpath_3.py [line:252] one_slot INFO pending block 8 in 0.382253 
2024-07-21 20:59:47,494 superfastpath_3.py [line:261] one_slot INFO 2pending block 8 in 0.382525 
2024-07-21 20:59:47,523 superfastpath_3.py [line:279] one_slot INFO read pending block 8 in 0.411446 
2024-07-21 20:59:47,523 superfastpath_3.py [line:310] one_slot INFO Leaving slot 8 
2024-07-21 20:59:47,523 superfastpath_3.py [line:236] one_slot INFO Entering slot 9 
2024-07-21 20:59:47,990 superfastpath_3.py [line:252] one_slot INFO pending block 9 in 0.360578 
2024-07-21 20:59:47,990 superfastpath_3.py [line:261] one_slot INFO 2pending block 9 in 0.360794 
2024-07-21 20:59:48,014 superfastpath_3.py [line:279] one_slot INFO read pending block 9 in 0.384616 
2024-07-21 20:59:48,015 superfastpath_3.py [line:288] one_slot INFO 3pending block 9 in 0.385329 
2024-07-21 20:59:48,015 superfastpath_3.py [line:292] one_slot INFO delay block 8 in 0.903975 
2024-07-21 20:59:48,034 superfastpath_3.py [line:299] one_slot INFO Fast block at Node 8 for Epoch sidAFAST0 and Slot 8 has delay, TPS and TXs: 0.9039747714996338, 10000 
2024-07-21 20:59:48,034 superfastpath_3.py [line:301] one_slot INFO AVG TPS: 9925, running time 1.007473, weighted delay: 0.903975 
2024-07-21 20:59:48,034 superfastpath_3.py [line:306] one_slot INFO output block for slot 8 taking 0.923024 sec 
2024-07-21 20:59:48,034 superfastpath_3.py [line:310] one_slot INFO Leaving slot 9 
2024-07-21 20:59:48,034 superfastpath_3.py [line:236] one_slot INFO Entering slot 10 
2024-07-21 20:59:48,498 superfastpath_3.py [line:252] one_slot INFO pending block 10 in 0.395266 
2024-07-21 20:59:48,499 superfastpath_3.py [line:261] one_slot INFO 2pending block 10 in 0.395679 
2024-07-21 20:59:48,514 superfastpath_3.py [line:279] one_slot INFO read pending block 10 in 0.410739 
2024-07-21 20:59:48,514 superfastpath_3.py [line:288] one_slot INFO 3pending block 10 in 0.411378 
2024-07-21 20:59:48,515 superfastpath_3.py [line:292] one_slot INFO delay block 9 in 0.884987 
2024-07-21 20:59:48,538 superfastpath_3.py [line:299] one_slot INFO Fast block at Node 8 for Epoch sidAFAST0 and Slot 9 has delay, TPS and TXs: 0.8849868774414062, 20000 
2024-07-21 20:59:48,539 superfastpath_3.py [line:301] one_slot INFO AVG TPS: 13227, running time 1.512021, weighted delay: 0.894481 
2024-07-21 20:59:48,539 superfastpath_3.py [line:306] one_slot INFO output block for slot 9 taking 0.909094 sec 
2024-07-21 20:59:48,539 superfastpath_3.py [line:310] one_slot INFO Leaving slot 10 
2024-07-21 20:59:48,539 superfastpath_3.py [line:236] one_slot INFO Entering slot 11 
2024-07-21 20:59:49,003 superfastpath_3.py [line:252] one_slot INFO pending block 11 in 0.353110 
2024-07-21 20:59:49,003 superfastpath_3.py [line:261] one_slot INFO 2pending block 11 in 0.353302 
2024-07-21 20:59:49,019 superfastpath_3.py [line:279] one_slot INFO read pending block 11 in 0.369194 
2024-07-21 20:59:49,019 superfastpath_3.py [line:288] one_slot INFO 3pending block 11 in 0.369378 
2024-07-21 20:59:49,019 superfastpath_3.py [line:292] one_slot INFO delay block 10 in 0.916442 
2024-07-21 20:59:49,040 superfastpath_3.py [line:299] one_slot INFO Fast block at Node 8 for Epoch sidAFAST0 and Slot 10 has delay, TPS and TXs: 0.9164419174194336, 30000 
2024-07-21 20:59:49,040 superfastpath_3.py [line:301] one_slot INFO AVG TPS: 14901, running time 2.013237, weighted delay: 0.901801 
2024-07-21 20:59:49,040 superfastpath_3.py [line:306] one_slot INFO output block for slot 10 taking 0.936863 sec 
2024-07-21 20:59:49,040 superfastpath_3.py [line:310] one_slot INFO Leaving slot 11 
2024-07-21 20:59:49,040 superfastpath_3.py [line:236] one_slot INFO Entering slot 12 
2024-07-21 20:59:49,551 superfastpath_3.py [line:252] one_slot INFO pending block 12 in 0.406054 
2024-07-21 20:59:49,552 superfastpath_3.py [line:261] one_slot INFO 2pending block 12 in 0.406747 
2024-07-21 20:59:49,568 superfastpath_3.py [line:279] one_slot INFO read pending block 12 in 0.422838 
2024-07-21 20:59:49,568 superfastpath_3.py [line:288] one_slot INFO 3pending block 12 in 0.423037 
2024-07-21 20:59:49,568 superfastpath_3.py [line:292] one_slot INFO delay block 11 in 0.918417 
2024-07-21 20:59:49,585 superfastpath_3.py [line:299] one_slot INFO Fast block at Node 8 for Epoch sidAFAST0 and Slot 11 has delay, TPS and TXs: 0.9184167385101318, 40000 
2024-07-21 20:59:49,585 superfastpath_3.py [line:301] one_slot INFO AVG TPS: 15632, running time 2.558744, weighted delay: 0.905955 
2024-07-21 20:59:49,586 superfastpath_3.py [line:306] one_slot INFO output block for slot 11 taking 0.935820 sec 
2024-07-21 20:59:49,586 superfastpath_3.py [line:310] one_slot INFO Leaving slot 12 
2024-07-21 20:59:49,586 superfastpath_3.py [line:236] one_slot INFO Entering slot 13 
2024-07-21 20:59:50,068 superfastpath_3.py [line:252] one_slot INFO pending block 13 in 0.360964 
2024-07-21 20:59:50,068 superfastpath_3.py [line:261] one_slot INFO 2pending block 13 in 0.361189 
2024-07-21 20:59:50,092 superfastpath_3.py [line:279] one_slot INFO read pending block 13 in 0.385382 
2024-07-21 20:59:50,092 superfastpath_3.py [line:288] one_slot INFO 3pending block 13 in 0.385558 
2024-07-21 20:59:50,092 superfastpath_3.py [line:292] one_slot INFO delay block 12 in 0.947150 
2024-07-21 20:59:50,111 superfastpath_3.py [line:299] one_slot INFO Fast block at Node 8 for Epoch sidAFAST0 and Slot 12 has delay, TPS and TXs: 0.9471499919891357, 50000 
2024-07-21 20:59:50,111 superfastpath_3.py [line:301] one_slot INFO AVG TPS: 16207, running time 3.084948, weighted delay: 0.914194 
2024-07-21 20:59:50,112 superfastpath_3.py [line:306] one_slot INFO output block for slot 12 taking 0.966433 sec 
2024-07-21 20:59:50,112 superfastpath_3.py [line:310] one_slot INFO Leaving slot 13 
2024-07-21 20:59:50,112 superfastpath_3.py [line:236] one_slot INFO Entering slot 14 
2024-07-21 20:59:50,542 superfastpath_3.py [line:252] one_slot INFO pending block 14 in 0.350987 
2024-07-21 20:59:50,543 superfastpath_3.py [line:261] one_slot INFO 2pending block 14 in 0.351382 
2024-07-21 20:59:50,606 superfastpath_3.py [line:279] one_slot INFO read pending block 14 in 0.414686 
2024-07-21 20:59:50,609 superfastpath_3.py [line:288] one_slot INFO 3pending block 14 in 0.417639 
2024-07-21 20:59:50,609 superfastpath_3.py [line:292] one_slot INFO delay block 13 in 0.902447 
2024-07-21 20:59:50,630 superfastpath_3.py [line:299] one_slot INFO Fast block at Node 8 for Epoch sidAFAST0 and Slot 13 has delay, TPS and TXs: 0.9024467468261719, 60000 
2024-07-21 20:59:50,630 superfastpath_3.py [line:301] one_slot INFO AVG TPS: 16648, running time 3.603832, weighted delay: 0.912236 
2024-07-21 20:59:50,631 superfastpath_3.py [line:306] one_slot INFO output block for slot 13 taking 0.923811 sec 
2024-07-21 20:59:50,631 superfastpath_3.py [line:310] one_slot INFO Leaving slot 14 
2024-07-21 20:59:50,631 superfastpath_3.py [line:236] one_slot INFO Entering slot 15 
2024-07-21 20:59:51,059 superfastpath_3.py [line:252] one_slot INFO pending block 15 in 0.364495 
2024-07-21 20:59:51,060 superfastpath_3.py [line:261] one_slot INFO 2pending block 15 in 0.364901 
2024-07-21 20:59:51,082 superfastpath_3.py [line:279] one_slot INFO read pending block 15 in 0.387191 
2024-07-21 20:59:51,082 superfastpath_3.py [line:288] one_slot INFO 3pending block 15 in 0.387385 
2024-07-21 20:59:51,082 superfastpath_3.py [line:292] one_slot INFO delay block 14 in 0.890671 
2024-07-21 20:59:51,101 superfastpath_3.py [line:299] one_slot INFO Fast block at Node 8 for Epoch sidAFAST0 and Slot 14 has delay, TPS and TXs: 0.8906707763671875, 70000 
2024-07-21 20:59:51,101 superfastpath_3.py [line:301] one_slot INFO AVG TPS: 17178, running time 4.074974, weighted delay: 0.909155 
2024-07-21 20:59:51,102 superfastpath_3.py [line:306] one_slot INFO output block for slot 14 taking 0.910633 sec 
2024-07-21 20:59:51,102 superfastpath_3.py [line:310] one_slot INFO Leaving slot 15 
2024-07-21 20:59:51,102 superfastpath_3.py [line:236] one_slot INFO Entering slot 16 
2024-07-21 20:59:51,245 superfastpath_3.py [line:252] one_slot INFO pending block 16 in 0.041825 
2024-07-21 20:59:51,245 superfastpath_3.py [line:261] one_slot INFO 2pending block 16 in 0.042215 
2024-07-21 20:59:51,246 superfastpath_3.py [line:279] one_slot INFO read pending block 16 in 0.042354 
2024-07-21 20:59:51,246 superfastpath_3.py [line:288] one_slot INFO 3pending block 16 in 0.042768 
2024-07-21 20:59:51,246 superfastpath_3.py [line:292] one_slot INFO delay block 15 in 0.551443 
2024-07-21 20:59:51,272 superfastpath_3.py [line:299] one_slot INFO Fast block at Node 8 for Epoch sidAFAST0 and Slot 15 has delay, TPS and TXs: 0.5514430999755859, 80000 
2024-07-21 20:59:51,272 superfastpath_3.py [line:301] one_slot INFO AVG TPS: 18844, running time 4.245332, weighted delay: 0.864441 
2024-07-21 20:59:51,272 superfastpath_3.py [line:306] one_slot INFO output block for slot 15 taking 0.577683 sec 
2024-07-21 20:59:51,272 superfastpath_3.py [line:310] one_slot INFO Leaving slot 16 
2024-07-21 20:59:51,272 superfastpath_3.py [line:375] sufastpath INFO Leaves fastpath at 17 slot 
2024-07-21 20:59:51,273 Superfast.py [line:310] wait_for_fastpath INFO Fastpath of epoch 0 completed 
2024-07-21 20:59:51,273 Superfast.py [line:339] _run_epoch INFO Fastpath tps: 18841 delay 0.864441 
