2024-07-19 16:50:44,639 sufp_node.py [line:79] run INFO node 2's starts to run consensus on process id 8312 
2024-07-19 16:50:44,640 sufp_node.py [line:80] run INFO parameters: N=16, f=5, S=15, T=5, fast-batch=10000, acs-batch=62, K=1, O=0 
2024-07-19 16:50:44,640 sufp_node.py [line:62] prepare_bootstrap INFO node id 2 is inserting dummy payload TXs 
2024-07-19 16:50:44,641 sufp_node.py [line:70] prepare_bootstrap INFO node id 2 just inserts 50000 TXs 
2024-07-19 16:50:44,641 sufp_node.py [line:70] prepare_bootstrap INFO node id 2 just inserts 50000 TXs 
2024-07-19 16:50:44,641 sufp_node.py [line:74] prepare_bootstrap INFO node id 2 completed the loading of dummy TXs 
2024-07-19 16:50:44,641 Superfast.py [line:178] run_bft INFO Node 2 starts to run at time:1721379044.6418211 
2024-07-19 16:50:44,642 Superfast.py [line:231] _run_epoch INFO Node enters epoch 0 
2024-07-19 16:50:44,643 superfastpath.py [line:43] sufastpath INFO Entering fast path 
2024-07-19 16:50:44,643 superfastpath.py [line:229] one_slot INFO Entering slot 1 
2024-07-19 16:50:44,842 superfastpath.py [line:255] one_slot INFO pending block 1 in 0.198426 
2024-07-19 16:50:44,869 superfastpath.py [line:280] one_slot INFO read pending block 1 in 0.225768 
2024-07-19 16:50:44,869 superfastpath.py [line:309] one_slot INFO Leaving slot 1 
2024-07-19 16:50:44,870 superfastpath.py [line:229] one_slot INFO Entering slot 2 
2024-07-19 16:50:49,871 superfastpath.py [line:367] sufastpath INFO Fastpath Timeout! 
2024-07-19 16:50:49,871 superfastpath.py [line:374] sufastpath INFO Leaves fastpath at 2 slot 
2024-07-19 16:50:49,871 Superfast.py [line:308] wait_for_fastpath INFO Fastpath of epoch 0 completed 
2024-07-19 16:52:41,359 sufp_node.py [line:79] run INFO node 2's starts to run consensus on process id 8583 
2024-07-19 16:52:41,359 sufp_node.py [line:80] run INFO parameters: N=16, f=5, S=15, T=5, fast-batch=10000, acs-batch=62, K=1, O=0 
2024-07-19 16:52:41,359 sufp_node.py [line:62] prepare_bootstrap INFO node id 2 is inserting dummy payload TXs 
2024-07-19 16:52:41,360 sufp_node.py [line:70] prepare_bootstrap INFO node id 2 just inserts 50000 TXs 
2024-07-19 16:52:41,360 sufp_node.py [line:70] prepare_bootstrap INFO node id 2 just inserts 50000 TXs 
2024-07-19 16:52:41,360 sufp_node.py [line:74] prepare_bootstrap INFO node id 2 completed the loading of dummy TXs 
2024-07-19 16:52:41,360 Superfast.py [line:178] run_bft INFO Node 2 starts to run at time:1721379161.3606026 
2024-07-19 16:52:41,360 Superfast.py [line:231] _run_epoch INFO Node enters epoch 0 
2024-07-19 16:52:41,361 superfastpath.py [line:43] sufastpath INFO Entering fast path 
2024-07-19 16:52:41,361 superfastpath.py [line:223] one_slot INFO Entering slot 1 
2024-07-19 16:52:41,722 superfastpath.py [line:248] one_slot INFO pending block 1 in 0.360467 
2024-07-19 16:52:41,761 superfastpath.py [line:273] one_slot INFO read pending block 1 in 0.399783 
2024-07-19 16:52:41,761 superfastpath.py [line:301] one_slot INFO Leaving slot 1 
2024-07-19 16:52:41,761 superfastpath.py [line:223] one_slot INFO Entering slot 2 
2024-07-19 16:52:41,975 superfastpath.py [line:248] one_slot INFO pending block 2 in 0.213485 
2024-07-19 16:52:42,004 superfastpath.py [line:273] one_slot INFO read pending block 2 in 0.242213 
2024-07-19 16:52:42,058 superfastpath.py [line:301] one_slot INFO Leaving slot 2 
2024-07-19 16:52:42,059 superfastpath.py [line:223] one_slot INFO Entering slot 3 
2024-07-19 16:52:42,268 superfastpath.py [line:248] one_slot INFO pending block 3 in 0.209674 
2024-07-19 16:52:42,329 superfastpath.py [line:273] one_slot INFO read pending block 3 in 0.270092 
2024-07-19 16:52:42,330 superfastpath.py [line:301] one_slot INFO Leaving slot 3 
2024-07-19 16:52:42,331 superfastpath.py [line:223] one_slot INFO Entering slot 4 
2024-07-19 16:52:42,549 superfastpath.py [line:248] one_slot INFO pending block 4 in 0.217932 
2024-07-19 16:52:42,618 superfastpath.py [line:273] one_slot INFO read pending block 4 in 0.286692 
2024-07-19 16:52:42,618 superfastpath.py [line:301] one_slot INFO Leaving slot 4 
2024-07-19 16:52:42,618 superfastpath.py [line:223] one_slot INFO Entering slot 5 
2024-07-19 16:52:42,855 superfastpath.py [line:248] one_slot INFO pending block 5 in 0.236502 
2024-07-19 16:52:42,893 superfastpath.py [line:273] one_slot INFO read pending block 5 in 0.275046 
2024-07-19 16:52:42,894 superfastpath.py [line:301] one_slot INFO Leaving slot 5 
2024-07-19 16:52:42,894 superfastpath.py [line:223] one_slot INFO Entering slot 6 
2024-07-19 16:52:43,205 superfastpath.py [line:248] one_slot INFO pending block 6 in 0.311542 
2024-07-19 16:52:43,236 superfastpath.py [line:273] one_slot INFO read pending block 6 in 0.342329 
2024-07-19 16:52:43,236 superfastpath.py [line:301] one_slot INFO Leaving slot 6 
2024-07-19 16:52:43,237 superfastpath.py [line:223] one_slot INFO Entering slot 7 
2024-07-19 16:52:43,389 superfastpath.py [line:248] one_slot INFO pending block 7 in 0.152324 
2024-07-19 16:52:43,413 superfastpath.py [line:273] one_slot INFO read pending block 7 in 0.176695 
2024-07-19 16:52:43,414 superfastpath.py [line:301] one_slot INFO Leaving slot 7 
2024-07-19 16:52:43,414 superfastpath.py [line:223] one_slot INFO Entering slot 8 
2024-07-19 16:52:43,716 superfastpath.py [line:248] one_slot INFO pending block 8 in 0.301675 
2024-07-19 16:52:43,780 superfastpath.py [line:273] one_slot INFO read pending block 8 in 0.365407 
2024-07-19 16:52:43,780 superfastpath.py [line:301] one_slot INFO Leaving slot 8 
2024-07-19 16:52:43,780 superfastpath.py [line:223] one_slot INFO Entering slot 9 
2024-07-19 16:52:44,026 superfastpath.py [line:248] one_slot INFO pending block 9 in 0.243613 
2024-07-19 16:52:44,069 superfastpath.py [line:273] one_slot INFO read pending block 9 in 0.287318 
2024-07-19 16:52:44,109 superfastpath.py [line:290] one_slot INFO Fast block at Node 2 for Epoch sidAFAST0 and Slot 8 has delay, TPS and TXs: 0.6552762985229492, 10000 
2024-07-19 16:52:44,109 superfastpath.py [line:292] one_slot INFO AVG TPS: 14386, running time 0.695076, weighted delay: 0.655276 
2024-07-19 16:52:44,109 superfastpath.py [line:297] one_slot INFO output block for slot 8 taking 0.694789 sec 
2024-07-19 16:52:44,110 superfastpath.py [line:301] one_slot INFO Leaving slot 9 
2024-07-19 16:52:44,110 superfastpath.py [line:223] one_slot INFO Entering slot 10 
2024-07-19 16:52:44,382 superfastpath.py [line:248] one_slot INFO pending block 10 in 0.271069 
2024-07-19 16:52:44,426 superfastpath.py [line:273] one_slot INFO read pending block 10 in 0.315770 
2024-07-19 16:52:44,437 superfastpath.py [line:290] one_slot INFO Fast block at Node 2 for Epoch sidAFAST0 and Slot 9 has delay, TPS and TXs: 0.6442079544067383, 20000 
2024-07-19 16:52:44,437 superfastpath.py [line:292] one_slot INFO AVG TPS: 19548, running time 1.023073, weighted delay: 0.649742 
2024-07-19 16:52:44,437 superfastpath.py [line:297] one_slot INFO output block for slot 9 taking 0.654779 sec 
2024-07-19 16:52:44,437 superfastpath.py [line:301] one_slot INFO Leaving slot 10 
2024-07-19 16:52:44,437 superfastpath.py [line:223] one_slot INFO Entering slot 11 
2024-07-19 16:52:44,628 superfastpath.py [line:248] one_slot INFO pending block 11 in 0.190449 
2024-07-19 16:52:44,683 superfastpath.py [line:273] one_slot INFO read pending block 11 in 0.246099 
2024-07-19 16:52:44,714 superfastpath.py [line:290] one_slot INFO Fast block at Node 2 for Epoch sidAFAST0 and Slot 10 has delay, TPS and TXs: 0.5729708671569824, 30000 
2024-07-19 16:52:44,714 superfastpath.py [line:292] one_slot INFO AVG TPS: 23073, running time 1.300219, weighted delay: 0.624152 
2024-07-19 16:52:44,714 superfastpath.py [line:297] one_slot INFO output block for slot 10 taking 0.603616 sec 
2024-07-19 16:52:44,714 superfastpath.py [line:301] one_slot INFO Leaving slot 11 
2024-07-19 16:52:44,714 superfastpath.py [line:223] one_slot INFO Entering slot 12 
2024-07-19 16:52:44,832 superfastpath.py [line:248] one_slot INFO pending block 12 in 0.117660 
2024-07-19 16:52:44,855 superfastpath.py [line:273] one_slot INFO read pending block 12 in 0.140381 
2024-07-19 16:52:44,883 superfastpath.py [line:290] one_slot INFO Fast block at Node 2 for Epoch sidAFAST0 and Slot 11 has delay, TPS and TXs: 0.417797327041626, 40000 
2024-07-19 16:52:44,883 superfastpath.py [line:292] one_slot INFO AVG TPS: 27222, running time 1.469365, weighted delay: 0.572563 
2024-07-19 16:52:44,884 superfastpath.py [line:297] one_slot INFO output block for slot 11 taking 0.446593 sec 
2024-07-19 16:52:44,884 superfastpath.py [line:301] one_slot INFO Leaving slot 12 
2024-07-19 16:52:44,884 superfastpath.py [line:223] one_slot INFO Entering slot 13 
2024-07-19 16:52:45,183 superfastpath.py [line:248] one_slot INFO pending block 13 in 0.299212 
2024-07-19 16:52:45,263 superfastpath.py [line:273] one_slot INFO read pending block 13 in 0.379299 
2024-07-19 16:52:45,293 superfastpath.py [line:290] one_slot INFO Fast block at Node 2 for Epoch sidAFAST0 and Slot 12 has delay, TPS and TXs: 0.5492162704467773, 50000 
2024-07-19 16:52:45,293 superfastpath.py [line:292] one_slot INFO AVG TPS: 26605, running time 1.879316, weighted delay: 0.567894 
2024-07-19 16:52:45,293 superfastpath.py [line:297] one_slot INFO output block for slot 12 taking 0.578809 sec 
2024-07-19 16:52:45,293 superfastpath.py [line:301] one_slot INFO Leaving slot 13 
2024-07-19 16:52:45,294 superfastpath.py [line:223] one_slot INFO Entering slot 14 
2024-07-19 16:52:45,456 superfastpath.py [line:248] one_slot INFO pending block 14 in 0.162622 
2024-07-19 16:52:45,520 superfastpath.py [line:273] one_slot INFO read pending block 14 in 0.226724 
2024-07-19 16:52:45,580 superfastpath.py [line:290] one_slot INFO Fast block at Node 2 for Epoch sidAFAST0 and Slot 13 has delay, TPS and TXs: 0.6378319263458252, 60000 
2024-07-19 16:52:45,580 superfastpath.py [line:292] one_slot INFO AVG TPS: 27694, running time 2.166513, weighted delay: 0.579550 
2024-07-19 16:52:45,580 superfastpath.py [line:297] one_slot INFO output block for slot 13 taking 0.696236 sec 
2024-07-19 16:52:45,580 superfastpath.py [line:301] one_slot INFO Leaving slot 14 
2024-07-19 16:52:45,581 superfastpath.py [line:223] one_slot INFO Entering slot 15 
2024-07-19 16:52:45,799 superfastpath.py [line:248] one_slot INFO pending block 15 in 0.218471 
2024-07-19 16:52:45,859 superfastpath.py [line:273] one_slot INFO read pending block 15 in 0.278235 
2024-07-19 16:52:45,890 superfastpath.py [line:290] one_slot INFO Fast block at Node 2 for Epoch sidAFAST0 and Slot 14 has delay, TPS and TXs: 0.5652971267700195, 70000 
2024-07-19 16:52:45,890 superfastpath.py [line:292] one_slot INFO AVG TPS: 28266, running time 2.476439, weighted delay: 0.577514 
2024-07-19 16:52:45,891 superfastpath.py [line:297] one_slot INFO output block for slot 14 taking 0.596963 sec 
2024-07-19 16:52:45,891 superfastpath.py [line:301] one_slot INFO Leaving slot 15 
2024-07-19 16:52:45,891 superfastpath.py [line:223] one_slot INFO Entering slot 16 
2024-07-19 16:52:45,914 superfastpath.py [line:248] one_slot INFO pending block 16 in 0.023036 
2024-07-19 16:52:45,917 superfastpath.py [line:273] one_slot INFO read pending block 16 in 0.025742 
2024-07-19 16:52:45,936 superfastpath.py [line:290] one_slot INFO Fast block at Node 2 for Epoch sidAFAST0 and Slot 15 has delay, TPS and TXs: 0.3361475467681885, 80000 
2024-07-19 16:52:45,936 superfastpath.py [line:292] one_slot INFO AVG TPS: 31720, running time 2.522040, weighted delay: 0.547343 
2024-07-19 16:52:45,936 superfastpath.py [line:297] one_slot INFO output block for slot 15 taking 0.355341 sec 
2024-07-19 16:52:45,936 superfastpath.py [line:301] one_slot INFO Leaving slot 16 
2024-07-19 16:52:45,936 superfastpath.py [line:366] sufastpath INFO Leaves fastpath at 17 slot 
2024-07-19 16:52:45,937 Superfast.py [line:308] wait_for_fastpath INFO Fastpath of epoch 0 completed 
2024-07-19 16:52:45,937 Superfast.py [line:337] _run_epoch INFO Fastpath tps: 31718 
2024-07-19 16:52:50,937 Superfast.py [line:208] run_bft INFO node 2 breaks in 9.577170 seconds in epoch 0 with total delivered Txs 0 and average delay 0.000000 
2024-07-19 16:54:35,795 sufp_node.py [line:79] run INFO node 2's starts to run consensus on process id 8847 
2024-07-19 16:54:35,795 sufp_node.py [line:80] run INFO parameters: N=16, f=5, S=15, T=5, fast-batch=10000, acs-batch=62, K=1, O=0 
2024-07-19 16:54:35,796 sufp_node.py [line:62] prepare_bootstrap INFO node id 2 is inserting dummy payload TXs 
2024-07-19 16:54:35,796 sufp_node.py [line:70] prepare_bootstrap INFO node id 2 just inserts 50000 TXs 
2024-07-19 16:54:35,796 sufp_node.py [line:70] prepare_bootstrap INFO node id 2 just inserts 50000 TXs 
2024-07-19 16:54:35,796 sufp_node.py [line:74] prepare_bootstrap INFO node id 2 completed the loading of dummy TXs 
2024-07-19 16:54:35,796 Superfast.py [line:178] run_bft INFO Node 2 starts to run at time:1721379275.7969494 
2024-07-19 16:54:35,797 Superfast.py [line:231] _run_epoch INFO Node enters epoch 0 
2024-07-19 16:54:35,797 superfastpath.py [line:43] sufastpath INFO Entering fast path 
2024-07-19 16:54:35,798 superfastpath.py [line:223] one_slot INFO Entering slot 1 
2024-07-19 16:54:35,827 superfastpath.py [line:248] one_slot INFO pending block 1 in 0.028911 
2024-07-19 16:54:35,827 superfastpath.py [line:257] one_slot INFO 2pending block 1 in 0.029123 
2024-07-19 16:54:35,842 superfastpath.py [line:274] one_slot INFO read pending block 1 in 0.044267 
2024-07-19 16:54:35,842 superfastpath.py [line:303] one_slot INFO Leaving slot 1 
2024-07-19 16:54:35,842 superfastpath.py [line:223] one_slot INFO Entering slot 2 
2024-07-19 16:54:36,028 superfastpath.py [line:248] one_slot INFO pending block 2 in 0.185297 
2024-07-19 16:54:36,028 superfastpath.py [line:257] one_slot INFO 2pending block 2 in 0.185687 
2024-07-19 16:54:36,064 superfastpath.py [line:274] one_slot INFO read pending block 2 in 0.221426 
2024-07-19 16:54:36,064 superfastpath.py [line:303] one_slot INFO Leaving slot 2 
2024-07-19 16:54:36,065 superfastpath.py [line:223] one_slot INFO Entering slot 3 
2024-07-19 16:54:36,253 superfastpath.py [line:248] one_slot INFO pending block 3 in 0.188510 
2024-07-19 16:54:36,253 superfastpath.py [line:257] one_slot INFO 2pending block 3 in 0.188714 
2024-07-19 16:54:36,310 superfastpath.py [line:274] one_slot INFO read pending block 3 in 0.245070 
2024-07-19 16:54:36,310 superfastpath.py [line:303] one_slot INFO Leaving slot 3 
2024-07-19 16:54:36,310 superfastpath.py [line:223] one_slot INFO Entering slot 4 
2024-07-19 16:54:36,578 superfastpath.py [line:248] one_slot INFO pending block 4 in 0.268182 
2024-07-19 16:54:36,581 superfastpath.py [line:257] one_slot INFO 2pending block 4 in 0.270182 
2024-07-19 16:54:36,628 superfastpath.py [line:274] one_slot INFO read pending block 4 in 0.318036 
2024-07-19 16:54:36,629 superfastpath.py [line:303] one_slot INFO Leaving slot 4 
2024-07-19 16:54:36,629 superfastpath.py [line:223] one_slot INFO Entering slot 5 
2024-07-19 16:54:36,843 superfastpath.py [line:248] one_slot INFO pending block 5 in 0.213862 
2024-07-19 16:54:36,843 superfastpath.py [line:257] one_slot INFO 2pending block 5 in 0.214123 
2024-07-19 16:54:36,861 superfastpath.py [line:274] one_slot INFO read pending block 5 in 0.232286 
2024-07-19 16:54:36,861 superfastpath.py [line:303] one_slot INFO Leaving slot 5 
2024-07-19 16:54:36,861 superfastpath.py [line:223] one_slot INFO Entering slot 6 
2024-07-19 16:54:37,115 superfastpath.py [line:248] one_slot INFO pending block 6 in 0.253284 
2024-07-19 16:54:37,116 superfastpath.py [line:257] one_slot INFO 2pending block 6 in 0.254268 
2024-07-19 16:54:37,161 superfastpath.py [line:274] one_slot INFO read pending block 6 in 0.298694 
2024-07-19 16:54:37,161 superfastpath.py [line:303] one_slot INFO Leaving slot 6 
2024-07-19 16:54:37,161 superfastpath.py [line:223] one_slot INFO Entering slot 7 
2024-07-19 16:54:37,466 superfastpath.py [line:248] one_slot INFO pending block 7 in 0.304692 
2024-07-19 16:54:37,467 superfastpath.py [line:257] one_slot INFO 2pending block 7 in 0.305590 
2024-07-19 16:54:37,504 superfastpath.py [line:274] one_slot INFO read pending block 7 in 0.342993 
2024-07-19 16:54:37,505 superfastpath.py [line:303] one_slot INFO Leaving slot 7 
2024-07-19 16:54:37,505 superfastpath.py [line:223] one_slot INFO Entering slot 8 
2024-07-19 16:54:37,763 superfastpath.py [line:248] one_slot INFO pending block 8 in 0.258540 
2024-07-19 16:54:37,764 superfastpath.py [line:257] one_slot INFO 2pending block 8 in 0.259309 
2024-07-19 16:54:37,809 superfastpath.py [line:274] one_slot INFO read pending block 8 in 0.304522 
2024-07-19 16:54:37,810 superfastpath.py [line:303] one_slot INFO Leaving slot 8 
2024-07-19 16:54:37,810 superfastpath.py [line:223] one_slot INFO Entering slot 9 
2024-07-19 16:54:38,003 superfastpath.py [line:248] one_slot INFO pending block 9 in 0.192817 
2024-07-19 16:54:38,003 superfastpath.py [line:257] one_slot INFO 2pending block 9 in 0.192991 
2024-07-19 16:54:38,054 superfastpath.py [line:274] one_slot INFO read pending block 9 in 0.244439 
2024-07-19 16:54:38,054 superfastpath.py [line:285] one_slot INFO delay block 8 in 0.549713 
2024-07-19 16:54:38,089 superfastpath.py [line:292] one_slot INFO Fast block at Node 2 for Epoch sidAFAST0 and Slot 8 has delay, TPS and TXs: 0.5497128963470459, 10000 
2024-07-19 16:54:38,089 superfastpath.py [line:294] one_slot INFO AVG TPS: 17099, running time 0.584805, weighted delay: 0.549713 
2024-07-19 16:54:38,090 superfastpath.py [line:299] one_slot INFO output block for slot 8 taking 0.584750 sec 
2024-07-19 16:54:38,090 superfastpath.py [line:303] one_slot INFO Leaving slot 9 
2024-07-19 16:54:38,090 superfastpath.py [line:223] one_slot INFO Entering slot 10 
2024-07-19 16:54:38,258 superfastpath.py [line:248] one_slot INFO pending block 10 in 0.168483 
2024-07-19 16:54:38,258 superfastpath.py [line:257] one_slot INFO 2pending block 10 in 0.168689 
2024-07-19 16:54:38,312 superfastpath.py [line:274] one_slot INFO read pending block 10 in 0.222415 
2024-07-19 16:54:38,316 superfastpath.py [line:285] one_slot INFO delay block 9 in 0.502464 
2024-07-19 16:54:38,348 superfastpath.py [line:292] one_slot INFO Fast block at Node 2 for Epoch sidAFAST0 and Slot 9 has delay, TPS and TXs: 0.5024635791778564, 20000 
2024-07-19 16:54:38,348 superfastpath.py [line:294] one_slot INFO AVG TPS: 23703, running time 0.843760, weighted delay: 0.526088 
2024-07-19 16:54:38,349 superfastpath.py [line:299] one_slot INFO output block for slot 9 taking 0.538961 sec 
2024-07-19 16:54:38,349 superfastpath.py [line:303] one_slot INFO Leaving slot 10 
2024-07-19 16:54:38,349 superfastpath.py [line:223] one_slot INFO Entering slot 11 
2024-07-19 16:54:38,554 superfastpath.py [line:248] one_slot INFO pending block 11 in 0.204902 
2024-07-19 16:54:38,556 superfastpath.py [line:257] one_slot INFO 2pending block 11 in 0.205712 
2024-07-19 16:54:38,595 superfastpath.py [line:274] one_slot INFO read pending block 11 in 0.246355 
2024-07-19 16:54:38,596 superfastpath.py [line:285] one_slot INFO delay block 10 in 0.505965 
2024-07-19 16:54:38,632 superfastpath.py [line:292] one_slot INFO Fast block at Node 2 for Epoch sidAFAST0 and Slot 10 has delay, TPS and TXs: 0.5059647560119629, 30000 
2024-07-19 16:54:38,632 superfastpath.py [line:294] one_slot INFO AVG TPS: 26614, running time 1.127205, weighted delay: 0.519380 
2024-07-19 16:54:38,632 superfastpath.py [line:299] one_slot INFO output block for slot 10 taking 0.542260 sec 
2024-07-19 16:54:38,632 superfastpath.py [line:303] one_slot INFO Leaving slot 11 
2024-07-19 16:54:38,634 superfastpath.py [line:223] one_slot INFO Entering slot 12 
2024-07-19 16:54:38,900 superfastpath.py [line:248] one_slot INFO pending block 12 in 0.265575 
2024-07-19 16:54:38,900 superfastpath.py [line:257] one_slot INFO 2pending block 12 in 0.265731 
2024-07-19 16:54:38,914 superfastpath.py [line:274] one_slot INFO read pending block 12 in 0.279984 
2024-07-19 16:54:38,914 superfastpath.py [line:285] one_slot INFO delay block 11 in 0.565105 
2024-07-19 16:54:38,928 superfastpath.py [line:292] one_slot INFO Fast block at Node 2 for Epoch sidAFAST0 and Slot 11 has delay, TPS and TXs: 0.5651047229766846, 40000 
2024-07-19 16:54:38,928 superfastpath.py [line:294] one_slot INFO AVG TPS: 28097, running time 1.423609, weighted delay: 0.530811 
2024-07-19 16:54:38,928 superfastpath.py [line:299] one_slot INFO output block for slot 11 taking 0.579278 sec 
2024-07-19 16:54:38,928 superfastpath.py [line:303] one_slot INFO Leaving slot 12 
2024-07-19 16:54:38,928 superfastpath.py [line:223] one_slot INFO Entering slot 13 
2024-07-19 16:54:39,126 superfastpath.py [line:248] one_slot INFO pending block 13 in 0.197100 
2024-07-19 16:54:39,127 superfastpath.py [line:257] one_slot INFO 2pending block 13 in 0.197969 
2024-07-19 16:54:39,161 superfastpath.py [line:274] one_slot INFO read pending block 13 in 0.232820 
2024-07-19 16:54:39,162 superfastpath.py [line:285] one_slot INFO delay block 12 in 0.528169 
2024-07-19 16:54:39,197 superfastpath.py [line:292] one_slot INFO Fast block at Node 2 for Epoch sidAFAST0 and Slot 12 has delay, TPS and TXs: 0.5281686782836914, 50000 
2024-07-19 16:54:39,198 superfastpath.py [line:294] one_slot INFO AVG TPS: 29534, running time 1.692944, weighted delay: 0.530283 
2024-07-19 16:54:39,200 superfastpath.py [line:299] one_slot INFO output block for slot 12 taking 0.565508 sec 
2024-07-19 16:54:39,200 superfastpath.py [line:303] one_slot INFO Leaving slot 13 
2024-07-19 16:54:39,200 superfastpath.py [line:223] one_slot INFO Entering slot 14 
2024-07-19 16:54:39,467 superfastpath.py [line:248] one_slot INFO pending block 14 in 0.267060 
2024-07-19 16:54:39,467 superfastpath.py [line:257] one_slot INFO 2pending block 14 in 0.267319 
2024-07-19 16:54:39,492 superfastpath.py [line:274] one_slot INFO read pending block 14 in 0.291972 
2024-07-19 16:54:39,492 superfastpath.py [line:285] one_slot INFO delay block 13 in 0.563529 
2024-07-19 16:54:39,533 superfastpath.py [line:292] one_slot INFO Fast block at Node 2 for Epoch sidAFAST0 and Slot 13 has delay, TPS and TXs: 0.5635285377502441, 60000 
2024-07-19 16:54:39,533 superfastpath.py [line:294] one_slot INFO AVG TPS: 29580, running time 2.028342, weighted delay: 0.535824 
2024-07-19 16:54:39,533 superfastpath.py [line:299] one_slot INFO output block for slot 13 taking 0.604534 sec 
2024-07-19 16:54:39,533 superfastpath.py [line:303] one_slot INFO Leaving slot 14 
2024-07-19 16:54:39,533 superfastpath.py [line:223] one_slot INFO Entering slot 15 
2024-07-19 16:54:39,740 superfastpath.py [line:248] one_slot INFO pending block 15 in 0.207001 
2024-07-19 16:54:39,741 superfastpath.py [line:257] one_slot INFO 2pending block 15 in 0.207234 
2024-07-19 16:54:39,781 superfastpath.py [line:274] one_slot INFO read pending block 15 in 0.248185 
2024-07-19 16:54:39,782 superfastpath.py [line:285] one_slot INFO delay block 14 in 0.581689 
2024-07-19 16:54:39,835 superfastpath.py [line:292] one_slot INFO Fast block at Node 2 for Epoch sidAFAST0 and Slot 14 has delay, TPS and TXs: 0.5816888809204102, 70000 
2024-07-19 16:54:39,835 superfastpath.py [line:294] one_slot INFO AVG TPS: 30038, running time 2.330374, weighted delay: 0.542376 
2024-07-19 16:54:39,835 superfastpath.py [line:299] one_slot INFO output block for slot 14 taking 0.635175 sec 
2024-07-19 16:54:39,835 superfastpath.py [line:303] one_slot INFO Leaving slot 15 
2024-07-19 16:54:39,835 superfastpath.py [line:223] one_slot INFO Entering slot 16 
2024-07-19 16:54:39,837 superfastpath.py [line:248] one_slot INFO pending block 16 in 0.001833 
2024-07-19 16:54:39,848 superfastpath.py [line:257] one_slot INFO 2pending block 16 in 0.013103 
2024-07-19 16:54:39,849 superfastpath.py [line:274] one_slot INFO read pending block 16 in 0.013275 
2024-07-19 16:54:39,849 superfastpath.py [line:285] one_slot INFO delay block 15 in 0.315345 
2024-07-19 16:54:39,877 superfastpath.py [line:292] one_slot INFO Fast block at Node 2 for Epoch sidAFAST0 and Slot 15 has delay, TPS and TXs: 0.31534481048583984, 80000 
2024-07-19 16:54:39,878 superfastpath.py [line:294] one_slot INFO AVG TPS: 33711, running time 2.373113, weighted delay: 0.513997 
2024-07-19 16:54:39,880 superfastpath.py [line:299] one_slot INFO output block for slot 15 taking 0.346476 sec 
2024-07-19 16:54:39,880 superfastpath.py [line:303] one_slot INFO Leaving slot 16 
2024-07-19 16:54:39,880 superfastpath.py [line:368] sufastpath INFO Leaves fastpath at 17 slot 
2024-07-19 16:54:39,881 Superfast.py [line:308] wait_for_fastpath INFO Fastpath of epoch 0 completed 
2024-07-19 16:54:39,881 Superfast.py [line:337] _run_epoch INFO Fastpath tps: 33678 
2024-07-19 16:57:20,385 sufp_node.py [line:79] run INFO node 2's starts to run consensus on process id 9144 
2024-07-19 16:57:20,385 sufp_node.py [line:80] run INFO parameters: N=16, f=5, S=15, T=5, fast-batch=10000, acs-batch=62, K=1, O=0 
2024-07-19 16:57:20,385 sufp_node.py [line:62] prepare_bootstrap INFO node id 2 is inserting dummy payload TXs 
2024-07-19 16:57:20,386 sufp_node.py [line:70] prepare_bootstrap INFO node id 2 just inserts 50000 TXs 
2024-07-19 16:57:20,386 sufp_node.py [line:70] prepare_bootstrap INFO node id 2 just inserts 50000 TXs 
2024-07-19 16:57:20,386 sufp_node.py [line:74] prepare_bootstrap INFO node id 2 completed the loading of dummy TXs 
2024-07-19 16:57:20,387 Superfast.py [line:178] run_bft INFO Node 2 starts to run at time:1721379440.386985 
2024-07-19 16:57:20,387 Superfast.py [line:231] _run_epoch INFO Node enters epoch 0 
2024-07-19 16:57:20,388 superfastpath.py [line:43] sufastpath INFO Entering fast path 
2024-07-19 16:57:20,388 superfastpath.py [line:223] one_slot INFO Entering slot 1 
2024-07-19 16:57:20,468 superfastpath.py [line:248] one_slot INFO pending block 1 in 0.080031 
2024-07-19 16:57:20,468 superfastpath.py [line:257] one_slot INFO 2pending block 1 in 0.080237 
2024-07-19 16:57:20,487 superfastpath.py [line:275] one_slot INFO read pending block 1 in 0.099383 
2024-07-19 16:57:20,488 superfastpath.py [line:306] one_slot INFO Leaving slot 1 
2024-07-19 16:57:20,488 superfastpath.py [line:223] one_slot INFO Entering slot 2 
2024-07-19 16:57:20,786 superfastpath.py [line:248] one_slot INFO pending block 2 in 0.298302 
2024-07-19 16:57:20,787 superfastpath.py [line:257] one_slot INFO 2pending block 2 in 0.298633 
2024-07-19 16:57:20,804 superfastpath.py [line:275] one_slot INFO read pending block 2 in 0.315591 
2024-07-19 16:57:20,804 superfastpath.py [line:306] one_slot INFO Leaving slot 2 
2024-07-19 16:57:20,804 superfastpath.py [line:223] one_slot INFO Entering slot 3 
2024-07-19 16:57:21,099 superfastpath.py [line:248] one_slot INFO pending block 3 in 0.294966 
2024-07-19 16:57:21,099 superfastpath.py [line:257] one_slot INFO 2pending block 3 in 0.295228 
2024-07-19 16:57:21,144 superfastpath.py [line:275] one_slot INFO read pending block 3 in 0.339886 
2024-07-19 16:57:21,144 superfastpath.py [line:306] one_slot INFO Leaving slot 3 
2024-07-19 16:57:21,145 superfastpath.py [line:223] one_slot INFO Entering slot 4 
2024-07-19 16:57:21,345 superfastpath.py [line:248] one_slot INFO pending block 4 in 0.200444 
2024-07-19 16:57:21,345 superfastpath.py [line:257] one_slot INFO 2pending block 4 in 0.200749 
2024-07-19 16:57:21,360 superfastpath.py [line:275] one_slot INFO read pending block 4 in 0.215743 
2024-07-19 16:57:21,361 superfastpath.py [line:306] one_slot INFO Leaving slot 4 
2024-07-19 16:57:21,361 superfastpath.py [line:223] one_slot INFO Entering slot 5 
2024-07-19 16:57:21,624 superfastpath.py [line:248] one_slot INFO pending block 5 in 0.262285 
2024-07-19 16:57:21,624 superfastpath.py [line:257] one_slot INFO 2pending block 5 in 0.262797 
2024-07-19 16:57:21,650 superfastpath.py [line:275] one_slot INFO read pending block 5 in 0.288482 
2024-07-19 16:57:21,651 superfastpath.py [line:306] one_slot INFO Leaving slot 5 
2024-07-19 16:57:21,651 superfastpath.py [line:223] one_slot INFO Entering slot 6 
2024-07-19 16:57:21,977 superfastpath.py [line:248] one_slot INFO pending block 6 in 0.326022 
2024-07-19 16:57:21,977 superfastpath.py [line:257] one_slot INFO 2pending block 6 in 0.326216 
2024-07-19 16:57:22,013 superfastpath.py [line:275] one_slot INFO read pending block 6 in 0.361916 
2024-07-19 16:57:22,013 superfastpath.py [line:306] one_slot INFO Leaving slot 6 
2024-07-19 16:57:22,013 superfastpath.py [line:223] one_slot INFO Entering slot 7 
2024-07-19 16:57:22,237 superfastpath.py [line:248] one_slot INFO pending block 7 in 0.223465 
2024-07-19 16:57:22,239 superfastpath.py [line:257] one_slot INFO 2pending block 7 in 0.225269 
2024-07-19 16:57:22,276 superfastpath.py [line:275] one_slot INFO read pending block 7 in 0.262418 
2024-07-19 16:57:22,276 superfastpath.py [line:306] one_slot INFO Leaving slot 7 
2024-07-19 16:57:22,276 superfastpath.py [line:223] one_slot INFO Entering slot 8 
2024-07-19 16:57:22,418 superfastpath.py [line:248] one_slot INFO pending block 8 in 0.141340 
2024-07-19 16:57:22,419 superfastpath.py [line:257] one_slot INFO 2pending block 8 in 0.142400 
2024-07-19 16:57:22,489 superfastpath.py [line:275] one_slot INFO read pending block 8 in 0.212553 
2024-07-19 16:57:22,489 superfastpath.py [line:306] one_slot INFO Leaving slot 8 
2024-07-19 16:57:22,491 superfastpath.py [line:223] one_slot INFO Entering slot 9 
2024-07-19 16:57:22,699 superfastpath.py [line:248] one_slot INFO pending block 9 in 0.208396 
2024-07-19 16:57:22,702 superfastpath.py [line:257] one_slot INFO 2pending block 9 in 0.211545 
2024-07-19 16:57:22,737 superfastpath.py [line:275] one_slot INFO read pending block 9 in 0.246329 
2024-07-19 16:57:22,737 superfastpath.py [line:284] one_slot INFO 3pending block 9 in 0.246720 
2024-07-19 16:57:22,738 superfastpath.py [line:288] one_slot INFO delay block 8 in 0.460954 
2024-07-19 16:57:22,765 superfastpath.py [line:295] one_slot INFO Fast block at Node 2 for Epoch sidAFAST0 and Slot 8 has delay, TPS and TXs: 0.4609544277191162, 10000 
2024-07-19 16:57:22,765 superfastpath.py [line:297] one_slot INFO AVG TPS: 20475, running time 0.488389, weighted delay: 0.460954 
2024-07-19 16:57:22,765 superfastpath.py [line:302] one_slot INFO output block for slot 8 taking 0.488436 sec 
2024-07-19 16:57:22,765 superfastpath.py [line:306] one_slot INFO Leaving slot 9 
2024-07-19 16:57:22,765 superfastpath.py [line:223] one_slot INFO Entering slot 10 
2024-07-19 16:57:23,009 superfastpath.py [line:248] one_slot INFO pending block 10 in 0.243785 
2024-07-19 16:57:23,010 superfastpath.py [line:257] one_slot INFO 2pending block 10 in 0.244144 
2024-07-19 16:57:23,036 superfastpath.py [line:275] one_slot INFO read pending block 10 in 0.270907 
2024-07-19 16:57:23,036 superfastpath.py [line:284] one_slot INFO 3pending block 10 in 0.271075 
2024-07-19 16:57:23,037 superfastpath.py [line:288] one_slot INFO delay block 9 in 0.545810 
2024-07-19 16:57:23,060 superfastpath.py [line:295] one_slot INFO Fast block at Node 2 for Epoch sidAFAST0 and Slot 9 has delay, TPS and TXs: 0.5458095073699951, 20000 
2024-07-19 16:57:23,060 superfastpath.py [line:297] one_slot INFO AVG TPS: 25511, running time 0.783953, weighted delay: 0.503382 
2024-07-19 16:57:23,060 superfastpath.py [line:302] one_slot INFO output block for slot 9 taking 0.569738 sec 
2024-07-19 16:57:23,061 superfastpath.py [line:306] one_slot INFO Leaving slot 10 
2024-07-19 16:57:23,061 superfastpath.py [line:223] one_slot INFO Entering slot 11 
2024-07-19 16:57:23,208 superfastpath.py [line:248] one_slot INFO pending block 11 in 0.147194 
2024-07-19 16:57:23,208 superfastpath.py [line:257] one_slot INFO 2pending block 11 in 0.147438 
2024-07-19 16:57:23,273 superfastpath.py [line:275] one_slot INFO read pending block 11 in 0.212062 
2024-07-19 16:57:23,273 superfastpath.py [line:284] one_slot INFO 3pending block 11 in 0.212263 
2024-07-19 16:57:23,273 superfastpath.py [line:288] one_slot INFO delay block 10 in 0.507716 
2024-07-19 16:57:23,327 superfastpath.py [line:295] one_slot INFO Fast block at Node 2 for Epoch sidAFAST0 and Slot 10 has delay, TPS and TXs: 0.5077164173126221, 30000 
2024-07-19 16:57:23,328 superfastpath.py [line:297] one_slot INFO AVG TPS: 28524, running time 1.051735, weighted delay: 0.504827 
2024-07-19 16:57:23,328 superfastpath.py [line:302] one_slot INFO output block for slot 10 taking 0.562918 sec 
2024-07-19 16:57:23,328 superfastpath.py [line:306] one_slot INFO Leaving slot 11 
2024-07-19 16:57:23,329 superfastpath.py [line:223] one_slot INFO Entering slot 12 
2024-07-19 16:57:23,477 superfastpath.py [line:248] one_slot INFO pending block 12 in 0.147661 
2024-07-19 16:57:23,478 superfastpath.py [line:257] one_slot INFO 2pending block 12 in 0.148796 
2024-07-19 16:57:23,497 superfastpath.py [line:275] one_slot INFO read pending block 12 in 0.167576 
2024-07-19 16:57:23,497 superfastpath.py [line:284] one_slot INFO 3pending block 12 in 0.167760 
2024-07-19 16:57:23,497 superfastpath.py [line:288] one_slot INFO delay block 11 in 0.436440 
2024-07-19 16:57:23,529 superfastpath.py [line:295] one_slot INFO Fast block at Node 2 for Epoch sidAFAST0 and Slot 11 has delay, TPS and TXs: 0.43644046783447266, 40000 
2024-07-19 16:57:23,529 superfastpath.py [line:297] one_slot INFO AVG TPS: 31926, running time 1.252883, weighted delay: 0.487730 
2024-07-19 16:57:23,530 superfastpath.py [line:302] one_slot INFO output block for slot 11 taking 0.469198 sec 
2024-07-19 16:57:23,530 superfastpath.py [line:306] one_slot INFO Leaving slot 12 
2024-07-19 16:57:23,530 superfastpath.py [line:223] one_slot INFO Entering slot 13 
2024-07-19 16:57:23,821 superfastpath.py [line:248] one_slot INFO pending block 13 in 0.290061 
2024-07-19 16:57:23,821 superfastpath.py [line:257] one_slot INFO 2pending block 13 in 0.290539 
2024-07-19 16:57:23,837 superfastpath.py [line:275] one_slot INFO read pending block 13 in 0.306082 
2024-07-19 16:57:23,837 superfastpath.py [line:284] one_slot INFO 3pending block 13 in 0.306297 
2024-07-19 16:57:23,837 superfastpath.py [line:288] one_slot INFO delay block 12 in 0.507610 
2024-07-19 16:57:23,857 superfastpath.py [line:295] one_slot INFO Fast block at Node 2 for Epoch sidAFAST0 and Slot 12 has delay, TPS and TXs: 0.5076098442077637, 50000 
2024-07-19 16:57:23,857 superfastpath.py [line:297] one_slot INFO AVG TPS: 31636, running time 1.580472, weighted delay: 0.491706 
2024-07-19 16:57:23,857 superfastpath.py [line:302] one_slot INFO output block for slot 12 taking 0.527765 sec 
2024-07-19 16:57:23,857 superfastpath.py [line:306] one_slot INFO Leaving slot 13 
2024-07-19 16:57:23,857 superfastpath.py [line:223] one_slot INFO Entering slot 14 
2024-07-19 16:57:24,138 superfastpath.py [line:248] one_slot INFO pending block 14 in 0.280639 
2024-07-19 16:57:24,139 superfastpath.py [line:257] one_slot INFO 2pending block 14 in 0.281928 
2024-07-19 16:57:24,225 superfastpath.py [line:275] one_slot INFO read pending block 14 in 0.368167 
2024-07-19 16:57:24,226 superfastpath.py [line:284] one_slot INFO 3pending block 14 in 0.368345 
2024-07-19 16:57:24,226 superfastpath.py [line:288] one_slot INFO delay block 13 in 0.695254 
2024-07-19 16:57:24,269 superfastpath.py [line:295] one_slot INFO Fast block at Node 2 for Epoch sidAFAST0 and Slot 13 has delay, TPS and TXs: 0.695253849029541, 60000 
2024-07-19 16:57:24,269 superfastpath.py [line:297] one_slot INFO AVG TPS: 30110, running time 1.992644, weighted delay: 0.525631 
2024-07-19 16:57:24,269 superfastpath.py [line:302] one_slot INFO output block for slot 13 taking 0.738688 sec 
2024-07-19 16:57:24,269 superfastpath.py [line:306] one_slot INFO Leaving slot 14 
2024-07-19 16:57:24,269 superfastpath.py [line:223] one_slot INFO Entering slot 15 
2024-07-19 16:57:24,447 superfastpath.py [line:248] one_slot INFO pending block 15 in 0.177457 
2024-07-19 16:57:24,449 superfastpath.py [line:257] one_slot INFO 2pending block 15 in 0.179445 
2024-07-19 16:57:24,475 superfastpath.py [line:275] one_slot INFO read pending block 15 in 0.205654 
2024-07-19 16:57:24,475 superfastpath.py [line:284] one_slot INFO 3pending block 15 in 0.205817 
2024-07-19 16:57:24,475 superfastpath.py [line:288] one_slot INFO delay block 14 in 0.617959 
2024-07-19 16:57:24,515 superfastpath.py [line:295] one_slot INFO Fast block at Node 2 for Epoch sidAFAST0 and Slot 14 has delay, TPS and TXs: 0.6179594993591309, 70000 
2024-07-19 16:57:24,515 superfastpath.py [line:297] one_slot INFO AVG TPS: 31272, running time 2.238413, weighted delay: 0.538821 
2024-07-19 16:57:24,515 superfastpath.py [line:302] one_slot INFO output block for slot 14 taking 0.657964 sec 
2024-07-19 16:57:24,515 superfastpath.py [line:306] one_slot INFO Leaving slot 15 
2024-07-19 16:57:24,515 superfastpath.py [line:223] one_slot INFO Entering slot 16 
2024-07-19 16:57:24,560 superfastpath.py [line:248] one_slot INFO pending block 16 in 0.044128 
2024-07-19 16:57:24,560 superfastpath.py [line:257] one_slot INFO 2pending block 16 in 0.044341 
2024-07-19 16:57:24,560 superfastpath.py [line:275] one_slot INFO read pending block 16 in 0.044446 
2024-07-19 16:57:24,560 superfastpath.py [line:284] one_slot INFO 3pending block 16 in 0.044764 
2024-07-19 16:57:24,560 superfastpath.py [line:288] one_slot INFO delay block 15 in 0.290950 
2024-07-19 16:57:24,606 superfastpath.py [line:295] one_slot INFO Fast block at Node 2 for Epoch sidAFAST0 and Slot 15 has delay, TPS and TXs: 0.29095005989074707, 80000 
2024-07-19 16:57:24,607 superfastpath.py [line:297] one_slot INFO AVG TPS: 34331, running time 2.330202, weighted delay: 0.507837 
2024-07-19 16:57:24,607 superfastpath.py [line:302] one_slot INFO output block for slot 15 taking 0.337366 sec 
2024-07-19 16:57:24,607 superfastpath.py [line:306] one_slot INFO Leaving slot 16 
2024-07-19 16:57:24,607 superfastpath.py [line:371] sufastpath INFO Leaves fastpath at 17 slot 
2024-07-19 16:57:24,607 Superfast.py [line:308] wait_for_fastpath INFO Fastpath of epoch 0 completed 
2024-07-19 16:57:24,607 Superfast.py [line:337] _run_epoch INFO Fastpath tps: 34329 
2024-07-19 17:14:39,057 sufp_node.py [line:79] run INFO node 2's starts to run consensus on process id 9587 
2024-07-19 17:14:39,058 sufp_node.py [line:80] run INFO parameters: N=16, f=5, S=15, T=5, fast-batch=10000, acs-batch=62, K=1, O=0 
2024-07-19 17:14:39,058 sufp_node.py [line:62] prepare_bootstrap INFO node id 2 is inserting dummy payload TXs 
2024-07-19 17:14:39,059 sufp_node.py [line:70] prepare_bootstrap INFO node id 2 just inserts 50000 TXs 
2024-07-19 17:14:39,059 sufp_node.py [line:70] prepare_bootstrap INFO node id 2 just inserts 50000 TXs 
2024-07-19 17:14:39,059 sufp_node.py [line:74] prepare_bootstrap INFO node id 2 completed the loading of dummy TXs 
2024-07-19 17:14:39,059 Superfast.py [line:178] run_bft INFO Node 2 starts to run at time:1721380479.059538 
2024-07-19 17:14:39,059 Superfast.py [line:231] _run_epoch INFO Node enters epoch 0 
2024-07-19 17:14:39,060 superfastpath.py [line:43] sufastpath INFO Entering fast path 
2024-07-19 17:14:39,061 superfastpath.py [line:223] one_slot INFO Entering slot 1 
2024-07-19 17:14:44,062 superfastpath.py [line:355] sufastpath INFO Fastpath Timeout! 
2024-07-19 17:14:44,062 superfastpath.py [line:362] sufastpath INFO Leaves fastpath at 1 slot 
2024-07-19 17:14:44,062 Superfast.py [line:308] wait_for_fastpath INFO Fastpath of epoch 0 completed 
2024-07-19 17:16:54,231 sufp_node.py [line:79] run INFO node 2's starts to run consensus on process id 9841 
2024-07-19 17:16:54,231 sufp_node.py [line:80] run INFO parameters: N=16, f=5, S=15, T=5, fast-batch=10000, acs-batch=62, K=1, O=0 
2024-07-19 17:16:54,232 sufp_node.py [line:62] prepare_bootstrap INFO node id 2 is inserting dummy payload TXs 
2024-07-19 17:16:54,232 sufp_node.py [line:70] prepare_bootstrap INFO node id 2 just inserts 50000 TXs 
2024-07-19 17:16:54,232 sufp_node.py [line:70] prepare_bootstrap INFO node id 2 just inserts 50000 TXs 
2024-07-19 17:16:54,232 sufp_node.py [line:74] prepare_bootstrap INFO node id 2 completed the loading of dummy TXs 
2024-07-19 17:16:54,233 Superfast.py [line:178] run_bft INFO Node 2 starts to run at time:1721380614.2330322 
2024-07-19 17:16:54,233 Superfast.py [line:231] _run_epoch INFO Node enters epoch 0 
2024-07-19 17:16:54,234 superfastpath.py [line:43] sufastpath INFO Entering fast path 
2024-07-19 17:16:54,234 superfastpath.py [line:223] one_slot INFO Entering slot 1 
2024-07-19 17:16:59,235 superfastpath.py [line:355] sufastpath INFO Fastpath Timeout! 
2024-07-19 17:16:59,236 superfastpath.py [line:362] sufastpath INFO Leaves fastpath at 1 slot 
2024-07-19 17:16:59,236 Superfast.py [line:308] wait_for_fastpath INFO Fastpath of epoch 0 completed 
2024-07-19 17:18:39,639 sufp_node.py [line:79] run INFO node 2's starts to run consensus on process id 10106 
2024-07-19 17:18:39,639 sufp_node.py [line:80] run INFO parameters: N=16, f=5, S=15, T=5, fast-batch=10000, acs-batch=62, K=1, O=0 
2024-07-19 17:18:39,640 sufp_node.py [line:62] prepare_bootstrap INFO node id 2 is inserting dummy payload TXs 
2024-07-19 17:18:39,640 sufp_node.py [line:70] prepare_bootstrap INFO node id 2 just inserts 50000 TXs 
2024-07-19 17:18:39,640 sufp_node.py [line:70] prepare_bootstrap INFO node id 2 just inserts 50000 TXs 
2024-07-19 17:18:39,640 sufp_node.py [line:74] prepare_bootstrap INFO node id 2 completed the loading of dummy TXs 
2024-07-19 17:18:39,640 Superfast.py [line:178] run_bft INFO Node 2 starts to run at time:1721380719.6408699 
2024-07-19 17:18:39,641 Superfast.py [line:231] _run_epoch INFO Node enters epoch 0 
2024-07-19 17:18:39,641 superfastpath.py [line:43] sufastpath INFO Entering fast path 
2024-07-19 17:18:39,642 superfastpath.py [line:223] one_slot INFO Entering slot 1 
2024-07-19 17:18:39,970 superfastpath.py [line:239] one_slot INFO pending block 1 in 0.328637 
2024-07-19 17:18:39,971 superfastpath.py [line:248] one_slot INFO 2pending block 1 in 0.329530 
2024-07-19 17:18:40,010 superfastpath.py [line:266] one_slot INFO read pending block 1 in 0.368749 
2024-07-19 17:18:40,011 superfastpath.py [line:297] one_slot INFO Leaving slot 1 
2024-07-19 17:18:40,011 superfastpath.py [line:223] one_slot INFO Entering slot 2 
2024-07-19 17:18:40,267 superfastpath.py [line:239] one_slot INFO pending block 2 in 0.256332 
2024-07-19 17:18:40,317 superfastpath.py [line:248] one_slot INFO 2pending block 2 in 0.305472 
2024-07-19 17:18:40,382 superfastpath.py [line:266] one_slot INFO read pending block 2 in 0.371190 
2024-07-19 17:18:40,382 superfastpath.py [line:297] one_slot INFO Leaving slot 2 
2024-07-19 17:18:40,382 superfastpath.py [line:223] one_slot INFO Entering slot 3 
2024-07-19 17:18:40,597 superfastpath.py [line:239] one_slot INFO pending block 3 in 0.214589 
2024-07-19 17:18:40,597 superfastpath.py [line:248] one_slot INFO 2pending block 3 in 0.214916 
2024-07-19 17:18:40,612 superfastpath.py [line:266] one_slot INFO read pending block 3 in 0.229481 
2024-07-19 17:18:40,612 superfastpath.py [line:297] one_slot INFO Leaving slot 3 
2024-07-19 17:18:40,613 superfastpath.py [line:223] one_slot INFO Entering slot 4 
2024-07-19 17:18:40,905 superfastpath.py [line:239] one_slot INFO pending block 4 in 0.292030 
2024-07-19 17:18:40,905 superfastpath.py [line:248] one_slot INFO 2pending block 4 in 0.292290 
2024-07-19 17:18:40,963 superfastpath.py [line:266] one_slot INFO read pending block 4 in 0.350584 
2024-07-19 17:18:40,963 superfastpath.py [line:297] one_slot INFO Leaving slot 4 
2024-07-19 17:18:40,964 superfastpath.py [line:223] one_slot INFO Entering slot 5 
2024-07-19 17:18:41,212 superfastpath.py [line:239] one_slot INFO pending block 5 in 0.247523 
2024-07-19 17:18:41,212 superfastpath.py [line:248] one_slot INFO 2pending block 5 in 0.247793 
2024-07-19 17:18:41,257 superfastpath.py [line:266] one_slot INFO read pending block 5 in 0.292571 
2024-07-19 17:18:41,257 superfastpath.py [line:297] one_slot INFO Leaving slot 5 
2024-07-19 17:18:41,257 superfastpath.py [line:223] one_slot INFO Entering slot 6 
2024-07-19 17:18:41,552 superfastpath.py [line:239] one_slot INFO pending block 6 in 0.294314 
2024-07-19 17:18:41,554 superfastpath.py [line:248] one_slot INFO 2pending block 6 in 0.296319 
2024-07-19 17:18:41,575 superfastpath.py [line:266] one_slot INFO read pending block 6 in 0.317933 
2024-07-19 17:18:41,575 superfastpath.py [line:297] one_slot INFO Leaving slot 6 
2024-07-19 17:18:41,575 superfastpath.py [line:223] one_slot INFO Entering slot 7 
2024-07-19 17:18:41,782 superfastpath.py [line:239] one_slot INFO pending block 7 in 0.206435 
2024-07-19 17:18:41,782 superfastpath.py [line:248] one_slot INFO 2pending block 7 in 0.206822 
2024-07-19 17:18:41,850 superfastpath.py [line:266] one_slot INFO read pending block 7 in 0.274115 
2024-07-19 17:18:41,850 superfastpath.py [line:297] one_slot INFO Leaving slot 7 
2024-07-19 17:18:41,850 superfastpath.py [line:223] one_slot INFO Entering slot 8 
2024-07-19 17:18:42,057 superfastpath.py [line:239] one_slot INFO pending block 8 in 0.207416 
2024-07-19 17:18:42,059 superfastpath.py [line:248] one_slot INFO 2pending block 8 in 0.208674 
2024-07-19 17:18:42,096 superfastpath.py [line:266] one_slot INFO read pending block 8 in 0.245692 
2024-07-19 17:18:42,096 superfastpath.py [line:297] one_slot INFO Leaving slot 8 
2024-07-19 17:18:42,097 superfastpath.py [line:223] one_slot INFO Entering slot 9 
2024-07-19 17:18:42,450 superfastpath.py [line:239] one_slot INFO pending block 9 in 0.353519 
2024-07-19 17:18:42,451 superfastpath.py [line:248] one_slot INFO 2pending block 9 in 0.354140 
2024-07-19 17:18:42,478 superfastpath.py [line:266] one_slot INFO read pending block 9 in 0.381766 
2024-07-19 17:18:42,479 superfastpath.py [line:275] one_slot INFO 3pending block 9 in 0.381902 
2024-07-19 17:18:42,479 superfastpath.py [line:279] one_slot INFO delay block 8 in 0.628619 
2024-07-19 17:18:42,498 superfastpath.py [line:286] one_slot INFO Fast block at Node 2 for Epoch sidAFAST0 and Slot 8 has delay, TPS and TXs: 0.6286187171936035, 10000 
2024-07-19 17:18:42,498 superfastpath.py [line:288] one_slot INFO AVG TPS: 15427, running time 0.648175, weighted delay: 0.628619 
2024-07-19 17:18:42,498 superfastpath.py [line:293] one_slot INFO output block for slot 8 taking 0.648133 sec 
2024-07-19 17:18:42,498 superfastpath.py [line:297] one_slot INFO Leaving slot 9 
2024-07-19 17:18:42,498 superfastpath.py [line:223] one_slot INFO Entering slot 10 
2024-07-19 17:18:42,812 superfastpath.py [line:239] one_slot INFO pending block 10 in 0.313276 
2024-07-19 17:18:42,812 superfastpath.py [line:248] one_slot INFO 2pending block 10 in 0.313441 
2024-07-19 17:18:42,838 superfastpath.py [line:266] one_slot INFO read pending block 10 in 0.339388 
2024-07-19 17:18:42,838 superfastpath.py [line:275] one_slot INFO 3pending block 10 in 0.339890 
2024-07-19 17:18:42,839 superfastpath.py [line:279] one_slot INFO delay block 9 in 0.741930 
2024-07-19 17:18:42,851 superfastpath.py [line:286] one_slot INFO Fast block at Node 2 for Epoch sidAFAST0 and Slot 9 has delay, TPS and TXs: 0.7419300079345703, 20000 
2024-07-19 17:18:42,851 superfastpath.py [line:288] one_slot INFO AVG TPS: 19975, running time 1.001218, weighted delay: 0.685274 
2024-07-19 17:18:42,851 superfastpath.py [line:293] one_slot INFO output block for slot 9 taking 0.754507 sec 
2024-07-19 17:18:42,851 superfastpath.py [line:297] one_slot INFO Leaving slot 10 
2024-07-19 17:18:42,851 superfastpath.py [line:223] one_slot INFO Entering slot 11 
2024-07-19 17:18:43,101 superfastpath.py [line:239] one_slot INFO pending block 11 in 0.249264 
2024-07-19 17:18:43,101 superfastpath.py [line:248] one_slot INFO 2pending block 11 in 0.249721 
2024-07-19 17:18:43,135 superfastpath.py [line:266] one_slot INFO read pending block 11 in 0.283460 
2024-07-19 17:18:43,135 superfastpath.py [line:275] one_slot INFO 3pending block 11 in 0.283662 
2024-07-19 17:18:43,135 superfastpath.py [line:279] one_slot INFO delay block 10 in 0.636689 
2024-07-19 17:18:43,165 superfastpath.py [line:286] one_slot INFO Fast block at Node 2 for Epoch sidAFAST0 and Slot 10 has delay, TPS and TXs: 0.6366894245147705, 30000 
2024-07-19 17:18:43,165 superfastpath.py [line:288] one_slot INFO AVG TPS: 22814, running time 1.314961, weighted delay: 0.669079 
2024-07-19 17:18:43,165 superfastpath.py [line:293] one_slot INFO output block for slot 10 taking 0.666523 sec 
2024-07-19 17:18:43,165 superfastpath.py [line:297] one_slot INFO Leaving slot 11 
2024-07-19 17:18:43,165 superfastpath.py [line:223] one_slot INFO Entering slot 12 
2024-07-19 17:18:43,403 superfastpath.py [line:239] one_slot INFO pending block 12 in 0.238334 
2024-07-19 17:18:43,405 superfastpath.py [line:248] one_slot INFO 2pending block 12 in 0.240021 
2024-07-19 17:18:43,459 superfastpath.py [line:266] one_slot INFO read pending block 12 in 0.294066 
2024-07-19 17:18:43,459 superfastpath.py [line:275] one_slot INFO 3pending block 12 in 0.294200 
2024-07-19 17:18:43,459 superfastpath.py [line:279] one_slot INFO delay block 11 in 0.607986 
2024-07-19 17:18:43,493 superfastpath.py [line:286] one_slot INFO Fast block at Node 2 for Epoch sidAFAST0 and Slot 11 has delay, TPS and TXs: 0.6079859733581543, 40000 
2024-07-19 17:18:43,493 superfastpath.py [line:288] one_slot INFO AVG TPS: 24344, running time 1.643059, weighted delay: 0.653806 
2024-07-19 17:18:43,493 superfastpath.py [line:293] one_slot INFO output block for slot 11 taking 0.642078 sec 
2024-07-19 17:18:43,493 superfastpath.py [line:297] one_slot INFO Leaving slot 12 
2024-07-19 17:18:43,494 superfastpath.py [line:223] one_slot INFO Entering slot 13 
2024-07-19 17:18:43,687 superfastpath.py [line:239] one_slot INFO pending block 13 in 0.192790 
2024-07-19 17:18:43,687 superfastpath.py [line:248] one_slot INFO 2pending block 13 in 0.193407 
2024-07-19 17:18:43,739 superfastpath.py [line:266] one_slot INFO read pending block 13 in 0.245334 
2024-07-19 17:18:43,739 superfastpath.py [line:275] one_slot INFO 3pending block 13 in 0.245469 
2024-07-19 17:18:43,739 superfastpath.py [line:279] one_slot INFO delay block 12 in 0.574240 
2024-07-19 17:18:43,776 superfastpath.py [line:286] one_slot INFO Fast block at Node 2 for Epoch sidAFAST0 and Slot 12 has delay, TPS and TXs: 0.5742404460906982, 50000 
2024-07-19 17:18:43,776 superfastpath.py [line:288] one_slot INFO AVG TPS: 25961, running time 1.925929, weighted delay: 0.637893 
2024-07-19 17:18:43,776 superfastpath.py [line:293] one_slot INFO output block for slot 12 taking 0.610804 sec 
2024-07-19 17:18:43,776 superfastpath.py [line:297] one_slot INFO Leaving slot 13 
2024-07-19 17:18:43,776 superfastpath.py [line:223] one_slot INFO Entering slot 14 
2024-07-19 17:18:43,967 superfastpath.py [line:239] one_slot INFO pending block 14 in 0.190939 
2024-07-19 17:18:43,967 superfastpath.py [line:248] one_slot INFO 2pending block 14 in 0.191341 
2024-07-19 17:18:44,058 superfastpath.py [line:266] one_slot INFO read pending block 14 in 0.282310 
2024-07-19 17:18:44,058 superfastpath.py [line:275] one_slot INFO 3pending block 14 in 0.282457 
2024-07-19 17:18:44,059 superfastpath.py [line:279] one_slot INFO delay block 13 in 0.564780 
2024-07-19 17:18:44,101 superfastpath.py [line:286] one_slot INFO Fast block at Node 2 for Epoch sidAFAST0 and Slot 13 has delay, TPS and TXs: 0.5647804737091064, 60000 
2024-07-19 17:18:44,101 superfastpath.py [line:288] one_slot INFO AVG TPS: 26647, running time 2.251606, weighted delay: 0.625708 
2024-07-19 17:18:44,102 superfastpath.py [line:293] one_slot INFO output block for slot 13 taking 0.607796 sec 
2024-07-19 17:18:44,102 superfastpath.py [line:297] one_slot INFO Leaving slot 14 
2024-07-19 17:18:44,102 superfastpath.py [line:223] one_slot INFO Entering slot 15 
2024-07-19 17:18:44,328 superfastpath.py [line:239] one_slot INFO pending block 15 in 0.226725 
2024-07-19 17:18:44,329 superfastpath.py [line:248] one_slot INFO 2pending block 15 in 0.227672 
2024-07-19 17:18:44,383 superfastpath.py [line:266] one_slot INFO read pending block 15 in 0.281603 
2024-07-19 17:18:44,384 superfastpath.py [line:275] one_slot INFO 3pending block 15 in 0.281772 
2024-07-19 17:18:44,384 superfastpath.py [line:279] one_slot INFO delay block 14 in 0.607609 
2024-07-19 17:18:44,423 superfastpath.py [line:286] one_slot INFO Fast block at Node 2 for Epoch sidAFAST0 and Slot 14 has delay, TPS and TXs: 0.6076090335845947, 70000 
2024-07-19 17:18:44,423 superfastpath.py [line:288] one_slot INFO AVG TPS: 27202, running time 2.573325, weighted delay: 0.623122 
2024-07-19 17:18:44,424 superfastpath.py [line:293] one_slot INFO output block for slot 14 taking 0.647673 sec 
2024-07-19 17:18:44,424 superfastpath.py [line:297] one_slot INFO Leaving slot 15 
2024-07-19 17:18:44,424 superfastpath.py [line:223] one_slot INFO Entering slot 16 
2024-07-19 17:18:44,491 superfastpath.py [line:239] one_slot INFO pending block 16 in 0.066093 
2024-07-19 17:18:44,491 superfastpath.py [line:248] one_slot INFO 2pending block 16 in 0.066365 
2024-07-19 17:18:44,491 superfastpath.py [line:266] one_slot INFO read pending block 16 in 0.066510 
2024-07-19 17:18:44,491 superfastpath.py [line:275] one_slot INFO 3pending block 16 in 0.066796 
2024-07-19 17:18:44,491 superfastpath.py [line:279] one_slot INFO delay block 15 in 0.389617 
2024-07-19 17:18:44,514 superfastpath.py [line:286] one_slot INFO Fast block at Node 2 for Epoch sidAFAST0 and Slot 15 has delay, TPS and TXs: 0.3896169662475586, 80000 
2024-07-19 17:18:44,514 superfastpath.py [line:288] one_slot INFO AVG TPS: 30023, running time 2.664562, weighted delay: 0.593934 
2024-07-19 17:18:44,514 superfastpath.py [line:293] one_slot INFO output block for slot 15 taking 0.412732 sec 
2024-07-19 17:18:44,515 superfastpath.py [line:297] one_slot INFO Leaving slot 16 
2024-07-19 17:18:44,515 superfastpath.py [line:362] sufastpath INFO Leaves fastpath at 17 slot 
2024-07-19 17:18:44,515 Superfast.py [line:308] wait_for_fastpath INFO Fastpath of epoch 0 completed 
2024-07-19 17:18:44,515 Superfast.py [line:337] _run_epoch INFO Fastpath tps: 30022 
2024-07-21 16:27:56,237 sufp_node.py [line:79] run INFO node 2's starts to run consensus on process id 25914 
2024-07-21 16:27:56,238 sufp_node.py [line:80] run INFO parameters: N=16, f=5, S=15, T=5, fast-batch=10000, acs-batch=62, K=1, O=0 
2024-07-21 16:27:56,238 sufp_node.py [line:62] prepare_bootstrap INFO node id 2 is inserting dummy payload TXs 
2024-07-21 16:27:56,239 sufp_node.py [line:70] prepare_bootstrap INFO node id 2 just inserts 50000 TXs 
2024-07-21 16:27:56,239 sufp_node.py [line:70] prepare_bootstrap INFO node id 2 just inserts 50000 TXs 
2024-07-21 16:27:56,239 sufp_node.py [line:74] prepare_bootstrap INFO node id 2 completed the loading of dummy TXs 
2024-07-21 16:27:56,240 Superfast.py [line:178] run_bft INFO Node 2 starts to run at time:1721550476.240181 
2024-07-21 16:27:56,240 Superfast.py [line:231] _run_epoch INFO Node enters epoch 0 
2024-07-21 16:27:56,241 superfastpath.py [line:43] sufastpath INFO Entering fast path 
2024-07-21 16:27:56,242 superfastpath.py [line:230] one_slot INFO Entering slot 1 
2024-07-21 16:27:56,832 superfastpath.py [line:246] one_slot INFO pending block 1 in 0.589797 
2024-07-21 16:27:56,832 superfastpath.py [line:255] one_slot INFO 2pending block 1 in 0.590128 
2024-07-21 16:27:56,848 superfastpath.py [line:273] one_slot INFO read pending block 1 in 0.606027 
2024-07-21 16:27:56,848 superfastpath.py [line:304] one_slot INFO Leaving slot 1 
2024-07-21 16:27:56,852 superfastpath.py [line:230] one_slot INFO Entering slot 2 
2024-07-21 16:27:57,172 superfastpath.py [line:246] one_slot INFO pending block 2 in 0.320309 
2024-07-21 16:27:57,173 superfastpath.py [line:255] one_slot INFO 2pending block 2 in 0.320598 
2024-07-21 16:27:57,194 superfastpath.py [line:273] one_slot INFO read pending block 2 in 0.342137 
2024-07-21 16:27:57,194 superfastpath.py [line:304] one_slot INFO Leaving slot 2 
2024-07-21 16:27:57,195 superfastpath.py [line:230] one_slot INFO Entering slot 3 
2024-07-21 16:27:58,083 superfastpath.py [line:246] one_slot INFO pending block 3 in 0.887965 
2024-07-21 16:27:58,083 superfastpath.py [line:255] one_slot INFO 2pending block 3 in 0.888233 
2024-07-21 16:27:58,097 superfastpath.py [line:273] one_slot INFO read pending block 3 in 0.902042 
2024-07-21 16:27:58,097 superfastpath.py [line:304] one_slot INFO Leaving slot 3 
2024-07-21 16:27:58,097 superfastpath.py [line:230] one_slot INFO Entering slot 4 
2024-07-21 16:27:58,782 superfastpath.py [line:246] one_slot INFO pending block 4 in 0.684465 
2024-07-21 16:27:58,782 superfastpath.py [line:255] one_slot INFO 2pending block 4 in 0.684816 
2024-07-21 16:27:58,801 superfastpath.py [line:273] one_slot INFO read pending block 4 in 0.704161 
2024-07-21 16:27:58,802 superfastpath.py [line:304] one_slot INFO Leaving slot 4 
2024-07-21 16:27:58,802 superfastpath.py [line:230] one_slot INFO Entering slot 5 
2024-07-21 16:27:59,471 superfastpath.py [line:246] one_slot INFO pending block 5 in 0.668413 
2024-07-21 16:27:59,471 superfastpath.py [line:255] one_slot INFO 2pending block 5 in 0.669006 
2024-07-21 16:27:59,488 superfastpath.py [line:273] one_slot INFO read pending block 5 in 0.685451 
2024-07-21 16:27:59,488 superfastpath.py [line:304] one_slot INFO Leaving slot 5 
2024-07-21 16:27:59,488 superfastpath.py [line:230] one_slot INFO Entering slot 6 
2024-07-21 16:28:00,146 superfastpath.py [line:246] one_slot INFO pending block 6 in 0.657990 
2024-07-21 16:28:00,147 superfastpath.py [line:255] one_slot INFO 2pending block 6 in 0.658535 
2024-07-21 16:28:00,164 superfastpath.py [line:273] one_slot INFO read pending block 6 in 0.675824 
2024-07-21 16:28:00,164 superfastpath.py [line:304] one_slot INFO Leaving slot 6 
2024-07-21 16:28:00,164 superfastpath.py [line:230] one_slot INFO Entering slot 7 
2024-07-21 16:28:00,841 superfastpath.py [line:246] one_slot INFO pending block 7 in 0.677044 
2024-07-21 16:28:00,842 superfastpath.py [line:255] one_slot INFO 2pending block 7 in 0.677331 
2024-07-21 16:28:00,862 superfastpath.py [line:273] one_slot INFO read pending block 7 in 0.697790 
2024-07-21 16:28:00,862 superfastpath.py [line:304] one_slot INFO Leaving slot 7 
2024-07-21 16:28:00,863 superfastpath.py [line:230] one_slot INFO Entering slot 8 
2024-07-21 16:28:01,474 superfastpath.py [line:246] one_slot INFO pending block 8 in 0.611071 
2024-07-21 16:28:01,474 superfastpath.py [line:255] one_slot INFO 2pending block 8 in 0.611368 
2024-07-21 16:28:01,489 superfastpath.py [line:273] one_slot INFO read pending block 8 in 0.625915 
2024-07-21 16:28:01,489 superfastpath.py [line:304] one_slot INFO Leaving slot 8 
2024-07-21 16:28:01,489 superfastpath.py [line:230] one_slot INFO Entering slot 9 
2024-07-21 16:28:02,181 superfastpath.py [line:246] one_slot INFO pending block 9 in 0.691705 
2024-07-21 16:28:02,181 superfastpath.py [line:255] one_slot INFO 2pending block 9 in 0.691999 
2024-07-21 16:28:02,200 superfastpath.py [line:273] one_slot INFO read pending block 9 in 0.711144 
2024-07-21 16:28:02,201 superfastpath.py [line:282] one_slot INFO 3pending block 9 in 0.711430 
2024-07-21 16:28:02,201 superfastpath.py [line:286] one_slot INFO delay block 8 in 1.338306 
2024-07-21 16:28:02,217 superfastpath.py [line:293] one_slot INFO Fast block at Node 2 for Epoch sidAFAST0 and Slot 8 has delay, TPS and TXs: 1.3383057117462158, 10000 
2024-07-21 16:28:02,217 superfastpath.py [line:295] one_slot INFO AVG TPS: 7382, running time 1.354466, weighted delay: 1.338306 
2024-07-21 16:28:02,217 superfastpath.py [line:300] one_slot INFO output block for slot 8 taking 1.354249 sec 
2024-07-21 16:28:02,217 superfastpath.py [line:304] one_slot INFO Leaving slot 9 
2024-07-21 16:28:02,217 superfastpath.py [line:230] one_slot INFO Entering slot 10 
2024-07-21 16:28:02,872 superfastpath.py [line:246] one_slot INFO pending block 10 in 0.654569 
2024-07-21 16:28:02,872 superfastpath.py [line:255] one_slot INFO 2pending block 10 in 0.654866 
2024-07-21 16:28:02,894 superfastpath.py [line:273] one_slot INFO read pending block 10 in 0.677037 
2024-07-21 16:28:02,895 superfastpath.py [line:282] one_slot INFO 3pending block 10 in 0.677290 
2024-07-21 16:28:02,895 superfastpath.py [line:286] one_slot INFO delay block 9 in 1.405767 
2024-07-21 16:28:02,921 superfastpath.py [line:293] one_slot INFO Fast block at Node 2 for Epoch sidAFAST0 and Slot 9 has delay, TPS and TXs: 1.4057667255401611, 20000 
2024-07-21 16:28:02,921 superfastpath.py [line:295] one_slot INFO AVG TPS: 9716, running time 2.058274, weighted delay: 1.372036 
2024-07-21 16:28:02,921 superfastpath.py [line:300] one_slot INFO output block for slot 9 taking 1.431559 sec 
2024-07-21 16:28:02,921 superfastpath.py [line:304] one_slot INFO Leaving slot 10 
2024-07-21 16:28:02,921 superfastpath.py [line:230] one_slot INFO Entering slot 11 
2024-07-21 16:28:03,586 superfastpath.py [line:246] one_slot INFO pending block 11 in 0.664961 
2024-07-21 16:28:03,587 superfastpath.py [line:255] one_slot INFO 2pending block 11 in 0.665316 
2024-07-21 16:28:03,621 superfastpath.py [line:273] one_slot INFO read pending block 11 in 0.699518 
2024-07-21 16:28:03,621 superfastpath.py [line:282] one_slot INFO 3pending block 11 in 0.699932 
2024-07-21 16:28:03,621 superfastpath.py [line:286] one_slot INFO delay block 10 in 1.403926 
2024-07-21 16:28:03,638 superfastpath.py [line:293] one_slot INFO Fast block at Node 2 for Epoch sidAFAST0 and Slot 10 has delay, TPS and TXs: 1.403926134109497, 30000 
2024-07-21 16:28:03,638 superfastpath.py [line:295] one_slot INFO AVG TPS: 10807, running time 2.775852, weighted delay: 1.382666 
2024-07-21 16:28:03,638 superfastpath.py [line:300] one_slot INFO output block for slot 10 taking 1.421005 sec 
2024-07-21 16:28:03,638 superfastpath.py [line:304] one_slot INFO Leaving slot 11 
2024-07-21 16:28:03,639 superfastpath.py [line:230] one_slot INFO Entering slot 12 
2024-07-21 16:28:04,293 superfastpath.py [line:246] one_slot INFO pending block 12 in 0.653786 
2024-07-21 16:28:04,352 superfastpath.py [line:255] one_slot INFO 2pending block 12 in 0.713323 
2024-07-21 16:28:04,367 superfastpath.py [line:273] one_slot INFO read pending block 12 in 0.727764 
2024-07-21 16:28:04,367 superfastpath.py [line:282] one_slot INFO 3pending block 12 in 0.727982 
2024-07-21 16:28:04,367 superfastpath.py [line:286] one_slot INFO delay block 11 in 1.445584 
2024-07-21 16:28:04,380 superfastpath.py [line:293] one_slot INFO Fast block at Node 2 for Epoch sidAFAST0 and Slot 11 has delay, TPS and TXs: 1.4455838203430176, 40000 
2024-07-21 16:28:04,380 superfastpath.py [line:295] one_slot INFO AVG TPS: 11371, running time 3.517593, weighted delay: 1.398396 
2024-07-21 16:28:04,380 superfastpath.py [line:300] one_slot INFO output block for slot 11 taking 1.458951 sec 
2024-07-21 16:28:04,380 superfastpath.py [line:304] one_slot INFO Leaving slot 12 
2024-07-21 16:28:04,380 superfastpath.py [line:230] one_slot INFO Entering slot 13 
2024-07-21 16:28:05,056 superfastpath.py [line:246] one_slot INFO pending block 13 in 0.675446 
2024-07-21 16:28:05,056 superfastpath.py [line:255] one_slot INFO 2pending block 13 in 0.675966 
2024-07-21 16:28:05,078 superfastpath.py [line:273] one_slot INFO read pending block 13 in 0.697283 
2024-07-21 16:28:05,078 superfastpath.py [line:282] one_slot INFO 3pending block 13 in 0.697500 
2024-07-21 16:28:05,078 superfastpath.py [line:286] one_slot INFO delay block 12 in 1.439310 
2024-07-21 16:28:05,093 superfastpath.py [line:293] one_slot INFO Fast block at Node 2 for Epoch sidAFAST0 and Slot 12 has delay, TPS and TXs: 1.4393095970153809, 50000 
2024-07-21 16:28:05,093 superfastpath.py [line:295] one_slot INFO AVG TPS: 11819, running time 4.230228, weighted delay: 1.406578 
2024-07-21 16:28:05,093 superfastpath.py [line:300] one_slot INFO output block for slot 12 taking 1.454051 sec 
2024-07-21 16:28:05,093 superfastpath.py [line:304] one_slot INFO Leaving slot 13 
2024-07-21 16:28:05,093 superfastpath.py [line:230] one_slot INFO Entering slot 14 
2024-07-21 16:28:05,767 superfastpath.py [line:246] one_slot INFO pending block 14 in 0.674297 
2024-07-21 16:28:05,768 superfastpath.py [line:255] one_slot INFO 2pending block 14 in 0.674776 
2024-07-21 16:28:05,789 superfastpath.py [line:273] one_slot INFO read pending block 14 in 0.696203 
2024-07-21 16:28:05,790 superfastpath.py [line:282] one_slot INFO 3pending block 14 in 0.696457 
2024-07-21 16:28:05,790 superfastpath.py [line:286] one_slot INFO delay block 13 in 1.409228 
2024-07-21 16:28:05,809 superfastpath.py [line:293] one_slot INFO Fast block at Node 2 for Epoch sidAFAST0 and Slot 13 has delay, TPS and TXs: 1.4092283248901367, 60000 
2024-07-21 16:28:05,809 superfastpath.py [line:295] one_slot INFO AVG TPS: 12129, running time 4.946730, weighted delay: 1.407020 
2024-07-21 16:28:05,810 superfastpath.py [line:300] one_slot INFO output block for slot 13 taking 1.429493 sec 
2024-07-21 16:28:05,810 superfastpath.py [line:304] one_slot INFO Leaving slot 14 
2024-07-21 16:28:05,810 superfastpath.py [line:230] one_slot INFO Entering slot 15 
2024-07-21 16:28:06,468 superfastpath.py [line:246] one_slot INFO pending block 15 in 0.658088 
2024-07-21 16:28:06,469 superfastpath.py [line:255] one_slot INFO 2pending block 15 in 0.658635 
2024-07-21 16:28:06,486 superfastpath.py [line:273] one_slot INFO read pending block 15 in 0.675456 
2024-07-21 16:28:06,486 superfastpath.py [line:282] one_slot INFO 3pending block 15 in 0.675747 
2024-07-21 16:28:06,486 superfastpath.py [line:286] one_slot INFO delay block 14 in 1.393083 
2024-07-21 16:28:06,504 superfastpath.py [line:293] one_slot INFO Fast block at Node 2 for Epoch sidAFAST0 and Slot 14 has delay, TPS and TXs: 1.3930833339691162, 70000 
2024-07-21 16:28:06,504 superfastpath.py [line:295] one_slot INFO AVG TPS: 12406, running time 5.641985, weighted delay: 1.405029 
2024-07-21 16:28:06,505 superfastpath.py [line:300] one_slot INFO output block for slot 14 taking 1.411492 sec 
2024-07-21 16:28:06,505 superfastpath.py [line:304] one_slot INFO Leaving slot 15 
2024-07-21 16:28:06,505 superfastpath.py [line:230] one_slot INFO Entering slot 16 
2024-07-21 16:28:06,605 superfastpath.py [line:246] one_slot INFO pending block 16 in 0.099864 
2024-07-21 16:28:06,606 superfastpath.py [line:255] one_slot INFO 2pending block 16 in 0.100863 
2024-07-21 16:28:06,606 superfastpath.py [line:273] one_slot INFO read pending block 16 in 0.101531 
2024-07-21 16:28:06,607 superfastpath.py [line:282] one_slot INFO 3pending block 16 in 0.101652 
2024-07-21 16:28:06,607 superfastpath.py [line:286] one_slot INFO delay block 15 in 0.796365 
2024-07-21 16:28:06,631 superfastpath.py [line:293] one_slot INFO Fast block at Node 2 for Epoch sidAFAST0 and Slot 15 has delay, TPS and TXs: 0.7963647842407227, 80000 
2024-07-21 16:28:06,631 superfastpath.py [line:295] one_slot INFO AVG TPS: 13868, running time 5.768319, weighted delay: 1.328946 
2024-07-21 16:28:06,631 superfastpath.py [line:300] one_slot INFO output block for slot 15 taking 0.820624 sec 
2024-07-21 16:28:06,631 superfastpath.py [line:304] one_slot INFO Leaving slot 16 
2024-07-21 16:28:06,631 superfastpath.py [line:369] sufastpath INFO Leaves fastpath at 17 slot 
2024-07-21 16:28:06,632 Superfast.py [line:308] wait_for_fastpath INFO Fastpath of epoch 0 completed 
2024-07-21 16:28:06,632 Superfast.py [line:337] _run_epoch INFO Fastpath tps: 13868 
2024-07-21 16:28:11,634 Superfast.py [line:208] run_bft INFO node 2 breaks in 15.393955 seconds in epoch 0 with total delivered Txs 0 and average delay 0.000000 
2024-07-21 16:30:06,170 sufp_node.py [line:79] run INFO node 2's starts to run consensus on process id 26242 
2024-07-21 16:30:06,171 sufp_node.py [line:80] run INFO parameters: N=16, f=5, S=15, T=5, fast-batch=10000, acs-batch=62, K=1, O=0 
2024-07-21 16:30:06,171 sufp_node.py [line:62] prepare_bootstrap INFO node id 2 is inserting dummy payload TXs 
2024-07-21 16:30:06,171 sufp_node.py [line:70] prepare_bootstrap INFO node id 2 just inserts 50000 TXs 
2024-07-21 16:30:06,172 sufp_node.py [line:70] prepare_bootstrap INFO node id 2 just inserts 50000 TXs 
2024-07-21 16:30:06,172 sufp_node.py [line:74] prepare_bootstrap INFO node id 2 completed the loading of dummy TXs 
2024-07-21 16:30:06,172 Superfast.py [line:178] run_bft INFO Node 2 starts to run at time:1721550606.1723905 
2024-07-21 16:30:06,172 Superfast.py [line:231] _run_epoch INFO Node enters epoch 0 
2024-07-21 16:30:06,173 superfastpath.py [line:43] sufastpath INFO Entering fast path 
2024-07-21 16:30:06,173 superfastpath.py [line:230] one_slot INFO Entering slot 1 
2024-07-21 16:30:06,672 superfastpath.py [line:246] one_slot INFO pending block 1 in 0.498910 
2024-07-21 16:30:06,673 superfastpath.py [line:255] one_slot INFO 2pending block 1 in 0.499170 
2024-07-21 16:30:06,697 superfastpath.py [line:273] one_slot INFO read pending block 1 in 0.522974 
2024-07-21 16:30:06,698 superfastpath.py [line:304] one_slot INFO Leaving slot 1 
2024-07-21 16:30:06,718 superfastpath.py [line:230] one_slot INFO Entering slot 2 
2024-07-21 16:30:07,009 superfastpath.py [line:246] one_slot INFO pending block 2 in 0.289963 
2024-07-21 16:30:07,010 superfastpath.py [line:255] one_slot INFO 2pending block 2 in 0.290487 
2024-07-21 16:30:07,038 superfastpath.py [line:273] one_slot INFO read pending block 2 in 0.318743 
2024-07-21 16:30:07,038 superfastpath.py [line:304] one_slot INFO Leaving slot 2 
2024-07-21 16:30:07,039 superfastpath.py [line:230] one_slot INFO Entering slot 3 
2024-07-21 16:30:07,600 superfastpath.py [line:246] one_slot INFO pending block 3 in 0.560693 
2024-07-21 16:30:07,600 superfastpath.py [line:255] one_slot INFO 2pending block 3 in 0.560996 
2024-07-21 16:30:07,616 superfastpath.py [line:273] one_slot INFO read pending block 3 in 0.576747 
2024-07-21 16:30:07,616 superfastpath.py [line:304] one_slot INFO Leaving slot 3 
2024-07-21 16:30:07,616 superfastpath.py [line:230] one_slot INFO Entering slot 4 
2024-07-21 16:30:08,325 superfastpath.py [line:246] one_slot INFO pending block 4 in 0.709251 
2024-07-21 16:30:08,326 superfastpath.py [line:255] one_slot INFO 2pending block 4 in 0.709548 
2024-07-21 16:30:08,349 superfastpath.py [line:273] one_slot INFO read pending block 4 in 0.733358 
2024-07-21 16:30:08,350 superfastpath.py [line:304] one_slot INFO Leaving slot 4 
2024-07-21 16:30:08,350 superfastpath.py [line:230] one_slot INFO Entering slot 5 
2024-07-21 16:30:09,026 superfastpath.py [line:246] one_slot INFO pending block 5 in 0.676229 
2024-07-21 16:30:09,026 superfastpath.py [line:255] one_slot INFO 2pending block 5 in 0.676465 
2024-07-21 16:30:09,050 superfastpath.py [line:273] one_slot INFO read pending block 5 in 0.699925 
2024-07-21 16:30:09,050 superfastpath.py [line:304] one_slot INFO Leaving slot 5 
2024-07-21 16:30:09,050 superfastpath.py [line:230] one_slot INFO Entering slot 6 
2024-07-21 16:30:09,745 superfastpath.py [line:246] one_slot INFO pending block 6 in 0.694868 
2024-07-21 16:30:09,746 superfastpath.py [line:255] one_slot INFO 2pending block 6 in 0.695139 
2024-07-21 16:30:09,759 superfastpath.py [line:273] one_slot INFO read pending block 6 in 0.708247 
2024-07-21 16:30:09,759 superfastpath.py [line:304] one_slot INFO Leaving slot 6 
2024-07-21 16:30:09,759 superfastpath.py [line:230] one_slot INFO Entering slot 7 
2024-07-21 16:30:10,431 superfastpath.py [line:246] one_slot INFO pending block 7 in 0.671144 
2024-07-21 16:30:10,431 superfastpath.py [line:255] one_slot INFO 2pending block 7 in 0.671349 
2024-07-21 16:30:10,446 superfastpath.py [line:273] one_slot INFO read pending block 7 in 0.686214 
2024-07-21 16:30:10,446 superfastpath.py [line:304] one_slot INFO Leaving slot 7 
2024-07-21 16:30:10,446 superfastpath.py [line:230] one_slot INFO Entering slot 8 
2024-07-21 16:30:11,161 superfastpath.py [line:246] one_slot INFO pending block 8 in 0.714242 
2024-07-21 16:30:11,162 superfastpath.py [line:255] one_slot INFO 2pending block 8 in 0.715070 
2024-07-21 16:30:11,227 superfastpath.py [line:273] one_slot INFO read pending block 8 in 0.780205 
2024-07-21 16:30:11,227 superfastpath.py [line:304] one_slot INFO Leaving slot 8 
2024-07-21 16:30:11,228 superfastpath.py [line:230] one_slot INFO Entering slot 9 
2024-07-21 16:30:11,886 superfastpath.py [line:246] one_slot INFO pending block 9 in 0.656994 
2024-07-21 16:30:11,886 superfastpath.py [line:255] one_slot INFO 2pending block 9 in 0.657454 
2024-07-21 16:30:11,905 superfastpath.py [line:273] one_slot INFO read pending block 9 in 0.676053 
2024-07-21 16:30:11,905 superfastpath.py [line:282] one_slot INFO 3pending block 9 in 0.676457 
2024-07-21 16:30:11,905 superfastpath.py [line:286] one_slot INFO delay block 8 in 1.458799 
2024-07-21 16:30:11,920 superfastpath.py [line:293] one_slot INFO Fast block at Node 2 for Epoch sidAFAST0 and Slot 8 has delay, TPS and TXs: 1.4587993621826172, 10000 
2024-07-21 16:30:11,921 superfastpath.py [line:295] one_slot INFO AVG TPS: 6782, running time 1.474362, weighted delay: 1.458799 
2024-07-21 16:30:11,921 superfastpath.py [line:300] one_slot INFO output block for slot 8 taking 1.474241 sec 
2024-07-21 16:30:11,921 superfastpath.py [line:304] one_slot INFO Leaving slot 9 
2024-07-21 16:30:11,921 superfastpath.py [line:230] one_slot INFO Entering slot 10 
2024-07-21 16:30:12,613 superfastpath.py [line:246] one_slot INFO pending block 10 in 0.691906 
2024-07-21 16:30:12,613 superfastpath.py [line:255] one_slot INFO 2pending block 10 in 0.692369 
2024-07-21 16:30:12,631 superfastpath.py [line:273] one_slot INFO read pending block 10 in 0.709718 
2024-07-21 16:30:12,631 superfastpath.py [line:282] one_slot INFO 3pending block 10 in 0.710055 
2024-07-21 16:30:12,631 superfastpath.py [line:286] one_slot INFO delay block 9 in 1.402441 
2024-07-21 16:30:12,648 superfastpath.py [line:293] one_slot INFO Fast block at Node 2 for Epoch sidAFAST0 and Slot 9 has delay, TPS and TXs: 1.4024412631988525, 20000 
2024-07-21 16:30:12,648 superfastpath.py [line:295] one_slot INFO AVG TPS: 9081, running time 2.202203, weighted delay: 1.430620 
2024-07-21 16:30:12,649 superfastpath.py [line:300] one_slot INFO output block for slot 9 taking 1.419834 sec 
2024-07-21 16:30:12,649 superfastpath.py [line:304] one_slot INFO Leaving slot 10 
2024-07-21 16:30:12,649 superfastpath.py [line:230] one_slot INFO Entering slot 11 
2024-07-21 16:30:13,368 superfastpath.py [line:246] one_slot INFO pending block 11 in 0.718756 
2024-07-21 16:30:13,368 superfastpath.py [line:255] one_slot INFO 2pending block 11 in 0.719016 
2024-07-21 16:30:13,383 superfastpath.py [line:273] one_slot INFO read pending block 11 in 0.734000 
2024-07-21 16:30:13,383 superfastpath.py [line:282] one_slot INFO 3pending block 11 in 0.734265 
2024-07-21 16:30:13,383 superfastpath.py [line:286] one_slot INFO delay block 10 in 1.462255 
2024-07-21 16:30:13,397 superfastpath.py [line:293] one_slot INFO Fast block at Node 2 for Epoch sidAFAST0 and Slot 10 has delay, TPS and TXs: 1.4622547626495361, 30000 
2024-07-21 16:30:13,397 superfastpath.py [line:295] one_slot INFO AVG TPS: 10166, running time 2.950948, weighted delay: 1.441165 
2024-07-21 16:30:13,397 superfastpath.py [line:300] one_slot INFO output block for slot 10 taking 1.476362 sec 
2024-07-21 16:30:13,397 superfastpath.py [line:304] one_slot INFO Leaving slot 11 
2024-07-21 16:30:13,398 superfastpath.py [line:230] one_slot INFO Entering slot 12 
2024-07-21 16:30:14,138 superfastpath.py [line:246] one_slot INFO pending block 12 in 0.740580 
2024-07-21 16:30:14,139 superfastpath.py [line:255] one_slot INFO 2pending block 12 in 0.740885 
2024-07-21 16:30:14,154 superfastpath.py [line:273] one_slot INFO read pending block 12 in 0.756645 
2024-07-21 16:30:14,155 superfastpath.py [line:282] one_slot INFO 3pending block 12 in 0.757365 
2024-07-21 16:30:14,155 superfastpath.py [line:286] one_slot INFO delay block 11 in 1.506535 
2024-07-21 16:30:14,176 superfastpath.py [line:293] one_slot INFO Fast block at Node 2 for Epoch sidAFAST0 and Slot 11 has delay, TPS and TXs: 1.5065345764160156, 40000 
2024-07-21 16:30:14,177 superfastpath.py [line:295] one_slot INFO AVG TPS: 10722, running time 3.730378, weighted delay: 1.457507 
2024-07-21 16:30:14,177 superfastpath.py [line:300] one_slot INFO output block for slot 11 taking 1.527889 sec 
2024-07-21 16:30:14,177 superfastpath.py [line:304] one_slot INFO Leaving slot 12 
2024-07-21 16:30:14,177 superfastpath.py [line:230] one_slot INFO Entering slot 13 
2024-07-21 16:30:14,856 superfastpath.py [line:246] one_slot INFO pending block 13 in 0.678890 
2024-07-21 16:30:14,857 superfastpath.py [line:255] one_slot INFO 2pending block 13 in 0.679147 
2024-07-21 16:30:14,876 superfastpath.py [line:273] one_slot INFO read pending block 13 in 0.698500 
2024-07-21 16:30:14,876 superfastpath.py [line:282] one_slot INFO 3pending block 13 in 0.698745 
2024-07-21 16:30:14,876 superfastpath.py [line:286] one_slot INFO delay block 12 in 1.478644 
2024-07-21 16:30:14,895 superfastpath.py [line:293] one_slot INFO Fast block at Node 2 for Epoch sidAFAST0 and Slot 12 has delay, TPS and TXs: 1.4786443710327148, 50000 
2024-07-21 16:30:14,895 superfastpath.py [line:295] one_slot INFO AVG TPS: 11239, running time 4.448610, weighted delay: 1.461735 
2024-07-21 16:30:14,895 superfastpath.py [line:300] one_slot INFO output block for slot 12 taking 1.497268 sec 
2024-07-21 16:30:14,895 superfastpath.py [line:304] one_slot INFO Leaving slot 13 
2024-07-21 16:30:14,895 superfastpath.py [line:230] one_slot INFO Entering slot 14 
2024-07-21 16:30:15,620 superfastpath.py [line:246] one_slot INFO pending block 14 in 0.724548 
2024-07-21 16:30:15,620 superfastpath.py [line:255] one_slot INFO 2pending block 14 in 0.725056 
2024-07-21 16:30:15,635 superfastpath.py [line:273] one_slot INFO read pending block 14 in 0.739686 
2024-07-21 16:30:15,635 superfastpath.py [line:282] one_slot INFO 3pending block 14 in 0.740061 
2024-07-21 16:30:15,636 superfastpath.py [line:286] one_slot INFO delay block 13 in 1.458023 
2024-07-21 16:30:15,651 superfastpath.py [line:293] one_slot INFO Fast block at Node 2 for Epoch sidAFAST0 and Slot 13 has delay, TPS and TXs: 1.4580233097076416, 60000 
2024-07-21 16:30:15,651 superfastpath.py [line:295] one_slot INFO AVG TPS: 11528, running time 5.204662, weighted delay: 1.461116 
2024-07-21 16:30:15,651 superfastpath.py [line:300] one_slot INFO output block for slot 13 taking 1.473469 sec 
2024-07-21 16:30:15,651 superfastpath.py [line:304] one_slot INFO Leaving slot 14 
2024-07-21 16:30:15,651 superfastpath.py [line:230] one_slot INFO Entering slot 15 
2024-07-21 16:30:16,358 superfastpath.py [line:246] one_slot INFO pending block 15 in 0.706258 
2024-07-21 16:30:16,358 superfastpath.py [line:255] one_slot INFO 2pending block 15 in 0.706616 
2024-07-21 16:30:16,375 superfastpath.py [line:273] one_slot INFO read pending block 15 in 0.723275 
2024-07-21 16:30:16,375 superfastpath.py [line:282] one_slot INFO 3pending block 15 in 0.723531 
2024-07-21 16:30:16,375 superfastpath.py [line:286] one_slot INFO delay block 14 in 1.479616 
2024-07-21 16:30:16,390 superfastpath.py [line:293] one_slot INFO Fast block at Node 2 for Epoch sidAFAST0 and Slot 14 has delay, TPS and TXs: 1.4796156883239746, 70000 
2024-07-21 16:30:16,390 superfastpath.py [line:295] one_slot INFO AVG TPS: 11777, running time 5.943673, weighted delay: 1.463759 
2024-07-21 16:30:16,390 superfastpath.py [line:300] one_slot INFO output block for slot 14 taking 1.494632 sec 
2024-07-21 16:30:16,390 superfastpath.py [line:304] one_slot INFO Leaving slot 15 
2024-07-21 16:30:16,390 superfastpath.py [line:230] one_slot INFO Entering slot 16 
2024-07-21 16:30:16,621 superfastpath.py [line:246] one_slot INFO pending block 16 in 0.230471 
2024-07-21 16:30:16,622 superfastpath.py [line:255] one_slot INFO 2pending block 16 in 0.231190 
2024-07-21 16:30:16,622 superfastpath.py [line:273] one_slot INFO read pending block 16 in 0.231767 
2024-07-21 16:30:16,623 superfastpath.py [line:282] one_slot INFO 3pending block 16 in 0.232342 
2024-07-21 16:30:16,623 superfastpath.py [line:286] one_slot INFO delay block 15 in 0.971401 
2024-07-21 16:30:16,661 superfastpath.py [line:293] one_slot INFO Fast block at Node 2 for Epoch sidAFAST0 and Slot 15 has delay, TPS and TXs: 0.9714009761810303, 80000 
2024-07-21 16:30:16,661 superfastpath.py [line:295] one_slot INFO AVG TPS: 12872, running time 6.214691, weighted delay: 1.402214 
2024-07-21 16:30:16,662 superfastpath.py [line:300] one_slot INFO output block for slot 15 taking 1.010116 sec 
2024-07-21 16:30:16,662 superfastpath.py [line:304] one_slot INFO Leaving slot 16 
2024-07-21 16:30:16,662 superfastpath.py [line:369] sufastpath INFO Leaves fastpath at 17 slot 
2024-07-21 16:30:16,662 Superfast.py [line:308] wait_for_fastpath INFO Fastpath of epoch 0 completed 
2024-07-21 16:30:16,662 Superfast.py [line:337] _run_epoch INFO Fastpath tps: 12870 
2024-07-21 16:32:38,174 sufp_node.py [line:79] run INFO node 2's starts to run consensus on process id 26503 
2024-07-21 16:32:38,174 sufp_node.py [line:80] run INFO parameters: N=16, f=5, S=15, T=5, fast-batch=10000, acs-batch=62, K=1, O=0 
2024-07-21 16:32:38,174 sufp_node.py [line:62] prepare_bootstrap INFO node id 2 is inserting dummy payload TXs 
2024-07-21 16:32:38,175 sufp_node.py [line:70] prepare_bootstrap INFO node id 2 just inserts 50000 TXs 
2024-07-21 16:32:38,175 sufp_node.py [line:70] prepare_bootstrap INFO node id 2 just inserts 50000 TXs 
2024-07-21 16:32:38,175 sufp_node.py [line:74] prepare_bootstrap INFO node id 2 completed the loading of dummy TXs 
2024-07-21 16:32:38,175 Superfast.py [line:178] run_bft INFO Node 2 starts to run at time:1721550758.1756756 
2024-07-21 16:32:38,175 Superfast.py [line:231] _run_epoch INFO Node enters epoch 0 
2024-07-21 16:32:38,176 superfastpath.py [line:43] sufastpath INFO Entering fast path 
2024-07-21 16:32:38,176 superfastpath.py [line:230] one_slot INFO Entering slot 1 
2024-07-21 16:32:38,471 superfastpath.py [line:246] one_slot INFO pending block 1 in 0.294625 
2024-07-21 16:32:38,471 superfastpath.py [line:255] one_slot INFO 2pending block 1 in 0.294936 
2024-07-21 16:32:38,518 superfastpath.py [line:273] one_slot INFO read pending block 1 in 0.342063 
2024-07-21 16:32:38,519 superfastpath.py [line:304] one_slot INFO Leaving slot 1 
2024-07-21 16:32:38,519 superfastpath.py [line:230] one_slot INFO Entering slot 2 
2024-07-21 16:32:38,732 superfastpath.py [line:246] one_slot INFO pending block 2 in 0.212671 
2024-07-21 16:32:38,734 superfastpath.py [line:255] one_slot INFO 2pending block 2 in 0.215194 
2024-07-21 16:32:38,751 superfastpath.py [line:273] one_slot INFO read pending block 2 in 0.231732 
2024-07-21 16:32:38,752 superfastpath.py [line:304] one_slot INFO Leaving slot 2 
2024-07-21 16:32:38,753 superfastpath.py [line:230] one_slot INFO Entering slot 3 
2024-07-21 16:32:39,534 superfastpath.py [line:246] one_slot INFO pending block 3 in 0.779998 
2024-07-21 16:32:39,534 superfastpath.py [line:255] one_slot INFO 2pending block 3 in 0.780494 
2024-07-21 16:32:39,549 superfastpath.py [line:273] one_slot INFO read pending block 3 in 0.795860 
2024-07-21 16:32:39,550 superfastpath.py [line:304] one_slot INFO Leaving slot 3 
2024-07-21 16:32:39,550 superfastpath.py [line:230] one_slot INFO Entering slot 4 
2024-07-21 16:32:40,178 superfastpath.py [line:246] one_slot INFO pending block 4 in 0.628134 
2024-07-21 16:32:40,179 superfastpath.py [line:255] one_slot INFO 2pending block 4 in 0.628578 
2024-07-21 16:32:40,194 superfastpath.py [line:273] one_slot INFO read pending block 4 in 0.644188 
2024-07-21 16:32:40,195 superfastpath.py [line:304] one_slot INFO Leaving slot 4 
2024-07-21 16:32:40,195 superfastpath.py [line:230] one_slot INFO Entering slot 5 
2024-07-21 16:32:40,817 superfastpath.py [line:246] one_slot INFO pending block 5 in 0.621920 
2024-07-21 16:32:40,817 superfastpath.py [line:255] one_slot INFO 2pending block 5 in 0.622153 
2024-07-21 16:32:40,829 superfastpath.py [line:273] one_slot INFO read pending block 5 in 0.634209 
2024-07-21 16:32:40,830 superfastpath.py [line:304] one_slot INFO Leaving slot 5 
2024-07-21 16:32:40,830 superfastpath.py [line:230] one_slot INFO Entering slot 6 
2024-07-21 16:32:41,496 superfastpath.py [line:246] one_slot INFO pending block 6 in 0.665826 
2024-07-21 16:32:41,496 superfastpath.py [line:255] one_slot INFO 2pending block 6 in 0.666064 
2024-07-21 16:32:41,511 superfastpath.py [line:273] one_slot INFO read pending block 6 in 0.680488 
2024-07-21 16:32:41,511 superfastpath.py [line:304] one_slot INFO Leaving slot 6 
2024-07-21 16:32:41,511 superfastpath.py [line:230] one_slot INFO Entering slot 7 
2024-07-21 16:32:42,162 superfastpath.py [line:246] one_slot INFO pending block 7 in 0.651130 
2024-07-21 16:32:42,163 superfastpath.py [line:255] one_slot INFO 2pending block 7 in 0.651698 
2024-07-21 16:32:42,178 superfastpath.py [line:273] one_slot INFO read pending block 7 in 0.667230 
2024-07-21 16:32:42,179 superfastpath.py [line:304] one_slot INFO Leaving slot 7 
2024-07-21 16:32:42,179 superfastpath.py [line:230] one_slot INFO Entering slot 8 
2024-07-21 16:32:42,868 superfastpath.py [line:246] one_slot INFO pending block 8 in 0.688876 
2024-07-21 16:32:42,868 superfastpath.py [line:255] one_slot INFO 2pending block 8 in 0.689153 
2024-07-21 16:32:42,883 superfastpath.py [line:273] one_slot INFO read pending block 8 in 0.704365 
2024-07-21 16:32:42,884 superfastpath.py [line:304] one_slot INFO Leaving slot 8 
2024-07-21 16:32:42,884 superfastpath.py [line:230] one_slot INFO Entering slot 9 
2024-07-21 16:32:43,499 superfastpath.py [line:246] one_slot INFO pending block 9 in 0.615240 
2024-07-21 16:32:43,499 superfastpath.py [line:255] one_slot INFO 2pending block 9 in 0.615660 
2024-07-21 16:32:43,513 superfastpath.py [line:273] one_slot INFO read pending block 9 in 0.629009 
2024-07-21 16:32:43,513 superfastpath.py [line:282] one_slot INFO 3pending block 9 in 0.629208 
2024-07-21 16:32:43,513 superfastpath.py [line:286] one_slot INFO delay block 8 in 1.334102 
2024-07-21 16:32:43,535 superfastpath.py [line:293] one_slot INFO Fast block at Node 2 for Epoch sidAFAST0 and Slot 8 has delay, TPS and TXs: 1.3341021537780762, 10000 
2024-07-21 16:32:43,536 superfastpath.py [line:295] one_slot INFO AVG TPS: 7369, running time 1.356932, weighted delay: 1.334102 
2024-07-21 16:32:43,536 superfastpath.py [line:300] one_slot INFO output block for slot 8 taking 1.356841 sec 
2024-07-21 16:32:43,536 superfastpath.py [line:304] one_slot INFO Leaving slot 9 
2024-07-21 16:32:43,536 superfastpath.py [line:230] one_slot INFO Entering slot 10 
2024-07-21 16:32:44,236 superfastpath.py [line:246] one_slot INFO pending block 10 in 0.699673 
2024-07-21 16:32:44,236 superfastpath.py [line:255] one_slot INFO 2pending block 10 in 0.699985 
2024-07-21 16:32:44,255 superfastpath.py [line:273] one_slot INFO read pending block 10 in 0.718622 
2024-07-21 16:32:44,255 superfastpath.py [line:282] one_slot INFO 3pending block 10 in 0.718908 
2024-07-21 16:32:44,255 superfastpath.py [line:286] one_slot INFO delay block 9 in 1.371382 
2024-07-21 16:32:44,272 superfastpath.py [line:293] one_slot INFO Fast block at Node 2 for Epoch sidAFAST0 and Slot 9 has delay, TPS and TXs: 1.371382474899292, 20000 
2024-07-21 16:32:44,272 superfastpath.py [line:295] one_slot INFO AVG TPS: 9553, running time 2.093381, weighted delay: 1.352742 
2024-07-21 16:32:44,274 superfastpath.py [line:300] one_slot INFO output block for slot 9 taking 1.389721 sec 
2024-07-21 16:32:44,274 superfastpath.py [line:304] one_slot INFO Leaving slot 10 
2024-07-21 16:32:44,274 superfastpath.py [line:230] one_slot INFO Entering slot 11 
2024-07-21 16:32:44,961 superfastpath.py [line:246] one_slot INFO pending block 11 in 0.686846 
2024-07-21 16:32:44,961 superfastpath.py [line:255] one_slot INFO 2pending block 11 in 0.687031 
2024-07-21 16:32:44,977 superfastpath.py [line:273] one_slot INFO read pending block 11 in 0.702059 
2024-07-21 16:32:44,977 superfastpath.py [line:282] one_slot INFO 3pending block 11 in 0.702218 
2024-07-21 16:32:44,977 superfastpath.py [line:286] one_slot INFO delay block 10 in 1.440616 
2024-07-21 16:32:44,994 superfastpath.py [line:293] one_slot INFO Fast block at Node 2 for Epoch sidAFAST0 and Slot 10 has delay, TPS and TXs: 1.4406156539916992, 30000 
2024-07-21 16:32:44,995 superfastpath.py [line:295] one_slot INFO AVG TPS: 10653, running time 2.815852, weighted delay: 1.382033 
2024-07-21 16:32:44,995 superfastpath.py [line:300] one_slot INFO output block for slot 10 taking 1.458572 sec 
2024-07-21 16:32:44,995 superfastpath.py [line:304] one_slot INFO Leaving slot 11 
2024-07-21 16:32:44,995 superfastpath.py [line:230] one_slot INFO Entering slot 12 
2024-07-21 16:32:45,598 superfastpath.py [line:246] one_slot INFO pending block 12 in 0.602528 
2024-07-21 16:32:45,598 superfastpath.py [line:255] one_slot INFO 2pending block 12 in 0.603000 
2024-07-21 16:32:45,618 superfastpath.py [line:273] one_slot INFO read pending block 12 in 0.623472 
2024-07-21 16:32:45,619 superfastpath.py [line:282] one_slot INFO 3pending block 12 in 0.623693 
2024-07-21 16:32:45,619 superfastpath.py [line:286] one_slot INFO delay block 11 in 1.344283 
2024-07-21 16:32:45,634 superfastpath.py [line:293] one_slot INFO Fast block at Node 2 for Epoch sidAFAST0 and Slot 11 has delay, TPS and TXs: 1.344282627105713, 40000 
2024-07-21 16:32:45,634 superfastpath.py [line:295] one_slot INFO AVG TPS: 11575, running time 3.455486, weighted delay: 1.372596 
2024-07-21 16:32:45,634 superfastpath.py [line:300] one_slot INFO output block for slot 11 taking 1.359906 sec 
2024-07-21 16:32:45,634 superfastpath.py [line:304] one_slot INFO Leaving slot 12 
2024-07-21 16:32:45,635 superfastpath.py [line:230] one_slot INFO Entering slot 13 
2024-07-21 16:32:46,307 superfastpath.py [line:246] one_slot INFO pending block 13 in 0.672236 
2024-07-21 16:32:46,308 superfastpath.py [line:255] one_slot INFO 2pending block 13 in 0.673182 
2024-07-21 16:32:46,325 superfastpath.py [line:273] one_slot INFO read pending block 13 in 0.690156 
2024-07-21 16:32:46,325 superfastpath.py [line:282] one_slot INFO 3pending block 13 in 0.690372 
2024-07-21 16:32:46,325 superfastpath.py [line:286] one_slot INFO delay block 12 in 1.330171 
2024-07-21 16:32:46,341 superfastpath.py [line:293] one_slot INFO Fast block at Node 2 for Epoch sidAFAST0 and Slot 12 has delay, TPS and TXs: 1.3301708698272705, 50000 
2024-07-21 16:32:46,341 superfastpath.py [line:295] one_slot INFO AVG TPS: 12012, running time 4.162209, weighted delay: 1.364111 
2024-07-21 16:32:46,341 superfastpath.py [line:300] one_slot INFO output block for slot 12 taking 1.346148 sec 
2024-07-21 16:32:46,341 superfastpath.py [line:304] one_slot INFO Leaving slot 13 
2024-07-21 16:32:46,341 superfastpath.py [line:230] one_slot INFO Entering slot 14 
2024-07-21 16:32:46,976 superfastpath.py [line:246] one_slot INFO pending block 14 in 0.634350 
2024-07-21 16:32:46,976 superfastpath.py [line:255] one_slot INFO 2pending block 14 in 0.634679 
2024-07-21 16:32:46,995 superfastpath.py [line:273] one_slot INFO read pending block 14 in 0.653480 
2024-07-21 16:32:46,995 superfastpath.py [line:282] one_slot INFO 3pending block 14 in 0.653864 
2024-07-21 16:32:46,995 superfastpath.py [line:286] one_slot INFO delay block 13 in 1.360787 
2024-07-21 16:32:47,010 superfastpath.py [line:293] one_slot INFO Fast block at Node 2 for Epoch sidAFAST0 and Slot 13 has delay, TPS and TXs: 1.3607866764068604, 60000 
2024-07-21 16:32:47,010 superfastpath.py [line:295] one_slot INFO AVG TPS: 12418, running time 4.831505, weighted delay: 1.363557 
2024-07-21 16:32:47,010 superfastpath.py [line:300] one_slot INFO output block for slot 13 taking 1.375713 sec 
2024-07-21 16:32:47,010 superfastpath.py [line:304] one_slot INFO Leaving slot 14 
2024-07-21 16:32:47,011 superfastpath.py [line:230] one_slot INFO Entering slot 15 
2024-07-21 16:32:47,743 superfastpath.py [line:246] one_slot INFO pending block 15 in 0.732217 
2024-07-21 16:32:47,743 superfastpath.py [line:255] one_slot INFO 2pending block 15 in 0.732684 
2024-07-21 16:32:47,762 superfastpath.py [line:273] one_slot INFO read pending block 15 in 0.751349 
2024-07-21 16:32:47,762 superfastpath.py [line:282] one_slot INFO 3pending block 15 in 0.751717 
2024-07-21 16:32:47,763 superfastpath.py [line:286] one_slot INFO delay block 14 in 1.421080 
2024-07-21 16:32:47,781 superfastpath.py [line:293] one_slot INFO Fast block at Node 2 for Epoch sidAFAST0 and Slot 14 has delay, TPS and TXs: 1.4210801124572754, 70000 
2024-07-21 16:32:47,781 superfastpath.py [line:295] one_slot INFO AVG TPS: 12494, running time 5.602622, weighted delay: 1.371774 
2024-07-21 16:32:47,782 superfastpath.py [line:300] one_slot INFO output block for slot 14 taking 1.440055 sec 
2024-07-21 16:32:47,782 superfastpath.py [line:304] one_slot INFO Leaving slot 15 
2024-07-21 16:32:47,782 superfastpath.py [line:230] one_slot INFO Entering slot 16 
2024-07-21 16:32:47,859 superfastpath.py [line:246] one_slot INFO pending block 16 in 0.077289 
2024-07-21 16:32:47,886 superfastpath.py [line:255] one_slot INFO 2pending block 16 in 0.104109 
2024-07-21 16:32:47,886 superfastpath.py [line:273] one_slot INFO read pending block 16 in 0.104286 
2024-07-21 16:32:47,886 superfastpath.py [line:282] one_slot INFO 3pending block 16 in 0.104364 
2024-07-21 16:32:47,886 superfastpath.py [line:286] one_slot INFO delay block 15 in 0.875599 
2024-07-21 16:32:47,933 superfastpath.py [line:293] one_slot INFO Fast block at Node 2 for Epoch sidAFAST0 and Slot 15 has delay, TPS and TXs: 0.8755991458892822, 80000 
2024-07-21 16:32:47,933 superfastpath.py [line:295] one_slot INFO AVG TPS: 13903, running time 5.754138, weighted delay: 1.309752 
2024-07-21 16:32:47,935 superfastpath.py [line:300] one_slot INFO output block for slot 15 taking 0.924458 sec 
2024-07-21 16:32:47,935 superfastpath.py [line:304] one_slot INFO Leaving slot 16 
2024-07-21 16:32:47,936 superfastpath.py [line:369] sufastpath INFO Leaves fastpath at 17 slot 
2024-07-21 16:32:47,936 Superfast.py [line:308] wait_for_fastpath INFO Fastpath of epoch 0 completed 
2024-07-21 16:32:47,936 Superfast.py [line:337] _run_epoch INFO Fastpath tps: 13896 
2024-07-21 16:35:17,901 sufp_node.py [line:79] run INFO node 2's starts to run consensus on process id 26765 
2024-07-21 16:35:17,902 sufp_node.py [line:80] run INFO parameters: N=16, f=5, S=15, T=5, fast-batch=10000, acs-batch=62, K=1, O=0 
2024-07-21 16:35:17,902 sufp_node.py [line:62] prepare_bootstrap INFO node id 2 is inserting dummy payload TXs 
2024-07-21 16:35:17,903 sufp_node.py [line:70] prepare_bootstrap INFO node id 2 just inserts 50000 TXs 
2024-07-21 16:35:17,903 sufp_node.py [line:70] prepare_bootstrap INFO node id 2 just inserts 50000 TXs 
2024-07-21 16:35:17,904 sufp_node.py [line:74] prepare_bootstrap INFO node id 2 completed the loading of dummy TXs 
2024-07-21 16:35:17,904 Superfast.py [line:178] run_bft INFO Node 2 starts to run at time:1721550917.904429 
2024-07-21 16:35:17,904 Superfast.py [line:231] _run_epoch INFO Node enters epoch 0 
2024-07-21 16:35:17,906 superfastpath.py [line:43] sufastpath INFO Entering fast path 
2024-07-21 16:35:17,906 superfastpath.py [line:230] one_slot INFO Entering slot 1 
2024-07-21 16:35:18,736 superfastpath.py [line:246] one_slot INFO pending block 1 in 0.829433 
2024-07-21 16:35:18,736 superfastpath.py [line:255] one_slot INFO 2pending block 1 in 0.829740 
2024-07-21 16:35:18,753 superfastpath.py [line:273] one_slot INFO read pending block 1 in 0.846455 
2024-07-21 16:35:18,753 superfastpath.py [line:304] one_slot INFO Leaving slot 1 
2024-07-21 16:35:18,753 superfastpath.py [line:230] one_slot INFO Entering slot 2 
2024-07-21 16:35:18,974 superfastpath.py [line:246] one_slot INFO pending block 2 in 0.221386 
2024-07-21 16:35:18,976 superfastpath.py [line:255] one_slot INFO 2pending block 2 in 0.221648 
2024-07-21 16:35:18,996 superfastpath.py [line:273] one_slot INFO read pending block 2 in 0.242754 
2024-07-21 16:35:18,996 superfastpath.py [line:304] one_slot INFO Leaving slot 2 
2024-07-21 16:35:18,997 superfastpath.py [line:230] one_slot INFO Entering slot 3 
2024-07-21 16:35:19,499 superfastpath.py [line:246] one_slot INFO pending block 3 in 0.501897 
2024-07-21 16:35:19,499 superfastpath.py [line:255] one_slot INFO 2pending block 3 in 0.502163 
2024-07-21 16:35:19,522 superfastpath.py [line:273] one_slot INFO read pending block 3 in 0.525021 
2024-07-21 16:35:19,522 superfastpath.py [line:304] one_slot INFO Leaving slot 3 
2024-07-21 16:35:19,522 superfastpath.py [line:230] one_slot INFO Entering slot 4 
2024-07-21 16:35:19,922 superfastpath.py [line:246] one_slot INFO pending block 4 in 0.399750 
2024-07-21 16:35:19,922 superfastpath.py [line:255] one_slot INFO 2pending block 4 in 0.399971 
2024-07-21 16:35:19,937 superfastpath.py [line:273] one_slot INFO read pending block 4 in 0.414737 
2024-07-21 16:35:19,937 superfastpath.py [line:304] one_slot INFO Leaving slot 4 
2024-07-21 16:35:19,939 superfastpath.py [line:230] one_slot INFO Entering slot 5 
2024-07-21 16:35:20,357 superfastpath.py [line:246] one_slot INFO pending block 5 in 0.417268 
2024-07-21 16:35:20,357 superfastpath.py [line:255] one_slot INFO 2pending block 5 in 0.417495 
2024-07-21 16:35:20,372 superfastpath.py [line:273] one_slot INFO read pending block 5 in 0.432626 
2024-07-21 16:35:20,372 superfastpath.py [line:304] one_slot INFO Leaving slot 5 
2024-07-21 16:35:20,372 superfastpath.py [line:230] one_slot INFO Entering slot 6 
2024-07-21 16:35:20,752 superfastpath.py [line:246] one_slot INFO pending block 6 in 0.379998 
2024-07-21 16:35:20,753 superfastpath.py [line:255] one_slot INFO 2pending block 6 in 0.380210 
2024-07-21 16:35:20,774 superfastpath.py [line:273] one_slot INFO read pending block 6 in 0.401966 
2024-07-21 16:35:20,775 superfastpath.py [line:304] one_slot INFO Leaving slot 6 
2024-07-21 16:35:20,775 superfastpath.py [line:230] one_slot INFO Entering slot 7 
2024-07-21 16:35:21,165 superfastpath.py [line:246] one_slot INFO pending block 7 in 0.389315 
2024-07-21 16:35:21,165 superfastpath.py [line:255] one_slot INFO 2pending block 7 in 0.389556 
2024-07-21 16:35:21,208 superfastpath.py [line:273] one_slot INFO read pending block 7 in 0.432067 
2024-07-21 16:35:21,208 superfastpath.py [line:304] one_slot INFO Leaving slot 7 
2024-07-21 16:35:21,208 superfastpath.py [line:230] one_slot INFO Entering slot 8 
2024-07-21 16:35:21,582 superfastpath.py [line:246] one_slot INFO pending block 8 in 0.373868 
2024-07-21 16:35:21,582 superfastpath.py [line:255] one_slot INFO 2pending block 8 in 0.374091 
2024-07-21 16:35:21,600 superfastpath.py [line:273] one_slot INFO read pending block 8 in 0.391480 
2024-07-21 16:35:21,600 superfastpath.py [line:304] one_slot INFO Leaving slot 8 
2024-07-21 16:35:21,600 superfastpath.py [line:230] one_slot INFO Entering slot 9 
2024-07-21 16:35:21,999 superfastpath.py [line:246] one_slot INFO pending block 9 in 0.398483 
2024-07-21 16:35:21,999 superfastpath.py [line:255] one_slot INFO 2pending block 9 in 0.398727 
2024-07-21 16:35:22,038 superfastpath.py [line:273] one_slot INFO read pending block 9 in 0.437630 
2024-07-21 16:35:22,038 superfastpath.py [line:282] one_slot INFO 3pending block 9 in 0.438010 
2024-07-21 16:35:22,038 superfastpath.py [line:286] one_slot INFO delay block 8 in 0.830143 
2024-07-21 16:35:22,055 superfastpath.py [line:293] one_slot INFO Fast block at Node 2 for Epoch sidAFAST0 and Slot 8 has delay, TPS and TXs: 0.8301429748535156, 10000 
2024-07-21 16:35:22,055 superfastpath.py [line:295] one_slot INFO AVG TPS: 11802, running time 0.847246, weighted delay: 0.830143 
2024-07-21 16:35:22,055 superfastpath.py [line:300] one_slot INFO output block for slot 8 taking 0.847194 sec 
2024-07-21 16:35:22,056 superfastpath.py [line:304] one_slot INFO Leaving slot 9 
2024-07-21 16:35:22,056 superfastpath.py [line:230] one_slot INFO Entering slot 10 
2024-07-21 16:35:22,481 superfastpath.py [line:246] one_slot INFO pending block 10 in 0.424649 
2024-07-21 16:35:22,481 superfastpath.py [line:255] one_slot INFO 2pending block 10 in 0.424854 
2024-07-21 16:35:22,496 superfastpath.py [line:273] one_slot INFO read pending block 10 in 0.439628 
2024-07-21 16:35:22,496 superfastpath.py [line:282] one_slot INFO 3pending block 10 in 0.439828 
2024-07-21 16:35:22,496 superfastpath.py [line:286] one_slot INFO delay block 9 in 0.895533 
2024-07-21 16:35:22,510 superfastpath.py [line:293] one_slot INFO Fast block at Node 2 for Epoch sidAFAST0 and Slot 9 has delay, TPS and TXs: 0.8955333232879639, 20000 
2024-07-21 16:35:22,510 superfastpath.py [line:295] one_slot INFO AVG TPS: 15359, running time 1.302114, weighted delay: 0.862838 
2024-07-21 16:35:22,510 superfastpath.py [line:300] one_slot INFO output block for slot 9 taking 0.910016 sec 
2024-07-21 16:35:22,510 superfastpath.py [line:304] one_slot INFO Leaving slot 10 
2024-07-21 16:35:22,510 superfastpath.py [line:230] one_slot INFO Entering slot 11 
2024-07-21 16:35:22,960 superfastpath.py [line:246] one_slot INFO pending block 11 in 0.449420 
2024-07-21 16:35:22,960 superfastpath.py [line:255] one_slot INFO 2pending block 11 in 0.449621 
2024-07-21 16:35:22,977 superfastpath.py [line:273] one_slot INFO read pending block 11 in 0.465956 
2024-07-21 16:35:22,977 superfastpath.py [line:282] one_slot INFO 3pending block 11 in 0.466182 
2024-07-21 16:35:22,977 superfastpath.py [line:286] one_slot INFO delay block 10 in 0.920986 
2024-07-21 16:35:23,009 superfastpath.py [line:293] one_slot INFO Fast block at Node 2 for Epoch sidAFAST0 and Slot 10 has delay, TPS and TXs: 0.9209861755371094, 30000 
2024-07-21 16:35:23,010 superfastpath.py [line:295] one_slot INFO AVG TPS: 16652, running time 1.801547, weighted delay: 0.882221 
2024-07-21 16:35:23,010 superfastpath.py [line:300] one_slot INFO output block for slot 10 taking 0.953842 sec 
2024-07-21 16:35:23,010 superfastpath.py [line:304] one_slot INFO Leaving slot 11 
2024-07-21 16:35:23,010 superfastpath.py [line:230] one_slot INFO Entering slot 12 
2024-07-21 16:35:23,421 superfastpath.py [line:246] one_slot INFO pending block 12 in 0.410670 
2024-07-21 16:35:23,421 superfastpath.py [line:255] one_slot INFO 2pending block 12 in 0.410873 
2024-07-21 16:35:23,436 superfastpath.py [line:273] one_slot INFO read pending block 12 in 0.426147 
2024-07-21 16:35:23,436 superfastpath.py [line:282] one_slot INFO 3pending block 12 in 0.426386 
2024-07-21 16:35:23,437 superfastpath.py [line:286] one_slot INFO delay block 11 in 0.926297 
2024-07-21 16:35:23,454 superfastpath.py [line:293] one_slot INFO Fast block at Node 2 for Epoch sidAFAST0 and Slot 11 has delay, TPS and TXs: 0.9262967109680176, 40000 
2024-07-21 16:35:23,454 superfastpath.py [line:295] one_slot INFO AVG TPS: 17807, running time 2.246307, weighted delay: 0.893240 
2024-07-21 16:35:23,454 superfastpath.py [line:300] one_slot INFO output block for slot 11 taking 0.943900 sec 
2024-07-21 16:35:23,455 superfastpath.py [line:304] one_slot INFO Leaving slot 12 
2024-07-21 16:35:23,455 superfastpath.py [line:230] one_slot INFO Entering slot 13 
2024-07-21 16:35:23,859 superfastpath.py [line:246] one_slot INFO pending block 13 in 0.404612 
2024-07-21 16:35:23,860 superfastpath.py [line:255] one_slot INFO 2pending block 13 in 0.404804 
2024-07-21 16:35:23,873 superfastpath.py [line:273] one_slot INFO read pending block 13 in 0.418287 
2024-07-21 16:35:23,873 superfastpath.py [line:282] one_slot INFO 3pending block 13 in 0.418493 
2024-07-21 16:35:23,873 superfastpath.py [line:286] one_slot INFO delay block 12 in 0.863339 
2024-07-21 16:35:23,887 superfastpath.py [line:293] one_slot INFO Fast block at Node 2 for Epoch sidAFAST0 and Slot 12 has delay, TPS and TXs: 0.8633389472961426, 50000 
2024-07-21 16:35:23,887 superfastpath.py [line:295] one_slot INFO AVG TPS: 18660, running time 2.679394, weighted delay: 0.887260 
2024-07-21 16:35:23,888 superfastpath.py [line:300] one_slot INFO output block for slot 12 taking 0.877873 sec 
2024-07-21 16:35:23,888 superfastpath.py [line:304] one_slot INFO Leaving slot 13 
2024-07-21 16:35:23,888 superfastpath.py [line:230] one_slot INFO Entering slot 14 
2024-07-21 16:35:24,286 superfastpath.py [line:246] one_slot INFO pending block 14 in 0.396874 
2024-07-21 16:35:24,286 superfastpath.py [line:255] one_slot INFO 2pending block 14 in 0.397899 
2024-07-21 16:35:24,310 superfastpath.py [line:273] one_slot INFO read pending block 14 in 0.421711 
2024-07-21 16:35:24,310 superfastpath.py [line:282] one_slot INFO 3pending block 14 in 0.421909 
2024-07-21 16:35:24,310 superfastpath.py [line:286] one_slot INFO delay block 13 in 0.855560 
2024-07-21 16:35:24,324 superfastpath.py [line:293] one_slot INFO Fast block at Node 2 for Epoch sidAFAST0 and Slot 13 has delay, TPS and TXs: 0.8555600643157959, 60000 
2024-07-21 16:35:24,324 superfastpath.py [line:295] one_slot INFO AVG TPS: 19255, running time 3.115921, weighted delay: 0.881976 
2024-07-21 16:35:24,324 superfastpath.py [line:300] one_slot INFO output block for slot 13 taking 0.869328 sec 
2024-07-21 16:35:24,324 superfastpath.py [line:304] one_slot INFO Leaving slot 14 
2024-07-21 16:35:24,324 superfastpath.py [line:230] one_slot INFO Entering slot 15 
2024-07-21 16:35:24,727 superfastpath.py [line:246] one_slot INFO pending block 15 in 0.402262 
2024-07-21 16:35:24,727 superfastpath.py [line:255] one_slot INFO 2pending block 15 in 0.402469 
2024-07-21 16:35:24,755 superfastpath.py [line:273] one_slot INFO read pending block 15 in 0.430861 
2024-07-21 16:35:24,755 superfastpath.py [line:282] one_slot INFO 3pending block 15 in 0.431035 
2024-07-21 16:35:24,755 superfastpath.py [line:286] one_slot INFO delay block 14 in 0.867118 
2024-07-21 16:35:24,775 superfastpath.py [line:293] one_slot INFO Fast block at Node 2 for Epoch sidAFAST0 and Slot 14 has delay, TPS and TXs: 0.8671176433563232, 70000 
2024-07-21 16:35:24,775 superfastpath.py [line:295] one_slot INFO AVG TPS: 19625, running time 3.566855, weighted delay: 0.879854 
2024-07-21 16:35:24,775 superfastpath.py [line:300] one_slot INFO output block for slot 14 taking 0.886695 sec 
2024-07-21 16:35:24,775 superfastpath.py [line:304] one_slot INFO Leaving slot 15 
2024-07-21 16:35:24,775 superfastpath.py [line:230] one_slot INFO Entering slot 16 
2024-07-21 16:35:24,811 superfastpath.py [line:246] one_slot INFO pending block 16 in 0.036064 
2024-07-21 16:35:24,812 superfastpath.py [line:255] one_slot INFO 2pending block 16 in 0.036360 
2024-07-21 16:35:24,812 superfastpath.py [line:273] one_slot INFO read pending block 16 in 0.036520 
2024-07-21 16:35:24,812 superfastpath.py [line:282] one_slot INFO 3pending block 16 in 0.036598 
2024-07-21 16:35:24,812 superfastpath.py [line:286] one_slot INFO delay block 15 in 0.487753 
2024-07-21 16:35:24,864 superfastpath.py [line:293] one_slot INFO Fast block at Node 2 for Epoch sidAFAST0 and Slot 15 has delay, TPS and TXs: 0.48775315284729004, 80000 
2024-07-21 16:35:24,864 superfastpath.py [line:295] one_slot INFO AVG TPS: 21883, running time 3.655735, weighted delay: 0.830841 
2024-07-21 16:35:24,864 superfastpath.py [line:300] one_slot INFO output block for slot 15 taking 0.539900 sec 
2024-07-21 16:35:24,864 superfastpath.py [line:304] one_slot INFO Leaving slot 16 
2024-07-21 16:35:24,864 superfastpath.py [line:369] sufastpath INFO Leaves fastpath at 17 slot 
2024-07-21 16:35:24,865 Superfast.py [line:308] wait_for_fastpath INFO Fastpath of epoch 0 completed 
2024-07-21 16:35:24,865 Superfast.py [line:337] _run_epoch INFO Fastpath tps: 21880 
2024-07-21 16:35:29,866 Superfast.py [line:208] run_bft INFO node 2 breaks in 11.961739 seconds in epoch 0 with total delivered Txs 0 and average delay 0.000000 
2024-07-21 16:39:10,959 sufp_node.py [line:79] run INFO node 2's starts to run consensus on process id 27055 
2024-07-21 16:39:10,959 sufp_node.py [line:80] run INFO parameters: N=16, f=5, S=15, T=5, fast-batch=10000, acs-batch=62, K=1, O=0 
2024-07-21 16:39:10,959 sufp_node.py [line:62] prepare_bootstrap INFO node id 2 is inserting dummy payload TXs 
2024-07-21 16:39:10,960 sufp_node.py [line:70] prepare_bootstrap INFO node id 2 just inserts 50000 TXs 
2024-07-21 16:39:10,960 sufp_node.py [line:70] prepare_bootstrap INFO node id 2 just inserts 50000 TXs 
2024-07-21 16:39:10,960 sufp_node.py [line:74] prepare_bootstrap INFO node id 2 completed the loading of dummy TXs 
2024-07-21 16:39:10,960 Superfast.py [line:178] run_bft INFO Node 2 starts to run at time:1721551150.960445 
2024-07-21 16:39:10,960 Superfast.py [line:231] _run_epoch INFO Node enters epoch 0 
2024-07-21 16:39:10,961 superfastpath.py [line:43] sufastpath INFO Entering fast path 
2024-07-21 16:39:10,961 superfastpath.py [line:230] one_slot INFO Entering slot 1 
2024-07-21 16:39:11,849 superfastpath.py [line:246] one_slot INFO pending block 1 in 0.887532 
2024-07-21 16:39:11,849 superfastpath.py [line:255] one_slot INFO 2pending block 1 in 0.887778 
2024-07-21 16:39:11,903 superfastpath.py [line:273] one_slot INFO read pending block 1 in 0.941793 
2024-07-21 16:39:11,903 superfastpath.py [line:304] one_slot INFO Leaving slot 1 
2024-07-21 16:39:11,906 superfastpath.py [line:230] one_slot INFO Entering slot 2 
2024-07-21 16:39:12,067 superfastpath.py [line:246] one_slot INFO pending block 2 in 0.161082 
2024-07-21 16:39:12,067 superfastpath.py [line:255] one_slot INFO 2pending block 2 in 0.161612 
2024-07-21 16:39:12,093 superfastpath.py [line:273] one_slot INFO read pending block 2 in 0.187630 
2024-07-21 16:39:12,094 superfastpath.py [line:304] one_slot INFO Leaving slot 2 
2024-07-21 16:39:12,094 superfastpath.py [line:230] one_slot INFO Entering slot 3 
2024-07-21 16:39:12,589 superfastpath.py [line:246] one_slot INFO pending block 3 in 0.494623 
2024-07-21 16:39:12,589 superfastpath.py [line:255] one_slot INFO 2pending block 3 in 0.494843 
2024-07-21 16:39:12,606 superfastpath.py [line:273] one_slot INFO read pending block 3 in 0.511561 
2024-07-21 16:39:12,606 superfastpath.py [line:304] one_slot INFO Leaving slot 3 
2024-07-21 16:39:12,606 superfastpath.py [line:230] one_slot INFO Entering slot 4 
2024-07-21 16:39:13,020 superfastpath.py [line:246] one_slot INFO pending block 4 in 0.413384 
2024-07-21 16:39:13,020 superfastpath.py [line:255] one_slot INFO 2pending block 4 in 0.413600 
2024-07-21 16:39:13,033 superfastpath.py [line:273] one_slot INFO read pending block 4 in 0.426410 
2024-07-21 16:39:13,033 superfastpath.py [line:304] one_slot INFO Leaving slot 4 
2024-07-21 16:39:13,033 superfastpath.py [line:230] one_slot INFO Entering slot 5 
2024-07-21 16:39:13,387 superfastpath.py [line:246] one_slot INFO pending block 5 in 0.353270 
2024-07-21 16:39:13,387 superfastpath.py [line:255] one_slot INFO 2pending block 5 in 0.354099 
2024-07-21 16:39:13,407 superfastpath.py [line:273] one_slot INFO read pending block 5 in 0.374137 
2024-07-21 16:39:13,408 superfastpath.py [line:304] one_slot INFO Leaving slot 5 
2024-07-21 16:39:13,408 superfastpath.py [line:230] one_slot INFO Entering slot 6 
2024-07-21 16:39:13,797 superfastpath.py [line:246] one_slot INFO pending block 6 in 0.388515 
2024-07-21 16:39:13,797 superfastpath.py [line:255] one_slot INFO 2pending block 6 in 0.389408 
2024-07-21 16:39:13,815 superfastpath.py [line:273] one_slot INFO read pending block 6 in 0.407190 
2024-07-21 16:39:13,815 superfastpath.py [line:304] one_slot INFO Leaving slot 6 
2024-07-21 16:39:13,816 superfastpath.py [line:230] one_slot INFO Entering slot 7 
2024-07-21 16:39:14,228 superfastpath.py [line:246] one_slot INFO pending block 7 in 0.412177 
2024-07-21 16:39:14,228 superfastpath.py [line:255] one_slot INFO 2pending block 7 in 0.412394 
2024-07-21 16:39:14,244 superfastpath.py [line:273] one_slot INFO read pending block 7 in 0.428200 
2024-07-21 16:39:14,244 superfastpath.py [line:304] one_slot INFO Leaving slot 7 
2024-07-21 16:39:14,244 superfastpath.py [line:230] one_slot INFO Entering slot 8 
2024-07-21 16:39:14,651 superfastpath.py [line:246] one_slot INFO pending block 8 in 0.406709 
2024-07-21 16:39:14,651 superfastpath.py [line:255] one_slot INFO 2pending block 8 in 0.406912 
2024-07-21 16:39:14,673 superfastpath.py [line:273] one_slot INFO read pending block 8 in 0.428114 
2024-07-21 16:39:14,673 superfastpath.py [line:304] one_slot INFO Leaving slot 8 
2024-07-21 16:39:14,673 superfastpath.py [line:230] one_slot INFO Entering slot 9 
2024-07-21 16:39:15,042 superfastpath.py [line:246] one_slot INFO pending block 9 in 0.369350 
2024-07-21 16:39:15,043 superfastpath.py [line:255] one_slot INFO 2pending block 9 in 0.369678 
2024-07-21 16:39:15,063 superfastpath.py [line:273] one_slot INFO read pending block 9 in 0.390337 
2024-07-21 16:39:15,064 superfastpath.py [line:282] one_slot INFO 3pending block 9 in 0.390507 
2024-07-21 16:39:15,064 superfastpath.py [line:286] one_slot INFO delay block 8 in 0.819195 
2024-07-21 16:39:15,077 superfastpath.py [line:293] one_slot INFO Fast block at Node 2 for Epoch sidAFAST0 and Slot 8 has delay, TPS and TXs: 0.8191945552825928, 10000 
2024-07-21 16:39:15,078 superfastpath.py [line:295] one_slot INFO AVG TPS: 12001, running time 0.833257, weighted delay: 0.819195 
2024-07-21 16:39:15,078 superfastpath.py [line:300] one_slot INFO output block for slot 8 taking 0.833230 sec 
2024-07-21 16:39:15,078 superfastpath.py [line:304] one_slot INFO Leaving slot 9 
2024-07-21 16:39:15,078 superfastpath.py [line:230] one_slot INFO Entering slot 10 
2024-07-21 16:39:15,482 superfastpath.py [line:246] one_slot INFO pending block 10 in 0.404127 
2024-07-21 16:39:15,482 superfastpath.py [line:255] one_slot INFO 2pending block 10 in 0.404373 
2024-07-21 16:39:15,504 superfastpath.py [line:273] one_slot INFO read pending block 10 in 0.426416 
2024-07-21 16:39:15,505 superfastpath.py [line:282] one_slot INFO 3pending block 10 in 0.426860 
2024-07-21 16:39:15,505 superfastpath.py [line:286] one_slot INFO delay block 9 in 0.831982 
2024-07-21 16:39:15,520 superfastpath.py [line:293] one_slot INFO Fast block at Node 2 for Epoch sidAFAST0 and Slot 9 has delay, TPS and TXs: 0.8319821357727051, 20000 
2024-07-21 16:39:15,520 superfastpath.py [line:295] one_slot INFO AVG TPS: 15674, running time 1.275947, weighted delay: 0.825588 
2024-07-21 16:39:15,520 superfastpath.py [line:300] one_slot INFO output block for slot 9 taking 0.847338 sec 
2024-07-21 16:39:15,520 superfastpath.py [line:304] one_slot INFO Leaving slot 10 
2024-07-21 16:39:15,521 superfastpath.py [line:230] one_slot INFO Entering slot 11 
2024-07-21 16:39:15,987 superfastpath.py [line:246] one_slot INFO pending block 11 in 0.466225 
2024-07-21 16:39:15,987 superfastpath.py [line:255] one_slot INFO 2pending block 11 in 0.466566 
2024-07-21 16:39:16,004 superfastpath.py [line:273] one_slot INFO read pending block 11 in 0.483117 
2024-07-21 16:39:16,004 superfastpath.py [line:282] one_slot INFO 3pending block 11 in 0.483330 
2024-07-21 16:39:16,004 superfastpath.py [line:286] one_slot INFO delay block 10 in 0.926250 
2024-07-21 16:39:16,022 superfastpath.py [line:293] one_slot INFO Fast block at Node 2 for Epoch sidAFAST0 and Slot 10 has delay, TPS and TXs: 0.9262504577636719, 30000 
2024-07-21 16:39:16,023 superfastpath.py [line:295] one_slot INFO AVG TPS: 16869, running time 1.778314, weighted delay: 0.859142 
2024-07-21 16:39:16,023 superfastpath.py [line:300] one_slot INFO output block for slot 10 taking 0.944797 sec 
2024-07-21 16:39:16,023 superfastpath.py [line:304] one_slot INFO Leaving slot 11 
2024-07-21 16:39:16,023 superfastpath.py [line:230] one_slot INFO Entering slot 12 
2024-07-21 16:39:16,461 superfastpath.py [line:246] one_slot INFO pending block 12 in 0.437546 
2024-07-21 16:39:16,461 superfastpath.py [line:255] one_slot INFO 2pending block 12 in 0.438149 
2024-07-21 16:39:16,483 superfastpath.py [line:273] one_slot INFO read pending block 12 in 0.459621 
2024-07-21 16:39:16,483 superfastpath.py [line:282] one_slot INFO 3pending block 12 in 0.459828 
2024-07-21 16:39:16,483 superfastpath.py [line:286] one_slot INFO delay block 11 in 0.962267 
2024-07-21 16:39:16,501 superfastpath.py [line:293] one_slot INFO Fast block at Node 2 for Epoch sidAFAST0 and Slot 11 has delay, TPS and TXs: 0.9622673988342285, 40000 
2024-07-21 16:39:16,502 superfastpath.py [line:295] one_slot INFO AVG TPS: 17719, running time 2.257419, weighted delay: 0.884924 
2024-07-21 16:39:16,503 superfastpath.py [line:300] one_slot INFO output block for slot 11 taking 0.981710 sec 
2024-07-21 16:39:16,503 superfastpath.py [line:304] one_slot INFO Leaving slot 12 
2024-07-21 16:39:16,503 superfastpath.py [line:230] one_slot INFO Entering slot 13 
2024-07-21 16:39:16,926 superfastpath.py [line:246] one_slot INFO pending block 13 in 0.422543 
2024-07-21 16:39:16,926 superfastpath.py [line:255] one_slot INFO 2pending block 13 in 0.422768 
2024-07-21 16:39:16,941 superfastpath.py [line:273] one_slot INFO read pending block 13 in 0.437176 
2024-07-21 16:39:16,941 superfastpath.py [line:282] one_slot INFO 3pending block 13 in 0.437368 
2024-07-21 16:39:16,941 superfastpath.py [line:286] one_slot INFO delay block 12 in 0.917965 
2024-07-21 16:39:16,957 superfastpath.py [line:293] one_slot INFO Fast block at Node 2 for Epoch sidAFAST0 and Slot 12 has delay, TPS and TXs: 0.9179646968841553, 50000 
2024-07-21 16:39:16,957 superfastpath.py [line:295] one_slot INFO AVG TPS: 18433, running time 2.712392, weighted delay: 0.891532 
2024-07-21 16:39:16,957 superfastpath.py [line:300] one_slot INFO output block for slot 12 taking 0.933712 sec 
2024-07-21 16:39:16,957 superfastpath.py [line:304] one_slot INFO Leaving slot 13 
2024-07-21 16:39:16,957 superfastpath.py [line:230] one_slot INFO Entering slot 14 
2024-07-21 16:39:17,376 superfastpath.py [line:246] one_slot INFO pending block 14 in 0.418573 
2024-07-21 16:39:17,376 superfastpath.py [line:255] one_slot INFO 2pending block 14 in 0.418768 
2024-07-21 16:39:17,395 superfastpath.py [line:273] one_slot INFO read pending block 14 in 0.437506 
2024-07-21 16:39:17,395 superfastpath.py [line:282] one_slot INFO 3pending block 14 in 0.437722 
2024-07-21 16:39:17,395 superfastpath.py [line:286] one_slot INFO delay block 13 in 0.891279 
2024-07-21 16:39:17,410 superfastpath.py [line:293] one_slot INFO Fast block at Node 2 for Epoch sidAFAST0 and Slot 13 has delay, TPS and TXs: 0.8912787437438965, 60000 
2024-07-21 16:39:17,411 superfastpath.py [line:295] one_slot INFO AVG TPS: 18950, running time 3.166192, weighted delay: 0.891490 
2024-07-21 16:39:17,411 superfastpath.py [line:300] one_slot INFO output block for slot 13 taking 0.906944 sec 
2024-07-21 16:39:17,411 superfastpath.py [line:304] one_slot INFO Leaving slot 14 
2024-07-21 16:39:17,411 superfastpath.py [line:230] one_slot INFO Entering slot 15 
2024-07-21 16:39:17,860 superfastpath.py [line:246] one_slot INFO pending block 15 in 0.448813 
2024-07-21 16:39:17,860 superfastpath.py [line:255] one_slot INFO 2pending block 15 in 0.449013 
2024-07-21 16:39:17,875 superfastpath.py [line:273] one_slot INFO read pending block 15 in 0.464202 
2024-07-21 16:39:17,875 superfastpath.py [line:282] one_slot INFO 3pending block 15 in 0.464386 
2024-07-21 16:39:17,875 superfastpath.py [line:286] one_slot INFO delay block 14 in 0.918196 
2024-07-21 16:39:17,891 superfastpath.py [line:293] one_slot INFO Fast block at Node 2 for Epoch sidAFAST0 and Slot 14 has delay, TPS and TXs: 0.9181957244873047, 70000 
2024-07-21 16:39:17,891 superfastpath.py [line:295] one_slot INFO AVG TPS: 19195, running time 3.646658, weighted delay: 0.895305 
2024-07-21 16:39:17,892 superfastpath.py [line:300] one_slot INFO output block for slot 14 taking 0.934418 sec 
2024-07-21 16:39:17,892 superfastpath.py [line:304] one_slot INFO Leaving slot 15 
2024-07-21 16:39:17,892 superfastpath.py [line:230] one_slot INFO Entering slot 16 
2024-07-21 16:39:17,931 superfastpath.py [line:246] one_slot INFO pending block 16 in 0.039473 
2024-07-21 16:39:17,932 superfastpath.py [line:255] one_slot INFO 2pending block 16 in 0.039793 
2024-07-21 16:39:17,932 superfastpath.py [line:273] one_slot INFO read pending block 16 in 0.039978 
2024-07-21 16:39:17,932 superfastpath.py [line:282] one_slot INFO 3pending block 16 in 0.040518 
2024-07-21 16:39:17,932 superfastpath.py [line:286] one_slot INFO delay block 15 in 0.521651 
2024-07-21 16:39:17,958 superfastpath.py [line:293] one_slot INFO Fast block at Node 2 for Epoch sidAFAST0 and Slot 15 has delay, TPS and TXs: 0.5216507911682129, 80000 
2024-07-21 16:39:17,959 superfastpath.py [line:295] one_slot INFO AVG TPS: 21538, running time 3.714220, weighted delay: 0.848598 
2024-07-21 16:39:17,959 superfastpath.py [line:300] one_slot INFO output block for slot 15 taking 0.547809 sec 
2024-07-21 16:39:17,959 superfastpath.py [line:304] one_slot INFO Leaving slot 16 
2024-07-21 16:39:17,959 superfastpath.py [line:369] sufastpath INFO Leaves fastpath at 17 slot 
2024-07-21 16:39:17,959 Superfast.py [line:308] wait_for_fastpath INFO Fastpath of epoch 0 completed 
2024-07-21 16:39:17,960 Superfast.py [line:337] _run_epoch INFO Fastpath tps: 21537 delay 0.848598 
2024-07-21 16:39:22,960 Superfast.py [line:208] run_bft INFO node 2 breaks in 11.999943 seconds in epoch 0 with total delivered Txs 0 and average delay 0.000000 
2024-07-21 16:42:42,060 sufp_node.py [line:79] run INFO node 2's starts to run consensus on process id 27608 
2024-07-21 16:42:42,060 sufp_node.py [line:80] run INFO parameters: N=16, f=5, S=15, T=5, fast-batch=10000, acs-batch=62, K=1, O=0 
2024-07-21 16:42:42,060 sufp_node.py [line:62] prepare_bootstrap INFO node id 2 is inserting dummy payload TXs 
2024-07-21 16:42:42,061 sufp_node.py [line:70] prepare_bootstrap INFO node id 2 just inserts 50000 TXs 
2024-07-21 16:42:42,061 sufp_node.py [line:70] prepare_bootstrap INFO node id 2 just inserts 50000 TXs 
2024-07-21 16:42:42,061 sufp_node.py [line:74] prepare_bootstrap INFO node id 2 completed the loading of dummy TXs 
2024-07-21 16:42:42,061 Superfast.py [line:178] run_bft INFO Node 2 starts to run at time:1721551362.061751 
2024-07-21 16:42:42,061 Superfast.py [line:231] _run_epoch INFO Node enters epoch 0 
2024-07-21 16:42:42,062 superfastpath.py [line:43] sufastpath INFO Entering fast path 
2024-07-21 16:42:42,062 superfastpath.py [line:230] one_slot INFO Entering slot 1 
2024-07-21 16:42:42,214 superfastpath.py [line:246] one_slot INFO pending block 1 in 0.151750 
2024-07-21 16:42:42,215 superfastpath.py [line:255] one_slot INFO 2pending block 1 in 0.151986 
2024-07-21 16:42:42,259 superfastpath.py [line:273] one_slot INFO read pending block 1 in 0.196230 
2024-07-21 16:42:42,259 superfastpath.py [line:304] one_slot INFO Leaving slot 1 
2024-07-21 16:42:42,259 superfastpath.py [line:230] one_slot INFO Entering slot 2 
2024-07-21 16:42:42,456 superfastpath.py [line:246] one_slot INFO pending block 2 in 0.196466 
2024-07-21 16:42:42,456 superfastpath.py [line:255] one_slot INFO 2pending block 2 in 0.196727 
2024-07-21 16:42:42,514 superfastpath.py [line:273] one_slot INFO read pending block 2 in 0.254468 
2024-07-21 16:42:42,516 superfastpath.py [line:304] one_slot INFO Leaving slot 2 
2024-07-21 16:42:42,517 superfastpath.py [line:230] one_slot INFO Entering slot 3 
2024-07-21 16:42:42,912 superfastpath.py [line:246] one_slot INFO pending block 3 in 0.395345 
2024-07-21 16:42:42,913 superfastpath.py [line:255] one_slot INFO 2pending block 3 in 0.395665 
2024-07-21 16:42:42,929 superfastpath.py [line:273] one_slot INFO read pending block 3 in 0.411931 
2024-07-21 16:42:42,929 superfastpath.py [line:304] one_slot INFO Leaving slot 3 
2024-07-21 16:42:42,930 superfastpath.py [line:230] one_slot INFO Entering slot 4 
2024-07-21 16:42:43,322 superfastpath.py [line:246] one_slot INFO pending block 4 in 0.392149 
2024-07-21 16:42:43,322 superfastpath.py [line:255] one_slot INFO 2pending block 4 in 0.392387 
2024-07-21 16:42:43,338 superfastpath.py [line:273] one_slot INFO read pending block 4 in 0.408087 
2024-07-21 16:42:43,338 superfastpath.py [line:304] one_slot INFO Leaving slot 4 
2024-07-21 16:42:43,338 superfastpath.py [line:230] one_slot INFO Entering slot 5 
2024-07-21 16:42:43,742 superfastpath.py [line:246] one_slot INFO pending block 5 in 0.403833 
2024-07-21 16:42:43,742 superfastpath.py [line:255] one_slot INFO 2pending block 5 in 0.404056 
2024-07-21 16:42:43,758 superfastpath.py [line:273] one_slot INFO read pending block 5 in 0.419788 
2024-07-21 16:42:43,758 superfastpath.py [line:304] one_slot INFO Leaving slot 5 
2024-07-21 16:42:43,758 superfastpath.py [line:230] one_slot INFO Entering slot 6 
2024-07-21 16:42:44,169 superfastpath.py [line:246] one_slot INFO pending block 6 in 0.410433 
2024-07-21 16:42:44,169 superfastpath.py [line:255] one_slot INFO 2pending block 6 in 0.410653 
2024-07-21 16:42:44,193 superfastpath.py [line:273] one_slot INFO read pending block 6 in 0.433957 
2024-07-21 16:42:44,193 superfastpath.py [line:304] one_slot INFO Leaving slot 6 
2024-07-21 16:42:44,194 superfastpath.py [line:230] one_slot INFO Entering slot 7 
2024-07-21 16:42:44,575 superfastpath.py [line:246] one_slot INFO pending block 7 in 0.380752 
2024-07-21 16:42:44,575 superfastpath.py [line:255] one_slot INFO 2pending block 7 in 0.381492 
2024-07-21 16:42:44,598 superfastpath.py [line:273] one_slot INFO read pending block 7 in 0.404191 
2024-07-21 16:42:44,598 superfastpath.py [line:304] one_slot INFO Leaving slot 7 
2024-07-21 16:42:44,598 superfastpath.py [line:230] one_slot INFO Entering slot 8 
2024-07-21 16:42:44,977 superfastpath.py [line:246] one_slot INFO pending block 8 in 0.378153 
2024-07-21 16:42:44,977 superfastpath.py [line:255] one_slot INFO 2pending block 8 in 0.378365 
2024-07-21 16:42:44,993 superfastpath.py [line:273] one_slot INFO read pending block 8 in 0.394739 
2024-07-21 16:42:44,994 superfastpath.py [line:304] one_slot INFO Leaving slot 8 
2024-07-21 16:42:44,994 superfastpath.py [line:230] one_slot INFO Entering slot 9 
2024-07-21 16:42:45,388 superfastpath.py [line:246] one_slot INFO pending block 9 in 0.393966 
2024-07-21 16:42:45,388 superfastpath.py [line:255] one_slot INFO 2pending block 9 in 0.394160 
2024-07-21 16:42:45,411 superfastpath.py [line:273] one_slot INFO read pending block 9 in 0.416773 
2024-07-21 16:42:45,467 superfastpath.py [line:282] one_slot INFO 3pending block 9 in 0.473069 
2024-07-21 16:42:45,467 superfastpath.py [line:286] one_slot INFO delay block 8 in 0.868692 
2024-07-21 16:42:45,486 superfastpath.py [line:293] one_slot INFO Fast block at Node 2 for Epoch sidAFAST0 and Slot 8 has delay, TPS and TXs: 0.86869215965271, 10000 
2024-07-21 16:42:45,487 superfastpath.py [line:295] one_slot INFO AVG TPS: 11258, running time 0.888220, weighted delay: 0.868692 
2024-07-21 16:42:45,487 superfastpath.py [line:300] one_slot INFO output block for slot 8 taking 0.888171 sec 
2024-07-21 16:42:45,487 superfastpath.py [line:304] one_slot INFO Leaving slot 9 
2024-07-21 16:42:45,487 superfastpath.py [line:230] one_slot INFO Entering slot 10 
2024-07-21 16:42:45,855 superfastpath.py [line:246] one_slot INFO pending block 10 in 0.368010 
2024-07-21 16:42:45,855 superfastpath.py [line:255] one_slot INFO 2pending block 10 in 0.368181 
2024-07-21 16:42:45,870 superfastpath.py [line:273] one_slot INFO read pending block 10 in 0.382933 
2024-07-21 16:42:45,870 superfastpath.py [line:282] one_slot INFO 3pending block 10 in 0.383194 
2024-07-21 16:42:45,870 superfastpath.py [line:286] one_slot INFO delay block 9 in 0.876317 
2024-07-21 16:42:45,884 superfastpath.py [line:293] one_slot INFO Fast block at Node 2 for Epoch sidAFAST0 and Slot 9 has delay, TPS and TXs: 0.8763167858123779, 20000 
2024-07-21 16:42:45,884 superfastpath.py [line:295] one_slot INFO AVG TPS: 15556, running time 1.285608, weighted delay: 0.872504 
2024-07-21 16:42:45,884 superfastpath.py [line:300] one_slot INFO output block for slot 9 taking 0.890157 sec 
2024-07-21 16:42:45,884 superfastpath.py [line:304] one_slot INFO Leaving slot 10 
2024-07-21 16:42:45,884 superfastpath.py [line:230] one_slot INFO Entering slot 11 
2024-07-21 16:42:46,316 superfastpath.py [line:246] one_slot INFO pending block 11 in 0.431806 
2024-07-21 16:42:46,316 superfastpath.py [line:255] one_slot INFO 2pending block 11 in 0.432000 
2024-07-21 16:42:46,336 superfastpath.py [line:273] one_slot INFO read pending block 11 in 0.451712 
2024-07-21 16:42:46,337 superfastpath.py [line:282] one_slot INFO 3pending block 11 in 0.452093 
2024-07-21 16:42:46,338 superfastpath.py [line:286] one_slot INFO delay block 10 in 0.850656 
2024-07-21 16:42:46,366 superfastpath.py [line:293] one_slot INFO Fast block at Node 2 for Epoch sidAFAST0 and Slot 10 has delay, TPS and TXs: 0.8506557941436768, 30000 
2024-07-21 16:42:46,366 superfastpath.py [line:295] one_slot INFO AVG TPS: 16973, running time 1.767497, weighted delay: 0.865222 
2024-07-21 16:42:46,366 superfastpath.py [line:300] one_slot INFO output block for slot 10 taking 0.879362 sec 
2024-07-21 16:42:46,366 superfastpath.py [line:304] one_slot INFO Leaving slot 11 
2024-07-21 16:42:46,367 superfastpath.py [line:230] one_slot INFO Entering slot 12 
2024-07-21 16:42:46,780 superfastpath.py [line:246] one_slot INFO pending block 12 in 0.412995 
2024-07-21 16:42:46,780 superfastpath.py [line:255] one_slot INFO 2pending block 12 in 0.413272 
2024-07-21 16:42:46,804 superfastpath.py [line:273] one_slot INFO read pending block 12 in 0.437497 
2024-07-21 16:42:46,805 superfastpath.py [line:282] one_slot INFO 3pending block 12 in 0.437920 
2024-07-21 16:42:46,805 superfastpath.py [line:286] one_slot INFO delay block 11 in 0.920277 
2024-07-21 16:42:46,835 superfastpath.py [line:293] one_slot INFO Fast block at Node 2 for Epoch sidAFAST0 and Slot 11 has delay, TPS and TXs: 0.9202773571014404, 40000 
2024-07-21 16:42:46,835 superfastpath.py [line:295] one_slot INFO AVG TPS: 17884, running time 2.236605, weighted delay: 0.878986 
2024-07-21 16:42:46,835 superfastpath.py [line:300] one_slot INFO output block for slot 11 taking 0.950706 sec 
2024-07-21 16:42:46,835 superfastpath.py [line:304] one_slot INFO Leaving slot 12 
2024-07-21 16:42:46,835 superfastpath.py [line:230] one_slot INFO Entering slot 13 
2024-07-21 16:42:47,250 superfastpath.py [line:246] one_slot INFO pending block 13 in 0.414434 
2024-07-21 16:42:47,250 superfastpath.py [line:255] one_slot INFO 2pending block 13 in 0.414825 
2024-07-21 16:42:47,285 superfastpath.py [line:273] one_slot INFO read pending block 13 in 0.449497 
2024-07-21 16:42:47,285 superfastpath.py [line:282] one_slot INFO 3pending block 13 in 0.449689 
2024-07-21 16:42:47,285 superfastpath.py [line:286] one_slot INFO delay block 12 in 0.918637 
2024-07-21 16:42:47,301 superfastpath.py [line:293] one_slot INFO Fast block at Node 2 for Epoch sidAFAST0 and Slot 12 has delay, TPS and TXs: 0.9186367988586426, 50000 
2024-07-21 16:42:47,301 superfastpath.py [line:295] one_slot INFO AVG TPS: 18502, running time 2.702326, weighted delay: 0.886916 
2024-07-21 16:42:47,301 superfastpath.py [line:300] one_slot INFO output block for slot 12 taking 0.934212 sec 
2024-07-21 16:42:47,301 superfastpath.py [line:304] one_slot INFO Leaving slot 13 
2024-07-21 16:42:47,301 superfastpath.py [line:230] one_slot INFO Entering slot 14 
2024-07-21 16:42:47,658 superfastpath.py [line:246] one_slot INFO pending block 14 in 0.356719 
2024-07-21 16:42:47,658 superfastpath.py [line:255] one_slot INFO 2pending block 14 in 0.357007 
2024-07-21 16:42:47,687 superfastpath.py [line:273] one_slot INFO read pending block 14 in 0.386082 
2024-07-21 16:42:47,688 superfastpath.py [line:282] one_slot INFO 3pending block 14 in 0.386456 
2024-07-21 16:42:47,688 superfastpath.py [line:286] one_slot INFO delay block 13 in 0.852220 
2024-07-21 16:42:47,708 superfastpath.py [line:293] one_slot INFO Fast block at Node 2 for Epoch sidAFAST0 and Slot 13 has delay, TPS and TXs: 0.852219820022583, 60000 
2024-07-21 16:42:47,708 superfastpath.py [line:295] one_slot INFO AVG TPS: 19292, running time 3.110007, weighted delay: 0.881133 
2024-07-21 16:42:47,709 superfastpath.py [line:300] one_slot INFO output block for slot 13 taking 0.873472 sec 
2024-07-21 16:42:47,709 superfastpath.py [line:304] one_slot INFO Leaving slot 14 
2024-07-21 16:42:47,709 superfastpath.py [line:230] one_slot INFO Entering slot 15 
2024-07-21 16:42:48,106 superfastpath.py [line:246] one_slot INFO pending block 15 in 0.396508 
2024-07-21 16:42:48,106 superfastpath.py [line:255] one_slot INFO 2pending block 15 in 0.396711 
2024-07-21 16:42:48,130 superfastpath.py [line:273] one_slot INFO read pending block 15 in 0.420498 
2024-07-21 16:42:48,130 superfastpath.py [line:282] one_slot INFO 3pending block 15 in 0.420703 
2024-07-21 16:42:48,130 superfastpath.py [line:286] one_slot INFO delay block 14 in 0.829068 
2024-07-21 16:42:48,152 superfastpath.py [line:293] one_slot INFO Fast block at Node 2 for Epoch sidAFAST0 and Slot 14 has delay, TPS and TXs: 0.8290681838989258, 70000 
2024-07-21 16:42:48,152 superfastpath.py [line:295] one_slot INFO AVG TPS: 19697, running time 3.553758, weighted delay: 0.873695 
2024-07-21 16:42:48,152 superfastpath.py [line:300] one_slot INFO output block for slot 14 taking 0.851259 sec 
2024-07-21 16:42:48,152 superfastpath.py [line:304] one_slot INFO Leaving slot 15 
2024-07-21 16:42:48,153 superfastpath.py [line:230] one_slot INFO Entering slot 16 
2024-07-21 16:42:48,228 superfastpath.py [line:246] one_slot INFO pending block 16 in 0.074806 
2024-07-21 16:42:48,228 superfastpath.py [line:255] one_slot INFO 2pending block 16 in 0.074989 
2024-07-21 16:42:48,228 superfastpath.py [line:273] one_slot INFO read pending block 16 in 0.075117 
2024-07-21 16:42:48,228 superfastpath.py [line:282] one_slot INFO 3pending block 16 in 0.075197 
2024-07-21 16:42:48,228 superfastpath.py [line:286] one_slot INFO delay block 15 in 0.518633 
2024-07-21 16:42:48,294 superfastpath.py [line:293] one_slot INFO Fast block at Node 2 for Epoch sidAFAST0 and Slot 15 has delay, TPS and TXs: 0.5186331272125244, 80000 
2024-07-21 16:42:48,295 superfastpath.py [line:295] one_slot INFO AVG TPS: 21643, running time 3.696238, weighted delay: 0.829313 
2024-07-21 16:42:48,295 superfastpath.py [line:300] one_slot INFO output block for slot 15 taking 0.585430 sec 
2024-07-21 16:42:48,295 superfastpath.py [line:304] one_slot INFO Leaving slot 16 
2024-07-21 16:42:48,295 superfastpath.py [line:369] sufastpath INFO Leaves fastpath at 17 slot 
2024-07-21 16:42:48,295 Superfast.py [line:308] wait_for_fastpath INFO Fastpath of epoch 0 completed 
2024-07-21 16:42:48,296 Superfast.py [line:337] _run_epoch INFO Fastpath tps: 21642 delay 0.829313 
2024-07-21 16:42:53,296 Superfast.py [line:208] run_bft INFO node 2 breaks in 11.234985 seconds in epoch 0 with total delivered Txs 0 and average delay 0.000000 
2024-07-21 17:23:11,139 sufp_node.py [line:79] run INFO node 2's starts to run consensus on process id 28267 
2024-07-21 17:23:11,140 sufp_node.py [line:80] run INFO parameters: N=16, f=5, S=15, T=5, fast-batch=10000, acs-batch=62, K=1, O=0 
2024-07-21 17:23:11,140 sufp_node.py [line:62] prepare_bootstrap INFO node id 2 is inserting dummy payload TXs 
2024-07-21 17:23:11,140 sufp_node.py [line:70] prepare_bootstrap INFO node id 2 just inserts 50000 TXs 
2024-07-21 17:23:11,140 sufp_node.py [line:70] prepare_bootstrap INFO node id 2 just inserts 50000 TXs 
2024-07-21 17:23:11,140 sufp_node.py [line:74] prepare_bootstrap INFO node id 2 completed the loading of dummy TXs 
2024-07-21 17:23:11,141 Superfast.py [line:178] run_bft INFO Node 2 starts to run at time:1721553791.141145 
2024-07-21 17:23:11,141 Superfast.py [line:231] _run_epoch INFO Node enters epoch 0 
2024-07-21 17:23:11,142 superfastpath_3.py [line:43] sufastpath INFO Entering fast path 
2024-07-21 17:23:11,142 superfastpath_3.py [line:232] one_slot INFO Entering slot 1 
2024-07-21 17:23:11,441 superfastpath_3.py [line:248] one_slot INFO pending block 1 in 0.086545 
2024-07-21 17:23:11,441 superfastpath_3.py [line:257] one_slot INFO 2pending block 1 in 0.086811 
2024-07-21 17:23:11,491 superfastpath_3.py [line:275] one_slot INFO read pending block 1 in 0.137412 
2024-07-21 17:23:11,492 superfastpath_3.py [line:306] one_slot INFO Leaving slot 1 
2024-07-21 17:23:11,492 superfastpath_3.py [line:232] one_slot INFO Entering slot 2 
2024-07-21 17:23:11,660 superfastpath_3.py [line:248] one_slot INFO pending block 2 in 0.049606 
2024-07-21 17:23:11,661 superfastpath_3.py [line:257] one_slot INFO 2pending block 2 in 0.049821 
2024-07-21 17:23:11,713 superfastpath_3.py [line:275] one_slot INFO read pending block 2 in 0.102602 
2024-07-21 17:23:11,714 superfastpath_3.py [line:306] one_slot INFO Leaving slot 2 
2024-07-21 17:23:11,714 superfastpath_3.py [line:232] one_slot INFO Entering slot 3 
2024-07-21 17:23:12,152 superfastpath_3.py [line:248] one_slot INFO pending block 3 in 0.318624 
2024-07-21 17:23:12,152 superfastpath_3.py [line:257] one_slot INFO 2pending block 3 in 0.318846 
2024-07-21 17:23:12,172 superfastpath_3.py [line:275] one_slot INFO read pending block 3 in 0.338248 
2024-07-21 17:23:12,172 superfastpath_3.py [line:306] one_slot INFO Leaving slot 3 
2024-07-21 17:23:12,172 superfastpath_3.py [line:232] one_slot INFO Entering slot 4 
2024-07-21 17:23:12,567 superfastpath_3.py [line:248] one_slot INFO pending block 4 in 0.350512 
2024-07-21 17:23:12,567 superfastpath_3.py [line:257] one_slot INFO 2pending block 4 in 0.350817 
2024-07-21 17:23:12,583 superfastpath_3.py [line:275] one_slot INFO read pending block 4 in 0.366315 
2024-07-21 17:23:12,583 superfastpath_3.py [line:306] one_slot INFO Leaving slot 4 
2024-07-21 17:23:12,584 superfastpath_3.py [line:232] one_slot INFO Entering slot 5 
2024-07-21 17:23:12,994 superfastpath_3.py [line:248] one_slot INFO pending block 5 in 0.339139 
2024-07-21 17:23:12,994 superfastpath_3.py [line:257] one_slot INFO 2pending block 5 in 0.339355 
2024-07-21 17:23:13,010 superfastpath_3.py [line:275] one_slot INFO read pending block 5 in 0.355002 
2024-07-21 17:23:13,010 superfastpath_3.py [line:306] one_slot INFO Leaving slot 5 
2024-07-21 17:23:13,010 superfastpath_3.py [line:232] one_slot INFO Entering slot 6 
2024-07-21 17:23:13,429 superfastpath_3.py [line:248] one_slot INFO pending block 6 in 0.352583 
2024-07-21 17:23:13,429 superfastpath_3.py [line:257] one_slot INFO 2pending block 6 in 0.352922 
2024-07-21 17:23:13,454 superfastpath_3.py [line:275] one_slot INFO read pending block 6 in 0.377368 
2024-07-21 17:23:13,454 superfastpath_3.py [line:306] one_slot INFO Leaving slot 6 
2024-07-21 17:23:13,455 superfastpath_3.py [line:232] one_slot INFO Entering slot 7 
2024-07-21 17:23:13,859 superfastpath_3.py [line:248] one_slot INFO pending block 7 in 0.362501 
2024-07-21 17:23:13,859 superfastpath_3.py [line:257] one_slot INFO 2pending block 7 in 0.362719 
2024-07-21 17:23:13,891 superfastpath_3.py [line:275] one_slot INFO read pending block 7 in 0.394899 
2024-07-21 17:23:13,892 superfastpath_3.py [line:306] one_slot INFO Leaving slot 7 
2024-07-21 17:23:13,892 superfastpath_3.py [line:232] one_slot INFO Entering slot 8 
2024-07-21 17:23:14,296 superfastpath_3.py [line:248] one_slot INFO pending block 8 in 0.364565 
2024-07-21 17:23:14,297 superfastpath_3.py [line:257] one_slot INFO 2pending block 8 in 0.365342 
2024-07-21 17:23:14,315 superfastpath_3.py [line:275] one_slot INFO read pending block 8 in 0.383719 
2024-07-21 17:23:14,316 superfastpath_3.py [line:306] one_slot INFO Leaving slot 8 
2024-07-21 17:23:14,316 superfastpath_3.py [line:232] one_slot INFO Entering slot 9 
2024-07-21 17:23:14,661 superfastpath_3.py [line:248] one_slot INFO pending block 9 in 0.323569 
2024-07-21 17:23:14,661 superfastpath_3.py [line:257] one_slot INFO 2pending block 9 in 0.323753 
2024-07-21 17:23:14,676 superfastpath_3.py [line:275] one_slot INFO read pending block 9 in 0.339051 
2024-07-21 17:23:14,676 superfastpath_3.py [line:284] one_slot INFO 3pending block 9 in 0.339238 
2024-07-21 17:23:14,676 superfastpath_3.py [line:288] one_slot INFO delay block 8 in 0.744650 
2024-07-21 17:23:14,691 superfastpath_3.py [line:295] one_slot INFO Fast block at Node 2 for Epoch sidAFAST0 and Slot 8 has delay, TPS and TXs: 0.74465012550354, 10000 
2024-07-21 17:23:14,691 superfastpath_3.py [line:297] one_slot INFO AVG TPS: 12511, running time 0.799242, weighted delay: 0.744650 
2024-07-21 17:23:14,691 superfastpath_3.py [line:302] one_slot INFO output block for slot 8 taking 0.759323 sec 
2024-07-21 17:23:14,691 superfastpath_3.py [line:306] one_slot INFO Leaving slot 9 
2024-07-21 17:23:14,691 superfastpath_3.py [line:232] one_slot INFO Entering slot 10 
2024-07-21 17:23:15,072 superfastpath_3.py [line:248] one_slot INFO pending block 10 in 0.334482 
2024-07-21 17:23:15,124 superfastpath_3.py [line:257] one_slot INFO 2pending block 10 in 0.387048 
2024-07-21 17:23:15,146 superfastpath_3.py [line:275] one_slot INFO read pending block 10 in 0.408196 
2024-07-21 17:23:15,146 superfastpath_3.py [line:284] one_slot INFO 3pending block 10 in 0.408400 
2024-07-21 17:23:15,146 superfastpath_3.py [line:288] one_slot INFO delay block 9 in 0.808796 
2024-07-21 17:23:15,160 superfastpath_3.py [line:295] one_slot INFO Fast block at Node 2 for Epoch sidAFAST0 and Slot 9 has delay, TPS and TXs: 0.8087959289550781, 20000 
2024-07-21 17:23:15,160 superfastpath_3.py [line:297] one_slot INFO AVG TPS: 15768, running time 1.268357, weighted delay: 0.776723 
2024-07-21 17:23:15,160 superfastpath_3.py [line:302] one_slot INFO output block for slot 9 taking 0.823119 sec 
2024-07-21 17:23:15,160 superfastpath_3.py [line:306] one_slot INFO Leaving slot 10 
2024-07-21 17:23:15,160 superfastpath_3.py [line:232] one_slot INFO Entering slot 11 
2024-07-21 17:23:15,506 superfastpath_3.py [line:248] one_slot INFO pending block 11 in 0.323128 
2024-07-21 17:23:15,506 superfastpath_3.py [line:257] one_slot INFO 2pending block 11 in 0.323338 
2024-07-21 17:23:15,525 superfastpath_3.py [line:275] one_slot INFO read pending block 11 in 0.342318 
2024-07-21 17:23:15,525 superfastpath_3.py [line:284] one_slot INFO 3pending block 11 in 0.342575 
2024-07-21 17:23:15,525 superfastpath_3.py [line:288] one_slot INFO delay block 10 in 0.787857 
2024-07-21 17:23:15,541 superfastpath_3.py [line:295] one_slot INFO Fast block at Node 2 for Epoch sidAFAST0 and Slot 10 has delay, TPS and TXs: 0.7878565788269043, 30000 
2024-07-21 17:23:15,542 superfastpath_3.py [line:297] one_slot INFO AVG TPS: 18181, running time 1.650074, weighted delay: 0.780434 
2024-07-21 17:23:15,542 superfastpath_3.py [line:302] one_slot INFO output block for slot 10 taking 0.804813 sec 
2024-07-21 17:23:15,542 superfastpath_3.py [line:306] one_slot INFO Leaving slot 11 
2024-07-21 17:23:15,542 superfastpath_3.py [line:232] one_slot INFO Entering slot 12 
2024-07-21 17:23:15,954 superfastpath_3.py [line:248] one_slot INFO pending block 12 in 0.369261 
2024-07-21 17:23:15,955 superfastpath_3.py [line:257] one_slot INFO 2pending block 12 in 0.370032 
2024-07-21 17:23:15,971 superfastpath_3.py [line:275] one_slot INFO read pending block 12 in 0.385590 
2024-07-21 17:23:15,971 superfastpath_3.py [line:284] one_slot INFO 3pending block 12 in 0.385783 
2024-07-21 17:23:15,971 superfastpath_3.py [line:288] one_slot INFO delay block 11 in 0.788512 
2024-07-21 17:23:15,986 superfastpath_3.py [line:295] one_slot INFO Fast block at Node 2 for Epoch sidAFAST0 and Slot 11 has delay, TPS and TXs: 0.7885124683380127, 40000 
2024-07-21 17:23:15,986 superfastpath_3.py [line:297] one_slot INFO AVG TPS: 19097, running time 2.094562, weighted delay: 0.782454 
2024-07-21 17:23:15,987 superfastpath_3.py [line:302] one_slot INFO output block for slot 11 taking 0.804140 sec 
2024-07-21 17:23:15,987 superfastpath_3.py [line:306] one_slot INFO Leaving slot 12 
2024-07-21 17:23:15,987 superfastpath_3.py [line:232] one_slot INFO Entering slot 13 
2024-07-21 17:23:16,358 superfastpath_3.py [line:248] one_slot INFO pending block 13 in 0.345124 
2024-07-21 17:23:16,358 superfastpath_3.py [line:257] one_slot INFO 2pending block 13 in 0.345340 
2024-07-21 17:23:16,375 superfastpath_3.py [line:275] one_slot INFO read pending block 13 in 0.362615 
2024-07-21 17:23:16,376 superfastpath_3.py [line:284] one_slot INFO 3pending block 13 in 0.363166 
2024-07-21 17:23:16,376 superfastpath_3.py [line:288] one_slot INFO delay block 12 in 0.790698 
2024-07-21 17:23:16,394 superfastpath_3.py [line:295] one_slot INFO Fast block at Node 2 for Epoch sidAFAST0 and Slot 12 has delay, TPS and TXs: 0.7906982898712158, 50000 
2024-07-21 17:23:16,394 superfastpath_3.py [line:297] one_slot INFO AVG TPS: 19979, running time 2.502524, weighted delay: 0.784103 
2024-07-21 17:23:16,394 superfastpath_3.py [line:302] one_slot INFO output block for slot 12 taking 0.809270 sec 
2024-07-21 17:23:16,394 superfastpath_3.py [line:306] one_slot INFO Leaving slot 13 
2024-07-21 17:23:16,395 superfastpath_3.py [line:232] one_slot INFO Entering slot 14 
2024-07-21 17:23:16,833 superfastpath_3.py [line:248] one_slot INFO pending block 14 in 0.376533 
2024-07-21 17:23:16,834 superfastpath_3.py [line:257] one_slot INFO 2pending block 14 in 0.376768 
2024-07-21 17:23:16,852 superfastpath_3.py [line:275] one_slot INFO read pending block 14 in 0.394697 
2024-07-21 17:23:16,852 superfastpath_3.py [line:284] one_slot INFO 3pending block 14 in 0.394873 
2024-07-21 17:23:16,852 superfastpath_3.py [line:288] one_slot INFO delay block 13 in 0.839505 
2024-07-21 17:23:16,868 superfastpath_3.py [line:295] one_slot INFO Fast block at Node 2 for Epoch sidAFAST0 and Slot 13 has delay, TPS and TXs: 0.8395049571990967, 60000 
2024-07-21 17:23:16,869 superfastpath_3.py [line:297] one_slot INFO AVG TPS: 20155, running time 2.976926, weighted delay: 0.793336 
2024-07-21 17:23:16,869 superfastpath_3.py [line:302] one_slot INFO output block for slot 13 taking 0.856333 sec 
2024-07-21 17:23:16,869 superfastpath_3.py [line:306] one_slot INFO Leaving slot 14 
2024-07-21 17:23:16,869 superfastpath_3.py [line:232] one_slot INFO Entering slot 15 
2024-07-21 17:23:17,309 superfastpath_3.py [line:248] one_slot INFO pending block 15 in 0.384785 
2024-07-21 17:23:17,310 superfastpath_3.py [line:257] one_slot INFO 2pending block 15 in 0.385522 
2024-07-21 17:23:17,340 superfastpath_3.py [line:275] one_slot INFO read pending block 15 in 0.415791 
2024-07-21 17:23:17,341 superfastpath_3.py [line:284] one_slot INFO 3pending block 15 in 0.416602 
2024-07-21 17:23:17,341 superfastpath_3.py [line:288] one_slot INFO delay block 14 in 0.884387 
2024-07-21 17:23:17,359 superfastpath_3.py [line:295] one_slot INFO Fast block at Node 2 for Epoch sidAFAST0 and Slot 14 has delay, TPS and TXs: 0.8843874931335449, 70000 
2024-07-21 17:23:17,359 superfastpath_3.py [line:297] one_slot INFO AVG TPS: 20186, running time 3.467656, weighted delay: 0.806344 
2024-07-21 17:23:17,360 superfastpath_3.py [line:302] one_slot INFO output block for slot 14 taking 0.902891 sec 
2024-07-21 17:23:17,360 superfastpath_3.py [line:306] one_slot INFO Leaving slot 15 
2024-07-21 17:23:17,360 superfastpath_3.py [line:232] one_slot INFO Entering slot 16 
2024-07-21 17:23:17,410 superfastpath_3.py [line:248] one_slot INFO pending block 16 in 0.042530 
2024-07-21 17:23:17,410 superfastpath_3.py [line:257] one_slot INFO 2pending block 16 in 0.042717 
2024-07-21 17:23:17,411 superfastpath_3.py [line:275] one_slot INFO read pending block 16 in 0.042846 
2024-07-21 17:23:17,411 superfastpath_3.py [line:284] one_slot INFO 3pending block 16 in 0.042919 
2024-07-21 17:23:17,411 superfastpath_3.py [line:288] one_slot INFO delay block 15 in 0.486191 
2024-07-21 17:23:17,440 superfastpath_3.py [line:295] one_slot INFO Fast block at Node 2 for Epoch sidAFAST0 and Slot 15 has delay, TPS and TXs: 0.4861910343170166, 80000 
2024-07-21 17:23:17,440 superfastpath_3.py [line:297] one_slot INFO AVG TPS: 22545, running time 3.548333, weighted delay: 0.766325 
2024-07-21 17:23:17,440 superfastpath_3.py [line:302] one_slot INFO output block for slot 15 taking 0.515639 sec 
2024-07-21 17:23:17,440 superfastpath_3.py [line:306] one_slot INFO Leaving slot 16 
2024-07-21 17:23:17,440 superfastpath_3.py [line:371] sufastpath INFO Leaves fastpath at 17 slot 
2024-07-21 17:23:17,441 Superfast.py [line:308] wait_for_fastpath INFO Fastpath of epoch 0 completed 
2024-07-21 17:23:17,441 Superfast.py [line:337] _run_epoch INFO Fastpath tps: 22544 delay 0.766325 
2024-07-21 17:23:22,444 Superfast.py [line:208] run_bft INFO node 2 breaks in 11.303283 seconds in epoch 0 with total delivered Txs 0 and average delay 0.000000 
2024-07-21 17:26:58,569 sufp_node.py [line:79] run INFO node 2's starts to run consensus on process id 28548 
2024-07-21 17:26:58,570 sufp_node.py [line:80] run INFO parameters: N=16, f=5, S=15, T=5, fast-batch=10000, acs-batch=62, K=1, O=0 
2024-07-21 17:26:58,570 sufp_node.py [line:62] prepare_bootstrap INFO node id 2 is inserting dummy payload TXs 
2024-07-21 17:26:58,572 sufp_node.py [line:70] prepare_bootstrap INFO node id 2 just inserts 50000 TXs 
2024-07-21 17:26:58,572 sufp_node.py [line:70] prepare_bootstrap INFO node id 2 just inserts 50000 TXs 
2024-07-21 17:26:58,572 sufp_node.py [line:74] prepare_bootstrap INFO node id 2 completed the loading of dummy TXs 
2024-07-21 17:26:58,572 Superfast.py [line:178] run_bft INFO Node 2 starts to run at time:1721554018.5729177 
2024-07-21 17:26:58,573 Superfast.py [line:231] _run_epoch INFO Node enters epoch 0 
2024-07-21 17:26:58,574 superfastpath_3.py [line:43] sufastpath INFO Entering fast path 
2024-07-21 17:26:58,575 superfastpath_3.py [line:232] one_slot INFO Entering slot 1 
2024-07-21 17:26:59,369 superfastpath_3.py [line:248] one_slot INFO pending block 1 in 0.083223 
2024-07-21 17:26:59,369 superfastpath_3.py [line:257] one_slot INFO 2pending block 1 in 0.083453 
2024-07-21 17:26:59,398 superfastpath_3.py [line:275] one_slot INFO read pending block 1 in 0.112677 
2024-07-21 17:26:59,398 superfastpath_3.py [line:306] one_slot INFO Leaving slot 1 
2024-07-21 17:26:59,399 superfastpath_3.py [line:232] one_slot INFO Entering slot 2 
2024-07-21 17:26:59,716 superfastpath_3.py [line:248] one_slot INFO pending block 2 in 0.107963 
2024-07-21 17:26:59,720 superfastpath_3.py [line:257] one_slot INFO 2pending block 2 in 0.111564 
2024-07-21 17:26:59,775 superfastpath_3.py [line:275] one_slot INFO read pending block 2 in 0.166538 
2024-07-21 17:26:59,775 superfastpath_3.py [line:306] one_slot INFO Leaving slot 2 
2024-07-21 17:26:59,776 superfastpath_3.py [line:232] one_slot INFO Entering slot 3 
2024-07-21 17:27:00,208 superfastpath_3.py [line:248] one_slot INFO pending block 3 in 0.315651 
2024-07-21 17:27:00,208 superfastpath_3.py [line:257] one_slot INFO 2pending block 3 in 0.315853 
2024-07-21 17:27:00,229 superfastpath_3.py [line:275] one_slot INFO read pending block 3 in 0.336765 
2024-07-21 17:27:00,230 superfastpath_3.py [line:306] one_slot INFO Leaving slot 3 
2024-07-21 17:27:00,230 superfastpath_3.py [line:232] one_slot INFO Entering slot 4 
2024-07-21 17:27:00,646 superfastpath_3.py [line:248] one_slot INFO pending block 4 in 0.283594 
2024-07-21 17:27:00,647 superfastpath_3.py [line:257] one_slot INFO 2pending block 4 in 0.283822 
2024-07-21 17:27:00,663 superfastpath_3.py [line:275] one_slot INFO read pending block 4 in 0.300443 
2024-07-21 17:27:00,663 superfastpath_3.py [line:306] one_slot INFO Leaving slot 4 
2024-07-21 17:27:00,664 superfastpath_3.py [line:232] one_slot INFO Entering slot 5 
2024-07-21 17:27:01,088 superfastpath_3.py [line:248] one_slot INFO pending block 5 in 0.282691 
2024-07-21 17:27:01,088 superfastpath_3.py [line:257] one_slot INFO 2pending block 5 in 0.283104 
2024-07-21 17:27:01,106 superfastpath_3.py [line:275] one_slot INFO read pending block 5 in 0.301126 
2024-07-21 17:27:01,106 superfastpath_3.py [line:306] one_slot INFO Leaving slot 5 
2024-07-21 17:27:01,107 superfastpath_3.py [line:232] one_slot INFO Entering slot 6 
2024-07-21 17:27:01,484 superfastpath_3.py [line:248] one_slot INFO pending block 6 in 0.243781 
2024-07-21 17:27:01,484 superfastpath_3.py [line:257] one_slot INFO 2pending block 6 in 0.244019 
2024-07-21 17:27:01,505 superfastpath_3.py [line:275] one_slot INFO read pending block 6 in 0.265104 
2024-07-21 17:27:01,505 superfastpath_3.py [line:306] one_slot INFO Leaving slot 6 
2024-07-21 17:27:01,506 superfastpath_3.py [line:232] one_slot INFO Entering slot 7 
2024-07-21 17:27:01,947 superfastpath_3.py [line:248] one_slot INFO pending block 7 in 0.305993 
2024-07-21 17:27:01,948 superfastpath_3.py [line:257] one_slot INFO 2pending block 7 in 0.306199 
2024-07-21 17:27:01,965 superfastpath_3.py [line:275] one_slot INFO read pending block 7 in 0.323828 
2024-07-21 17:27:01,966 superfastpath_3.py [line:306] one_slot INFO Leaving slot 7 
2024-07-21 17:27:01,966 superfastpath_3.py [line:232] one_slot INFO Entering slot 8 
2024-07-21 17:27:02,369 superfastpath_3.py [line:248] one_slot INFO pending block 8 in 0.288203 
2024-07-21 17:27:02,369 superfastpath_3.py [line:257] one_slot INFO 2pending block 8 in 0.288401 
2024-07-21 17:27:02,391 superfastpath_3.py [line:275] one_slot INFO read pending block 8 in 0.310609 
2024-07-21 17:27:02,392 superfastpath_3.py [line:306] one_slot INFO Leaving slot 8 
2024-07-21 17:27:02,392 superfastpath_3.py [line:232] one_slot INFO Entering slot 9 
2024-07-21 17:27:02,818 superfastpath_3.py [line:248] one_slot INFO pending block 9 in 0.297200 
2024-07-21 17:27:02,819 superfastpath_3.py [line:257] one_slot INFO 2pending block 9 in 0.297426 
2024-07-21 17:27:02,849 superfastpath_3.py [line:275] one_slot INFO read pending block 9 in 0.327362 
2024-07-21 17:27:02,849 superfastpath_3.py [line:284] one_slot INFO 3pending block 9 in 0.327809 
2024-07-21 17:27:02,850 superfastpath_3.py [line:288] one_slot INFO delay block 8 in 0.768903 
2024-07-21 17:27:02,871 superfastpath_3.py [line:295] one_slot INFO Fast block at Node 2 for Epoch sidAFAST0 and Slot 8 has delay, TPS and TXs: 0.7689027786254883, 10000 
2024-07-21 17:27:02,871 superfastpath_3.py [line:297] one_slot INFO AVG TPS: 11047, running time 0.905172, weighted delay: 0.768903 
2024-07-21 17:27:02,871 superfastpath_3.py [line:302] one_slot INFO output block for slot 8 taking 0.790187 sec 
2024-07-21 17:27:02,871 superfastpath_3.py [line:306] one_slot INFO Leaving slot 9 
2024-07-21 17:27:02,871 superfastpath_3.py [line:232] one_slot INFO Entering slot 10 
2024-07-21 17:27:03,257 superfastpath_3.py [line:248] one_slot INFO pending block 10 in 0.265726 
2024-07-21 17:27:03,257 superfastpath_3.py [line:257] one_slot INFO 2pending block 10 in 0.265900 
2024-07-21 17:27:03,282 superfastpath_3.py [line:275] one_slot INFO read pending block 10 in 0.290015 
2024-07-21 17:27:03,282 superfastpath_3.py [line:284] one_slot INFO 3pending block 10 in 0.290522 
2024-07-21 17:27:03,282 superfastpath_3.py [line:288] one_slot INFO delay block 9 in 0.761033 
2024-07-21 17:27:03,305 superfastpath_3.py [line:295] one_slot INFO Fast block at Node 2 for Epoch sidAFAST0 and Slot 9 has delay, TPS and TXs: 0.7610330581665039, 20000 
2024-07-21 17:27:03,305 superfastpath_3.py [line:297] one_slot INFO AVG TPS: 14929, running time 1.339589, weighted delay: 0.764968 
2024-07-21 17:27:03,306 superfastpath_3.py [line:302] one_slot INFO output block for slot 9 taking 0.784382 sec 
2024-07-21 17:27:03,306 superfastpath_3.py [line:306] one_slot INFO Leaving slot 10 
2024-07-21 17:27:03,306 superfastpath_3.py [line:232] one_slot INFO Entering slot 11 
2024-07-21 17:27:03,730 superfastpath_3.py [line:248] one_slot INFO pending block 11 in 0.279107 
2024-07-21 17:27:03,730 superfastpath_3.py [line:257] one_slot INFO 2pending block 11 in 0.279339 
2024-07-21 17:27:03,754 superfastpath_3.py [line:275] one_slot INFO read pending block 11 in 0.303995 
2024-07-21 17:27:03,755 superfastpath_3.py [line:284] one_slot INFO 3pending block 11 in 0.304251 
2024-07-21 17:27:03,755 superfastpath_3.py [line:288] one_slot INFO delay block 10 in 0.763253 
2024-07-21 17:27:03,775 superfastpath_3.py [line:295] one_slot INFO Fast block at Node 2 for Epoch sidAFAST0 and Slot 10 has delay, TPS and TXs: 0.7632527351379395, 30000 
2024-07-21 17:27:03,775 superfastpath_3.py [line:297] one_slot INFO AVG TPS: 16579, running time 1.809427, weighted delay: 0.764396 
2024-07-21 17:27:03,776 superfastpath_3.py [line:302] one_slot INFO output block for slot 10 taking 0.784169 sec 
2024-07-21 17:27:03,776 superfastpath_3.py [line:306] one_slot INFO Leaving slot 11 
2024-07-21 17:27:03,776 superfastpath_3.py [line:232] one_slot INFO Entering slot 12 
2024-07-21 17:27:04,202 superfastpath_3.py [line:248] one_slot INFO pending block 12 in 0.288074 
2024-07-21 17:27:04,202 superfastpath_3.py [line:257] one_slot INFO 2pending block 12 in 0.288461 
2024-07-21 17:27:04,224 superfastpath_3.py [line:275] one_slot INFO read pending block 12 in 0.310477 
2024-07-21 17:27:04,224 superfastpath_3.py [line:284] one_slot INFO 3pending block 12 in 0.310688 
2024-07-21 17:27:04,224 superfastpath_3.py [line:288] one_slot INFO delay block 11 in 0.774038 
2024-07-21 17:27:04,243 superfastpath_3.py [line:295] one_slot INFO Fast block at Node 2 for Epoch sidAFAST0 and Slot 11 has delay, TPS and TXs: 0.7740375995635986, 40000 
2024-07-21 17:27:04,243 superfastpath_3.py [line:297] one_slot INFO AVG TPS: 17563, running time 2.277402, weighted delay: 0.766807 
2024-07-21 17:27:04,243 superfastpath_3.py [line:302] one_slot INFO output block for slot 11 taking 0.792733 sec 
2024-07-21 17:27:04,243 superfastpath_3.py [line:306] one_slot INFO Leaving slot 12 
2024-07-21 17:27:04,243 superfastpath_3.py [line:232] one_slot INFO Entering slot 13 
2024-07-21 17:27:04,651 superfastpath_3.py [line:248] one_slot INFO pending block 13 in 0.262061 
2024-07-21 17:27:04,651 superfastpath_3.py [line:257] one_slot INFO 2pending block 13 in 0.262262 
2024-07-21 17:27:04,686 superfastpath_3.py [line:275] one_slot INFO read pending block 13 in 0.297016 
2024-07-21 17:27:04,686 superfastpath_3.py [line:284] one_slot INFO 3pending block 13 in 0.297196 
2024-07-21 17:27:04,686 superfastpath_3.py [line:288] one_slot INFO delay block 12 in 0.772716 
2024-07-21 17:27:04,713 superfastpath_3.py [line:295] one_slot INFO Fast block at Node 2 for Epoch sidAFAST0 and Slot 12 has delay, TPS and TXs: 0.7727162837982178, 50000 
2024-07-21 17:27:04,714 superfastpath_3.py [line:297] one_slot INFO AVG TPS: 18191, running time 2.748473, weighted delay: 0.767988 
2024-07-21 17:27:04,714 superfastpath_3.py [line:302] one_slot INFO output block for slot 12 taking 0.800762 sec 
2024-07-21 17:27:04,715 superfastpath_3.py [line:306] one_slot INFO Leaving slot 13 
2024-07-21 17:27:04,715 superfastpath_3.py [line:232] one_slot INFO Entering slot 14 
2024-07-21 17:27:05,142 superfastpath_3.py [line:248] one_slot INFO pending block 14 in 0.289331 
2024-07-21 17:27:05,142 superfastpath_3.py [line:257] one_slot INFO 2pending block 14 in 0.289802 
2024-07-21 17:27:05,181 superfastpath_3.py [line:275] one_slot INFO read pending block 14 in 0.328601 
2024-07-21 17:27:05,181 superfastpath_3.py [line:284] one_slot INFO 3pending block 14 in 0.328768 
2024-07-21 17:27:05,181 superfastpath_3.py [line:288] one_slot INFO delay block 13 in 0.792148 
2024-07-21 17:27:05,206 superfastpath_3.py [line:295] one_slot INFO Fast block at Node 2 for Epoch sidAFAST0 and Slot 13 has delay, TPS and TXs: 0.7921483516693115, 60000 
2024-07-21 17:27:05,206 superfastpath_3.py [line:297] one_slot INFO AVG TPS: 18517, running time 3.240177, weighted delay: 0.772015 
2024-07-21 17:27:05,207 superfastpath_3.py [line:302] one_slot INFO output block for slot 13 taking 0.817438 sec 
2024-07-21 17:27:05,207 superfastpath_3.py [line:306] one_slot INFO Leaving slot 14 
2024-07-21 17:27:05,208 superfastpath_3.py [line:232] one_slot INFO Entering slot 15 
2024-07-21 17:27:05,587 superfastpath_3.py [line:248] one_slot INFO pending block 15 in 0.261268 
2024-07-21 17:27:05,588 superfastpath_3.py [line:257] one_slot INFO 2pending block 15 in 0.261494 
2024-07-21 17:27:05,603 superfastpath_3.py [line:275] one_slot INFO read pending block 15 in 0.277159 
2024-07-21 17:27:05,603 superfastpath_3.py [line:284] one_slot INFO 3pending block 15 in 0.277365 
2024-07-21 17:27:05,603 superfastpath_3.py [line:288] one_slot INFO delay block 14 in 0.751130 
2024-07-21 17:27:05,618 superfastpath_3.py [line:295] one_slot INFO Fast block at Node 2 for Epoch sidAFAST0 and Slot 14 has delay, TPS and TXs: 0.7511303424835205, 70000 
2024-07-21 17:27:05,618 superfastpath_3.py [line:297] one_slot INFO AVG TPS: 19164, running time 3.652638, weighted delay: 0.769032 
2024-07-21 17:27:05,618 superfastpath_3.py [line:302] one_slot INFO output block for slot 14 taking 0.766056 sec 
2024-07-21 17:27:05,618 superfastpath_3.py [line:306] one_slot INFO Leaving slot 15 
2024-07-21 17:27:05,619 superfastpath_3.py [line:232] one_slot INFO Entering slot 16 
2024-07-21 17:27:05,773 superfastpath_3.py [line:248] one_slot INFO pending block 16 in 0.021223 
2024-07-21 17:27:05,773 superfastpath_3.py [line:257] one_slot INFO 2pending block 16 in 0.021395 
2024-07-21 17:27:05,773 superfastpath_3.py [line:275] one_slot INFO read pending block 16 in 0.021525 
2024-07-21 17:27:05,773 superfastpath_3.py [line:284] one_slot INFO 3pending block 16 in 0.021610 
2024-07-21 17:27:05,773 superfastpath_3.py [line:288] one_slot INFO delay block 15 in 0.447016 
2024-07-21 17:27:05,817 superfastpath_3.py [line:295] one_slot INFO Fast block at Node 2 for Epoch sidAFAST0 and Slot 15 has delay, TPS and TXs: 0.44701552391052246, 80000 
2024-07-21 17:27:05,841 superfastpath_3.py [line:297] one_slot INFO AVG TPS: 20644, running time 3.875178, weighted delay: 0.728780 
2024-07-21 17:27:05,841 superfastpath_3.py [line:302] one_slot INFO output block for slot 15 taking 0.515108 sec 
2024-07-21 17:27:05,841 superfastpath_3.py [line:306] one_slot INFO Leaving slot 16 
2024-07-21 17:27:05,841 superfastpath_3.py [line:371] sufastpath INFO Leaves fastpath at 17 slot 
2024-07-21 17:27:05,842 Superfast.py [line:308] wait_for_fastpath INFO Fastpath of epoch 0 completed 
2024-07-21 17:27:05,842 Superfast.py [line:337] _run_epoch INFO Fastpath tps: 20642 delay 0.728780 
2024-07-21 17:30:44,218 sufp_node.py [line:79] run INFO node 2's starts to run consensus on process id 28847 
2024-07-21 17:30:44,219 sufp_node.py [line:80] run INFO parameters: N=16, f=5, S=15, T=5, fast-batch=1000, acs-batch=62, K=1, O=0 
2024-07-21 17:30:44,219 sufp_node.py [line:62] prepare_bootstrap INFO node id 2 is inserting dummy payload TXs 
2024-07-21 17:30:44,220 sufp_node.py [line:70] prepare_bootstrap INFO node id 2 just inserts 50000 TXs 
2024-07-21 17:30:44,220 sufp_node.py [line:70] prepare_bootstrap INFO node id 2 just inserts 50000 TXs 
2024-07-21 17:30:44,220 sufp_node.py [line:74] prepare_bootstrap INFO node id 2 completed the loading of dummy TXs 
2024-07-21 17:30:44,220 Superfast.py [line:178] run_bft INFO Node 2 starts to run at time:1721554244.2204072 
2024-07-21 17:30:44,220 Superfast.py [line:231] _run_epoch INFO Node enters epoch 0 
2024-07-21 17:30:44,221 superfastpath_3.py [line:43] sufastpath INFO Entering fast path 
2024-07-21 17:30:44,221 superfastpath_3.py [line:232] one_slot INFO Entering slot 1 
2024-07-21 17:30:44,985 superfastpath_3.py [line:248] one_slot INFO pending block 1 in 0.019031 
2024-07-21 17:30:44,986 superfastpath_3.py [line:257] one_slot INFO 2pending block 1 in 0.019857 
2024-07-21 17:30:44,988 superfastpath_3.py [line:275] one_slot INFO read pending block 1 in 0.022585 
2024-07-21 17:30:44,989 superfastpath_3.py [line:306] one_slot INFO Leaving slot 1 
2024-07-21 17:30:44,989 superfastpath_3.py [line:232] one_slot INFO Entering slot 2 
2024-07-21 17:30:45,067 superfastpath_3.py [line:248] one_slot INFO pending block 2 in 0.017031 
2024-07-21 17:30:45,067 superfastpath_3.py [line:257] one_slot INFO 2pending block 2 in 0.017236 
2024-07-21 17:30:45,069 superfastpath_3.py [line:275] one_slot INFO read pending block 2 in 0.019161 
2024-07-21 17:30:45,069 superfastpath_3.py [line:306] one_slot INFO Leaving slot 2 
2024-07-21 17:30:45,069 superfastpath_3.py [line:232] one_slot INFO Entering slot 3 
2024-07-21 17:30:45,164 superfastpath_3.py [line:248] one_slot INFO pending block 3 in 0.063354 
2024-07-21 17:30:45,165 superfastpath_3.py [line:257] one_slot INFO 2pending block 3 in 0.063582 
2024-07-21 17:30:45,166 superfastpath_3.py [line:275] one_slot INFO read pending block 3 in 0.065406 
2024-07-21 17:30:45,167 superfastpath_3.py [line:306] one_slot INFO Leaving slot 3 
2024-07-21 17:30:45,167 superfastpath_3.py [line:232] one_slot INFO Entering slot 4 
2024-07-21 17:30:45,233 superfastpath_3.py [line:248] one_slot INFO pending block 4 in 0.061868 
2024-07-21 17:30:45,233 superfastpath_3.py [line:257] one_slot INFO 2pending block 4 in 0.062266 
2024-07-21 17:30:45,238 superfastpath_3.py [line:275] one_slot INFO read pending block 4 in 0.066257 
2024-07-21 17:30:45,239 superfastpath_3.py [line:306] one_slot INFO Leaving slot 4 
2024-07-21 17:30:45,240 superfastpath_3.py [line:232] one_slot INFO Entering slot 5 
2024-07-21 17:30:45,296 superfastpath_3.py [line:248] one_slot INFO pending block 5 in 0.050967 
2024-07-21 17:30:45,296 superfastpath_3.py [line:257] one_slot INFO 2pending block 5 in 0.051184 
2024-07-21 17:30:45,297 superfastpath_3.py [line:275] one_slot INFO read pending block 5 in 0.052680 
2024-07-21 17:30:45,297 superfastpath_3.py [line:306] one_slot INFO Leaving slot 5 
2024-07-21 17:30:45,298 superfastpath_3.py [line:232] one_slot INFO Entering slot 6 
2024-07-21 17:30:50,299 superfastpath_3.py [line:364] sufastpath INFO Fastpath Timeout! 
2024-07-21 17:30:50,299 superfastpath_3.py [line:371] sufastpath INFO Leaves fastpath at 6 slot 
2024-07-21 17:30:50,299 Superfast.py [line:308] wait_for_fastpath INFO Fastpath of epoch 0 completed 
2024-07-21 17:30:55,299 Superfast.py [line:208] run_bft INFO node 2 breaks in 11.079487 seconds in epoch 0 with total delivered Txs 0 and average delay 0.000000 
2024-07-21 17:32:25,417 sufp_node.py [line:79] run INFO node 2's starts to run consensus on process id 29286 
2024-07-21 17:32:25,417 sufp_node.py [line:80] run INFO parameters: N=16, f=5, S=15, T=5, fast-batch=1000, acs-batch=62, K=1, O=0 
2024-07-21 17:32:25,417 sufp_node.py [line:62] prepare_bootstrap INFO node id 2 is inserting dummy payload TXs 
2024-07-21 17:32:25,418 sufp_node.py [line:70] prepare_bootstrap INFO node id 2 just inserts 50000 TXs 
2024-07-21 17:32:25,418 sufp_node.py [line:70] prepare_bootstrap INFO node id 2 just inserts 50000 TXs 
2024-07-21 17:32:25,418 sufp_node.py [line:74] prepare_bootstrap INFO node id 2 completed the loading of dummy TXs 
2024-07-21 17:32:25,418 Superfast.py [line:178] run_bft INFO Node 2 starts to run at time:1721554345.4189048 
2024-07-21 17:32:25,419 Superfast.py [line:231] _run_epoch INFO Node enters epoch 0 
2024-07-21 17:32:25,420 superfastpath_3.py [line:43] sufastpath INFO Entering fast path 
2024-07-21 17:32:25,420 superfastpath_3.py [line:232] one_slot INFO Entering slot 1 
2024-07-21 17:32:25,690 superfastpath_3.py [line:248] one_slot INFO pending block 1 in 0.049295 
2024-07-21 17:32:25,690 superfastpath_3.py [line:257] one_slot INFO 2pending block 1 in 0.049483 
2024-07-21 17:32:25,691 superfastpath_3.py [line:275] one_slot INFO read pending block 1 in 0.050833 
2024-07-21 17:32:25,691 superfastpath_3.py [line:306] one_slot INFO Leaving slot 1 
2024-07-21 17:32:25,692 superfastpath_3.py [line:232] one_slot INFO Entering slot 2 
2024-07-21 17:32:25,773 superfastpath_3.py [line:248] one_slot INFO pending block 2 in 0.044341 
2024-07-21 17:32:25,773 superfastpath_3.py [line:257] one_slot INFO 2pending block 2 in 0.044577 
2024-07-21 17:32:25,775 superfastpath_3.py [line:275] one_slot INFO read pending block 2 in 0.046577 
2024-07-21 17:32:25,775 superfastpath_3.py [line:306] one_slot INFO Leaving slot 2 
2024-07-21 17:32:25,776 superfastpath_3.py [line:232] one_slot INFO Entering slot 3 
2024-07-21 17:32:25,805 superfastpath_3.py [line:248] one_slot INFO pending block 3 in 0.015445 
2024-07-21 17:32:25,805 superfastpath_3.py [line:257] one_slot INFO 2pending block 3 in 0.015671 
2024-07-21 17:32:25,808 superfastpath_3.py [line:275] one_slot INFO read pending block 3 in 0.018368 
2024-07-21 17:32:25,808 superfastpath_3.py [line:306] one_slot INFO Leaving slot 3 
2024-07-21 17:32:25,808 superfastpath_3.py [line:232] one_slot INFO Entering slot 4 
2024-07-21 17:32:30,809 superfastpath_3.py [line:364] sufastpath INFO Fastpath Timeout! 
2024-07-21 17:32:30,809 superfastpath_3.py [line:371] sufastpath INFO Leaves fastpath at 4 slot 
2024-07-21 17:32:30,809 Superfast.py [line:308] wait_for_fastpath INFO Fastpath of epoch 0 completed 
2024-07-21 17:32:35,818 Superfast.py [line:208] run_bft INFO node 2 breaks in 10.399742 seconds in epoch 0 with total delivered Txs 0 and average delay 0.000000 
2024-07-21 17:39:25,911 sufp_node.py [line:79] run INFO node 2's starts to run consensus on process id 29647 
2024-07-21 17:39:25,911 sufp_node.py [line:80] run INFO parameters: N=16, f=5, S=15, T=5, fast-batch=1000, acs-batch=62, K=1, O=0 
2024-07-21 17:39:25,912 sufp_node.py [line:62] prepare_bootstrap INFO node id 2 is inserting dummy payload TXs 
2024-07-21 17:39:25,913 sufp_node.py [line:70] prepare_bootstrap INFO node id 2 just inserts 50000 TXs 
2024-07-21 17:39:25,913 sufp_node.py [line:70] prepare_bootstrap INFO node id 2 just inserts 50000 TXs 
2024-07-21 17:39:25,914 sufp_node.py [line:74] prepare_bootstrap INFO node id 2 completed the loading of dummy TXs 
2024-07-21 17:39:25,914 Superfast.py [line:178] run_bft INFO Node 2 starts to run at time:1721554765.914371 
2024-07-21 17:39:25,914 Superfast.py [line:231] _run_epoch INFO Node enters epoch 0 
2024-07-21 17:39:25,916 superfastpath_3.py [line:43] sufastpath INFO Entering fast path 
2024-07-21 17:39:25,916 superfastpath_3.py [line:232] one_slot INFO Entering slot 1 
2024-07-21 17:39:26,539 superfastpath_3.py [line:248] one_slot INFO pending block 1 in 0.022931 
2024-07-21 17:39:26,539 superfastpath_3.py [line:257] one_slot INFO 2pending block 1 in 0.023113 
2024-07-21 17:39:26,541 superfastpath_3.py [line:275] one_slot INFO read pending block 1 in 0.024564 
2024-07-21 17:39:26,541 superfastpath_3.py [line:306] one_slot INFO Leaving slot 1 
2024-07-21 17:39:26,541 superfastpath_3.py [line:232] one_slot INFO Entering slot 2 
2024-07-21 17:39:26,609 superfastpath_3.py [line:248] one_slot INFO pending block 2 in 0.013922 
2024-07-21 17:39:26,612 superfastpath_3.py [line:257] one_slot INFO 2pending block 2 in 0.017068 
2024-07-21 17:39:26,614 superfastpath_3.py [line:275] one_slot INFO read pending block 2 in 0.019144 
2024-07-21 17:39:26,614 superfastpath_3.py [line:306] one_slot INFO Leaving slot 2 
2024-07-21 17:39:26,615 superfastpath_3.py [line:232] one_slot INFO Entering slot 3 
2024-07-21 17:39:26,714 superfastpath_3.py [line:248] one_slot INFO pending block 3 in 0.072085 
2024-07-21 17:39:26,714 superfastpath_3.py [line:257] one_slot INFO 2pending block 3 in 0.072263 
2024-07-21 17:39:26,716 superfastpath_3.py [line:275] one_slot INFO read pending block 3 in 0.073732 
2024-07-21 17:39:26,716 superfastpath_3.py [line:306] one_slot INFO Leaving slot 3 
2024-07-21 17:39:26,717 superfastpath_3.py [line:232] one_slot INFO Entering slot 4 
2024-07-21 17:39:31,718 superfastpath_3.py [line:364] sufastpath INFO Fastpath Timeout! 
2024-07-21 17:39:31,718 superfastpath_3.py [line:371] sufastpath INFO Leaves fastpath at 4 slot 
2024-07-21 17:39:31,718 Superfast.py [line:308] wait_for_fastpath INFO Fastpath of epoch 0 completed 
2024-07-21 17:39:36,719 Superfast.py [line:208] run_bft INFO node 2 breaks in 10.805166 seconds in epoch 0 with total delivered Txs 0 and average delay 0.000000 
2024-07-21 17:44:32,292 sufp_node.py [line:79] run INFO node 2's starts to run consensus on process id 29950 
2024-07-21 17:44:32,292 sufp_node.py [line:80] run INFO parameters: N=16, f=5, S=15, T=5, fast-batch=1000, acs-batch=62, K=1, O=0 
2024-07-21 17:44:32,292 sufp_node.py [line:62] prepare_bootstrap INFO node id 2 is inserting dummy payload TXs 
2024-07-21 17:44:32,293 sufp_node.py [line:70] prepare_bootstrap INFO node id 2 just inserts 50000 TXs 
2024-07-21 17:44:32,293 sufp_node.py [line:70] prepare_bootstrap INFO node id 2 just inserts 50000 TXs 
2024-07-21 17:44:32,293 sufp_node.py [line:74] prepare_bootstrap INFO node id 2 completed the loading of dummy TXs 
2024-07-21 17:44:32,293 Superfast.py [line:178] run_bft INFO Node 2 starts to run at time:1721555072.2935488 
2024-07-21 17:44:32,293 Superfast.py [line:231] _run_epoch INFO Node enters epoch 0 
2024-07-21 17:44:32,294 superfastpath_3.py [line:43] sufastpath INFO Entering fast path 
2024-07-21 17:44:32,294 superfastpath_3.py [line:232] one_slot INFO Entering slot 1 
2024-07-21 17:44:32,819 superfastpath_3.py [line:250] one_slot INFO pending block 1 in 0.013825 
2024-07-21 17:44:32,819 superfastpath_3.py [line:259] one_slot INFO 2pending block 1 in 0.014058 
2024-07-21 17:44:32,821 superfastpath_3.py [line:277] one_slot INFO read pending block 1 in 0.015998 
2024-07-21 17:44:32,821 superfastpath_3.py [line:308] one_slot INFO Leaving slot 1 
2024-07-21 17:44:32,821 superfastpath_3.py [line:232] one_slot INFO Entering slot 2 
2024-07-21 17:44:32,896 superfastpath_3.py [line:250] one_slot INFO pending block 2 in 0.010715 
2024-07-21 17:44:32,896 superfastpath_3.py [line:259] one_slot INFO 2pending block 2 in 0.010887 
2024-07-21 17:44:32,910 superfastpath_3.py [line:277] one_slot INFO read pending block 2 in 0.024922 
2024-07-21 17:44:32,910 superfastpath_3.py [line:308] one_slot INFO Leaving slot 2 
2024-07-21 17:44:32,910 superfastpath_3.py [line:232] one_slot INFO Entering slot 3 
2024-07-21 17:44:32,935 superfastpath_3.py [line:250] one_slot INFO pending block 3 in 0.014367 
2024-07-21 17:44:32,935 superfastpath_3.py [line:259] one_slot INFO 2pending block 3 in 0.014548 
2024-07-21 17:44:32,938 superfastpath_3.py [line:277] one_slot INFO read pending block 3 in 0.016697 
2024-07-21 17:44:32,938 superfastpath_3.py [line:308] one_slot INFO Leaving slot 3 
2024-07-21 17:44:32,938 superfastpath_3.py [line:232] one_slot INFO Entering slot 4 
2024-07-21 17:44:37,939 superfastpath_3.py [line:366] sufastpath INFO Fastpath Timeout! 
2024-07-21 17:44:37,939 superfastpath_3.py [line:373] sufastpath INFO Leaves fastpath at 4 slot 
2024-07-21 17:44:37,940 Superfast.py [line:308] wait_for_fastpath INFO Fastpath of epoch 0 completed 
2024-07-21 17:48:21,424 sufp_node.py [line:79] run INFO node 2's starts to run consensus on process id 30233 
2024-07-21 17:48:21,425 sufp_node.py [line:80] run INFO parameters: N=16, f=5, S=15, T=5, fast-batch=1000, acs-batch=62, K=1, O=0 
2024-07-21 17:48:21,425 sufp_node.py [line:62] prepare_bootstrap INFO node id 2 is inserting dummy payload TXs 
2024-07-21 17:48:21,425 sufp_node.py [line:70] prepare_bootstrap INFO node id 2 just inserts 50000 TXs 
2024-07-21 17:48:21,426 sufp_node.py [line:70] prepare_bootstrap INFO node id 2 just inserts 50000 TXs 
2024-07-21 17:48:21,426 sufp_node.py [line:74] prepare_bootstrap INFO node id 2 completed the loading of dummy TXs 
2024-07-21 17:48:21,426 Superfast.py [line:178] run_bft INFO Node 2 starts to run at time:1721555301.426511 
2024-07-21 17:48:21,426 Superfast.py [line:231] _run_epoch INFO Node enters epoch 0 
2024-07-21 17:48:21,427 superfastpath_3.py [line:43] sufastpath INFO Entering fast path 
2024-07-21 17:48:21,428 superfastpath_3.py [line:232] one_slot INFO Entering slot 1 
2024-07-21 17:48:22,261 superfastpath_3.py [line:250] one_slot INFO pending block 1 in 0.021017 
2024-07-21 17:48:22,261 superfastpath_3.py [line:259] one_slot INFO 2pending block 1 in 0.021223 
2024-07-21 17:48:22,263 superfastpath_3.py [line:277] one_slot INFO read pending block 1 in 0.022722 
2024-07-21 17:48:22,263 superfastpath_3.py [line:308] one_slot INFO Leaving slot 1 
2024-07-21 17:48:22,263 superfastpath_3.py [line:232] one_slot INFO Entering slot 2 
2024-07-21 17:48:22,336 superfastpath_3.py [line:250] one_slot INFO pending block 2 in 0.008826 
2024-07-21 17:48:22,338 superfastpath_3.py [line:259] one_slot INFO 2pending block 2 in 0.009166 
2024-07-21 17:48:22,340 superfastpath_3.py [line:277] one_slot INFO read pending block 2 in 0.012719 
2024-07-21 17:48:22,340 superfastpath_3.py [line:308] one_slot INFO Leaving slot 2 
2024-07-21 17:48:22,341 superfastpath_3.py [line:232] one_slot INFO Entering slot 3 
2024-07-21 17:48:22,415 superfastpath_3.py [line:250] one_slot INFO pending block 3 in 0.039850 
2024-07-21 17:48:22,415 superfastpath_3.py [line:259] one_slot INFO 2pending block 3 in 0.040040 
2024-07-21 17:48:22,416 superfastpath_3.py [line:277] one_slot INFO read pending block 3 in 0.041440 
2024-07-21 17:48:22,416 superfastpath_3.py [line:308] one_slot INFO Leaving slot 3 
2024-07-21 17:48:22,417 superfastpath_3.py [line:232] one_slot INFO Entering slot 4 
2024-07-21 17:48:27,418 superfastpath_3.py [line:366] sufastpath INFO Fastpath Timeout! 
2024-07-21 17:48:27,418 superfastpath_3.py [line:373] sufastpath INFO Leaves fastpath at 4 slot 
2024-07-21 17:48:27,418 Superfast.py [line:308] wait_for_fastpath INFO Fastpath of epoch 0 completed 
2024-07-21 17:52:05,550 sufp_node.py [line:79] run INFO node 2's starts to run consensus on process id 30554 
2024-07-21 17:52:05,551 sufp_node.py [line:80] run INFO parameters: N=16, f=5, S=15, T=5, fast-batch=1000, acs-batch=62, K=1, O=0 
2024-07-21 17:52:05,551 sufp_node.py [line:62] prepare_bootstrap INFO node id 2 is inserting dummy payload TXs 
2024-07-21 17:52:05,551 sufp_node.py [line:70] prepare_bootstrap INFO node id 2 just inserts 50000 TXs 
2024-07-21 17:52:05,551 sufp_node.py [line:70] prepare_bootstrap INFO node id 2 just inserts 50000 TXs 
2024-07-21 17:52:05,551 sufp_node.py [line:74] prepare_bootstrap INFO node id 2 completed the loading of dummy TXs 
2024-07-21 17:52:05,551 Superfast.py [line:178] run_bft INFO Node 2 starts to run at time:1721555525.5519133 
2024-07-21 17:52:05,552 Superfast.py [line:231] _run_epoch INFO Node enters epoch 0 
2024-07-21 17:52:05,552 superfastpath_3.py [line:43] sufastpath INFO Entering fast path 
2024-07-21 17:52:05,553 superfastpath_3.py [line:233] one_slot INFO Entering slot 1 
2024-07-21 17:52:05,554 superfastpath_3.py [line:241] one_slot INFO send vote in 1 b'>\xf6~\x99L\x89?h\xac\xe5z\xd1\x8d\x0e\xb8\xd8ec\x89O\x087\x91\xd2\x14P\x1d\xa2\xae\xfa+d' 
2024-07-21 17:52:05,931 superfastpath_3.py [line:251] one_slot INFO pending block 1 in 0.012896 
2024-07-21 17:52:05,931 superfastpath_3.py [line:260] one_slot INFO 2pending block 1 in 0.013123 
2024-07-21 17:52:05,933 superfastpath_3.py [line:278] one_slot INFO read pending block 1 in 0.014941 
2024-07-21 17:52:05,933 superfastpath_3.py [line:309] one_slot INFO Leaving slot 1 
2024-07-21 17:52:05,933 superfastpath_3.py [line:233] one_slot INFO Entering slot 2 
2024-07-21 17:52:05,934 superfastpath_3.py [line:241] one_slot INFO send vote in 2 b'\x9b\xe1\xaco\x9fV\x04J6\x87v+\xfa6a\xf2\xaaU\xcaN\r:\xf8\xfe\xf9\x11\x8a\x07)\xbf\xa1^' 
2024-07-21 17:52:05,974 superfastpath_3.py [line:251] one_slot INFO pending block 2 in 0.011185 
2024-07-21 17:52:05,975 superfastpath_3.py [line:260] one_slot INFO 2pending block 2 in 0.011382 
2024-07-21 17:52:05,976 superfastpath_3.py [line:278] one_slot INFO read pending block 2 in 0.013220 
2024-07-21 17:52:05,980 superfastpath_3.py [line:309] one_slot INFO Leaving slot 2 
2024-07-21 17:52:05,980 superfastpath_3.py [line:233] one_slot INFO Entering slot 3 
2024-07-21 17:52:05,980 superfastpath_3.py [line:241] one_slot INFO send vote in 3 b'\xba\xa5EM:\xc4\x00\xa3:\x16\xa4\xf9\x98\xf3 \x0b\x99YF\xc2\x12\xbe]\x891\x91\x94\xd9\x80jdA' 
2024-07-21 17:52:06,072 superfastpath_3.py [line:251] one_slot INFO pending block 3 in 0.061404 
2024-07-21 17:52:06,072 superfastpath_3.py [line:260] one_slot INFO 2pending block 3 in 0.061604 
2024-07-21 17:52:06,074 superfastpath_3.py [line:278] one_slot INFO read pending block 3 in 0.063298 
2024-07-21 17:52:06,074 superfastpath_3.py [line:309] one_slot INFO Leaving slot 3 
2024-07-21 17:52:06,074 superfastpath_3.py [line:233] one_slot INFO Entering slot 4 
2024-07-21 17:52:06,075 superfastpath_3.py [line:241] one_slot INFO send vote in 4 b'/\xda.\x80\x02\xe3{\xf4\xed\xf6\x8a\x7flH\x1ag\xc8m\xa94An\xd5\x81\xfa\x91\x97e\x14\x17`k' 
2024-07-21 17:52:11,074 superfastpath_3.py [line:367] sufastpath INFO Fastpath Timeout! 
2024-07-21 17:52:11,075 superfastpath_3.py [line:374] sufastpath INFO Leaves fastpath at 4 slot 
2024-07-21 17:52:11,075 Superfast.py [line:308] wait_for_fastpath INFO Fastpath of epoch 0 completed 
2024-07-21 17:53:16,694 sufp_node.py [line:79] run INFO node 2's starts to run consensus on process id 30815 
2024-07-21 17:53:16,695 sufp_node.py [line:80] run INFO parameters: N=16, f=5, S=15, T=5, fast-batch=1000, acs-batch=62, K=1, O=0 
2024-07-21 17:53:16,695 sufp_node.py [line:62] prepare_bootstrap INFO node id 2 is inserting dummy payload TXs 
2024-07-21 17:53:16,696 sufp_node.py [line:70] prepare_bootstrap INFO node id 2 just inserts 50000 TXs 
2024-07-21 17:53:16,696 sufp_node.py [line:70] prepare_bootstrap INFO node id 2 just inserts 50000 TXs 
2024-07-21 17:53:16,696 sufp_node.py [line:74] prepare_bootstrap INFO node id 2 completed the loading of dummy TXs 
2024-07-21 17:53:16,696 Superfast.py [line:178] run_bft INFO Node 2 starts to run at time:1721555596.6969213 
2024-07-21 17:53:16,697 Superfast.py [line:231] _run_epoch INFO Node enters epoch 0 
2024-07-21 17:53:16,698 superfastpath_3.py [line:43] sufastpath INFO Entering fast path 
2024-07-21 17:53:16,698 superfastpath_3.py [line:233] one_slot INFO Entering slot 1 
2024-07-21 17:53:16,700 superfastpath_3.py [line:241] one_slot INFO send vote in 1 b'>\xf6~\x99L\x89?h\xac\xe5z\xd1\x8d\x0e\xb8\xd8ec\x89O\x087\x91\xd2\x14P\x1d\xa2\xae\xfa+d' 
2024-07-21 17:53:17,279 superfastpath_3.py [line:251] one_slot INFO pending block 1 in 0.015815 
2024-07-21 17:53:17,280 superfastpath_3.py [line:260] one_slot INFO 2pending block 1 in 0.015997 
2024-07-21 17:53:17,281 superfastpath_3.py [line:278] one_slot INFO read pending block 1 in 0.017651 
2024-07-21 17:53:17,281 superfastpath_3.py [line:309] one_slot INFO Leaving slot 1 
2024-07-21 17:53:17,282 superfastpath_3.py [line:233] one_slot INFO Entering slot 2 
2024-07-21 17:53:17,282 superfastpath_3.py [line:241] one_slot INFO send vote in 2 b'\xb0\x9b\x06y\x9cH\x87N\x0b&\xb9\xcf\x99\x8bsl\xad\x93\xc9T\xb7\x1c\xab\x92K\xb4\x99\xcd\x98\xdf\xb4\x1a' 
2024-07-21 17:53:17,333 superfastpath_3.py [line:251] one_slot INFO pending block 2 in 0.008655 
2024-07-21 17:53:17,333 superfastpath_3.py [line:260] one_slot INFO 2pending block 2 in 0.008883 
2024-07-21 17:53:17,334 superfastpath_3.py [line:278] one_slot INFO read pending block 2 in 0.010501 
2024-07-21 17:53:17,335 superfastpath_3.py [line:309] one_slot INFO Leaving slot 2 
2024-07-21 17:53:17,335 superfastpath_3.py [line:233] one_slot INFO Entering slot 3 
2024-07-21 17:53:17,338 superfastpath_3.py [line:241] one_slot INFO send vote in 3 b'_\x03\xf5\xa0G`\xcb\xac\xd7\xdb\x1aA\xcf\x17\xab\x8d`)\xab\xbb\xc9\xb3\x84/\xbd\xf12\x85oYB\x15' 
2024-07-21 17:53:17,402 superfastpath_3.py [line:251] one_slot INFO pending block 3 in 0.041643 
2024-07-21 17:53:17,402 superfastpath_3.py [line:260] one_slot INFO 2pending block 3 in 0.041793 
2024-07-21 17:53:17,403 superfastpath_3.py [line:278] one_slot INFO read pending block 3 in 0.043002 
2024-07-21 17:53:17,403 superfastpath_3.py [line:309] one_slot INFO Leaving slot 3 
2024-07-21 17:53:17,403 superfastpath_3.py [line:233] one_slot INFO Entering slot 4 
2024-07-21 17:53:17,404 superfastpath_3.py [line:241] one_slot INFO send vote in 4 b'\x11M 58\x02MZ\x0e\x18_\x8fQ\xe5I\x97UG\x0f\xf2\x91\xd7\xb3\x8c\xfdw\xa9t\xdd]\xcf\x9a' 
2024-07-21 17:53:22,404 superfastpath_3.py [line:367] sufastpath INFO Fastpath Timeout! 
2024-07-21 17:53:22,404 superfastpath_3.py [line:374] sufastpath INFO Leaves fastpath at 4 slot 
2024-07-21 17:53:22,404 Superfast.py [line:308] wait_for_fastpath INFO Fastpath of epoch 0 completed 
2024-07-21 17:55:44,857 sufp_node.py [line:79] run INFO node 2's starts to run consensus on process id 31084 
2024-07-21 17:55:44,857 sufp_node.py [line:80] run INFO parameters: N=16, f=5, S=15, T=5, fast-batch=1000, acs-batch=62, K=1, O=0 
2024-07-21 17:55:44,857 sufp_node.py [line:62] prepare_bootstrap INFO node id 2 is inserting dummy payload TXs 
2024-07-21 17:55:44,857 sufp_node.py [line:70] prepare_bootstrap INFO node id 2 just inserts 50000 TXs 
2024-07-21 17:55:44,857 sufp_node.py [line:70] prepare_bootstrap INFO node id 2 just inserts 50000 TXs 
2024-07-21 17:55:44,858 sufp_node.py [line:74] prepare_bootstrap INFO node id 2 completed the loading of dummy TXs 
2024-07-21 17:55:44,858 Superfast.py [line:178] run_bft INFO Node 2 starts to run at time:1721555744.8583126 
2024-07-21 17:55:44,858 Superfast.py [line:231] _run_epoch INFO Node enters epoch 0 
2024-07-21 17:55:44,859 superfastpath.py [line:43] sufastpath INFO Entering fast path 
2024-07-21 17:55:44,859 superfastpath.py [line:230] one_slot INFO Entering slot 1 
2024-07-21 17:55:45,863 superfastpath.py [line:246] one_slot INFO pending block 1 in 1.003916 
2024-07-21 17:55:45,863 superfastpath.py [line:255] one_slot INFO 2pending block 1 in 1.004087 
2024-07-21 17:55:45,864 superfastpath.py [line:273] one_slot INFO read pending block 1 in 1.005394 
2024-07-21 17:55:45,864 superfastpath.py [line:304] one_slot INFO Leaving slot 1 
2024-07-21 17:55:45,865 superfastpath.py [line:230] one_slot INFO Entering slot 2 
2024-07-21 17:55:45,931 superfastpath.py [line:246] one_slot INFO pending block 2 in 0.066409 
2024-07-21 17:55:45,931 superfastpath.py [line:255] one_slot INFO 2pending block 2 in 0.066619 
2024-07-21 17:55:45,934 superfastpath.py [line:273] one_slot INFO read pending block 2 in 0.069765 
2024-07-21 17:55:45,935 superfastpath.py [line:304] one_slot INFO Leaving slot 2 
2024-07-21 17:55:45,935 superfastpath.py [line:230] one_slot INFO Entering slot 3 
2024-07-21 17:55:46,057 superfastpath.py [line:246] one_slot INFO pending block 3 in 0.121606 
2024-07-21 17:55:46,057 superfastpath.py [line:255] one_slot INFO 2pending block 3 in 0.121956 
2024-07-21 17:55:46,060 superfastpath.py [line:273] one_slot INFO read pending block 3 in 0.123986 
2024-07-21 17:55:46,060 superfastpath.py [line:304] one_slot INFO Leaving slot 3 
2024-07-21 17:55:46,060 superfastpath.py [line:230] one_slot INFO Entering slot 4 
2024-07-21 17:55:46,144 superfastpath.py [line:246] one_slot INFO pending block 4 in 0.083779 
2024-07-21 17:55:46,144 superfastpath.py [line:255] one_slot INFO 2pending block 4 in 0.084147 
2024-07-21 17:55:46,154 superfastpath.py [line:273] one_slot INFO read pending block 4 in 0.094034 
2024-07-21 17:55:46,154 superfastpath.py [line:304] one_slot INFO Leaving slot 4 
2024-07-21 17:55:46,155 superfastpath.py [line:230] one_slot INFO Entering slot 5 
2024-07-21 17:55:46,228 superfastpath.py [line:246] one_slot INFO pending block 5 in 0.072952 
2024-07-21 17:55:46,229 superfastpath.py [line:255] one_slot INFO 2pending block 5 in 0.073929 
2024-07-21 17:55:46,233 superfastpath.py [line:273] one_slot INFO read pending block 5 in 0.078148 
2024-07-21 17:55:46,233 superfastpath.py [line:304] one_slot INFO Leaving slot 5 
2024-07-21 17:55:46,233 superfastpath.py [line:230] one_slot INFO Entering slot 6 
2024-07-21 17:55:51,235 superfastpath.py [line:362] sufastpath INFO Fastpath Timeout! 
2024-07-21 17:55:51,235 superfastpath.py [line:369] sufastpath INFO Leaves fastpath at 6 slot 
2024-07-21 17:55:51,235 Superfast.py [line:308] wait_for_fastpath INFO Fastpath of epoch 0 completed 
2024-07-21 17:58:38,720 sufp_node.py [line:79] run INFO node 2's starts to run consensus on process id 31362 
2024-07-21 17:58:38,721 sufp_node.py [line:80] run INFO parameters: N=16, f=5, S=15, T=5, fast-batch=1000, acs-batch=62, K=1, O=0 
2024-07-21 17:58:38,721 sufp_node.py [line:62] prepare_bootstrap INFO node id 2 is inserting dummy payload TXs 
2024-07-21 17:58:38,721 sufp_node.py [line:70] prepare_bootstrap INFO node id 2 just inserts 50000 TXs 
2024-07-21 17:58:38,721 sufp_node.py [line:70] prepare_bootstrap INFO node id 2 just inserts 50000 TXs 
2024-07-21 17:58:38,721 sufp_node.py [line:74] prepare_bootstrap INFO node id 2 completed the loading of dummy TXs 
2024-07-21 17:58:38,722 Superfast.py [line:178] run_bft INFO Node 2 starts to run at time:1721555918.7220745 
2024-07-21 17:58:38,722 Superfast.py [line:231] _run_epoch INFO Node enters epoch 0 
2024-07-21 17:58:38,723 superfastpath.py [line:43] sufastpath INFO Entering fast path 
2024-07-21 17:58:38,723 superfastpath.py [line:230] one_slot INFO Entering slot 1 
2024-07-21 17:58:38,924 superfastpath.py [line:246] one_slot INFO pending block 1 in 0.200637 
2024-07-21 17:58:38,924 superfastpath.py [line:255] one_slot INFO 2pending block 1 in 0.200938 
2024-07-21 17:58:38,926 superfastpath.py [line:273] one_slot INFO read pending block 1 in 0.203094 
2024-07-21 17:58:38,926 superfastpath.py [line:304] one_slot INFO Leaving slot 1 
2024-07-21 17:58:38,926 superfastpath.py [line:230] one_slot INFO Entering slot 2 
2024-07-21 17:58:39,001 superfastpath.py [line:246] one_slot INFO pending block 2 in 0.074808 
2024-07-21 17:58:39,001 superfastpath.py [line:255] one_slot INFO 2pending block 2 in 0.075037 
2024-07-21 17:58:39,010 superfastpath.py [line:273] one_slot INFO read pending block 2 in 0.083079 
2024-07-21 17:58:39,015 superfastpath.py [line:304] one_slot INFO Leaving slot 2 
2024-07-21 17:58:39,015 superfastpath.py [line:230] one_slot INFO Entering slot 3 
2024-07-21 17:58:39,092 superfastpath.py [line:246] one_slot INFO pending block 3 in 0.076242 
2024-07-21 17:58:39,092 superfastpath.py [line:255] one_slot INFO 2pending block 3 in 0.076446 
2024-07-21 17:58:39,094 superfastpath.py [line:273] one_slot INFO read pending block 3 in 0.078542 
2024-07-21 17:58:39,094 superfastpath.py [line:304] one_slot INFO Leaving slot 3 
2024-07-21 17:58:39,095 superfastpath.py [line:230] one_slot INFO Entering slot 4 
2024-07-21 17:58:44,097 superfastpath.py [line:362] sufastpath INFO Fastpath Timeout! 
2024-07-21 17:58:44,098 superfastpath.py [line:369] sufastpath INFO Leaves fastpath at 4 slot 
2024-07-21 17:58:44,099 Superfast.py [line:308] wait_for_fastpath INFO Fastpath of epoch 0 completed 
2024-07-21 17:59:52,025 sufp_node.py [line:79] run INFO node 2's starts to run consensus on process id 31615 
2024-07-21 17:59:52,025 sufp_node.py [line:80] run INFO parameters: N=16, f=5, S=15, T=5, fast-batch=1000, acs-batch=62, K=1, O=0 
2024-07-21 17:59:52,025 sufp_node.py [line:62] prepare_bootstrap INFO node id 2 is inserting dummy payload TXs 
2024-07-21 17:59:52,026 sufp_node.py [line:70] prepare_bootstrap INFO node id 2 just inserts 50000 TXs 
2024-07-21 17:59:52,026 sufp_node.py [line:70] prepare_bootstrap INFO node id 2 just inserts 50000 TXs 
2024-07-21 17:59:52,026 sufp_node.py [line:74] prepare_bootstrap INFO node id 2 completed the loading of dummy TXs 
2024-07-21 17:59:52,026 Superfast.py [line:178] run_bft INFO Node 2 starts to run at time:1721555992.0269156 
2024-07-21 17:59:52,027 Superfast.py [line:231] _run_epoch INFO Node enters epoch 0 
2024-07-21 17:59:52,028 superfastpath.py [line:43] sufastpath INFO Entering fast path 
2024-07-21 17:59:52,034 superfastpath.py [line:230] one_slot INFO Entering slot 1 
2024-07-21 17:59:52,179 superfastpath.py [line:246] one_slot INFO pending block 1 in 0.144840 
2024-07-21 17:59:52,179 superfastpath.py [line:255] one_slot INFO 2pending block 1 in 0.145051 
2024-07-21 17:59:52,180 superfastpath.py [line:273] one_slot INFO read pending block 1 in 0.146507 
2024-07-21 17:59:52,180 superfastpath.py [line:304] one_slot INFO Leaving slot 1 
2024-07-21 17:59:52,181 superfastpath.py [line:230] one_slot INFO Entering slot 2 
2024-07-21 17:59:52,210 superfastpath.py [line:246] one_slot INFO pending block 2 in 0.029198 
2024-07-21 17:59:52,210 superfastpath.py [line:255] one_slot INFO 2pending block 2 in 0.029399 
2024-07-21 17:59:52,213 superfastpath.py [line:273] one_slot INFO read pending block 2 in 0.031761 
2024-07-21 17:59:52,213 superfastpath.py [line:304] one_slot INFO Leaving slot 2 
2024-07-21 17:59:52,218 superfastpath.py [line:230] one_slot INFO Entering slot 3 
2024-07-21 17:59:52,262 superfastpath.py [line:246] one_slot INFO pending block 3 in 0.043107 
2024-07-21 17:59:52,263 superfastpath.py [line:255] one_slot INFO 2pending block 3 in 0.044475 
2024-07-21 17:59:52,269 superfastpath.py [line:273] one_slot INFO read pending block 3 in 0.050752 
2024-07-21 17:59:52,271 superfastpath.py [line:304] one_slot INFO Leaving slot 3 
2024-07-21 17:59:52,271 superfastpath.py [line:230] one_slot INFO Entering slot 4 
2024-07-21 17:59:52,307 superfastpath.py [line:246] one_slot INFO pending block 4 in 0.035959 
2024-07-21 17:59:52,308 superfastpath.py [line:255] one_slot INFO 2pending block 4 in 0.036763 
2024-07-21 17:59:52,311 superfastpath.py [line:273] one_slot INFO read pending block 4 in 0.039744 
2024-07-21 17:59:52,312 superfastpath.py [line:304] one_slot INFO Leaving slot 4 
2024-07-21 17:59:52,312 superfastpath.py [line:230] one_slot INFO Entering slot 5 
2024-07-21 17:59:52,367 superfastpath.py [line:246] one_slot INFO pending block 5 in 0.053303 
2024-07-21 17:59:52,368 superfastpath.py [line:255] one_slot INFO 2pending block 5 in 0.055189 
2024-07-21 17:59:52,375 superfastpath.py [line:273] one_slot INFO read pending block 5 in 0.062207 
2024-07-21 17:59:52,375 superfastpath.py [line:304] one_slot INFO Leaving slot 5 
2024-07-21 17:59:52,375 superfastpath.py [line:230] one_slot INFO Entering slot 6 
2024-07-21 17:59:52,407 superfastpath.py [line:246] one_slot INFO pending block 6 in 0.031423 
2024-07-21 17:59:52,407 superfastpath.py [line:255] one_slot INFO 2pending block 6 in 0.031588 
2024-07-21 17:59:52,409 superfastpath.py [line:273] one_slot INFO read pending block 6 in 0.033449 
2024-07-21 17:59:52,409 superfastpath.py [line:304] one_slot INFO Leaving slot 6 
2024-07-21 17:59:52,409 superfastpath.py [line:230] one_slot INFO Entering slot 7 
2024-07-21 17:59:52,455 superfastpath.py [line:246] one_slot INFO pending block 7 in 0.046155 
2024-07-21 17:59:52,456 superfastpath.py [line:255] one_slot INFO 2pending block 7 in 0.046463 
2024-07-21 17:59:52,463 superfastpath.py [line:273] one_slot INFO read pending block 7 in 0.053797 
2024-07-21 17:59:52,463 superfastpath.py [line:304] one_slot INFO Leaving slot 7 
2024-07-21 17:59:52,466 superfastpath.py [line:230] one_slot INFO Entering slot 8 
2024-07-21 17:59:52,522 superfastpath.py [line:246] one_slot INFO pending block 8 in 0.055319 
2024-07-21 17:59:52,522 superfastpath.py [line:255] one_slot INFO 2pending block 8 in 0.055483 
2024-07-21 17:59:52,524 superfastpath.py [line:273] one_slot INFO read pending block 8 in 0.057834 
2024-07-21 17:59:52,524 superfastpath.py [line:304] one_slot INFO Leaving slot 8 
2024-07-21 17:59:52,525 superfastpath.py [line:230] one_slot INFO Entering slot 9 
2024-07-21 17:59:52,558 superfastpath.py [line:246] one_slot INFO pending block 9 in 0.032685 
2024-07-21 17:59:52,558 superfastpath.py [line:255] one_slot INFO 2pending block 9 in 0.032863 
2024-07-21 17:59:52,561 superfastpath.py [line:273] one_slot INFO read pending block 9 in 0.035493 
2024-07-21 17:59:52,561 superfastpath.py [line:282] one_slot INFO 3pending block 9 in 0.035657 
2024-07-21 17:59:52,562 superfastpath.py [line:286] one_slot INFO delay block 8 in 0.095187 
2024-07-21 17:59:52,565 superfastpath.py [line:293] one_slot INFO Fast block at Node 2 for Epoch sidAFAST0 and Slot 8 has delay, TPS and TXs: 0.09518742561340332, 1000 
2024-07-21 17:59:52,565 superfastpath.py [line:295] one_slot INFO AVG TPS: 9863, running time 0.101385, weighted delay: 0.095187 
2024-07-21 17:59:52,565 superfastpath.py [line:300] one_slot INFO output block for slot 8 taking 0.098854 sec 
2024-07-21 17:59:52,565 superfastpath.py [line:304] one_slot INFO Leaving slot 9 
2024-07-21 17:59:52,566 superfastpath.py [line:230] one_slot INFO Entering slot 10 
2024-07-21 17:59:52,630 superfastpath.py [line:246] one_slot INFO pending block 10 in 0.063370 
2024-07-21 17:59:52,631 superfastpath.py [line:255] one_slot INFO 2pending block 10 in 0.064538 
2024-07-21 17:59:52,639 superfastpath.py [line:273] one_slot INFO read pending block 10 in 0.072612 
2024-07-21 17:59:52,642 superfastpath.py [line:282] one_slot INFO 3pending block 10 in 0.075416 
2024-07-21 17:59:52,642 superfastpath.py [line:286] one_slot INFO delay block 9 in 0.116728 
2024-07-21 17:59:52,647 superfastpath.py [line:293] one_slot INFO Fast block at Node 2 for Epoch sidAFAST0 and Slot 9 has delay, TPS and TXs: 0.11672759056091309, 2000 
2024-07-21 17:59:52,650 superfastpath.py [line:295] one_slot INFO AVG TPS: 10719, running time 0.186579, weighted delay: 0.105958 
2024-07-21 17:59:52,650 superfastpath.py [line:300] one_slot INFO output block for slot 9 taking 0.125053 sec 
2024-07-21 17:59:52,651 superfastpath.py [line:304] one_slot INFO Leaving slot 10 
2024-07-21 17:59:52,652 superfastpath.py [line:230] one_slot INFO Entering slot 11 
2024-07-21 17:59:52,672 superfastpath.py [line:246] one_slot INFO pending block 11 in 0.019496 
2024-07-21 17:59:52,674 superfastpath.py [line:255] one_slot INFO 2pending block 11 in 0.021705 
2024-07-21 17:59:52,680 superfastpath.py [line:273] one_slot INFO read pending block 11 in 0.027252 
2024-07-21 17:59:52,680 superfastpath.py [line:282] one_slot INFO 3pending block 11 in 0.027424 
2024-07-21 17:59:52,680 superfastpath.py [line:286] one_slot INFO delay block 10 in 0.113491 
2024-07-21 17:59:52,686 superfastpath.py [line:293] one_slot INFO Fast block at Node 2 for Epoch sidAFAST0 and Slot 10 has delay, TPS and TXs: 0.11349129676818848, 3000 
2024-07-21 17:59:52,686 superfastpath.py [line:295] one_slot INFO AVG TPS: 13490, running time 0.222385, weighted delay: 0.108469 
2024-07-21 17:59:52,686 superfastpath.py [line:300] one_slot INFO output block for slot 10 taking 0.119792 sec 
2024-07-21 17:59:52,686 superfastpath.py [line:304] one_slot INFO Leaving slot 11 
2024-07-21 17:59:52,688 superfastpath.py [line:230] one_slot INFO Entering slot 12 
2024-07-21 17:59:52,721 superfastpath.py [line:246] one_slot INFO pending block 12 in 0.032629 
2024-07-21 17:59:52,721 superfastpath.py [line:255] one_slot INFO 2pending block 12 in 0.032837 
2024-07-21 17:59:52,723 superfastpath.py [line:273] one_slot INFO read pending block 12 in 0.035197 
2024-07-21 17:59:52,723 superfastpath.py [line:282] one_slot INFO 3pending block 12 in 0.035406 
2024-07-21 17:59:52,724 superfastpath.py [line:286] one_slot INFO delay block 11 in 0.071267 
2024-07-21 17:59:52,725 superfastpath.py [line:293] one_slot INFO Fast block at Node 2 for Epoch sidAFAST0 and Slot 11 has delay, TPS and TXs: 0.07126712799072266, 4000 
2024-07-21 17:59:52,726 superfastpath.py [line:295] one_slot INFO AVG TPS: 15275, running time 0.261865, weighted delay: 0.099168 
2024-07-21 17:59:52,726 superfastpath.py [line:300] one_slot INFO output block for slot 11 taking 0.073323 sec 
2024-07-21 17:59:52,726 superfastpath.py [line:304] one_slot INFO Leaving slot 12 
2024-07-21 17:59:52,726 superfastpath.py [line:230] one_slot INFO Entering slot 13 
2024-07-21 17:59:52,775 superfastpath.py [line:246] one_slot INFO pending block 13 in 0.049017 
2024-07-21 17:59:52,775 superfastpath.py [line:255] one_slot INFO 2pending block 13 in 0.049194 
2024-07-21 17:59:52,777 superfastpath.py [line:273] one_slot INFO read pending block 13 in 0.050713 
2024-07-21 17:59:52,777 superfastpath.py [line:282] one_slot INFO 3pending block 13 in 0.050997 
2024-07-21 17:59:52,777 superfastpath.py [line:286] one_slot INFO delay block 12 in 0.089004 
2024-07-21 17:59:52,779 superfastpath.py [line:293] one_slot INFO Fast block at Node 2 for Epoch sidAFAST0 and Slot 12 has delay, TPS and TXs: 0.0890035629272461, 5000 
2024-07-21 17:59:52,779 superfastpath.py [line:295] one_slot INFO AVG TPS: 15834, running time 0.315762, weighted delay: 0.097135 
2024-07-21 17:59:52,780 superfastpath.py [line:300] one_slot INFO output block for slot 12 taking 0.091732 sec 
2024-07-21 17:59:52,780 superfastpath.py [line:304] one_slot INFO Leaving slot 13 
2024-07-21 17:59:52,780 superfastpath.py [line:230] one_slot INFO Entering slot 14 
2024-07-21 17:59:52,855 superfastpath.py [line:246] one_slot INFO pending block 14 in 0.074789 
2024-07-21 17:59:52,856 superfastpath.py [line:255] one_slot INFO 2pending block 14 in 0.074962 
2024-07-21 17:59:52,865 superfastpath.py [line:273] one_slot INFO read pending block 14 in 0.084698 
2024-07-21 17:59:52,866 superfastpath.py [line:282] one_slot INFO 3pending block 14 in 0.084877 
2024-07-21 17:59:52,866 superfastpath.py [line:286] one_slot INFO delay block 13 in 0.139697 
2024-07-21 17:59:52,874 superfastpath.py [line:293] one_slot INFO Fast block at Node 2 for Epoch sidAFAST0 and Slot 13 has delay, TPS and TXs: 0.13969707489013672, 6000 
2024-07-21 17:59:52,875 superfastpath.py [line:295] one_slot INFO AVG TPS: 14600, running time 0.410945, weighted delay: 0.104229 
2024-07-21 17:59:52,875 superfastpath.py [line:300] one_slot INFO output block for slot 13 taking 0.148784 sec 
2024-07-21 17:59:52,875 superfastpath.py [line:304] one_slot INFO Leaving slot 14 
2024-07-21 17:59:52,884 superfastpath.py [line:230] one_slot INFO Entering slot 15 
2024-07-21 17:59:52,946 superfastpath.py [line:246] one_slot INFO pending block 15 in 0.062056 
2024-07-21 17:59:52,946 superfastpath.py [line:255] one_slot INFO 2pending block 15 in 0.062235 
2024-07-21 17:59:52,948 superfastpath.py [line:273] one_slot INFO read pending block 15 in 0.064143 
2024-07-21 17:59:52,948 superfastpath.py [line:282] one_slot INFO 3pending block 15 in 0.064319 
2024-07-21 17:59:52,948 superfastpath.py [line:286] one_slot INFO delay block 14 in 0.167761 
2024-07-21 17:59:52,950 superfastpath.py [line:293] one_slot INFO Fast block at Node 2 for Epoch sidAFAST0 and Slot 14 has delay, TPS and TXs: 0.16776084899902344, 7000 
2024-07-21 17:59:52,950 superfastpath.py [line:295] one_slot INFO AVG TPS: 14381, running time 0.486736, weighted delay: 0.113305 
2024-07-21 17:59:52,951 superfastpath.py [line:300] one_slot INFO output block for slot 14 taking 0.169853 sec 
2024-07-21 17:59:52,951 superfastpath.py [line:304] one_slot INFO Leaving slot 15 
2024-07-21 17:59:52,951 superfastpath.py [line:230] one_slot INFO Entering slot 16 
2024-07-21 17:59:52,978 superfastpath.py [line:246] one_slot INFO pending block 16 in 0.027014 
2024-07-21 17:59:52,982 superfastpath.py [line:255] one_slot INFO 2pending block 16 in 0.031103 
2024-07-21 17:59:52,982 superfastpath.py [line:273] one_slot INFO read pending block 16 in 0.031432 
2024-07-21 17:59:52,986 superfastpath.py [line:282] one_slot INFO 3pending block 16 in 0.032910 
2024-07-21 17:59:52,986 superfastpath.py [line:286] one_slot INFO delay block 15 in 0.101982 
2024-07-21 17:59:52,997 superfastpath.py [line:293] one_slot INFO Fast block at Node 2 for Epoch sidAFAST0 and Slot 15 has delay, TPS and TXs: 0.10198187828063965, 8000 
2024-07-21 17:59:52,997 superfastpath.py [line:295] one_slot INFO AVG TPS: 15000, running time 0.533323, weighted delay: 0.111890 
2024-07-21 17:59:52,997 superfastpath.py [line:300] one_slot INFO output block for slot 15 taking 0.113131 sec 
2024-07-21 17:59:52,997 superfastpath.py [line:304] one_slot INFO Leaving slot 16 
2024-07-21 17:59:52,997 superfastpath.py [line:369] sufastpath INFO Leaves fastpath at 17 slot 
2024-07-21 17:59:52,998 Superfast.py [line:308] wait_for_fastpath INFO Fastpath of epoch 0 completed 
2024-07-21 17:59:52,998 Superfast.py [line:337] _run_epoch INFO Fastpath tps: 14994 delay 0.111890 
2024-07-21 17:59:58,002 Superfast.py [line:208] run_bft INFO node 2 breaks in 5.975209 seconds in epoch 0 with total delivered Txs 0 and average delay 0.000000 
2024-07-21 19:32:12,037 sufp_node.py [line:79] run INFO node 2's starts to run consensus on process id 32345 
2024-07-21 19:32:12,038 sufp_node.py [line:80] run INFO parameters: N=16, f=5, S=15, T=5, fast-batch=1000, acs-batch=62, K=1, O=0 
2024-07-21 19:32:12,038 sufp_node.py [line:62] prepare_bootstrap INFO node id 2 is inserting dummy payload TXs 
2024-07-21 19:32:12,038 sufp_node.py [line:70] prepare_bootstrap INFO node id 2 just inserts 50000 TXs 
2024-07-21 19:32:12,039 sufp_node.py [line:70] prepare_bootstrap INFO node id 2 just inserts 50000 TXs 
2024-07-21 19:32:12,039 sufp_node.py [line:74] prepare_bootstrap INFO node id 2 completed the loading of dummy TXs 
2024-07-21 19:32:12,039 Superfast.py [line:178] run_bft INFO Node 2 starts to run at time:1721561532.039382 
2024-07-21 19:32:12,039 Superfast.py [line:231] _run_epoch INFO Node enters epoch 0 
2024-07-21 19:32:12,040 superfastpath.py [line:43] sufastpath INFO Entering fast path 
2024-07-21 19:32:12,040 superfastpath.py [line:230] one_slot INFO Entering slot 1 
2024-07-21 19:32:12,309 superfastpath.py [line:246] one_slot INFO pending block 1 in 0.268756 
2024-07-21 19:32:12,309 superfastpath.py [line:255] one_slot INFO 2pending block 1 in 0.268953 
2024-07-21 19:32:12,311 superfastpath.py [line:273] one_slot INFO read pending block 1 in 0.270517 
2024-07-21 19:32:12,311 superfastpath.py [line:304] one_slot INFO Leaving slot 1 
2024-07-21 19:32:12,311 superfastpath.py [line:230] one_slot INFO Entering slot 2 
2024-07-21 19:32:12,353 superfastpath.py [line:246] one_slot INFO pending block 2 in 0.042100 
2024-07-21 19:32:12,354 superfastpath.py [line:255] one_slot INFO 2pending block 2 in 0.042303 
2024-07-21 19:32:12,356 superfastpath.py [line:273] one_slot INFO read pending block 2 in 0.045076 
2024-07-21 19:32:12,357 superfastpath.py [line:304] one_slot INFO Leaving slot 2 
2024-07-21 19:32:12,357 superfastpath.py [line:230] one_slot INFO Entering slot 3 
2024-07-21 19:32:12,416 superfastpath.py [line:246] one_slot INFO pending block 3 in 0.058535 
2024-07-21 19:32:12,416 superfastpath.py [line:255] one_slot INFO 2pending block 3 in 0.058758 
2024-07-21 19:32:12,420 superfastpath.py [line:273] one_slot INFO read pending block 3 in 0.062270 
2024-07-21 19:32:12,420 superfastpath.py [line:304] one_slot INFO Leaving slot 3 
2024-07-21 19:32:12,420 superfastpath.py [line:230] one_slot INFO Entering slot 4 
2024-07-21 19:32:12,475 superfastpath.py [line:246] one_slot INFO pending block 4 in 0.054779 
2024-07-21 19:32:12,475 superfastpath.py [line:255] one_slot INFO 2pending block 4 in 0.054966 
2024-07-21 19:32:12,490 superfastpath.py [line:273] one_slot INFO read pending block 4 in 0.070133 
2024-07-21 19:32:12,490 superfastpath.py [line:304] one_slot INFO Leaving slot 4 
2024-07-21 19:32:12,490 superfastpath.py [line:230] one_slot INFO Entering slot 5 
2024-07-21 19:32:12,517 superfastpath.py [line:246] one_slot INFO pending block 5 in 0.026760 
2024-07-21 19:32:12,518 superfastpath.py [line:255] one_slot INFO 2pending block 5 in 0.026971 
2024-07-21 19:32:12,525 superfastpath.py [line:273] one_slot INFO read pending block 5 in 0.034681 
2024-07-21 19:32:12,526 superfastpath.py [line:304] one_slot INFO Leaving slot 5 
2024-07-21 19:32:12,526 superfastpath.py [line:230] one_slot INFO Entering slot 6 
2024-07-21 19:32:12,573 superfastpath.py [line:246] one_slot INFO pending block 6 in 0.047542 
2024-07-21 19:32:12,574 superfastpath.py [line:255] one_slot INFO 2pending block 6 in 0.047731 
2024-07-21 19:32:12,575 superfastpath.py [line:273] one_slot INFO read pending block 6 in 0.049220 
2024-07-21 19:32:12,575 superfastpath.py [line:304] one_slot INFO Leaving slot 6 
2024-07-21 19:32:12,575 superfastpath.py [line:230] one_slot INFO Entering slot 7 
2024-07-21 19:32:12,618 superfastpath.py [line:246] one_slot INFO pending block 7 in 0.042641 
2024-07-21 19:32:12,618 superfastpath.py [line:255] one_slot INFO 2pending block 7 in 0.042836 
2024-07-21 19:32:12,622 superfastpath.py [line:273] one_slot INFO read pending block 7 in 0.045977 
2024-07-21 19:32:12,622 superfastpath.py [line:304] one_slot INFO Leaving slot 7 
2024-07-21 19:32:12,623 superfastpath.py [line:230] one_slot INFO Entering slot 8 
2024-07-21 19:32:12,673 superfastpath.py [line:246] one_slot INFO pending block 8 in 0.050152 
2024-07-21 19:32:12,673 superfastpath.py [line:255] one_slot INFO 2pending block 8 in 0.050390 
2024-07-21 19:32:12,675 superfastpath.py [line:273] one_slot INFO read pending block 8 in 0.052099 
2024-07-21 19:32:12,675 superfastpath.py [line:304] one_slot INFO Leaving slot 8 
2024-07-21 19:32:12,675 superfastpath.py [line:230] one_slot INFO Entering slot 9 
2024-07-21 19:32:12,738 superfastpath.py [line:246] one_slot INFO pending block 9 in 0.062277 
2024-07-21 19:32:12,738 superfastpath.py [line:255] one_slot INFO 2pending block 9 in 0.062465 
2024-07-21 19:32:12,740 superfastpath.py [line:273] one_slot INFO read pending block 9 in 0.064394 
2024-07-21 19:32:12,740 superfastpath.py [line:282] one_slot INFO 3pending block 9 in 0.064581 
2024-07-21 19:32:12,740 superfastpath.py [line:286] one_slot INFO delay block 8 in 0.117254 
2024-07-21 19:32:12,750 superfastpath.py [line:293] one_slot INFO Fast block at Node 2 for Epoch sidAFAST0 and Slot 8 has delay, TPS and TXs: 0.11725354194641113, 1000 
2024-07-21 19:32:12,750 superfastpath.py [line:295] one_slot INFO AVG TPS: 7849, running time 0.127405, weighted delay: 0.117254 
2024-07-21 19:32:12,750 superfastpath.py [line:300] one_slot INFO output block for slot 8 taking 0.127317 sec 
2024-07-21 19:32:12,750 superfastpath.py [line:304] one_slot INFO Leaving slot 9 
2024-07-21 19:32:12,752 superfastpath.py [line:230] one_slot INFO Entering slot 10 
2024-07-21 19:32:12,787 superfastpath.py [line:246] one_slot INFO pending block 10 in 0.026577 
2024-07-21 19:32:12,787 superfastpath.py [line:255] one_slot INFO 2pending block 10 in 0.035052 
2024-07-21 19:32:12,789 superfastpath.py [line:273] one_slot INFO read pending block 10 in 0.036645 
2024-07-21 19:32:12,789 superfastpath.py [line:282] one_slot INFO 3pending block 10 in 0.037075 
2024-07-21 19:32:12,789 superfastpath.py [line:286] one_slot INFO delay block 9 in 0.114096 
2024-07-21 19:32:12,791 superfastpath.py [line:293] one_slot INFO Fast block at Node 2 for Epoch sidAFAST0 and Slot 9 has delay, TPS and TXs: 0.11409592628479004, 2000 
2024-07-21 19:32:12,791 superfastpath.py [line:295] one_slot INFO AVG TPS: 11869, running time 0.168498, weighted delay: 0.115675 
2024-07-21 19:32:12,791 superfastpath.py [line:300] one_slot INFO output block for slot 9 taking 0.115816 sec 
2024-07-21 19:32:12,791 superfastpath.py [line:304] one_slot INFO Leaving slot 10 
2024-07-21 19:32:12,791 superfastpath.py [line:230] one_slot INFO Entering slot 11 
2024-07-21 19:32:12,836 superfastpath.py [line:246] one_slot INFO pending block 11 in 0.044801 
2024-07-21 19:32:12,836 superfastpath.py [line:255] one_slot INFO 2pending block 11 in 0.045003 
2024-07-21 19:32:12,838 superfastpath.py [line:273] one_slot INFO read pending block 11 in 0.046646 
2024-07-21 19:32:12,838 superfastpath.py [line:282] one_slot INFO 3pending block 11 in 0.046819 
2024-07-21 19:32:12,838 superfastpath.py [line:286] one_slot INFO delay block 10 in 0.086098 
2024-07-21 19:32:12,840 superfastpath.py [line:293] one_slot INFO Fast block at Node 2 for Epoch sidAFAST0 and Slot 10 has delay, TPS and TXs: 0.08609843254089355, 3000 
2024-07-21 19:32:12,840 superfastpath.py [line:295] one_slot INFO AVG TPS: 13769, running time 0.217874, weighted delay: 0.105816 
2024-07-21 19:32:12,840 superfastpath.py [line:300] one_slot INFO output block for slot 10 taking 0.088309 sec 
2024-07-21 19:32:12,841 superfastpath.py [line:304] one_slot INFO Leaving slot 11 
2024-07-21 19:32:12,841 superfastpath.py [line:230] one_slot INFO Entering slot 12 
2024-07-21 19:32:12,902 superfastpath.py [line:246] one_slot INFO pending block 12 in 0.061086 
2024-07-21 19:32:12,904 superfastpath.py [line:255] one_slot INFO 2pending block 12 in 0.063183 
2024-07-21 19:32:12,909 superfastpath.py [line:273] one_slot INFO read pending block 12 in 0.068572 
2024-07-21 19:32:12,912 superfastpath.py [line:282] one_slot INFO 3pending block 12 in 0.068730 
2024-07-21 19:32:12,917 superfastpath.py [line:286] one_slot INFO delay block 11 in 0.125901 
2024-07-21 19:32:12,923 superfastpath.py [line:293] one_slot INFO Fast block at Node 2 for Epoch sidAFAST0 and Slot 11 has delay, TPS and TXs: 0.1259005069732666, 4000 
2024-07-21 19:32:12,923 superfastpath.py [line:295] one_slot INFO AVG TPS: 13313, running time 0.300449, weighted delay: 0.110837 
2024-07-21 19:32:12,923 superfastpath.py [line:300] one_slot INFO output block for slot 11 taking 0.131679 sec 
2024-07-21 19:32:12,923 superfastpath.py [line:304] one_slot INFO Leaving slot 12 
2024-07-21 19:32:12,923 superfastpath.py [line:230] one_slot INFO Entering slot 13 
2024-07-21 19:32:12,955 superfastpath.py [line:246] one_slot INFO pending block 13 in 0.032105 
2024-07-21 19:32:12,956 superfastpath.py [line:255] one_slot INFO 2pending block 13 in 0.032267 
2024-07-21 19:32:12,957 superfastpath.py [line:273] one_slot INFO read pending block 13 in 0.033993 
2024-07-21 19:32:12,958 superfastpath.py [line:282] one_slot INFO 3pending block 13 in 0.034145 
2024-07-21 19:32:12,966 superfastpath.py [line:286] one_slot INFO delay block 12 in 0.125021 
2024-07-21 19:32:12,968 superfastpath.py [line:293] one_slot INFO Fast block at Node 2 for Epoch sidAFAST0 and Slot 12 has delay, TPS and TXs: 0.12502098083496094, 5000 
2024-07-21 19:32:12,968 superfastpath.py [line:295] one_slot INFO AVG TPS: 14475, running time 0.345415, weighted delay: 0.113674 
2024-07-21 19:32:12,968 superfastpath.py [line:300] one_slot INFO output block for slot 12 taking 0.127647 sec 
2024-07-21 19:32:12,969 superfastpath.py [line:304] one_slot INFO Leaving slot 13 
2024-07-21 19:32:12,969 superfastpath.py [line:230] one_slot INFO Entering slot 14 
2024-07-21 19:32:13,005 superfastpath.py [line:246] one_slot INFO pending block 14 in 0.036261 
2024-07-21 19:32:13,005 superfastpath.py [line:255] one_slot INFO 2pending block 14 in 0.036489 
2024-07-21 19:32:13,007 superfastpath.py [line:273] one_slot INFO read pending block 14 in 0.038156 
2024-07-21 19:32:13,007 superfastpath.py [line:282] one_slot INFO 3pending block 14 in 0.038349 
2024-07-21 19:32:13,007 superfastpath.py [line:286] one_slot INFO delay block 13 in 0.083859 
2024-07-21 19:32:13,010 superfastpath.py [line:293] one_slot INFO Fast block at Node 2 for Epoch sidAFAST0 and Slot 13 has delay, TPS and TXs: 0.08385944366455078, 6000 
2024-07-21 19:32:13,010 superfastpath.py [line:295] one_slot INFO AVG TPS: 15483, running time 0.387501, weighted delay: 0.108705 
2024-07-21 19:32:13,011 superfastpath.py [line:300] one_slot INFO output block for slot 13 taking 0.087498 sec 
2024-07-21 19:32:13,011 superfastpath.py [line:304] one_slot INFO Leaving slot 14 
2024-07-21 19:32:13,011 superfastpath.py [line:230] one_slot INFO Entering slot 15 
2024-07-21 19:32:13,063 superfastpath.py [line:246] one_slot INFO pending block 15 in 0.040268 
2024-07-21 19:32:13,064 superfastpath.py [line:255] one_slot INFO 2pending block 15 in 0.040434 
2024-07-21 19:32:13,067 superfastpath.py [line:273] one_slot INFO read pending block 15 in 0.044106 
2024-07-21 19:32:13,072 superfastpath.py [line:282] one_slot INFO 3pending block 15 in 0.048420 
2024-07-21 19:32:13,072 superfastpath.py [line:286] one_slot INFO delay block 14 in 0.102884 
2024-07-21 19:32:13,076 superfastpath.py [line:293] one_slot INFO Fast block at Node 2 for Epoch sidAFAST0 and Slot 14 has delay, TPS and TXs: 0.10288381576538086, 7000 
2024-07-21 19:32:13,080 superfastpath.py [line:295] one_slot INFO AVG TPS: 15310, running time 0.457194, weighted delay: 0.107873 
2024-07-21 19:32:13,082 superfastpath.py [line:300] one_slot INFO output block for slot 14 taking 0.113626 sec 
2024-07-21 19:32:13,082 superfastpath.py [line:304] one_slot INFO Leaving slot 15 
2024-07-21 19:32:13,083 superfastpath.py [line:230] one_slot INFO Entering slot 16 
2024-07-21 19:32:13,114 superfastpath.py [line:246] one_slot INFO pending block 16 in 0.031142 
2024-07-21 19:32:13,114 superfastpath.py [line:255] one_slot INFO 2pending block 16 in 0.031678 
2024-07-21 19:32:13,115 superfastpath.py [line:273] one_slot INFO read pending block 16 in 0.031930 
2024-07-21 19:32:13,116 superfastpath.py [line:282] one_slot INFO 3pending block 16 in 0.033200 
2024-07-21 19:32:13,116 superfastpath.py [line:286] one_slot INFO delay block 15 in 0.093006 
2024-07-21 19:32:13,123 superfastpath.py [line:293] one_slot INFO Fast block at Node 2 for Epoch sidAFAST0 and Slot 15 has delay, TPS and TXs: 0.09300613403320312, 8000 
2024-07-21 19:32:13,124 superfastpath.py [line:295] one_slot INFO AVG TPS: 15966, running time 0.501040, weighted delay: 0.106015 
2024-07-21 19:32:13,124 superfastpath.py [line:300] one_slot INFO output block for slot 15 taking 0.100662 sec 
2024-07-21 19:32:13,124 superfastpath.py [line:304] one_slot INFO Leaving slot 16 
2024-07-21 19:32:13,124 superfastpath.py [line:369] sufastpath INFO Leaves fastpath at 17 slot 
2024-07-21 19:32:13,128 Superfast.py [line:308] wait_for_fastpath INFO Fastpath of epoch 0 completed 
2024-07-21 19:32:13,128 Superfast.py [line:337] _run_epoch INFO Fastpath tps: 15958 delay 0.106015 
2024-07-21 19:33:49,249 sufp_node.py [line:79] run INFO node 2's starts to run consensus on process id 32643 
2024-07-21 19:33:49,249 sufp_node.py [line:80] run INFO parameters: N=16, f=5, S=15, T=5, fast-batch=1000, acs-batch=62, K=1, O=0 
2024-07-21 19:33:49,249 sufp_node.py [line:62] prepare_bootstrap INFO node id 2 is inserting dummy payload TXs 
2024-07-21 19:33:49,250 sufp_node.py [line:70] prepare_bootstrap INFO node id 2 just inserts 50000 TXs 
2024-07-21 19:33:49,250 sufp_node.py [line:70] prepare_bootstrap INFO node id 2 just inserts 50000 TXs 
2024-07-21 19:33:49,250 sufp_node.py [line:74] prepare_bootstrap INFO node id 2 completed the loading of dummy TXs 
2024-07-21 19:33:49,250 Superfast.py [line:178] run_bft INFO Node 2 starts to run at time:1721561629.2507355 
2024-07-21 19:33:49,250 Superfast.py [line:231] _run_epoch INFO Node enters epoch 0 
2024-07-21 19:33:49,251 superfastpath.py [line:43] sufastpath INFO Entering fast path 
2024-07-21 19:33:49,251 superfastpath.py [line:230] one_slot INFO Entering slot 1 
2024-07-21 19:33:49,404 superfastpath.py [line:246] one_slot INFO pending block 1 in 0.153066 
2024-07-21 19:33:49,405 superfastpath.py [line:255] one_slot INFO 2pending block 1 in 0.153221 
2024-07-21 19:33:49,406 superfastpath.py [line:273] one_slot INFO read pending block 1 in 0.154705 
2024-07-21 19:33:49,406 superfastpath.py [line:304] one_slot INFO Leaving slot 1 
2024-07-21 19:33:49,407 superfastpath.py [line:230] one_slot INFO Entering slot 2 
2024-07-21 19:33:49,480 superfastpath.py [line:246] one_slot INFO pending block 2 in 0.072957 
2024-07-21 19:33:49,480 superfastpath.py [line:255] one_slot INFO 2pending block 2 in 0.073358 
2024-07-21 19:33:49,491 superfastpath.py [line:273] one_slot INFO read pending block 2 in 0.084460 
2024-07-21 19:33:49,494 superfastpath.py [line:304] one_slot INFO Leaving slot 2 
2024-07-21 19:33:49,495 superfastpath.py [line:230] one_slot INFO Entering slot 3 
2024-07-21 19:33:49,524 superfastpath.py [line:246] one_slot INFO pending block 3 in 0.029713 
2024-07-21 19:33:49,525 superfastpath.py [line:255] one_slot INFO 2pending block 3 in 0.029900 
2024-07-21 19:33:49,526 superfastpath.py [line:273] one_slot INFO read pending block 3 in 0.031288 
2024-07-21 19:33:49,526 superfastpath.py [line:304] one_slot INFO Leaving slot 3 
2024-07-21 19:33:49,526 superfastpath.py [line:230] one_slot INFO Entering slot 4 
2024-07-21 19:33:49,579 superfastpath.py [line:246] one_slot INFO pending block 4 in 0.052367 
2024-07-21 19:33:49,579 superfastpath.py [line:255] one_slot INFO 2pending block 4 in 0.052715 
2024-07-21 19:33:49,581 superfastpath.py [line:273] one_slot INFO read pending block 4 in 0.054403 
2024-07-21 19:33:49,581 superfastpath.py [line:304] one_slot INFO Leaving slot 4 
2024-07-21 19:33:49,581 superfastpath.py [line:230] one_slot INFO Entering slot 5 
2024-07-21 19:33:49,645 superfastpath.py [line:246] one_slot INFO pending block 5 in 0.063678 
2024-07-21 19:33:49,646 superfastpath.py [line:255] one_slot INFO 2pending block 5 in 0.064678 
2024-07-21 19:33:49,651 superfastpath.py [line:273] one_slot INFO read pending block 5 in 0.069622 
2024-07-21 19:33:49,652 superfastpath.py [line:304] one_slot INFO Leaving slot 5 
2024-07-21 19:33:49,654 superfastpath.py [line:230] one_slot INFO Entering slot 6 
2024-07-21 19:33:49,705 superfastpath.py [line:246] one_slot INFO pending block 6 in 0.050531 
2024-07-21 19:33:49,706 superfastpath.py [line:255] one_slot INFO 2pending block 6 in 0.051150 
2024-07-21 19:33:49,710 superfastpath.py [line:273] one_slot INFO read pending block 6 in 0.055527 
2024-07-21 19:33:49,710 superfastpath.py [line:304] one_slot INFO Leaving slot 6 
2024-07-21 19:33:49,711 superfastpath.py [line:230] one_slot INFO Entering slot 7 
2024-07-21 19:33:49,751 superfastpath.py [line:246] one_slot INFO pending block 7 in 0.040081 
2024-07-21 19:33:49,751 superfastpath.py [line:255] one_slot INFO 2pending block 7 in 0.040616 
2024-07-21 19:33:49,757 superfastpath.py [line:273] one_slot INFO read pending block 7 in 0.046045 
2024-07-21 19:33:49,757 superfastpath.py [line:304] one_slot INFO Leaving slot 7 
2024-07-21 19:33:49,757 superfastpath.py [line:230] one_slot INFO Entering slot 8 
2024-07-21 19:33:49,782 superfastpath.py [line:246] one_slot INFO pending block 8 in 0.025100 
2024-07-21 19:33:49,782 superfastpath.py [line:255] one_slot INFO 2pending block 8 in 0.025296 
2024-07-21 19:33:49,784 superfastpath.py [line:273] one_slot INFO read pending block 8 in 0.026976 
2024-07-21 19:33:49,784 superfastpath.py [line:304] one_slot INFO Leaving slot 8 
2024-07-21 19:33:49,784 superfastpath.py [line:230] one_slot INFO Entering slot 9 
2024-07-21 19:33:49,836 superfastpath.py [line:246] one_slot INFO pending block 9 in 0.051268 
2024-07-21 19:33:49,836 superfastpath.py [line:255] one_slot INFO 2pending block 9 in 0.051591 
2024-07-21 19:33:49,840 superfastpath.py [line:273] one_slot INFO read pending block 9 in 0.055269 
2024-07-21 19:33:49,840 superfastpath.py [line:282] one_slot INFO 3pending block 9 in 0.055529 
2024-07-21 19:33:49,840 superfastpath.py [line:286] one_slot INFO delay block 8 in 0.083161 
2024-07-21 19:33:49,843 superfastpath.py [line:293] one_slot INFO Fast block at Node 2 for Epoch sidAFAST0 and Slot 8 has delay, TPS and TXs: 0.0831613540649414, 1000 
2024-07-21 19:33:49,843 superfastpath.py [line:295] one_slot INFO AVG TPS: 11649, running time 0.085844, weighted delay: 0.083161 
2024-07-21 19:33:49,843 superfastpath.py [line:300] one_slot INFO output block for slot 8 taking 0.085849 sec 
2024-07-21 19:33:49,843 superfastpath.py [line:304] one_slot INFO Leaving slot 9 
2024-07-21 19:33:49,843 superfastpath.py [line:230] one_slot INFO Entering slot 10 
2024-07-21 19:33:49,913 superfastpath.py [line:246] one_slot INFO pending block 10 in 0.069674 
2024-07-21 19:33:49,913 superfastpath.py [line:255] one_slot INFO 2pending block 10 in 0.069844 
2024-07-21 19:33:49,916 superfastpath.py [line:273] one_slot INFO read pending block 10 in 0.073148 
2024-07-21 19:33:49,974 superfastpath.py [line:282] one_slot INFO 3pending block 10 in 0.130588 
2024-07-21 19:33:49,974 superfastpath.py [line:286] one_slot INFO delay block 9 in 0.189438 
2024-07-21 19:33:49,976 superfastpath.py [line:293] one_slot INFO Fast block at Node 2 for Epoch sidAFAST0 and Slot 9 has delay, TPS and TXs: 0.1894378662109375, 2000 
2024-07-21 19:33:49,976 superfastpath.py [line:295] one_slot INFO AVG TPS: 9125, running time 0.219176, weighted delay: 0.136300 
2024-07-21 19:33:49,976 superfastpath.py [line:300] one_slot INFO output block for slot 9 taking 0.191641 sec 
2024-07-21 19:33:49,976 superfastpath.py [line:304] one_slot INFO Leaving slot 10 
2024-07-21 19:33:49,976 superfastpath.py [line:230] one_slot INFO Entering slot 11 
2024-07-21 19:33:50,007 superfastpath.py [line:246] one_slot INFO pending block 11 in 0.030290 
2024-07-21 19:33:50,007 superfastpath.py [line:255] one_slot INFO 2pending block 11 in 0.030470 
2024-07-21 19:33:50,021 superfastpath.py [line:273] one_slot INFO read pending block 11 in 0.044161 
2024-07-21 19:33:50,021 superfastpath.py [line:282] one_slot INFO 3pending block 11 in 0.044359 
2024-07-21 19:33:50,021 superfastpath.py [line:286] one_slot INFO delay block 10 in 0.177664 
2024-07-21 19:33:50,023 superfastpath.py [line:293] one_slot INFO Fast block at Node 2 for Epoch sidAFAST0 and Slot 10 has delay, TPS and TXs: 0.17766404151916504, 3000 
2024-07-21 19:33:50,023 superfastpath.py [line:295] one_slot INFO AVG TPS: 11277, running time 0.266018, weighted delay: 0.150088 
2024-07-21 19:33:50,023 superfastpath.py [line:300] one_slot INFO output block for slot 10 taking 0.179815 sec 
2024-07-21 19:33:50,023 superfastpath.py [line:304] one_slot INFO Leaving slot 11 
2024-07-21 19:33:50,023 superfastpath.py [line:230] one_slot INFO Entering slot 12 
2024-07-21 19:33:50,056 superfastpath.py [line:246] one_slot INFO pending block 12 in 0.032870 
2024-07-21 19:33:50,056 superfastpath.py [line:255] one_slot INFO 2pending block 12 in 0.033092 
2024-07-21 19:33:50,060 superfastpath.py [line:273] one_slot INFO read pending block 12 in 0.035735 
2024-07-21 19:33:50,060 superfastpath.py [line:282] one_slot INFO 3pending block 12 in 0.036685 
2024-07-21 19:33:50,060 superfastpath.py [line:286] one_slot INFO delay block 11 in 0.083650 
2024-07-21 19:33:50,065 superfastpath.py [line:293] one_slot INFO Fast block at Node 2 for Epoch sidAFAST0 and Slot 11 has delay, TPS and TXs: 0.08365011215209961, 4000 
2024-07-21 19:33:50,065 superfastpath.py [line:295] one_slot INFO AVG TPS: 12999, running time 0.307693, weighted delay: 0.133478 
2024-07-21 19:33:50,065 superfastpath.py [line:300] one_slot INFO output block for slot 11 taking 0.088295 sec 
2024-07-21 19:33:50,065 superfastpath.py [line:304] one_slot INFO Leaving slot 12 
2024-07-21 19:33:50,065 superfastpath.py [line:230] one_slot INFO Entering slot 13 
2024-07-21 19:33:50,101 superfastpath.py [line:246] one_slot INFO pending block 13 in 0.035964 
2024-07-21 19:33:50,102 superfastpath.py [line:255] one_slot INFO 2pending block 13 in 0.036160 
2024-07-21 19:33:50,103 superfastpath.py [line:273] one_slot INFO read pending block 13 in 0.038074 
2024-07-21 19:33:50,104 superfastpath.py [line:282] one_slot INFO 3pending block 13 in 0.038389 
2024-07-21 19:33:50,104 superfastpath.py [line:286] one_slot INFO delay block 12 in 0.080602 
2024-07-21 19:33:50,106 superfastpath.py [line:293] one_slot INFO Fast block at Node 2 for Epoch sidAFAST0 and Slot 12 has delay, TPS and TXs: 0.08060193061828613, 5000 
2024-07-21 19:33:50,106 superfastpath.py [line:295] one_slot INFO AVG TPS: 14326, running time 0.349005, weighted delay: 0.122903 
2024-07-21 19:33:50,106 superfastpath.py [line:300] one_slot INFO output block for slot 12 taking 0.082773 sec 
2024-07-21 19:33:50,106 superfastpath.py [line:304] one_slot INFO Leaving slot 13 
2024-07-21 19:33:50,106 superfastpath.py [line:230] one_slot INFO Entering slot 14 
2024-07-21 19:33:50,160 superfastpath.py [line:246] one_slot INFO pending block 14 in 0.053517 
2024-07-21 19:33:50,162 superfastpath.py [line:255] one_slot INFO 2pending block 14 in 0.053725 
2024-07-21 19:33:50,169 superfastpath.py [line:273] one_slot INFO read pending block 14 in 0.060718 
2024-07-21 19:33:50,169 superfastpath.py [line:282] one_slot INFO 3pending block 14 in 0.062338 
2024-07-21 19:33:50,169 superfastpath.py [line:286] one_slot INFO delay block 13 in 0.103399 
2024-07-21 19:33:50,176 superfastpath.py [line:293] one_slot INFO Fast block at Node 2 for Epoch sidAFAST0 and Slot 13 has delay, TPS and TXs: 0.10339856147766113, 6000 
2024-07-21 19:33:50,177 superfastpath.py [line:295] one_slot INFO AVG TPS: 14271, running time 0.420424, weighted delay: 0.119652 
2024-07-21 19:33:50,177 superfastpath.py [line:300] one_slot INFO output block for slot 13 taking 0.112110 sec 
2024-07-21 19:33:50,179 superfastpath.py [line:304] one_slot INFO Leaving slot 14 
2024-07-21 19:33:50,180 superfastpath.py [line:230] one_slot INFO Entering slot 15 
2024-07-21 19:33:50,227 superfastpath.py [line:246] one_slot INFO pending block 15 in 0.043298 
2024-07-21 19:33:50,227 superfastpath.py [line:255] one_slot INFO 2pending block 15 in 0.043487 
2024-07-21 19:33:50,231 superfastpath.py [line:273] one_slot INFO read pending block 15 in 0.047612 
2024-07-21 19:33:50,233 superfastpath.py [line:282] one_slot INFO 3pending block 15 in 0.049027 
2024-07-21 19:33:50,233 superfastpath.py [line:286] one_slot INFO delay block 14 in 0.126957 
2024-07-21 19:33:50,238 superfastpath.py [line:293] one_slot INFO Fast block at Node 2 for Epoch sidAFAST0 and Slot 14 has delay, TPS and TXs: 0.12695693969726562, 7000 
2024-07-21 19:33:50,238 superfastpath.py [line:295] one_slot INFO AVG TPS: 14551, running time 0.481036, weighted delay: 0.120696 
2024-07-21 19:33:50,238 superfastpath.py [line:300] one_slot INFO output block for slot 14 taking 0.131765 sec 
2024-07-21 19:33:50,239 superfastpath.py [line:304] one_slot INFO Leaving slot 15 
2024-07-21 19:33:50,239 superfastpath.py [line:230] one_slot INFO Entering slot 16 
2024-07-21 19:33:50,269 superfastpath.py [line:246] one_slot INFO pending block 16 in 0.030123 
2024-07-21 19:33:50,270 superfastpath.py [line:255] one_slot INFO 2pending block 16 in 0.030593 
2024-07-21 19:33:50,270 superfastpath.py [line:273] one_slot INFO read pending block 16 in 0.030727 
2024-07-21 19:33:50,270 superfastpath.py [line:282] one_slot INFO 3pending block 16 in 0.030809 
2024-07-21 19:33:50,270 superfastpath.py [line:286] one_slot INFO delay block 15 in 0.086503 
2024-07-21 19:33:50,274 superfastpath.py [line:293] one_slot INFO Fast block at Node 2 for Epoch sidAFAST0 and Slot 15 has delay, TPS and TXs: 0.0865025520324707, 8000 
2024-07-21 19:33:50,274 superfastpath.py [line:295] one_slot INFO AVG TPS: 15464, running time 0.517301, weighted delay: 0.116422 
2024-07-21 19:33:50,274 superfastpath.py [line:300] one_slot INFO output block for slot 15 taking 0.090672 sec 
2024-07-21 19:33:50,277 superfastpath.py [line:304] one_slot INFO Leaving slot 16 
2024-07-21 19:33:50,277 superfastpath.py [line:369] sufastpath INFO Leaves fastpath at 17 slot 
2024-07-21 19:33:50,278 Superfast.py [line:308] wait_for_fastpath INFO Fastpath of epoch 0 completed 
2024-07-21 19:33:50,282 Superfast.py [line:337] _run_epoch INFO Fastpath tps: 15375 delay 0.116422 
2024-07-21 19:35:35,807 sufp_node.py [line:79] run INFO node 2's starts to run consensus on process id 512 
2024-07-21 19:35:35,807 sufp_node.py [line:80] run INFO parameters: N=16, f=5, S=15, T=5, fast-batch=1000, acs-batch=62, K=1, O=0 
2024-07-21 19:35:35,807 sufp_node.py [line:62] prepare_bootstrap INFO node id 2 is inserting dummy payload TXs 
2024-07-21 19:35:35,808 sufp_node.py [line:70] prepare_bootstrap INFO node id 2 just inserts 50000 TXs 
2024-07-21 19:35:35,808 sufp_node.py [line:70] prepare_bootstrap INFO node id 2 just inserts 50000 TXs 
2024-07-21 19:35:35,808 sufp_node.py [line:74] prepare_bootstrap INFO node id 2 completed the loading of dummy TXs 
2024-07-21 19:35:35,808 Superfast.py [line:178] run_bft INFO Node 2 starts to run at time:1721561735.8087163 
2024-07-21 19:35:35,808 Superfast.py [line:231] _run_epoch INFO Node enters epoch 0 
2024-07-21 19:35:35,809 superfastpath.py [line:43] sufastpath INFO Entering fast path 
2024-07-21 19:35:35,809 superfastpath.py [line:231] one_slot INFO Entering slot 1 
2024-07-21 19:35:35,923 superfastpath.py [line:247] one_slot INFO pending block 1 in 0.113304 
2024-07-21 19:35:35,923 superfastpath.py [line:256] one_slot INFO 2pending block 1 in 0.113503 
2024-07-21 19:35:35,924 superfastpath.py [line:274] one_slot INFO read pending block 1 in 0.115001 
2024-07-21 19:35:35,925 superfastpath.py [line:305] one_slot INFO Leaving slot 1 
2024-07-21 19:35:35,925 superfastpath.py [line:231] one_slot INFO Entering slot 2 
2024-07-21 19:35:35,942 superfastpath.py [line:247] one_slot INFO pending block 2 in 0.017058 
2024-07-21 19:35:35,942 superfastpath.py [line:256] one_slot INFO 2pending block 2 in 0.017239 
2024-07-21 19:35:35,943 superfastpath.py [line:274] one_slot INFO read pending block 2 in 0.018655 
2024-07-21 19:35:35,944 superfastpath.py [line:305] one_slot INFO Leaving slot 2 
2024-07-21 19:35:35,944 superfastpath.py [line:231] one_slot INFO Entering slot 3 
2024-07-21 19:35:35,988 superfastpath.py [line:247] one_slot INFO pending block 3 in 0.043993 
2024-07-21 19:35:35,988 superfastpath.py [line:256] one_slot INFO 2pending block 3 in 0.044191 
2024-07-21 19:35:35,991 superfastpath.py [line:274] one_slot INFO read pending block 3 in 0.047233 
2024-07-21 19:35:35,991 superfastpath.py [line:305] one_slot INFO Leaving slot 3 
2024-07-21 19:35:35,999 superfastpath.py [line:231] one_slot INFO Entering slot 4 
2024-07-21 19:35:36,044 superfastpath.py [line:247] one_slot INFO pending block 4 in 0.044578 
2024-07-21 19:35:36,044 superfastpath.py [line:256] one_slot INFO 2pending block 4 in 0.044781 
2024-07-21 19:35:36,046 superfastpath.py [line:274] one_slot INFO read pending block 4 in 0.046449 
2024-07-21 19:35:36,046 superfastpath.py [line:305] one_slot INFO Leaving slot 4 
2024-07-21 19:35:36,047 superfastpath.py [line:231] one_slot INFO Entering slot 5 
2024-07-21 19:35:36,111 superfastpath.py [line:247] one_slot INFO pending block 5 in 0.063803 
2024-07-21 19:35:36,111 superfastpath.py [line:256] one_slot INFO 2pending block 5 in 0.063994 
2024-07-21 19:35:36,115 superfastpath.py [line:274] one_slot INFO read pending block 5 in 0.067776 
2024-07-21 19:35:36,115 superfastpath.py [line:305] one_slot INFO Leaving slot 5 
2024-07-21 19:35:36,115 superfastpath.py [line:231] one_slot INFO Entering slot 6 
2024-07-21 19:35:36,145 superfastpath.py [line:247] one_slot INFO pending block 6 in 0.029651 
2024-07-21 19:35:36,145 superfastpath.py [line:256] one_slot INFO 2pending block 6 in 0.029858 
2024-07-21 19:35:36,147 superfastpath.py [line:274] one_slot INFO read pending block 6 in 0.031833 
2024-07-21 19:35:36,147 superfastpath.py [line:305] one_slot INFO Leaving slot 6 
2024-07-21 19:35:36,147 superfastpath.py [line:231] one_slot INFO Entering slot 7 
2024-07-21 19:35:36,204 superfastpath.py [line:247] one_slot INFO pending block 7 in 0.056540 
2024-07-21 19:35:36,204 superfastpath.py [line:256] one_slot INFO 2pending block 7 in 0.056921 
2024-07-21 19:35:36,208 superfastpath.py [line:274] one_slot INFO read pending block 7 in 0.060148 
2024-07-21 19:35:36,208 superfastpath.py [line:305] one_slot INFO Leaving slot 7 
2024-07-21 19:35:36,208 superfastpath.py [line:231] one_slot INFO Entering slot 8 
2024-07-21 19:35:36,248 superfastpath.py [line:247] one_slot INFO pending block 8 in 0.039877 
2024-07-21 19:35:36,248 superfastpath.py [line:256] one_slot INFO 2pending block 8 in 0.040029 
2024-07-21 19:35:36,250 superfastpath.py [line:274] one_slot INFO read pending block 8 in 0.042070 
2024-07-21 19:35:36,250 superfastpath.py [line:305] one_slot INFO Leaving slot 8 
2024-07-21 19:35:36,250 superfastpath.py [line:231] one_slot INFO Entering slot 9 
2024-07-21 19:35:36,297 superfastpath.py [line:247] one_slot INFO pending block 9 in 0.046095 
2024-07-21 19:35:36,297 superfastpath.py [line:256] one_slot INFO 2pending block 9 in 0.046316 
2024-07-21 19:35:36,304 superfastpath.py [line:274] one_slot INFO read pending block 9 in 0.053252 
2024-07-21 19:35:36,304 superfastpath.py [line:283] one_slot INFO 3pending block 9 in 0.053422 
2024-07-21 19:35:36,304 superfastpath.py [line:287] one_slot INFO delay block 8 in 0.095983 
2024-07-21 19:35:36,307 superfastpath.py [line:294] one_slot INFO Fast block at Node 2 for Epoch sidAFAST0 and Slot 8 has delay, TPS and TXs: 0.09598255157470703, 1000 
2024-07-21 19:35:36,307 superfastpath.py [line:296] one_slot INFO AVG TPS: 10043, running time 0.099568, weighted delay: 0.095983 
2024-07-21 19:35:36,308 superfastpath.py [line:301] one_slot INFO output block for slot 8 taking 0.099552 sec 
2024-07-21 19:35:36,308 superfastpath.py [line:305] one_slot INFO Leaving slot 9 
2024-07-21 19:35:36,308 superfastpath.py [line:231] one_slot INFO Entering slot 10 
2024-07-21 19:35:36,363 superfastpath.py [line:247] one_slot INFO pending block 10 in 0.054876 
2024-07-21 19:35:36,363 superfastpath.py [line:256] one_slot INFO 2pending block 10 in 0.055047 
2024-07-21 19:35:36,365 superfastpath.py [line:274] one_slot INFO read pending block 10 in 0.057490 
2024-07-21 19:35:36,366 superfastpath.py [line:283] one_slot INFO 3pending block 10 in 0.057787 
2024-07-21 19:35:36,366 superfastpath.py [line:287] one_slot INFO delay block 9 in 0.115259 
2024-07-21 19:35:36,367 superfastpath.py [line:294] one_slot INFO Fast block at Node 2 for Epoch sidAFAST0 and Slot 9 has delay, TPS and TXs: 0.11525940895080566, 2000 
2024-07-21 19:35:36,368 superfastpath.py [line:296] one_slot INFO AVG TPS: 12528, running time 0.159642, weighted delay: 0.105621 
2024-07-21 19:35:36,370 superfastpath.py [line:301] one_slot INFO output block for slot 9 taking 0.118664 sec 
2024-07-21 19:35:36,370 superfastpath.py [line:305] one_slot INFO Leaving slot 10 
2024-07-21 19:35:36,371 superfastpath.py [line:231] one_slot INFO Entering slot 11 
2024-07-21 19:35:36,417 superfastpath.py [line:247] one_slot INFO pending block 11 in 0.045797 
2024-07-21 19:35:36,417 superfastpath.py [line:256] one_slot INFO 2pending block 11 in 0.046025 
2024-07-21 19:35:36,419 superfastpath.py [line:274] one_slot INFO read pending block 11 in 0.048034 
2024-07-21 19:35:36,420 superfastpath.py [line:283] one_slot INFO 3pending block 11 in 0.048969 
2024-07-21 19:35:36,420 superfastpath.py [line:287] one_slot INFO delay block 10 in 0.112054 
2024-07-21 19:35:36,422 superfastpath.py [line:294] one_slot INFO Fast block at Node 2 for Epoch sidAFAST0 and Slot 10 has delay, TPS and TXs: 0.11205387115478516, 3000 
2024-07-21 19:35:36,423 superfastpath.py [line:296] one_slot INFO AVG TPS: 13942, running time 0.215173, weighted delay: 0.107765 
2024-07-21 19:35:36,423 superfastpath.py [line:301] one_slot INFO output block for slot 10 taking 0.115358 sec 
2024-07-21 19:35:36,423 superfastpath.py [line:305] one_slot INFO Leaving slot 11 
2024-07-21 19:35:36,423 superfastpath.py [line:231] one_slot INFO Entering slot 12 
2024-07-21 19:35:36,478 superfastpath.py [line:247] one_slot INFO pending block 12 in 0.054026 
2024-07-21 19:35:36,480 superfastpath.py [line:256] one_slot INFO 2pending block 12 in 0.054313 
2024-07-21 19:35:36,483 superfastpath.py [line:274] one_slot INFO read pending block 12 in 0.059033 
2024-07-21 19:35:36,483 superfastpath.py [line:283] one_slot INFO 3pending block 12 in 0.059188 
2024-07-21 19:35:36,483 superfastpath.py [line:287] one_slot INFO delay block 11 in 0.112117 
2024-07-21 19:35:36,488 superfastpath.py [line:294] one_slot INFO Fast block at Node 2 for Epoch sidAFAST0 and Slot 11 has delay, TPS and TXs: 0.11211681365966797, 4000 
2024-07-21 19:35:36,488 superfastpath.py [line:296] one_slot INFO AVG TPS: 14259, running time 0.280516, weighted delay: 0.108853 
2024-07-21 19:35:36,489 superfastpath.py [line:301] one_slot INFO output block for slot 11 taking 0.117696 sec 
2024-07-21 19:35:36,489 superfastpath.py [line:305] one_slot INFO Leaving slot 12 
2024-07-21 19:35:36,489 superfastpath.py [line:231] one_slot INFO Entering slot 13 
2024-07-21 19:35:36,521 superfastpath.py [line:247] one_slot INFO pending block 13 in 0.032019 
2024-07-21 19:35:36,521 superfastpath.py [line:256] one_slot INFO 2pending block 13 in 0.032362 
2024-07-21 19:35:36,526 superfastpath.py [line:274] one_slot INFO read pending block 13 in 0.037437 
2024-07-21 19:35:36,526 superfastpath.py [line:283] one_slot INFO 3pending block 13 in 0.037587 
2024-07-21 19:35:36,527 superfastpath.py [line:287] one_slot INFO delay block 12 in 0.102785 
2024-07-21 19:35:36,532 superfastpath.py [line:294] one_slot INFO Fast block at Node 2 for Epoch sidAFAST0 and Slot 12 has delay, TPS and TXs: 0.10278534889221191, 5000 
2024-07-21 19:35:36,535 superfastpath.py [line:296] one_slot INFO AVG TPS: 15296, running time 0.326867, weighted delay: 0.107640 
2024-07-21 19:35:36,535 superfastpath.py [line:301] one_slot INFO output block for slot 12 taking 0.111250 sec 
2024-07-21 19:35:36,535 superfastpath.py [line:305] one_slot INFO Leaving slot 13 
2024-07-21 19:35:36,535 superfastpath.py [line:231] one_slot INFO Entering slot 14 
2024-07-21 19:35:36,552 superfastpath.py [line:247] one_slot INFO pending block 14 in 0.017176 
2024-07-21 19:35:36,553 superfastpath.py [line:256] one_slot INFO 2pending block 14 in 0.017336 
2024-07-21 19:35:36,557 superfastpath.py [line:274] one_slot INFO read pending block 14 in 0.021921 
2024-07-21 19:35:36,557 superfastpath.py [line:283] one_slot INFO 3pending block 14 in 0.022094 
2024-07-21 19:35:36,557 superfastpath.py [line:287] one_slot INFO delay block 13 in 0.068569 
2024-07-21 19:35:36,560 superfastpath.py [line:294] one_slot INFO Fast block at Node 2 for Epoch sidAFAST0 and Slot 13 has delay, TPS and TXs: 0.06856894493103027, 6000 
2024-07-21 19:35:36,560 superfastpath.py [line:296] one_slot INFO AVG TPS: 17021, running time 0.352494, weighted delay: 0.101128 
2024-07-21 19:35:36,560 superfastpath.py [line:301] one_slot INFO output block for slot 13 taking 0.071706 sec 
2024-07-21 19:35:36,561 superfastpath.py [line:305] one_slot INFO Leaving slot 14 
2024-07-21 19:35:36,561 superfastpath.py [line:231] one_slot INFO Entering slot 15 
2024-07-21 19:35:36,622 superfastpath.py [line:247] one_slot INFO pending block 15 in 0.060390 
2024-07-21 19:35:36,622 superfastpath.py [line:256] one_slot INFO 2pending block 15 in 0.060529 
2024-07-21 19:35:36,630 superfastpath.py [line:274] one_slot INFO read pending block 15 in 0.068203 
2024-07-21 19:35:36,630 superfastpath.py [line:283] one_slot INFO 3pending block 15 in 0.068563 
2024-07-21 19:35:36,630 superfastpath.py [line:287] one_slot INFO delay block 14 in 0.095060 
2024-07-21 19:35:36,636 superfastpath.py [line:294] one_slot INFO Fast block at Node 2 for Epoch sidAFAST0 and Slot 14 has delay, TPS and TXs: 0.09505963325500488, 7000 
2024-07-21 19:35:36,636 superfastpath.py [line:296] one_slot INFO AVG TPS: 16353, running time 0.428051, weighted delay: 0.100261 
2024-07-21 19:35:36,636 superfastpath.py [line:301] one_slot INFO output block for slot 14 taking 0.100878 sec 
2024-07-21 19:35:36,638 superfastpath.py [line:305] one_slot INFO Leaving slot 15 
2024-07-21 19:35:36,638 superfastpath.py [line:231] one_slot INFO Entering slot 16 
2024-07-21 19:35:36,652 superfastpath.py [line:247] one_slot INFO pending block 16 in 0.013829 
2024-07-21 19:35:36,653 superfastpath.py [line:256] one_slot INFO 2pending block 16 in 0.014337 
2024-07-21 19:35:36,653 superfastpath.py [line:274] one_slot INFO read pending block 16 in 0.014850 
2024-07-21 19:35:36,654 superfastpath.py [line:283] one_slot INFO 3pending block 16 in 0.015289 
2024-07-21 19:35:36,654 superfastpath.py [line:287] one_slot INFO delay block 15 in 0.092755 
2024-07-21 19:35:36,665 superfastpath.py [line:294] one_slot INFO Fast block at Node 2 for Epoch sidAFAST0 and Slot 15 has delay, TPS and TXs: 0.09275484085083008, 8000 
2024-07-21 19:35:36,666 superfastpath.py [line:296] one_slot INFO AVG TPS: 17477, running time 0.457720, weighted delay: 0.099323 
2024-07-21 19:35:36,666 superfastpath.py [line:301] one_slot INFO output block for slot 15 taking 0.104252 sec 
2024-07-21 19:35:36,666 superfastpath.py [line:305] one_slot INFO Leaving slot 16 
2024-07-21 19:35:36,666 superfastpath.py [line:370] sufastpath INFO Leaves fastpath at 17 slot 
2024-07-21 19:35:36,669 Superfast.py [line:308] wait_for_fastpath INFO Fastpath of epoch 0 completed 
2024-07-21 19:35:36,670 Superfast.py [line:337] _run_epoch INFO Fastpath tps: 17469 delay 0.099323 
2024-07-21 19:37:55,555 sufp_node.py [line:79] run INFO node 2's starts to run consensus on process id 853 
2024-07-21 19:37:55,556 sufp_node.py [line:80] run INFO parameters: N=16, f=5, S=15, T=5, fast-batch=1000, acs-batch=62, K=1, O=0 
2024-07-21 19:37:55,556 sufp_node.py [line:62] prepare_bootstrap INFO node id 2 is inserting dummy payload TXs 
2024-07-21 19:37:55,557 sufp_node.py [line:70] prepare_bootstrap INFO node id 2 just inserts 50000 TXs 
2024-07-21 19:37:55,557 sufp_node.py [line:70] prepare_bootstrap INFO node id 2 just inserts 50000 TXs 
2024-07-21 19:37:55,557 sufp_node.py [line:74] prepare_bootstrap INFO node id 2 completed the loading of dummy TXs 
2024-07-21 19:37:55,557 Superfast.py [line:178] run_bft INFO Node 2 starts to run at time:1721561875.5575686 
2024-07-21 19:37:55,557 Superfast.py [line:231] _run_epoch INFO Node enters epoch 0 
2024-07-21 19:37:55,558 superfastpath.py [line:43] sufastpath INFO Entering fast path 
2024-07-21 19:37:55,559 superfastpath.py [line:233] one_slot INFO Entering slot 1 
2024-07-21 19:37:56,217 superfastpath.py [line:249] one_slot INFO pending block 1 in 0.658538 
2024-07-21 19:37:56,217 superfastpath.py [line:258] one_slot INFO 2pending block 1 in 0.658726 
2024-07-21 19:37:56,219 superfastpath.py [line:276] one_slot INFO read pending block 1 in 0.659879 
2024-07-21 19:37:56,219 superfastpath.py [line:307] one_slot INFO Leaving slot 1 
2024-07-21 19:37:56,219 superfastpath.py [line:233] one_slot INFO Entering slot 2 
2024-07-21 19:37:56,237 superfastpath.py [line:249] one_slot INFO pending block 2 in 0.014467 
2024-07-21 19:37:56,237 superfastpath.py [line:258] one_slot INFO 2pending block 2 in 0.018348 
2024-07-21 19:37:56,243 superfastpath.py [line:276] one_slot INFO read pending block 2 in 0.023901 
2024-07-21 19:37:56,243 superfastpath.py [line:307] one_slot INFO Leaving slot 2 
2024-07-21 19:37:56,243 superfastpath.py [line:233] one_slot INFO Entering slot 3 
2024-07-21 19:37:56,273 superfastpath.py [line:249] one_slot INFO pending block 3 in 0.029738 
2024-07-21 19:37:56,273 superfastpath.py [line:258] one_slot INFO 2pending block 3 in 0.029905 
2024-07-21 19:37:56,276 superfastpath.py [line:276] one_slot INFO read pending block 3 in 0.032255 
2024-07-21 19:37:56,276 superfastpath.py [line:307] one_slot INFO Leaving slot 3 
2024-07-21 19:37:56,276 superfastpath.py [line:233] one_slot INFO Entering slot 4 
2024-07-21 19:37:56,331 superfastpath.py [line:249] one_slot INFO pending block 4 in 0.054708 
2024-07-21 19:37:56,332 superfastpath.py [line:258] one_slot INFO 2pending block 4 in 0.055777 
2024-07-21 19:37:56,335 superfastpath.py [line:276] one_slot INFO read pending block 4 in 0.058836 
2024-07-21 19:37:56,335 superfastpath.py [line:307] one_slot INFO Leaving slot 4 
2024-07-21 19:37:56,336 superfastpath.py [line:233] one_slot INFO Entering slot 5 
2024-07-21 19:37:56,369 superfastpath.py [line:249] one_slot INFO pending block 5 in 0.032624 
2024-07-21 19:37:56,370 superfastpath.py [line:258] one_slot INFO 2pending block 5 in 0.033470 
2024-07-21 19:37:56,373 superfastpath.py [line:276] one_slot INFO read pending block 5 in 0.036187 
2024-07-21 19:37:56,373 superfastpath.py [line:307] one_slot INFO Leaving slot 5 
2024-07-21 19:37:56,373 superfastpath.py [line:233] one_slot INFO Entering slot 6 
2024-07-21 19:37:56,425 superfastpath.py [line:249] one_slot INFO pending block 6 in 0.052014 
2024-07-21 19:37:56,425 superfastpath.py [line:258] one_slot INFO 2pending block 6 in 0.052234 
2024-07-21 19:37:56,428 superfastpath.py [line:276] one_slot INFO read pending block 6 in 0.054604 
2024-07-21 19:37:56,428 superfastpath.py [line:307] one_slot INFO Leaving slot 6 
2024-07-21 19:37:56,429 superfastpath.py [line:233] one_slot INFO Entering slot 7 
2024-07-21 19:37:56,486 superfastpath.py [line:249] one_slot INFO pending block 7 in 0.057199 
2024-07-21 19:37:56,487 superfastpath.py [line:258] one_slot INFO 2pending block 7 in 0.057745 
2024-07-21 19:37:56,493 superfastpath.py [line:276] one_slot INFO read pending block 7 in 0.062625 
2024-07-21 19:37:56,493 superfastpath.py [line:307] one_slot INFO Leaving slot 7 
2024-07-21 19:37:56,503 superfastpath.py [line:233] one_slot INFO Entering slot 8 
2024-07-21 19:37:56,546 superfastpath.py [line:249] one_slot INFO pending block 8 in 0.042427 
2024-07-21 19:37:56,546 superfastpath.py [line:258] one_slot INFO 2pending block 8 in 0.042666 
2024-07-21 19:37:56,551 superfastpath.py [line:276] one_slot INFO read pending block 8 in 0.047542 
2024-07-21 19:37:56,551 superfastpath.py [line:307] one_slot INFO Leaving slot 8 
2024-07-21 19:37:56,551 superfastpath.py [line:233] one_slot INFO Entering slot 9 
2024-07-21 19:37:56,582 superfastpath.py [line:249] one_slot INFO pending block 9 in 0.030290 
2024-07-21 19:37:56,582 superfastpath.py [line:258] one_slot INFO 2pending block 9 in 0.030505 
2024-07-21 19:37:56,583 superfastpath.py [line:276] one_slot INFO read pending block 9 in 0.032028 
2024-07-21 19:37:56,584 superfastpath.py [line:285] one_slot INFO 3pending block 9 in 0.032205 
2024-07-21 19:37:56,584 superfastpath.py [line:289] one_slot INFO delay block 8 in 0.080251 
2024-07-21 19:37:56,585 superfastpath.py [line:296] one_slot INFO Fast block at Node 2 for Epoch sidAFAST0 and Slot 8 has delay, TPS and TXs: 0.08025074005126953, 1000 
2024-07-21 19:37:56,585 superfastpath.py [line:298] one_slot INFO AVG TPS: 10944, running time 0.091370, weighted delay: 0.080251 
2024-07-21 19:37:56,585 superfastpath.py [line:303] one_slot INFO output block for slot 8 taking 0.082055 sec 
2024-07-21 19:37:56,586 superfastpath.py [line:307] one_slot INFO Leaving slot 9 
2024-07-21 19:37:56,586 superfastpath.py [line:233] one_slot INFO Entering slot 10 
2024-07-21 19:37:56,641 superfastpath.py [line:249] one_slot INFO pending block 10 in 0.055432 
2024-07-21 19:37:56,642 superfastpath.py [line:258] one_slot INFO 2pending block 10 in 0.055845 
2024-07-21 19:37:56,647 superfastpath.py [line:276] one_slot INFO read pending block 10 in 0.057480 
2024-07-21 19:37:56,647 superfastpath.py [line:285] one_slot INFO 3pending block 10 in 0.061143 
2024-07-21 19:37:56,647 superfastpath.py [line:289] one_slot INFO delay block 9 in 0.095673 
2024-07-21 19:37:56,649 superfastpath.py [line:296] one_slot INFO Fast block at Node 2 for Epoch sidAFAST0 and Slot 9 has delay, TPS and TXs: 0.0956728458404541, 2000 
2024-07-21 19:37:56,649 superfastpath.py [line:298] one_slot INFO AVG TPS: 12903, running time 0.155000, weighted delay: 0.087962 
2024-07-21 19:37:56,649 superfastpath.py [line:303] one_slot INFO output block for slot 9 taking 0.097747 sec 
2024-07-21 19:37:56,649 superfastpath.py [line:307] one_slot INFO Leaving slot 10 
2024-07-21 19:37:56,649 superfastpath.py [line:233] one_slot INFO Entering slot 11 
2024-07-21 19:37:56,700 superfastpath.py [line:249] one_slot INFO pending block 11 in 0.050591 
2024-07-21 19:37:56,700 superfastpath.py [line:258] one_slot INFO 2pending block 11 in 0.050754 
2024-07-21 19:37:56,702 superfastpath.py [line:276] one_slot INFO read pending block 11 in 0.053056 
2024-07-21 19:37:56,703 superfastpath.py [line:285] one_slot INFO 3pending block 11 in 0.053258 
2024-07-21 19:37:56,703 superfastpath.py [line:289] one_slot INFO delay block 10 in 0.116987 
2024-07-21 19:37:56,705 superfastpath.py [line:296] one_slot INFO Fast block at Node 2 for Epoch sidAFAST0 and Slot 10 has delay, TPS and TXs: 0.11698722839355469, 3000 
2024-07-21 19:37:56,707 superfastpath.py [line:298] one_slot INFO AVG TPS: 14081, running time 0.213044, weighted delay: 0.097637 
2024-07-21 19:37:56,707 superfastpath.py [line:303] one_slot INFO output block for slot 10 taking 0.121411 sec 
2024-07-21 19:37:56,707 superfastpath.py [line:307] one_slot INFO Leaving slot 11 
2024-07-21 19:37:56,707 superfastpath.py [line:233] one_slot INFO Entering slot 12 
2024-07-21 19:37:56,758 superfastpath.py [line:249] one_slot INFO pending block 12 in 0.050630 
2024-07-21 19:37:56,759 superfastpath.py [line:258] one_slot INFO 2pending block 12 in 0.050989 
2024-07-21 19:37:56,761 superfastpath.py [line:276] one_slot INFO read pending block 12 in 0.053072 
2024-07-21 19:37:56,761 superfastpath.py [line:285] one_slot INFO 3pending block 12 in 0.053360 
2024-07-21 19:37:56,761 superfastpath.py [line:289] one_slot INFO delay block 11 in 0.111595 
2024-07-21 19:37:56,764 superfastpath.py [line:296] one_slot INFO Fast block at Node 2 for Epoch sidAFAST0 and Slot 11 has delay, TPS and TXs: 0.11159491539001465, 4000 
2024-07-21 19:37:56,764 superfastpath.py [line:298] one_slot INFO AVG TPS: 14816, running time 0.269964, weighted delay: 0.101126 
2024-07-21 19:37:56,764 superfastpath.py [line:303] one_slot INFO output block for slot 11 taking 0.114986 sec 
2024-07-21 19:37:56,764 superfastpath.py [line:307] one_slot INFO Leaving slot 12 
2024-07-21 19:37:56,765 superfastpath.py [line:233] one_slot INFO Entering slot 13 
2024-07-21 19:37:56,805 superfastpath.py [line:249] one_slot INFO pending block 13 in 0.039965 
2024-07-21 19:37:56,805 superfastpath.py [line:258] one_slot INFO 2pending block 13 in 0.040144 
2024-07-21 19:37:56,806 superfastpath.py [line:276] one_slot INFO read pending block 13 in 0.041662 
2024-07-21 19:37:56,807 superfastpath.py [line:285] one_slot INFO 3pending block 13 in 0.041851 
2024-07-21 19:37:56,807 superfastpath.py [line:289] one_slot INFO delay block 12 in 0.099178 
2024-07-21 19:37:56,808 superfastpath.py [line:296] one_slot INFO Fast block at Node 2 for Epoch sidAFAST0 and Slot 12 has delay, TPS and TXs: 0.09917759895324707, 5000 
2024-07-21 19:37:56,808 superfastpath.py [line:298] one_slot INFO AVG TPS: 15903, running time 0.314405, weighted delay: 0.100737 
2024-07-21 19:37:56,809 superfastpath.py [line:303] one_slot INFO output block for slot 12 taking 0.101019 sec 
2024-07-21 19:37:56,809 superfastpath.py [line:307] one_slot INFO Leaving slot 13 
2024-07-21 19:37:56,809 superfastpath.py [line:233] one_slot INFO Entering slot 14 
2024-07-21 19:37:56,865 superfastpath.py [line:249] one_slot INFO pending block 14 in 0.056105 
2024-07-21 19:37:56,865 superfastpath.py [line:258] one_slot INFO 2pending block 14 in 0.056275 
2024-07-21 19:37:56,871 superfastpath.py [line:276] one_slot INFO read pending block 14 in 0.062254 
2024-07-21 19:37:56,871 superfastpath.py [line:285] one_slot INFO 3pending block 14 in 0.062502 
2024-07-21 19:37:56,871 superfastpath.py [line:289] one_slot INFO delay block 13 in 0.106656 
2024-07-21 19:37:56,878 superfastpath.py [line:296] one_slot INFO Fast block at Node 2 for Epoch sidAFAST0 and Slot 13 has delay, TPS and TXs: 0.10665607452392578, 6000 
2024-07-21 19:37:56,879 superfastpath.py [line:298] one_slot INFO AVG TPS: 15599, running time 0.384620, weighted delay: 0.101723 
2024-07-21 19:37:56,879 superfastpath.py [line:303] one_slot INFO output block for slot 13 taking 0.114009 sec 
2024-07-21 19:37:56,879 superfastpath.py [line:307] one_slot INFO Leaving slot 14 
2024-07-21 19:37:56,879 superfastpath.py [line:233] one_slot INFO Entering slot 15 
2024-07-21 19:37:56,905 superfastpath.py [line:249] one_slot INFO pending block 15 in 0.025843 
2024-07-21 19:37:56,905 superfastpath.py [line:258] one_slot INFO 2pending block 15 in 0.026027 
2024-07-21 19:37:56,907 superfastpath.py [line:276] one_slot INFO read pending block 15 in 0.027744 
2024-07-21 19:37:56,907 superfastpath.py [line:285] one_slot INFO 3pending block 15 in 0.027886 
2024-07-21 19:37:56,907 superfastpath.py [line:289] one_slot INFO delay block 14 in 0.098205 
2024-07-21 19:37:56,911 superfastpath.py [line:296] one_slot INFO Fast block at Node 2 for Epoch sidAFAST0 and Slot 14 has delay, TPS and TXs: 0.0982046127319336, 7000 
2024-07-21 19:37:56,912 superfastpath.py [line:298] one_slot INFO AVG TPS: 16767, running time 0.417480, weighted delay: 0.101221 
2024-07-21 19:37:56,912 superfastpath.py [line:303] one_slot INFO output block for slot 14 taking 0.102859 sec 
2024-07-21 19:37:56,912 superfastpath.py [line:307] one_slot INFO Leaving slot 15 
2024-07-21 19:37:56,912 superfastpath.py [line:233] one_slot INFO Entering slot 16 
2024-07-21 19:37:56,962 superfastpath.py [line:249] one_slot INFO pending block 16 in 0.048560 
2024-07-21 19:37:56,962 superfastpath.py [line:258] one_slot INFO 2pending block 16 in 0.048714 
2024-07-21 19:37:56,962 superfastpath.py [line:276] one_slot INFO read pending block 16 in 0.048835 
2024-07-21 19:37:56,962 superfastpath.py [line:285] one_slot INFO 3pending block 16 in 0.048908 
2024-07-21 19:37:56,963 superfastpath.py [line:289] one_slot INFO delay block 15 in 0.083574 
2024-07-21 19:37:56,977 superfastpath.py [line:296] one_slot INFO Fast block at Node 2 for Epoch sidAFAST0 and Slot 15 has delay, TPS and TXs: 0.08357429504394531, 8000 
2024-07-21 19:37:56,978 superfastpath.py [line:298] one_slot INFO AVG TPS: 16518, running time 0.484299, weighted delay: 0.099015 
2024-07-21 19:37:56,978 superfastpath.py [line:303] one_slot INFO output block for slot 15 taking 0.099445 sec 
2024-07-21 19:37:56,979 superfastpath.py [line:307] one_slot INFO Leaving slot 16 
2024-07-21 19:37:56,979 superfastpath.py [line:372] sufastpath INFO Leaves fastpath at 17 slot 
2024-07-21 19:37:56,981 Superfast.py [line:308] wait_for_fastpath INFO Fastpath of epoch 0 completed 
2024-07-21 19:37:56,981 Superfast.py [line:337] _run_epoch INFO Fastpath tps: 16511 delay 0.099015 
2024-07-21 19:41:34,150 sufp_node.py [line:79] run INFO node 2's starts to run consensus on process id 1276 
2024-07-21 19:41:34,151 sufp_node.py [line:80] run INFO parameters: N=16, f=5, S=15, T=5, fast-batch=1000, acs-batch=62, K=1, O=0 
2024-07-21 19:41:34,151 sufp_node.py [line:62] prepare_bootstrap INFO node id 2 is inserting dummy payload TXs 
2024-07-21 19:41:34,151 sufp_node.py [line:70] prepare_bootstrap INFO node id 2 just inserts 50000 TXs 
2024-07-21 19:41:34,152 sufp_node.py [line:70] prepare_bootstrap INFO node id 2 just inserts 50000 TXs 
2024-07-21 19:41:34,152 sufp_node.py [line:74] prepare_bootstrap INFO node id 2 completed the loading of dummy TXs 
2024-07-21 19:41:34,152 Superfast.py [line:178] run_bft INFO Node 2 starts to run at time:1721562094.1524594 
2024-07-21 19:41:34,152 Superfast.py [line:231] _run_epoch INFO Node enters epoch 0 
2024-07-21 19:41:34,153 superfastpath.py [line:43] sufastpath INFO Entering fast path 
2024-07-21 19:41:34,154 superfastpath.py [line:233] one_slot INFO Entering slot 1 
2024-07-21 19:41:34,371 superfastpath.py [line:249] one_slot INFO pending block 1 in 0.217061 
2024-07-21 19:41:34,371 superfastpath.py [line:258] one_slot INFO 2pending block 1 in 0.217254 
2024-07-21 19:41:34,373 superfastpath.py [line:276] one_slot INFO read pending block 1 in 0.218574 
2024-07-21 19:41:34,373 superfastpath.py [line:307] one_slot INFO Leaving slot 1 
2024-07-21 19:41:34,373 superfastpath.py [line:233] one_slot INFO Entering slot 2 
2024-07-21 19:41:34,449 superfastpath.py [line:249] one_slot INFO pending block 2 in 0.076163 
2024-07-21 19:41:34,449 superfastpath.py [line:258] one_slot INFO 2pending block 2 in 0.076319 
2024-07-21 19:41:34,457 superfastpath.py [line:276] one_slot INFO read pending block 2 in 0.084080 
2024-07-21 19:41:34,457 superfastpath.py [line:307] one_slot INFO Leaving slot 2 
2024-07-21 19:41:34,457 superfastpath.py [line:233] one_slot INFO Entering slot 3 
2024-07-21 19:41:34,474 superfastpath.py [line:249] one_slot INFO pending block 3 in 0.016655 
2024-07-21 19:41:34,474 superfastpath.py [line:258] one_slot INFO 2pending block 3 in 0.016858 
2024-07-21 19:41:34,476 superfastpath.py [line:276] one_slot INFO read pending block 3 in 0.018461 
2024-07-21 19:41:34,476 superfastpath.py [line:307] one_slot INFO Leaving slot 3 
2024-07-21 19:41:34,476 superfastpath.py [line:233] one_slot INFO Entering slot 4 
2024-07-21 19:41:34,545 superfastpath.py [line:249] one_slot INFO pending block 4 in 0.068949 
2024-07-21 19:41:34,545 superfastpath.py [line:258] one_slot INFO 2pending block 4 in 0.069215 
2024-07-21 19:41:34,548 superfastpath.py [line:276] one_slot INFO read pending block 4 in 0.072210 
2024-07-21 19:41:34,549 superfastpath.py [line:307] one_slot INFO Leaving slot 4 
2024-07-21 19:41:34,549 superfastpath.py [line:233] one_slot INFO Entering slot 5 
2024-07-21 19:41:34,613 superfastpath.py [line:249] one_slot INFO pending block 5 in 0.064247 
2024-07-21 19:41:34,613 superfastpath.py [line:258] one_slot INFO 2pending block 5 in 0.064462 
2024-07-21 19:41:34,615 superfastpath.py [line:276] one_slot INFO read pending block 5 in 0.066189 
2024-07-21 19:41:34,615 superfastpath.py [line:307] one_slot INFO Leaving slot 5 
2024-07-21 19:41:34,615 superfastpath.py [line:233] one_slot INFO Entering slot 6 
2024-07-21 19:41:34,703 superfastpath.py [line:249] one_slot INFO pending block 6 in 0.087751 
2024-07-21 19:41:34,704 superfastpath.py [line:258] one_slot INFO 2pending block 6 in 0.088473 
2024-07-21 19:41:34,707 superfastpath.py [line:276] one_slot INFO read pending block 6 in 0.091221 
2024-07-21 19:41:34,707 superfastpath.py [line:307] one_slot INFO Leaving slot 6 
2024-07-21 19:41:34,707 superfastpath.py [line:233] one_slot INFO Entering slot 7 
2024-07-21 19:41:34,754 superfastpath.py [line:249] one_slot INFO pending block 7 in 0.046654 
2024-07-21 19:41:34,754 superfastpath.py [line:258] one_slot INFO 2pending block 7 in 0.046820 
2024-07-21 19:41:34,757 superfastpath.py [line:276] one_slot INFO read pending block 7 in 0.049702 
2024-07-21 19:41:34,757 superfastpath.py [line:307] one_slot INFO Leaving slot 7 
2024-07-21 19:41:34,757 superfastpath.py [line:233] one_slot INFO Entering slot 8 
2024-07-21 19:41:34,828 superfastpath.py [line:249] one_slot INFO pending block 8 in 0.070481 
2024-07-21 19:41:34,828 superfastpath.py [line:258] one_slot INFO 2pending block 8 in 0.070713 
2024-07-21 19:41:34,836 superfastpath.py [line:276] one_slot INFO read pending block 8 in 0.078332 
2024-07-21 19:41:34,836 superfastpath.py [line:307] one_slot INFO Leaving slot 8 
2024-07-21 19:41:34,836 superfastpath.py [line:233] one_slot INFO Entering slot 9 
2024-07-21 19:41:34,911 superfastpath.py [line:249] one_slot INFO pending block 9 in 0.074953 
2024-07-21 19:41:34,912 superfastpath.py [line:258] one_slot INFO 2pending block 9 in 0.075290 
2024-07-21 19:41:34,914 superfastpath.py [line:276] one_slot INFO read pending block 9 in 0.077716 
2024-07-21 19:41:34,979 superfastpath.py [line:285] one_slot INFO 3pending block 9 in 0.142349 
2024-07-21 19:41:34,979 superfastpath.py [line:289] one_slot INFO delay block 8 in 0.221471 
2024-07-21 19:41:34,981 superfastpath.py [line:296] one_slot INFO Fast block at Node 2 for Epoch sidAFAST0 and Slot 8 has delay, TPS and TXs: 0.22147107124328613, 1000 
2024-07-21 19:41:34,981 superfastpath.py [line:298] one_slot INFO AVG TPS: 4468, running time 0.223768, weighted delay: 0.221471 
2024-07-21 19:41:34,981 superfastpath.py [line:303] one_slot INFO output block for slot 8 taking 0.223667 sec 
2024-07-21 19:41:34,981 superfastpath.py [line:307] one_slot INFO Leaving slot 9 
2024-07-21 19:41:34,981 superfastpath.py [line:233] one_slot INFO Entering slot 10 
2024-07-21 19:41:35,007 superfastpath.py [line:249] one_slot INFO pending block 10 in 0.025177 
2024-07-21 19:41:35,007 superfastpath.py [line:258] one_slot INFO 2pending block 10 in 0.025325 
2024-07-21 19:41:35,008 superfastpath.py [line:276] one_slot INFO read pending block 10 in 0.026531 
2024-07-21 19:41:35,008 superfastpath.py [line:285] one_slot INFO 3pending block 10 in 0.026655 
2024-07-21 19:41:35,008 superfastpath.py [line:289] one_slot INFO delay block 9 in 0.171686 
2024-07-21 19:41:35,009 superfastpath.py [line:296] one_slot INFO Fast block at Node 2 for Epoch sidAFAST0 and Slot 9 has delay, TPS and TXs: 0.17168641090393066, 2000 
2024-07-21 19:41:35,010 superfastpath.py [line:298] one_slot INFO AVG TPS: 7925, running time 0.252353, weighted delay: 0.196579 
2024-07-21 19:41:35,010 superfastpath.py [line:303] one_slot INFO output block for slot 9 taking 0.173283 sec 
2024-07-21 19:41:35,010 superfastpath.py [line:307] one_slot INFO Leaving slot 10 
2024-07-21 19:41:35,010 superfastpath.py [line:233] one_slot INFO Entering slot 11 
2024-07-21 19:41:35,099 superfastpath.py [line:249] one_slot INFO pending block 11 in 0.089449 
2024-07-21 19:41:35,100 superfastpath.py [line:258] one_slot INFO 2pending block 11 in 0.089680 
2024-07-21 19:41:35,113 superfastpath.py [line:276] one_slot INFO read pending block 11 in 0.102863 
2024-07-21 19:41:35,113 superfastpath.py [line:285] one_slot INFO 3pending block 11 in 0.103034 
2024-07-21 19:41:35,113 superfastpath.py [line:289] one_slot INFO delay block 10 in 0.131693 
2024-07-21 19:41:35,116 superfastpath.py [line:296] one_slot INFO Fast block at Node 2 for Epoch sidAFAST0 and Slot 10 has delay, TPS and TXs: 0.13169288635253906, 3000 
2024-07-21 19:41:35,116 superfastpath.py [line:298] one_slot INFO AVG TPS: 8357, running time 0.358967, weighted delay: 0.174950 
2024-07-21 19:41:35,116 superfastpath.py [line:303] one_slot INFO output block for slot 10 taking 0.134965 sec 
2024-07-21 19:41:35,118 superfastpath.py [line:307] one_slot INFO Leaving slot 11 
2024-07-21 19:41:35,118 superfastpath.py [line:233] one_slot INFO Entering slot 12 
2024-07-21 19:41:35,177 superfastpath.py [line:249] one_slot INFO pending block 12 in 0.058613 
2024-07-21 19:41:35,177 superfastpath.py [line:258] one_slot INFO 2pending block 12 in 0.058801 
2024-07-21 19:41:35,179 superfastpath.py [line:276] one_slot INFO read pending block 12 in 0.060655 
2024-07-21 19:41:35,179 superfastpath.py [line:285] one_slot INFO 3pending block 12 in 0.060794 
2024-07-21 19:41:35,179 superfastpath.py [line:289] one_slot INFO delay block 11 in 0.169466 
2024-07-21 19:41:35,181 superfastpath.py [line:296] one_slot INFO Fast block at Node 2 for Epoch sidAFAST0 and Slot 11 has delay, TPS and TXs: 0.1694657802581787, 4000 
2024-07-21 19:41:35,181 superfastpath.py [line:298] one_slot INFO AVG TPS: 9430, running time 0.424163, weighted delay: 0.173579 
2024-07-21 19:41:35,181 superfastpath.py [line:303] one_slot INFO output block for slot 11 taking 0.171566 sec 
2024-07-21 19:41:35,184 superfastpath.py [line:307] one_slot INFO Leaving slot 12 
2024-07-21 19:41:35,184 superfastpath.py [line:233] one_slot INFO Entering slot 13 
2024-07-21 19:41:35,217 superfastpath.py [line:249] one_slot INFO pending block 13 in 0.032375 
2024-07-21 19:41:35,217 superfastpath.py [line:258] one_slot INFO 2pending block 13 in 0.032679 
2024-07-21 19:41:35,219 superfastpath.py [line:276] one_slot INFO read pending block 13 in 0.034376 
2024-07-21 19:41:35,219 superfastpath.py [line:285] one_slot INFO 3pending block 13 in 0.034608 
2024-07-21 19:41:35,219 superfastpath.py [line:289] one_slot INFO delay block 12 in 0.100599 
2024-07-21 19:41:35,221 superfastpath.py [line:296] one_slot INFO Fast block at Node 2 for Epoch sidAFAST0 and Slot 12 has delay, TPS and TXs: 0.10059881210327148, 5000 
2024-07-21 19:41:35,222 superfastpath.py [line:298] one_slot INFO AVG TPS: 10766, running time 0.464384, weighted delay: 0.158983 
2024-07-21 19:41:35,222 superfastpath.py [line:303] one_slot INFO output block for slot 12 taking 0.103295 sec 
2024-07-21 19:41:35,222 superfastpath.py [line:307] one_slot INFO Leaving slot 13 
2024-07-21 19:41:35,222 superfastpath.py [line:233] one_slot INFO Entering slot 14 
2024-07-21 19:41:35,294 superfastpath.py [line:249] one_slot INFO pending block 14 in 0.071654 
2024-07-21 19:41:35,294 superfastpath.py [line:258] one_slot INFO 2pending block 14 in 0.071845 
2024-07-21 19:41:35,296 superfastpath.py [line:276] one_slot INFO read pending block 14 in 0.073737 
2024-07-21 19:41:35,296 superfastpath.py [line:285] one_slot INFO 3pending block 14 in 0.073928 
2024-07-21 19:41:35,296 superfastpath.py [line:289] one_slot INFO delay block 13 in 0.111845 
2024-07-21 19:41:35,299 superfastpath.py [line:296] one_slot INFO Fast block at Node 2 for Epoch sidAFAST0 and Slot 13 has delay, TPS and TXs: 0.11184549331665039, 6000 
2024-07-21 19:41:35,299 superfastpath.py [line:298] one_slot INFO AVG TPS: 11068, running time 0.542062, weighted delay: 0.151127 
2024-07-21 19:41:35,299 superfastpath.py [line:303] one_slot INFO output block for slot 13 taking 0.115017 sec 
2024-07-21 19:41:35,300 superfastpath.py [line:307] one_slot INFO Leaving slot 14 
2024-07-21 19:41:35,300 superfastpath.py [line:233] one_slot INFO Entering slot 15 
2024-07-21 19:41:35,373 superfastpath.py [line:249] one_slot INFO pending block 15 in 0.073692 
2024-07-21 19:41:35,374 superfastpath.py [line:258] one_slot INFO 2pending block 15 in 0.073952 
2024-07-21 19:41:35,376 superfastpath.py [line:276] one_slot INFO read pending block 15 in 0.075912 
2024-07-21 19:41:35,376 superfastpath.py [line:285] one_slot INFO 3pending block 15 in 0.076091 
2024-07-21 19:41:35,376 superfastpath.py [line:289] one_slot INFO delay block 14 in 0.153692 
2024-07-21 19:41:35,378 superfastpath.py [line:296] one_slot INFO Fast block at Node 2 for Epoch sidAFAST0 and Slot 14 has delay, TPS and TXs: 0.15369153022766113, 7000 
2024-07-21 19:41:35,379 superfastpath.py [line:298] one_slot INFO AVG TPS: 11265, running time 0.621381, weighted delay: 0.151493 
2024-07-21 19:41:35,379 superfastpath.py [line:303] one_slot INFO output block for slot 14 taking 0.156776 sec 
2024-07-21 19:41:35,380 superfastpath.py [line:307] one_slot INFO Leaving slot 15 
2024-07-21 19:41:35,380 superfastpath.py [line:233] one_slot INFO Entering slot 16 
2024-07-21 19:41:35,441 superfastpath.py [line:249] one_slot INFO pending block 16 in 0.060687 
2024-07-21 19:41:35,441 superfastpath.py [line:258] one_slot INFO 2pending block 16 in 0.060853 
2024-07-21 19:41:35,441 superfastpath.py [line:276] one_slot INFO read pending block 16 in 0.060993 
2024-07-21 19:41:35,441 superfastpath.py [line:285] one_slot INFO 3pending block 16 in 0.061074 
2024-07-21 19:41:35,444 superfastpath.py [line:289] one_slot INFO delay block 15 in 0.141295 
2024-07-21 19:41:35,449 superfastpath.py [line:296] one_slot INFO Fast block at Node 2 for Epoch sidAFAST0 and Slot 15 has delay, TPS and TXs: 0.1412947177886963, 8000 
2024-07-21 19:41:35,450 superfastpath.py [line:298] one_slot INFO AVG TPS: 11553, running time 0.692405, weighted delay: 0.150218 
2024-07-21 19:41:35,450 superfastpath.py [line:303] one_slot INFO output block for slot 15 taking 0.150062 sec 
2024-07-21 19:41:35,450 superfastpath.py [line:307] one_slot INFO Leaving slot 16 
2024-07-21 19:41:35,454 superfastpath.py [line:372] sufastpath INFO Leaves fastpath at 17 slot 
2024-07-21 19:41:35,454 Superfast.py [line:308] wait_for_fastpath INFO Fastpath of epoch 0 completed 
2024-07-21 19:41:35,454 Superfast.py [line:337] _run_epoch INFO Fastpath tps: 11550 delay 0.150218 
2024-07-21 19:41:40,458 Superfast.py [line:208] run_bft INFO node 2 breaks in 6.306009 seconds in epoch 0 with total delivered Txs 0 and average delay 0.000000 
2024-07-21 19:43:08,499 sufp_node.py [line:79] run INFO node 2's starts to run consensus on process id 1697 
2024-07-21 19:43:08,500 sufp_node.py [line:80] run INFO parameters: N=16, f=5, S=15, T=5, fast-batch=1000, acs-batch=62, K=1, O=0 
2024-07-21 19:43:08,500 sufp_node.py [line:62] prepare_bootstrap INFO node id 2 is inserting dummy payload TXs 
2024-07-21 19:43:08,500 sufp_node.py [line:70] prepare_bootstrap INFO node id 2 just inserts 50000 TXs 
2024-07-21 19:43:08,500 sufp_node.py [line:70] prepare_bootstrap INFO node id 2 just inserts 50000 TXs 
2024-07-21 19:43:08,501 sufp_node.py [line:74] prepare_bootstrap INFO node id 2 completed the loading of dummy TXs 
2024-07-21 19:43:08,501 Superfast.py [line:178] run_bft INFO Node 2 starts to run at time:1721562188.5011964 
2024-07-21 19:43:08,501 Superfast.py [line:231] _run_epoch INFO Node enters epoch 0 
2024-07-21 19:43:08,502 superfastpath.py [line:43] sufastpath INFO Entering fast path 
2024-07-21 19:43:08,502 superfastpath.py [line:233] one_slot INFO Entering slot 1 
2024-07-21 19:43:08,804 superfastpath.py [line:249] one_slot INFO pending block 1 in 0.301502 
2024-07-21 19:43:08,804 superfastpath.py [line:258] one_slot INFO 2pending block 1 in 0.301662 
2024-07-21 19:43:08,806 superfastpath.py [line:276] one_slot INFO read pending block 1 in 0.303316 
2024-07-21 19:43:08,806 superfastpath.py [line:307] one_slot INFO Leaving slot 1 
2024-07-21 19:43:08,806 superfastpath.py [line:233] one_slot INFO Entering slot 2 
2024-07-21 19:43:08,862 superfastpath.py [line:249] one_slot INFO pending block 2 in 0.055598 
2024-07-21 19:43:08,862 superfastpath.py [line:258] one_slot INFO 2pending block 2 in 0.055827 
2024-07-21 19:43:08,864 superfastpath.py [line:276] one_slot INFO read pending block 2 in 0.058442 
2024-07-21 19:43:08,865 superfastpath.py [line:307] one_slot INFO Leaving slot 2 
2024-07-21 19:43:08,865 superfastpath.py [line:233] one_slot INFO Entering slot 3 
2024-07-21 19:43:08,925 superfastpath.py [line:249] one_slot INFO pending block 3 in 0.060447 
2024-07-21 19:43:08,925 superfastpath.py [line:258] one_slot INFO 2pending block 3 in 0.060645 
2024-07-21 19:43:08,927 superfastpath.py [line:276] one_slot INFO read pending block 3 in 0.062159 
2024-07-21 19:43:08,927 superfastpath.py [line:307] one_slot INFO Leaving slot 3 
2024-07-21 19:43:08,927 superfastpath.py [line:233] one_slot INFO Entering slot 4 
2024-07-21 19:43:13,928 superfastpath.py [line:365] sufastpath INFO Fastpath Timeout! 
2024-07-21 19:43:13,928 superfastpath.py [line:372] sufastpath INFO Leaves fastpath at 4 slot 
2024-07-21 19:43:13,929 Superfast.py [line:308] wait_for_fastpath INFO Fastpath of epoch 0 completed 
2024-07-21 19:47:39,353 sufp_node.py [line:79] run INFO node 2's starts to run consensus on process id 1989 
2024-07-21 19:47:39,353 sufp_node.py [line:80] run INFO parameters: N=16, f=5, S=15, T=5, fast-batch=1000, acs-batch=62, K=1, O=0 
2024-07-21 19:47:39,353 sufp_node.py [line:62] prepare_bootstrap INFO node id 2 is inserting dummy payload TXs 
2024-07-21 19:47:39,353 sufp_node.py [line:70] prepare_bootstrap INFO node id 2 just inserts 50000 TXs 
2024-07-21 19:47:39,354 sufp_node.py [line:70] prepare_bootstrap INFO node id 2 just inserts 50000 TXs 
2024-07-21 19:47:39,354 sufp_node.py [line:74] prepare_bootstrap INFO node id 2 completed the loading of dummy TXs 
2024-07-21 19:47:39,354 Superfast.py [line:178] run_bft INFO Node 2 starts to run at time:1721562459.3541565 
2024-07-21 19:47:39,354 Superfast.py [line:231] _run_epoch INFO Node enters epoch 0 
2024-07-21 19:47:39,354 superfastpath.py [line:43] sufastpath INFO Entering fast path 
2024-07-21 19:47:39,354 superfastpath.py [line:234] one_slot INFO Entering slot 1 
2024-07-21 19:47:40,284 superfastpath.py [line:250] one_slot INFO pending block 1 in 0.928999 
2024-07-21 19:47:40,284 superfastpath.py [line:259] one_slot INFO 2pending block 1 in 0.929184 
2024-07-21 19:47:40,288 superfastpath.py [line:277] one_slot INFO read pending block 1 in 0.932939 
2024-07-21 19:47:40,289 superfastpath.py [line:308] one_slot INFO Leaving slot 1 
2024-07-21 19:47:40,290 superfastpath.py [line:234] one_slot INFO Entering slot 2 
2024-07-21 19:47:40,353 superfastpath.py [line:250] one_slot INFO pending block 2 in 0.063076 
2024-07-21 19:47:40,353 superfastpath.py [line:259] one_slot INFO 2pending block 2 in 0.063273 
2024-07-21 19:47:40,356 superfastpath.py [line:277] one_slot INFO read pending block 2 in 0.065415 
2024-07-21 19:47:40,357 superfastpath.py [line:308] one_slot INFO Leaving slot 2 
2024-07-21 19:47:40,357 superfastpath.py [line:234] one_slot INFO Entering slot 3 
2024-07-21 19:47:40,433 superfastpath.py [line:250] one_slot INFO pending block 3 in 0.076399 
2024-07-21 19:47:40,433 superfastpath.py [line:259] one_slot INFO 2pending block 3 in 0.076585 
2024-07-21 19:47:40,435 superfastpath.py [line:277] one_slot INFO read pending block 3 in 0.078168 
2024-07-21 19:47:40,435 superfastpath.py [line:308] one_slot INFO Leaving slot 3 
2024-07-21 19:47:40,435 superfastpath.py [line:234] one_slot INFO Entering slot 4 
2024-07-21 19:47:45,437 superfastpath.py [line:366] sufastpath INFO Fastpath Timeout! 
2024-07-21 19:47:45,437 superfastpath.py [line:373] sufastpath INFO Leaves fastpath at 4 slot 
2024-07-21 19:47:45,437 Superfast.py [line:308] wait_for_fastpath INFO Fastpath of epoch 0 completed 
2024-07-21 19:47:50,439 Superfast.py [line:208] run_bft INFO node 2 breaks in 11.084879 seconds in epoch 0 with total delivered Txs 0 and average delay 0.000000 
2024-07-21 19:49:14,846 sufp_node.py [line:79] run INFO node 2's starts to run consensus on process id 2267 
2024-07-21 19:49:14,846 sufp_node.py [line:80] run INFO parameters: N=16, f=5, S=15, T=5, fast-batch=1000, acs-batch=62, K=1, O=0 
2024-07-21 19:49:14,846 sufp_node.py [line:62] prepare_bootstrap INFO node id 2 is inserting dummy payload TXs 
2024-07-21 19:49:14,847 sufp_node.py [line:70] prepare_bootstrap INFO node id 2 just inserts 50000 TXs 
2024-07-21 19:49:14,847 sufp_node.py [line:70] prepare_bootstrap INFO node id 2 just inserts 50000 TXs 
2024-07-21 19:49:14,847 sufp_node.py [line:74] prepare_bootstrap INFO node id 2 completed the loading of dummy TXs 
2024-07-21 19:49:14,847 Superfast.py [line:178] run_bft INFO Node 2 starts to run at time:1721562554.8479414 
2024-07-21 19:49:14,848 Superfast.py [line:231] _run_epoch INFO Node enters epoch 0 
2024-07-21 19:49:14,849 superfastpath.py [line:43] sufastpath INFO Entering fast path 
2024-07-21 19:49:14,849 superfastpath.py [line:234] one_slot INFO Entering slot 1 
2024-07-21 19:49:15,292 superfastpath.py [line:250] one_slot INFO pending block 1 in 0.443221 
2024-07-21 19:49:15,293 superfastpath.py [line:259] one_slot INFO 2pending block 1 in 0.443681 
2024-07-21 19:49:15,294 superfastpath.py [line:277] one_slot INFO read pending block 1 in 0.445379 
2024-07-21 19:49:15,295 superfastpath.py [line:308] one_slot INFO Leaving slot 1 
2024-07-21 19:49:15,295 superfastpath.py [line:234] one_slot INFO Entering slot 2 
2024-07-21 19:49:15,370 superfastpath.py [line:250] one_slot INFO pending block 2 in 0.074917 
2024-07-21 19:49:15,370 superfastpath.py [line:259] one_slot INFO 2pending block 2 in 0.075304 
2024-07-21 19:49:15,372 superfastpath.py [line:277] one_slot INFO read pending block 2 in 0.077726 
2024-07-21 19:49:15,373 superfastpath.py [line:308] one_slot INFO Leaving slot 2 
2024-07-21 19:49:15,373 superfastpath.py [line:234] one_slot INFO Entering slot 3 
2024-07-21 19:49:15,479 superfastpath.py [line:250] one_slot INFO pending block 3 in 0.105965 
2024-07-21 19:49:15,479 superfastpath.py [line:259] one_slot INFO 2pending block 3 in 0.106332 
2024-07-21 19:49:15,481 superfastpath.py [line:277] one_slot INFO read pending block 3 in 0.108210 
2024-07-21 19:49:15,481 superfastpath.py [line:308] one_slot INFO Leaving slot 3 
2024-07-21 19:49:15,482 superfastpath.py [line:234] one_slot INFO Entering slot 4 
2024-07-21 19:49:20,482 superfastpath.py [line:366] sufastpath INFO Fastpath Timeout! 
2024-07-21 19:49:20,483 superfastpath.py [line:373] sufastpath INFO Leaves fastpath at 4 slot 
2024-07-21 19:49:20,483 Superfast.py [line:308] wait_for_fastpath INFO Fastpath of epoch 0 completed 
2024-07-21 19:52:59,267 sufp_node.py [line:79] run INFO node 2's starts to run consensus on process id 2759 
2024-07-21 19:52:59,267 sufp_node.py [line:80] run INFO parameters: N=16, f=5, S=15, T=5, fast-batch=1000, acs-batch=62, K=1, O=0 
2024-07-21 19:52:59,268 sufp_node.py [line:62] prepare_bootstrap INFO node id 2 is inserting dummy payload TXs 
2024-07-21 19:52:59,269 sufp_node.py [line:70] prepare_bootstrap INFO node id 2 just inserts 50000 TXs 
2024-07-21 19:52:59,269 sufp_node.py [line:70] prepare_bootstrap INFO node id 2 just inserts 50000 TXs 
2024-07-21 19:52:59,269 sufp_node.py [line:74] prepare_bootstrap INFO node id 2 completed the loading of dummy TXs 
2024-07-21 19:52:59,270 Superfast.py [line:180] run_bft INFO Node 2 starts to run at time:1721562779.2700675 
2024-07-21 19:52:59,270 Superfast.py [line:233] _run_epoch INFO Node enters epoch 0 
2024-07-21 19:52:59,272 superfastpath.py [line:43] sufastpath INFO Entering fast path 
2024-07-21 19:52:59,272 superfastpath.py [line:234] one_slot INFO Entering slot 1 
2024-07-21 19:53:00,058 superfastpath.py [line:250] one_slot INFO pending block 1 in 0.786091 
2024-07-21 19:53:00,059 superfastpath.py [line:259] one_slot INFO 2pending block 1 in 0.786345 
2024-07-21 19:53:00,061 superfastpath.py [line:277] one_slot INFO read pending block 1 in 0.789015 
2024-07-21 19:53:00,062 superfastpath.py [line:308] one_slot INFO Leaving slot 1 
2024-07-21 19:53:00,062 superfastpath.py [line:234] one_slot INFO Entering slot 2 
2024-07-21 19:53:00,106 superfastpath.py [line:250] one_slot INFO pending block 2 in 0.044082 
2024-07-21 19:53:00,106 superfastpath.py [line:259] one_slot INFO 2pending block 2 in 0.044276 
2024-07-21 19:53:00,120 superfastpath.py [line:277] one_slot INFO read pending block 2 in 0.057850 
2024-07-21 19:53:00,120 superfastpath.py [line:308] one_slot INFO Leaving slot 2 
2024-07-21 19:53:00,128 superfastpath.py [line:234] one_slot INFO Entering slot 3 
2024-07-21 19:53:00,190 superfastpath.py [line:250] one_slot INFO pending block 3 in 0.061625 
2024-07-21 19:53:00,190 superfastpath.py [line:259] one_slot INFO 2pending block 3 in 0.062404 
2024-07-21 19:53:00,192 superfastpath.py [line:277] one_slot INFO read pending block 3 in 0.064292 
2024-07-21 19:53:00,192 superfastpath.py [line:308] one_slot INFO Leaving slot 3 
2024-07-21 19:53:00,193 superfastpath.py [line:234] one_slot INFO Entering slot 4 
2024-07-21 19:53:05,193 superfastpath.py [line:366] sufastpath INFO Fastpath Timeout! 
2024-07-21 19:53:05,193 superfastpath.py [line:373] sufastpath INFO Leaves fastpath at 4 slot 
2024-07-21 19:53:05,194 Superfast.py [line:310] wait_for_fastpath INFO Fastpath of epoch 0 completed 
2024-07-21 19:53:10,204 Superfast.py [line:210] run_bft INFO node 2 breaks in 10.934618 seconds in epoch 0 with total delivered Txs 0 and average delay 0.000000 
2024-07-21 19:58:43,828 sufp_node.py [line:79] run INFO node 2's starts to run consensus on process id 3409 
2024-07-21 19:58:43,828 sufp_node.py [line:80] run INFO parameters: N=16, f=5, S=15, T=5, fast-batch=1000, acs-batch=62, K=1, O=0 
2024-07-21 19:58:43,829 sufp_node.py [line:62] prepare_bootstrap INFO node id 2 is inserting dummy payload TXs 
2024-07-21 19:58:43,829 sufp_node.py [line:70] prepare_bootstrap INFO node id 2 just inserts 50000 TXs 
2024-07-21 19:58:43,830 sufp_node.py [line:70] prepare_bootstrap INFO node id 2 just inserts 50000 TXs 
2024-07-21 19:58:43,830 sufp_node.py [line:74] prepare_bootstrap INFO node id 2 completed the loading of dummy TXs 
2024-07-21 19:58:43,830 Superfast.py [line:180] run_bft INFO Node 2 starts to run at time:1721563123.8307536 
2024-07-21 19:58:43,831 Superfast.py [line:233] _run_epoch INFO Node enters epoch 0 
2024-07-21 19:58:43,832 superfastpath.py [line:43] sufastpath INFO Entering fast path 
2024-07-21 19:58:43,832 superfastpath.py [line:234] one_slot INFO Entering slot 1 
2024-07-21 19:58:44,438 superfastpath.py [line:250] one_slot INFO pending block 1 in 0.605723 
2024-07-21 19:58:44,438 superfastpath.py [line:259] one_slot INFO 2pending block 1 in 0.605936 
2024-07-21 19:58:44,440 superfastpath.py [line:277] one_slot INFO read pending block 1 in 0.607776 
2024-07-21 19:58:44,440 superfastpath.py [line:308] one_slot INFO Leaving slot 1 
2024-07-21 19:58:44,441 superfastpath.py [line:234] one_slot INFO Entering slot 2 
2024-07-21 19:58:44,527 superfastpath.py [line:250] one_slot INFO pending block 2 in 0.086205 
2024-07-21 19:58:44,527 superfastpath.py [line:259] one_slot INFO 2pending block 2 in 0.086379 
2024-07-21 19:58:44,530 superfastpath.py [line:277] one_slot INFO read pending block 2 in 0.089004 
2024-07-21 19:58:44,530 superfastpath.py [line:308] one_slot INFO Leaving slot 2 
2024-07-21 19:58:44,530 superfastpath.py [line:234] one_slot INFO Entering slot 3 
2024-07-21 19:58:44,650 superfastpath.py [line:250] one_slot INFO pending block 3 in 0.119439 
2024-07-21 19:58:44,650 superfastpath.py [line:259] one_slot INFO 2pending block 3 in 0.119619 
2024-07-21 19:58:44,652 superfastpath.py [line:277] one_slot INFO read pending block 3 in 0.121637 
2024-07-21 19:58:44,652 superfastpath.py [line:308] one_slot INFO Leaving slot 3 
2024-07-21 19:58:44,652 superfastpath.py [line:234] one_slot INFO Entering slot 4 
2024-07-21 19:58:44,705 superfastpath.py [line:250] one_slot INFO pending block 4 in 0.052997 
2024-07-21 19:58:44,705 superfastpath.py [line:259] one_slot INFO 2pending block 4 in 0.053207 
2024-07-21 19:58:44,714 superfastpath.py [line:277] one_slot INFO read pending block 4 in 0.062008 
2024-07-21 19:58:44,714 superfastpath.py [line:308] one_slot INFO Leaving slot 4 
2024-07-21 19:58:44,715 superfastpath.py [line:234] one_slot INFO Entering slot 5 
2024-07-21 19:58:44,779 superfastpath.py [line:250] one_slot INFO pending block 5 in 0.064002 
2024-07-21 19:58:44,779 superfastpath.py [line:259] one_slot INFO 2pending block 5 in 0.064246 
2024-07-21 19:58:44,781 superfastpath.py [line:277] one_slot INFO read pending block 5 in 0.065964 
2024-07-21 19:58:44,781 superfastpath.py [line:308] one_slot INFO Leaving slot 5 
2024-07-21 19:58:44,781 superfastpath.py [line:234] one_slot INFO Entering slot 6 
2024-07-21 19:58:44,849 superfastpath.py [line:250] one_slot INFO pending block 6 in 0.067972 
2024-07-21 19:58:44,849 superfastpath.py [line:259] one_slot INFO 2pending block 6 in 0.068202 
2024-07-21 19:58:44,852 superfastpath.py [line:277] one_slot INFO read pending block 6 in 0.071342 
2024-07-21 19:58:44,853 superfastpath.py [line:308] one_slot INFO Leaving slot 6 
2024-07-21 19:58:44,853 superfastpath.py [line:234] one_slot INFO Entering slot 7 
2024-07-21 19:58:44,934 superfastpath.py [line:250] one_slot INFO pending block 7 in 0.080924 
2024-07-21 19:58:44,936 superfastpath.py [line:259] one_slot INFO 2pending block 7 in 0.082987 
2024-07-21 19:58:44,939 superfastpath.py [line:277] one_slot INFO read pending block 7 in 0.086081 
2024-07-21 19:58:44,939 superfastpath.py [line:308] one_slot INFO Leaving slot 7 
2024-07-21 19:58:44,940 superfastpath.py [line:234] one_slot INFO Entering slot 8 
2024-07-21 19:58:45,014 superfastpath.py [line:250] one_slot INFO pending block 8 in 0.074044 
2024-07-21 19:58:45,014 superfastpath.py [line:259] one_slot INFO 2pending block 8 in 0.074255 
2024-07-21 19:58:45,016 superfastpath.py [line:277] one_slot INFO read pending block 8 in 0.076197 
2024-07-21 19:58:45,016 superfastpath.py [line:308] one_slot INFO Leaving slot 8 
2024-07-21 19:58:45,016 superfastpath.py [line:234] one_slot INFO Entering slot 9 
2024-07-21 19:58:45,093 superfastpath.py [line:250] one_slot INFO pending block 9 in 0.076350 
2024-07-21 19:58:45,093 superfastpath.py [line:259] one_slot INFO 2pending block 9 in 0.076524 
2024-07-21 19:58:45,095 superfastpath.py [line:277] one_slot INFO read pending block 9 in 0.078965 
2024-07-21 19:58:45,095 superfastpath.py [line:286] one_slot INFO 3pending block 9 in 0.079153 
2024-07-21 19:58:45,096 superfastpath.py [line:290] one_slot INFO delay block 8 in 0.155851 
2024-07-21 19:58:45,098 superfastpath.py [line:297] one_slot INFO Fast block at Node 2 for Epoch sidAFAST0 and Slot 8 has delay, TPS and TXs: 0.15585112571716309, 1000 
2024-07-21 19:58:45,098 superfastpath.py [line:299] one_slot INFO AVG TPS: 6310, running time 0.158471, weighted delay: 0.155851 
2024-07-21 19:58:45,098 superfastpath.py [line:304] one_slot INFO output block for slot 8 taking 0.158708 sec 
2024-07-21 19:58:45,099 superfastpath.py [line:308] one_slot INFO Leaving slot 9 
2024-07-21 19:58:45,099 superfastpath.py [line:234] one_slot INFO Entering slot 10 
2024-07-21 19:58:45,172 superfastpath.py [line:250] one_slot INFO pending block 10 in 0.072880 
2024-07-21 19:58:45,172 superfastpath.py [line:259] one_slot INFO 2pending block 10 in 0.073094 
2024-07-21 19:58:45,174 superfastpath.py [line:277] one_slot INFO read pending block 10 in 0.075364 
2024-07-21 19:58:45,175 superfastpath.py [line:286] one_slot INFO 3pending block 10 in 0.075536 
2024-07-21 19:58:45,175 superfastpath.py [line:290] one_slot INFO delay block 9 in 0.158400 
2024-07-21 19:58:45,183 superfastpath.py [line:297] one_slot INFO Fast block at Node 2 for Epoch sidAFAST0 and Slot 9 has delay, TPS and TXs: 0.1583998203277588, 2000 
2024-07-21 19:58:45,184 superfastpath.py [line:299] one_slot INFO AVG TPS: 8168, running time 0.244831, weighted delay: 0.157125 
2024-07-21 19:58:45,187 superfastpath.py [line:304] one_slot INFO output block for slot 9 taking 0.170478 sec 
2024-07-21 19:58:45,187 superfastpath.py [line:308] one_slot INFO Leaving slot 10 
2024-07-21 19:58:45,187 superfastpath.py [line:234] one_slot INFO Entering slot 11 
2024-07-21 19:58:45,275 superfastpath.py [line:250] one_slot INFO pending block 11 in 0.087845 
2024-07-21 19:58:45,275 superfastpath.py [line:259] one_slot INFO 2pending block 11 in 0.088069 
2024-07-21 19:58:45,277 superfastpath.py [line:277] one_slot INFO read pending block 11 in 0.089587 
2024-07-21 19:58:45,277 superfastpath.py [line:286] one_slot INFO 3pending block 11 in 0.089726 
2024-07-21 19:58:45,277 superfastpath.py [line:290] one_slot INFO delay block 10 in 0.177991 
2024-07-21 19:58:45,279 superfastpath.py [line:297] one_slot INFO Fast block at Node 2 for Epoch sidAFAST0 and Slot 10 has delay, TPS and TXs: 0.17799091339111328, 3000 
2024-07-21 19:58:45,279 superfastpath.py [line:299] one_slot INFO AVG TPS: 8843, running time 0.339236, weighted delay: 0.164081 
2024-07-21 19:58:45,279 superfastpath.py [line:304] one_slot INFO output block for slot 10 taking 0.179876 sec 
2024-07-21 19:58:45,279 superfastpath.py [line:308] one_slot INFO Leaving slot 11 
2024-07-21 19:58:45,279 superfastpath.py [line:234] one_slot INFO Entering slot 12 
2024-07-21 19:58:45,348 superfastpath.py [line:250] one_slot INFO pending block 12 in 0.069082 
2024-07-21 19:58:45,349 superfastpath.py [line:259] one_slot INFO 2pending block 12 in 0.069919 
2024-07-21 19:58:45,351 superfastpath.py [line:277] one_slot INFO read pending block 12 in 0.071713 
2024-07-21 19:58:45,351 superfastpath.py [line:286] one_slot INFO 3pending block 12 in 0.071992 
2024-07-21 19:58:45,351 superfastpath.py [line:290] one_slot INFO delay block 11 in 0.164077 
2024-07-21 19:58:45,353 superfastpath.py [line:297] one_slot INFO Fast block at Node 2 for Epoch sidAFAST0 and Slot 11 has delay, TPS and TXs: 0.1640770435333252, 4000 
2024-07-21 19:58:45,353 superfastpath.py [line:299] one_slot INFO AVG TPS: 9664, running time 0.413874, weighted delay: 0.164080 
2024-07-21 19:58:45,354 superfastpath.py [line:304] one_slot INFO output block for slot 11 taking 0.166301 sec 
2024-07-21 19:58:45,354 superfastpath.py [line:308] one_slot INFO Leaving slot 12 
2024-07-21 19:58:45,354 superfastpath.py [line:234] one_slot INFO Entering slot 13 
2024-07-21 19:58:45,421 superfastpath.py [line:250] one_slot INFO pending block 13 in 0.066798 
2024-07-21 19:58:45,421 superfastpath.py [line:259] one_slot INFO 2pending block 13 in 0.066943 
2024-07-21 19:58:45,424 superfastpath.py [line:277] one_slot INFO read pending block 13 in 0.070481 
2024-07-21 19:58:45,424 superfastpath.py [line:286] one_slot INFO 3pending block 13 in 0.070643 
2024-07-21 19:58:45,425 superfastpath.py [line:290] one_slot INFO delay block 12 in 0.145344 
2024-07-21 19:58:45,426 superfastpath.py [line:297] one_slot INFO Fast block at Node 2 for Epoch sidAFAST0 and Slot 12 has delay, TPS and TXs: 0.14534354209899902, 5000 
2024-07-21 19:58:45,426 superfastpath.py [line:299] one_slot INFO AVG TPS: 10271, running time 0.486804, weighted delay: 0.160332 
2024-07-21 19:58:45,426 superfastpath.py [line:304] one_slot INFO output block for slot 12 taking 0.147248 sec 
2024-07-21 19:58:45,427 superfastpath.py [line:308] one_slot INFO Leaving slot 13 
2024-07-21 19:58:45,427 superfastpath.py [line:234] one_slot INFO Entering slot 14 
2024-07-21 19:58:45,508 superfastpath.py [line:250] one_slot INFO pending block 14 in 0.080559 
2024-07-21 19:58:45,508 superfastpath.py [line:259] one_slot INFO 2pending block 14 in 0.080731 
2024-07-21 19:58:45,509 superfastpath.py [line:277] one_slot INFO read pending block 14 in 0.082244 
2024-07-21 19:58:45,509 superfastpath.py [line:286] one_slot INFO 3pending block 14 in 0.082416 
2024-07-21 19:58:45,509 superfastpath.py [line:290] one_slot INFO delay block 13 in 0.155645 
2024-07-21 19:58:45,511 superfastpath.py [line:297] one_slot INFO Fast block at Node 2 for Epoch sidAFAST0 and Slot 13 has delay, TPS and TXs: 0.15564537048339844, 6000 
2024-07-21 19:58:45,511 superfastpath.py [line:299] one_slot INFO AVG TPS: 10497, running time 0.571551, weighted delay: 0.159551 
2024-07-21 19:58:45,511 superfastpath.py [line:304] one_slot INFO output block for slot 13 taking 0.157373 sec 
2024-07-21 19:58:45,511 superfastpath.py [line:308] one_slot INFO Leaving slot 14 
2024-07-21 19:58:45,511 superfastpath.py [line:234] one_slot INFO Entering slot 15 
2024-07-21 19:58:45,587 superfastpath.py [line:250] one_slot INFO pending block 15 in 0.075455 
2024-07-21 19:58:45,587 superfastpath.py [line:259] one_slot INFO 2pending block 15 in 0.075664 
2024-07-21 19:58:45,593 superfastpath.py [line:277] one_slot INFO read pending block 15 in 0.081019 
2024-07-21 19:58:45,593 superfastpath.py [line:286] one_slot INFO 3pending block 15 in 0.081211 
2024-07-21 19:58:45,593 superfastpath.py [line:290] one_slot INFO delay block 14 in 0.165767 
2024-07-21 19:58:45,595 superfastpath.py [line:297] one_slot INFO Fast block at Node 2 for Epoch sidAFAST0 and Slot 14 has delay, TPS and TXs: 0.16576743125915527, 7000 
2024-07-21 19:58:45,595 superfastpath.py [line:299] one_slot INFO AVG TPS: 10684, running time 0.655175, weighted delay: 0.160439 
2024-07-21 19:58:45,595 superfastpath.py [line:304] one_slot INFO output block for slot 14 taking 0.167867 sec 
2024-07-21 19:58:45,595 superfastpath.py [line:308] one_slot INFO Leaving slot 15 
2024-07-21 19:58:45,595 superfastpath.py [line:234] one_slot INFO Entering slot 16 
2024-07-21 19:58:45,631 superfastpath.py [line:250] one_slot INFO pending block 16 in 0.035587 
2024-07-21 19:58:45,631 superfastpath.py [line:259] one_slot INFO 2pending block 16 in 0.035819 
2024-07-21 19:58:45,631 superfastpath.py [line:277] one_slot INFO read pending block 16 in 0.035984 
2024-07-21 19:58:45,631 superfastpath.py [line:286] one_slot INFO 3pending block 16 in 0.036082 
2024-07-21 19:58:45,631 superfastpath.py [line:290] one_slot INFO delay block 15 in 0.119875 
2024-07-21 19:58:45,633 superfastpath.py [line:297] one_slot INFO Fast block at Node 2 for Epoch sidAFAST0 and Slot 15 has delay, TPS and TXs: 0.11987495422363281, 8000 
2024-07-21 19:58:45,633 superfastpath.py [line:299] one_slot INFO AVG TPS: 11531, running time 0.693727, weighted delay: 0.155369 
2024-07-21 19:58:45,633 superfastpath.py [line:304] one_slot INFO output block for slot 15 taking 0.121945 sec 
2024-07-21 19:58:45,633 superfastpath.py [line:308] one_slot INFO Leaving slot 16 
2024-07-21 19:58:45,634 superfastpath.py [line:373] sufastpath INFO Leaves fastpath at 17 slot 
2024-07-21 19:58:45,634 Superfast.py [line:310] wait_for_fastpath INFO Fastpath of epoch 0 completed 
2024-07-21 19:58:45,634 Superfast.py [line:339] _run_epoch INFO Fastpath tps: 11528 delay 0.155369 
2024-07-21 20:04:31,395 sufp_node.py [line:79] run INFO node 2's starts to run consensus on process id 3716 
2024-07-21 20:04:31,395 sufp_node.py [line:80] run INFO parameters: N=16, f=5, S=15, T=5, fast-batch=10000, acs-batch=62, K=1, O=0 
2024-07-21 20:04:31,395 sufp_node.py [line:62] prepare_bootstrap INFO node id 2 is inserting dummy payload TXs 
2024-07-21 20:04:31,396 sufp_node.py [line:70] prepare_bootstrap INFO node id 2 just inserts 50000 TXs 
2024-07-21 20:04:31,396 sufp_node.py [line:70] prepare_bootstrap INFO node id 2 just inserts 50000 TXs 
2024-07-21 20:04:31,396 sufp_node.py [line:74] prepare_bootstrap INFO node id 2 completed the loading of dummy TXs 
2024-07-21 20:04:31,396 Superfast.py [line:180] run_bft INFO Node 2 starts to run at time:1721563471.3964264 
2024-07-21 20:04:31,396 Superfast.py [line:233] _run_epoch INFO Node enters epoch 0 
2024-07-21 20:04:31,397 superfastpath.py [line:43] sufastpath INFO Entering fast path 
2024-07-21 20:04:31,397 superfastpath.py [line:234] one_slot INFO Entering slot 1 
2024-07-21 20:04:31,820 superfastpath.py [line:250] one_slot INFO pending block 1 in 0.422667 
2024-07-21 20:04:31,821 superfastpath.py [line:259] one_slot INFO 2pending block 1 in 0.422872 
2024-07-21 20:04:31,852 superfastpath.py [line:277] one_slot INFO read pending block 1 in 0.454240 
2024-07-21 20:04:31,852 superfastpath.py [line:308] one_slot INFO Leaving slot 1 
2024-07-21 20:04:31,852 superfastpath.py [line:234] one_slot INFO Entering slot 2 
2024-07-21 20:04:32,120 superfastpath.py [line:250] one_slot INFO pending block 2 in 0.268040 
2024-07-21 20:04:32,122 superfastpath.py [line:259] one_slot INFO 2pending block 2 in 0.269320 
2024-07-21 20:04:32,182 superfastpath.py [line:277] one_slot INFO read pending block 2 in 0.329202 
2024-07-21 20:04:32,183 superfastpath.py [line:308] one_slot INFO Leaving slot 2 
2024-07-21 20:04:32,183 superfastpath.py [line:234] one_slot INFO Entering slot 3 
2024-07-21 20:04:32,724 superfastpath.py [line:250] one_slot INFO pending block 3 in 0.541242 
2024-07-21 20:04:32,725 superfastpath.py [line:259] one_slot INFO 2pending block 3 in 0.541439 
2024-07-21 20:04:32,744 superfastpath.py [line:277] one_slot INFO read pending block 3 in 0.560682 
2024-07-21 20:04:32,744 superfastpath.py [line:308] one_slot INFO Leaving slot 3 
2024-07-21 20:04:32,744 superfastpath.py [line:234] one_slot INFO Entering slot 4 
2024-07-21 20:04:33,192 superfastpath.py [line:250] one_slot INFO pending block 4 in 0.447233 
2024-07-21 20:04:33,192 superfastpath.py [line:259] one_slot INFO 2pending block 4 in 0.447425 
2024-07-21 20:04:33,207 superfastpath.py [line:277] one_slot INFO read pending block 4 in 0.462159 
2024-07-21 20:04:33,207 superfastpath.py [line:308] one_slot INFO Leaving slot 4 
2024-07-21 20:04:33,207 superfastpath.py [line:234] one_slot INFO Entering slot 5 
2024-07-21 20:04:33,671 superfastpath.py [line:250] one_slot INFO pending block 5 in 0.463951 
2024-07-21 20:04:33,671 superfastpath.py [line:259] one_slot INFO 2pending block 5 in 0.464145 
2024-07-21 20:04:33,688 superfastpath.py [line:277] one_slot INFO read pending block 5 in 0.481394 
2024-07-21 20:04:33,689 superfastpath.py [line:308] one_slot INFO Leaving slot 5 
2024-07-21 20:04:33,689 superfastpath.py [line:234] one_slot INFO Entering slot 6 
2024-07-21 20:04:34,167 superfastpath.py [line:250] one_slot INFO pending block 6 in 0.478326 
2024-07-21 20:04:34,168 superfastpath.py [line:259] one_slot INFO 2pending block 6 in 0.478528 
2024-07-21 20:04:34,184 superfastpath.py [line:277] one_slot INFO read pending block 6 in 0.495136 
2024-07-21 20:04:34,185 superfastpath.py [line:308] one_slot INFO Leaving slot 6 
2024-07-21 20:04:34,185 superfastpath.py [line:234] one_slot INFO Entering slot 7 
2024-07-21 20:04:34,609 superfastpath.py [line:250] one_slot INFO pending block 7 in 0.424495 
2024-07-21 20:04:34,610 superfastpath.py [line:259] one_slot INFO 2pending block 7 in 0.425128 
2024-07-21 20:04:34,629 superfastpath.py [line:277] one_slot INFO read pending block 7 in 0.443861 
2024-07-21 20:04:34,629 superfastpath.py [line:308] one_slot INFO Leaving slot 7 
2024-07-21 20:04:34,629 superfastpath.py [line:234] one_slot INFO Entering slot 8 
2024-07-21 20:04:35,065 superfastpath.py [line:250] one_slot INFO pending block 8 in 0.434914 
2024-07-21 20:04:35,065 superfastpath.py [line:259] one_slot INFO 2pending block 8 in 0.435198 
2024-07-21 20:04:35,082 superfastpath.py [line:277] one_slot INFO read pending block 8 in 0.452305 
2024-07-21 20:04:35,082 superfastpath.py [line:308] one_slot INFO Leaving slot 8 
2024-07-21 20:04:35,082 superfastpath.py [line:234] one_slot INFO Entering slot 9 
2024-07-21 20:04:35,520 superfastpath.py [line:250] one_slot INFO pending block 9 in 0.437804 
2024-07-21 20:04:35,520 superfastpath.py [line:259] one_slot INFO 2pending block 9 in 0.437968 
2024-07-21 20:04:35,534 superfastpath.py [line:277] one_slot INFO read pending block 9 in 0.451442 
2024-07-21 20:04:35,534 superfastpath.py [line:286] one_slot INFO 3pending block 9 in 0.451615 
2024-07-21 20:04:35,534 superfastpath.py [line:290] one_slot INFO delay block 8 in 0.904506 
2024-07-21 20:04:35,548 superfastpath.py [line:297] one_slot INFO Fast block at Node 2 for Epoch sidAFAST0 and Slot 8 has delay, TPS and TXs: 0.9045059680938721, 10000 
2024-07-21 20:04:35,549 superfastpath.py [line:299] one_slot INFO AVG TPS: 10879, running time 0.919167, weighted delay: 0.904506 
2024-07-21 20:04:35,549 superfastpath.py [line:304] one_slot INFO output block for slot 8 taking 0.919138 sec 
2024-07-21 20:04:35,549 superfastpath.py [line:308] one_slot INFO Leaving slot 9 
2024-07-21 20:04:35,549 superfastpath.py [line:234] one_slot INFO Entering slot 10 
2024-07-21 20:04:36,020 superfastpath.py [line:250] one_slot INFO pending block 10 in 0.471383 
2024-07-21 20:04:36,021 superfastpath.py [line:259] one_slot INFO 2pending block 10 in 0.471635 
2024-07-21 20:04:36,040 superfastpath.py [line:277] one_slot INFO read pending block 10 in 0.490492 
2024-07-21 20:04:36,040 superfastpath.py [line:286] one_slot INFO 3pending block 10 in 0.490822 
2024-07-21 20:04:36,040 superfastpath.py [line:290] one_slot INFO delay block 9 in 0.957636 
2024-07-21 20:04:36,055 superfastpath.py [line:297] one_slot INFO Fast block at Node 2 for Epoch sidAFAST0 and Slot 9 has delay, TPS and TXs: 0.9576361179351807, 20000 
2024-07-21 20:04:36,055 superfastpath.py [line:299] one_slot INFO AVG TPS: 14027, running time 1.425752, weighted delay: 0.931071 
2024-07-21 20:04:36,055 superfastpath.py [line:304] one_slot INFO output block for slot 9 taking 0.972924 sec 
2024-07-21 20:04:36,055 superfastpath.py [line:308] one_slot INFO Leaving slot 10 
2024-07-21 20:04:36,056 superfastpath.py [line:234] one_slot INFO Entering slot 11 
2024-07-21 20:04:36,550 superfastpath.py [line:250] one_slot INFO pending block 11 in 0.494003 
2024-07-21 20:04:36,550 superfastpath.py [line:259] one_slot INFO 2pending block 11 in 0.494160 
2024-07-21 20:04:36,564 superfastpath.py [line:277] one_slot INFO read pending block 11 in 0.508152 
2024-07-21 20:04:36,564 superfastpath.py [line:286] one_slot INFO 3pending block 11 in 0.508333 
2024-07-21 20:04:36,564 superfastpath.py [line:290] one_slot INFO delay block 10 in 1.014992 
2024-07-21 20:04:36,581 superfastpath.py [line:297] one_slot INFO Fast block at Node 2 for Epoch sidAFAST0 and Slot 10 has delay, TPS and TXs: 1.0149924755096436, 30000 
2024-07-21 20:04:36,581 superfastpath.py [line:299] one_slot INFO AVG TPS: 15369, running time 1.951938, weighted delay: 0.959045 
2024-07-21 20:04:36,582 superfastpath.py [line:304] one_slot INFO output block for slot 10 taking 1.032969 sec 
2024-07-21 20:04:36,582 superfastpath.py [line:308] one_slot INFO Leaving slot 11 
2024-07-21 20:04:36,582 superfastpath.py [line:234] one_slot INFO Entering slot 12 
2024-07-21 20:04:37,068 superfastpath.py [line:250] one_slot INFO pending block 12 in 0.485188 
2024-07-21 20:04:37,068 superfastpath.py [line:259] one_slot INFO 2pending block 12 in 0.485394 
2024-07-21 20:04:37,083 superfastpath.py [line:277] one_slot INFO read pending block 12 in 0.500103 
2024-07-21 20:04:37,083 superfastpath.py [line:286] one_slot INFO 3pending block 12 in 0.500408 
2024-07-21 20:04:37,083 superfastpath.py [line:290] one_slot INFO delay block 11 in 1.027352 
2024-07-21 20:04:37,098 superfastpath.py [line:297] one_slot INFO Fast block at Node 2 for Epoch sidAFAST0 and Slot 11 has delay, TPS and TXs: 1.0273518562316895, 40000 
2024-07-21 20:04:37,098 superfastpath.py [line:299] one_slot INFO AVG TPS: 16203, running time 2.468631, weighted delay: 0.976122 
2024-07-21 20:04:37,098 superfastpath.py [line:304] one_slot INFO output block for slot 11 taking 1.042598 sec 
2024-07-21 20:04:37,098 superfastpath.py [line:308] one_slot INFO Leaving slot 12 
2024-07-21 20:04:37,098 superfastpath.py [line:234] one_slot INFO Entering slot 13 
2024-07-21 20:04:37,530 superfastpath.py [line:250] one_slot INFO pending block 13 in 0.431180 
2024-07-21 20:04:37,530 superfastpath.py [line:259] one_slot INFO 2pending block 13 in 0.431340 
2024-07-21 20:04:37,543 superfastpath.py [line:277] one_slot INFO read pending block 13 in 0.444873 
2024-07-21 20:04:37,544 superfastpath.py [line:286] one_slot INFO 3pending block 13 in 0.445054 
2024-07-21 20:04:37,544 superfastpath.py [line:290] one_slot INFO delay block 12 in 0.961205 
2024-07-21 20:04:37,559 superfastpath.py [line:297] one_slot INFO Fast block at Node 2 for Epoch sidAFAST0 and Slot 12 has delay, TPS and TXs: 0.961205005645752, 50000 
2024-07-21 20:04:37,559 superfastpath.py [line:299] one_slot INFO AVG TPS: 17066, running time 2.929696, weighted delay: 0.973138 
2024-07-21 20:04:37,559 superfastpath.py [line:304] one_slot INFO output block for slot 12 taking 0.976843 sec 
2024-07-21 20:04:37,559 superfastpath.py [line:308] one_slot INFO Leaving slot 13 
2024-07-21 20:04:37,559 superfastpath.py [line:234] one_slot INFO Entering slot 14 
2024-07-21 20:04:38,053 superfastpath.py [line:250] one_slot INFO pending block 14 in 0.493820 
2024-07-21 20:04:38,054 superfastpath.py [line:259] one_slot INFO 2pending block 14 in 0.494392 
2024-07-21 20:04:38,094 superfastpath.py [line:277] one_slot INFO read pending block 14 in 0.534632 
2024-07-21 20:04:38,094 superfastpath.py [line:286] one_slot INFO 3pending block 14 in 0.534851 
2024-07-21 20:04:38,094 superfastpath.py [line:290] one_slot INFO delay block 13 in 0.995948 
2024-07-21 20:04:38,109 superfastpath.py [line:297] one_slot INFO Fast block at Node 2 for Epoch sidAFAST0 and Slot 13 has delay, TPS and TXs: 0.9959475994110107, 60000 
2024-07-21 20:04:38,110 superfastpath.py [line:299] one_slot INFO AVG TPS: 17240, running time 3.480164, weighted delay: 0.976940 
2024-07-21 20:04:38,110 superfastpath.py [line:304] one_slot INFO output block for slot 13 taking 1.011573 sec 
2024-07-21 20:04:38,110 superfastpath.py [line:308] one_slot INFO Leaving slot 14 
2024-07-21 20:04:38,110 superfastpath.py [line:234] one_slot INFO Entering slot 15 
2024-07-21 20:04:38,604 superfastpath.py [line:250] one_slot INFO pending block 15 in 0.493711 
2024-07-21 20:04:38,604 superfastpath.py [line:259] one_slot INFO 2pending block 15 in 0.493897 
2024-07-21 20:04:38,621 superfastpath.py [line:277] one_slot INFO read pending block 15 in 0.510358 
2024-07-21 20:04:38,621 superfastpath.py [line:286] one_slot INFO 3pending block 15 in 0.510955 
2024-07-21 20:04:38,621 superfastpath.py [line:290] one_slot INFO delay block 14 in 1.061927 
2024-07-21 20:04:38,639 superfastpath.py [line:297] one_slot INFO Fast block at Node 2 for Epoch sidAFAST0 and Slot 14 has delay, TPS and TXs: 1.0619268417358398, 70000 
2024-07-21 20:04:38,640 superfastpath.py [line:299] one_slot INFO AVG TPS: 17455, running time 4.010097, weighted delay: 0.989081 
2024-07-21 20:04:38,640 superfastpath.py [line:304] one_slot INFO output block for slot 14 taking 1.080183 sec 
2024-07-21 20:04:38,640 superfastpath.py [line:308] one_slot INFO Leaving slot 15 
2024-07-21 20:04:38,640 superfastpath.py [line:234] one_slot INFO Entering slot 16 
2024-07-21 20:04:38,706 superfastpath.py [line:250] one_slot INFO pending block 16 in 0.065768 
2024-07-21 20:04:38,706 superfastpath.py [line:259] one_slot INFO 2pending block 16 in 0.065934 
2024-07-21 20:04:38,706 superfastpath.py [line:277] one_slot INFO read pending block 16 in 0.066052 
2024-07-21 20:04:38,706 superfastpath.py [line:286] one_slot INFO 3pending block 16 in 0.066127 
2024-07-21 20:04:38,706 superfastpath.py [line:290] one_slot INFO delay block 15 in 0.595857 
2024-07-21 20:04:38,721 superfastpath.py [line:297] one_slot INFO Fast block at Node 2 for Epoch sidAFAST0 and Slot 15 has delay, TPS and TXs: 0.5958571434020996, 80000 
2024-07-21 20:04:38,721 superfastpath.py [line:299] one_slot INFO AVG TPS: 19553, running time 4.091274, weighted delay: 0.939928 
2024-07-21 20:04:38,721 superfastpath.py [line:304] one_slot INFO output block for slot 15 taking 0.610518 sec 
2024-07-21 20:04:38,721 superfastpath.py [line:308] one_slot INFO Leaving slot 16 
2024-07-21 20:04:38,721 superfastpath.py [line:373] sufastpath INFO Leaves fastpath at 17 slot 
2024-07-21 20:04:38,721 Superfast.py [line:310] wait_for_fastpath INFO Fastpath of epoch 0 completed 
2024-07-21 20:04:38,721 Superfast.py [line:339] _run_epoch INFO Fastpath tps: 19552 delay 0.939928 
2024-07-21 20:04:43,723 Superfast.py [line:210] run_bft INFO node 2 breaks in 12.327446 seconds in epoch 0 with total delivered Txs 0 and average delay 0.000000 
2024-07-21 20:59:43,440 sufp_node.py [line:79] run INFO node 2's starts to run consensus on process id 4567 
2024-07-21 20:59:43,441 sufp_node.py [line:80] run INFO parameters: N=16, f=5, S=15, T=5, fast-batch=10000, acs-batch=62, K=1, O=0 
2024-07-21 20:59:43,441 sufp_node.py [line:62] prepare_bootstrap INFO node id 2 is inserting dummy payload TXs 
2024-07-21 20:59:43,442 sufp_node.py [line:70] prepare_bootstrap INFO node id 2 just inserts 50000 TXs 
2024-07-21 20:59:43,443 sufp_node.py [line:70] prepare_bootstrap INFO node id 2 just inserts 50000 TXs 
2024-07-21 20:59:43,443 sufp_node.py [line:74] prepare_bootstrap INFO node id 2 completed the loading of dummy TXs 
2024-07-21 20:59:43,443 Superfast.py [line:180] run_bft INFO Node 2 starts to run at time:1721566783.4435768 
2024-07-21 20:59:43,443 Superfast.py [line:233] _run_epoch INFO Node enters epoch 0 
2024-07-21 20:59:43,452 superfastpath_3.py [line:43] sufastpath INFO Entering fast path 
2024-07-21 20:59:43,453 superfastpath_3.py [line:236] one_slot INFO Entering slot 1 
2024-07-21 20:59:44,260 superfastpath_3.py [line:252] one_slot INFO pending block 1 in 0.095166 
2024-07-21 20:59:44,261 superfastpath_3.py [line:261] one_slot INFO 2pending block 1 in 0.095772 
2024-07-21 20:59:44,312 superfastpath_3.py [line:279] one_slot INFO read pending block 1 in 0.146743 
2024-07-21 20:59:44,312 superfastpath_3.py [line:310] one_slot INFO Leaving slot 1 
2024-07-21 20:59:44,313 superfastpath_3.py [line:236] one_slot INFO Entering slot 2 
2024-07-21 20:59:44,580 superfastpath_3.py [line:252] one_slot INFO pending block 2 in 0.108282 
2024-07-21 20:59:44,580 superfastpath_3.py [line:261] one_slot INFO 2pending block 2 in 0.108595 
2024-07-21 20:59:44,621 superfastpath_3.py [line:279] one_slot INFO read pending block 2 in 0.149310 
2024-07-21 20:59:44,621 superfastpath_3.py [line:310] one_slot INFO Leaving slot 2 
2024-07-21 20:59:44,621 superfastpath_3.py [line:236] one_slot INFO Entering slot 3 
2024-07-21 20:59:45,064 superfastpath_3.py [line:252] one_slot INFO pending block 3 in 0.331571 
2024-07-21 20:59:45,064 superfastpath_3.py [line:261] one_slot INFO 2pending block 3 in 0.331809 
2024-07-21 20:59:45,081 superfastpath_3.py [line:279] one_slot INFO read pending block 3 in 0.348467 
2024-07-21 20:59:45,081 superfastpath_3.py [line:310] one_slot INFO Leaving slot 3 
2024-07-21 20:59:45,081 superfastpath_3.py [line:236] one_slot INFO Entering slot 4 
2024-07-21 20:59:45,512 superfastpath_3.py [line:252] one_slot INFO pending block 4 in 0.326797 
2024-07-21 20:59:45,512 superfastpath_3.py [line:261] one_slot INFO 2pending block 4 in 0.327378 
2024-07-21 20:59:45,536 superfastpath_3.py [line:279] one_slot INFO read pending block 4 in 0.350726 
2024-07-21 20:59:45,536 superfastpath_3.py [line:310] one_slot INFO Leaving slot 4 
2024-07-21 20:59:45,536 superfastpath_3.py [line:236] one_slot INFO Entering slot 5 
2024-07-21 20:59:45,992 superfastpath_3.py [line:252] one_slot INFO pending block 5 in 0.316694 
2024-07-21 20:59:45,992 superfastpath_3.py [line:261] one_slot INFO 2pending block 5 in 0.317582 
2024-07-21 20:59:46,013 superfastpath_3.py [line:279] one_slot INFO read pending block 5 in 0.338181 
2024-07-21 20:59:46,013 superfastpath_3.py [line:310] one_slot INFO Leaving slot 5 
2024-07-21 20:59:46,014 superfastpath_3.py [line:236] one_slot INFO Entering slot 6 
2024-07-21 20:59:46,431 superfastpath_3.py [line:252] one_slot INFO pending block 6 in 0.281174 
2024-07-21 20:59:46,431 superfastpath_3.py [line:261] one_slot INFO 2pending block 6 in 0.281410 
2024-07-21 20:59:46,453 superfastpath_3.py [line:279] one_slot INFO read pending block 6 in 0.303536 
2024-07-21 20:59:46,453 superfastpath_3.py [line:310] one_slot INFO Leaving slot 6 
2024-07-21 20:59:46,454 superfastpath_3.py [line:236] one_slot INFO Entering slot 7 
2024-07-21 20:59:46,944 superfastpath_3.py [line:252] one_slot INFO pending block 7 in 0.349912 
2024-07-21 20:59:46,944 superfastpath_3.py [line:261] one_slot INFO 2pending block 7 in 0.350132 
2024-07-21 20:59:46,964 superfastpath_3.py [line:279] one_slot INFO read pending block 7 in 0.369973 
2024-07-21 20:59:46,965 superfastpath_3.py [line:310] one_slot INFO Leaving slot 7 
2024-07-21 20:59:46,965 superfastpath_3.py [line:236] one_slot INFO Entering slot 8 
2024-07-21 20:59:47,475 superfastpath_3.py [line:252] one_slot INFO pending block 8 in 0.364194 
2024-07-21 20:59:47,476 superfastpath_3.py [line:261] one_slot INFO 2pending block 8 in 0.364403 
2024-07-21 20:59:47,493 superfastpath_3.py [line:279] one_slot INFO read pending block 8 in 0.381793 
2024-07-21 20:59:47,493 superfastpath_3.py [line:310] one_slot INFO Leaving slot 8 
2024-07-21 20:59:47,494 superfastpath_3.py [line:236] one_slot INFO Entering slot 9 
2024-07-21 20:59:47,969 superfastpath_3.py [line:252] one_slot INFO pending block 9 in 0.338948 
2024-07-21 20:59:47,969 superfastpath_3.py [line:261] one_slot INFO 2pending block 9 in 0.339173 
2024-07-21 20:59:47,992 superfastpath_3.py [line:279] one_slot INFO read pending block 9 in 0.362051 
2024-07-21 20:59:47,992 superfastpath_3.py [line:288] one_slot INFO 3pending block 9 in 0.362273 
2024-07-21 20:59:47,992 superfastpath_3.py [line:292] one_slot INFO delay block 8 in 0.880838 
2024-07-21 20:59:48,027 superfastpath_3.py [line:299] one_slot INFO Fast block at Node 2 for Epoch sidAFAST0 and Slot 8 has delay, TPS and TXs: 0.8808383941650391, 10000 
2024-07-21 20:59:48,028 superfastpath_3.py [line:301] one_slot INFO AVG TPS: 9412, running time 1.062445, weighted delay: 0.880838 
2024-07-21 20:59:48,028 superfastpath_3.py [line:306] one_slot INFO output block for slot 8 taking 0.916666 sec 
2024-07-21 20:59:48,028 superfastpath_3.py [line:310] one_slot INFO Leaving slot 9 
2024-07-21 20:59:48,028 superfastpath_3.py [line:236] one_slot INFO Entering slot 10 
2024-07-21 20:59:48,454 superfastpath_3.py [line:252] one_slot INFO pending block 10 in 0.350646 
2024-07-21 20:59:48,454 superfastpath_3.py [line:261] one_slot INFO 2pending block 10 in 0.350882 
2024-07-21 20:59:48,485 superfastpath_3.py [line:279] one_slot INFO read pending block 10 in 0.381655 
2024-07-21 20:59:48,485 superfastpath_3.py [line:288] one_slot INFO 3pending block 10 in 0.381869 
2024-07-21 20:59:48,485 superfastpath_3.py [line:292] one_slot INFO delay block 9 in 0.855417 
2024-07-21 20:59:48,507 superfastpath_3.py [line:299] one_slot INFO Fast block at Node 2 for Epoch sidAFAST0 and Slot 9 has delay, TPS and TXs: 0.8554167747497559, 20000 
2024-07-21 20:59:48,507 superfastpath_3.py [line:301] one_slot INFO AVG TPS: 12967, running time 1.542270, weighted delay: 0.868128 
2024-07-21 20:59:48,507 superfastpath_3.py [line:306] one_slot INFO output block for slot 9 taking 0.877943 sec 
2024-07-21 20:59:48,508 superfastpath_3.py [line:310] one_slot INFO Leaving slot 10 
2024-07-21 20:59:48,508 superfastpath_3.py [line:236] one_slot INFO Entering slot 11 
2024-07-21 20:59:48,984 superfastpath_3.py [line:252] one_slot INFO pending block 11 in 0.334026 
2024-07-21 20:59:48,984 superfastpath_3.py [line:261] one_slot INFO 2pending block 11 in 0.334241 
2024-07-21 20:59:49,002 superfastpath_3.py [line:279] one_slot INFO read pending block 11 in 0.351647 
2024-07-21 20:59:49,002 superfastpath_3.py [line:288] one_slot INFO 3pending block 11 in 0.351843 
2024-07-21 20:59:49,002 superfastpath_3.py [line:292] one_slot INFO delay block 10 in 0.898910 
2024-07-21 20:59:49,019 superfastpath_3.py [line:299] one_slot INFO Fast block at Node 2 for Epoch sidAFAST0 and Slot 10 has delay, TPS and TXs: 0.8989098072052002, 30000 
2024-07-21 20:59:49,019 superfastpath_3.py [line:301] one_slot INFO AVG TPS: 14607, running time 2.053706, weighted delay: 0.878388 
2024-07-21 20:59:49,019 superfastpath_3.py [line:306] one_slot INFO output block for slot 10 taking 0.915951 sec 
2024-07-21 20:59:49,019 superfastpath_3.py [line:310] one_slot INFO Leaving slot 11 
2024-07-21 20:59:49,019 superfastpath_3.py [line:236] one_slot INFO Entering slot 12 
2024-07-21 20:59:49,513 superfastpath_3.py [line:252] one_slot INFO pending block 12 in 0.368204 
2024-07-21 20:59:49,514 superfastpath_3.py [line:261] one_slot INFO 2pending block 12 in 0.368573 
2024-07-21 20:59:49,532 superfastpath_3.py [line:279] one_slot INFO read pending block 12 in 0.386813 
2024-07-21 20:59:49,532 superfastpath_3.py [line:288] one_slot INFO 3pending block 12 in 0.387121 
2024-07-21 20:59:49,532 superfastpath_3.py [line:292] one_slot INFO delay block 11 in 0.882515 
2024-07-21 20:59:49,552 superfastpath_3.py [line:299] one_slot INFO Fast block at Node 2 for Epoch sidAFAST0 and Slot 11 has delay, TPS and TXs: 0.8825149536132812, 40000 
2024-07-21 20:59:49,552 superfastpath_3.py [line:301] one_slot INFO AVG TPS: 15463, running time 2.586662, weighted delay: 0.879420 
2024-07-21 20:59:49,552 superfastpath_3.py [line:306] one_slot INFO output block for slot 11 taking 0.902422 sec 
2024-07-21 20:59:49,553 superfastpath_3.py [line:310] one_slot INFO Leaving slot 12 
2024-07-21 20:59:49,553 superfastpath_3.py [line:236] one_slot INFO Entering slot 13 
2024-07-21 20:59:50,045 superfastpath_3.py [line:252] one_slot INFO pending block 13 in 0.337932 
2024-07-21 20:59:50,045 superfastpath_3.py [line:261] one_slot INFO 2pending block 13 in 0.338255 
2024-07-21 20:59:50,071 superfastpath_3.py [line:279] one_slot INFO read pending block 13 in 0.364346 
2024-07-21 20:59:50,071 superfastpath_3.py [line:288] one_slot INFO 3pending block 13 in 0.364569 
2024-07-21 20:59:50,071 superfastpath_3.py [line:292] one_slot INFO delay block 12 in 0.926187 
2024-07-21 20:59:50,087 superfastpath_3.py [line:299] one_slot INFO Fast block at Node 2 for Epoch sidAFAST0 and Slot 12 has delay, TPS and TXs: 0.9261868000030518, 50000 
2024-07-21 20:59:50,087 superfastpath_3.py [line:301] one_slot INFO AVG TPS: 16013, running time 3.122280, weighted delay: 0.888773 
2024-07-21 20:59:50,088 superfastpath_3.py [line:306] one_slot INFO output block for slot 12 taking 0.942280 sec 
2024-07-21 20:59:50,088 superfastpath_3.py [line:310] one_slot INFO Leaving slot 13 
2024-07-21 20:59:50,088 superfastpath_3.py [line:236] one_slot INFO Entering slot 14 
2024-07-21 20:59:50,522 superfastpath_3.py [line:252] one_slot INFO pending block 14 in 0.330500 
2024-07-21 20:59:50,522 superfastpath_3.py [line:261] one_slot INFO 2pending block 14 in 0.330735 
2024-07-21 20:59:50,559 superfastpath_3.py [line:279] one_slot INFO read pending block 14 in 0.367574 
2024-07-21 20:59:50,559 superfastpath_3.py [line:288] one_slot INFO 3pending block 14 in 0.367833 
2024-07-21 20:59:50,560 superfastpath_3.py [line:292] one_slot INFO delay block 13 in 0.852943 
2024-07-21 20:59:50,584 superfastpath_3.py [line:299] one_slot INFO Fast block at Node 2 for Epoch sidAFAST0 and Slot 13 has delay, TPS and TXs: 0.852942705154419, 60000 
2024-07-21 20:59:50,584 superfastpath_3.py [line:301] one_slot INFO AVG TPS: 16578, running time 3.619160, weighted delay: 0.882802 
2024-07-21 20:59:50,584 superfastpath_3.py [line:306] one_slot INFO output block for slot 13 taking 0.877685 sec 
2024-07-21 20:59:50,584 superfastpath_3.py [line:310] one_slot INFO Leaving slot 14 
2024-07-21 20:59:50,585 superfastpath_3.py [line:236] one_slot INFO Entering slot 15 
2024-07-21 20:59:51,052 superfastpath_3.py [line:252] one_slot INFO pending block 15 in 0.357221 
2024-07-21 20:59:51,052 superfastpath_3.py [line:261] one_slot INFO 2pending block 15 in 0.357412 
2024-07-21 20:59:51,071 superfastpath_3.py [line:279] one_slot INFO read pending block 15 in 0.376707 
2024-07-21 20:59:51,072 superfastpath_3.py [line:288] one_slot INFO 3pending block 15 in 0.376915 
2024-07-21 20:59:51,072 superfastpath_3.py [line:292] one_slot INFO delay block 14 in 0.880183 
2024-07-21 20:59:51,094 superfastpath_3.py [line:299] one_slot INFO Fast block at Node 2 for Epoch sidAFAST0 and Slot 14 has delay, TPS and TXs: 0.880183219909668, 70000 
2024-07-21 20:59:51,094 superfastpath_3.py [line:301] one_slot INFO AVG TPS: 16954, running time 4.128730, weighted delay: 0.882428 
2024-07-21 20:59:51,094 superfastpath_3.py [line:306] one_slot INFO output block for slot 14 taking 0.903017 sec 
2024-07-21 20:59:51,095 superfastpath_3.py [line:310] one_slot INFO Leaving slot 15 
2024-07-21 20:59:51,095 superfastpath_3.py [line:236] one_slot INFO Entering slot 16 
2024-07-21 20:59:51,223 superfastpath_3.py [line:252] one_slot INFO pending block 16 in 0.019603 
2024-07-21 20:59:51,223 superfastpath_3.py [line:261] one_slot INFO 2pending block 16 in 0.019944 
2024-07-21 20:59:51,223 superfastpath_3.py [line:279] one_slot INFO read pending block 16 in 0.020169 
2024-07-21 20:59:51,223 superfastpath_3.py [line:288] one_slot INFO 3pending block 16 in 0.020270 
2024-07-21 20:59:51,224 superfastpath_3.py [line:292] one_slot INFO delay block 15 in 0.528939 
2024-07-21 20:59:51,239 superfastpath_3.py [line:299] one_slot INFO Fast block at Node 2 for Epoch sidAFAST0 and Slot 15 has delay, TPS and TXs: 0.5289390087127686, 80000 
2024-07-21 20:59:51,239 superfastpath_3.py [line:301] one_slot INFO AVG TPS: 18719, running time 4.273733, weighted delay: 0.838241 
2024-07-21 20:59:51,239 superfastpath_3.py [line:306] one_slot INFO output block for slot 15 taking 0.544345 sec 
2024-07-21 20:59:51,239 superfastpath_3.py [line:310] one_slot INFO Leaving slot 16 
2024-07-21 20:59:51,239 superfastpath_3.py [line:375] sufastpath INFO Leaves fastpath at 17 slot 
2024-07-21 20:59:51,239 Superfast.py [line:310] wait_for_fastpath INFO Fastpath of epoch 0 completed 
2024-07-21 20:59:51,240 Superfast.py [line:339] _run_epoch INFO Fastpath tps: 18718 delay 0.838241 
2024-07-22 15:44:15,282 bdt_node.py [line:79] run INFO node 2's starts to run consensus on process id 14888 
2024-07-22 15:44:15,283 bdt_node.py [line:80] run INFO parameters: N=16, f=5, S=15, T=5, fast-batch=10000, acs-batch=62, K=1, O=0 
2024-07-22 15:44:15,283 bdt_node.py [line:62] prepare_bootstrap INFO node id 2 is inserting dummy payload TXs 
2024-07-22 15:44:15,283 bdt_node.py [line:70] prepare_bootstrap INFO node id 2 just inserts 50000 TXs 
2024-07-22 15:44:15,284 bdt_node.py [line:70] prepare_bootstrap INFO node id 2 just inserts 50000 TXs 
2024-07-22 15:44:15,284 bdt_node.py [line:74] prepare_bootstrap INFO node id 2 completed the loading of dummy TXs 
2024-07-22 15:44:15,284 bdt.py [line:194] run_bft INFO Node 2 starts to run at time:1721634255.2842648 
2024-07-22 15:44:15,284 bdt.py [line:247] _run_epoch INFO Node enters epoch 0 
2024-07-22 15:44:15,286 hsfastpath.py [line:43] hsfastpath INFO Entering fast path 
2024-07-22 15:44:15,286 hsfastpath.py [line:212] one_slot INFO Entering slot 1 
2024-07-22 15:44:15,432 hsfastpath.py [line:263] one_slot INFO Leaving slot 1 
2024-07-22 15:44:15,433 hsfastpath.py [line:212] one_slot INFO Entering slot 2 
2024-07-22 15:44:15,624 hsfastpath.py [line:263] one_slot INFO Leaving slot 2 
2024-07-22 15:44:15,626 hsfastpath.py [line:212] one_slot INFO Entering slot 3 
2024-07-22 15:44:15,775 hsfastpath.py [line:252] one_slot INFO Fast block at Node 2 for Epoch sidAFAST0 and Slot 1 has delay and TXs: 0.4628758430480957, 10000 
2024-07-22 15:44:15,807 hsfastpath.py [line:263] one_slot INFO Leaving slot 3 
2024-07-22 15:44:15,807 hsfastpath.py [line:212] one_slot INFO Entering slot 4 
2024-07-22 15:44:15,996 hsfastpath.py [line:252] one_slot INFO Fast block at Node 2 for Epoch sidAFAST0 and Slot 2 has delay and TXs: 0.5443105697631836, 10000 
2024-07-22 15:44:16,013 hsfastpath.py [line:263] one_slot INFO Leaving slot 4 
2024-07-22 15:44:16,014 hsfastpath.py [line:212] one_slot INFO Entering slot 5 
2024-07-22 15:44:16,200 hsfastpath.py [line:252] one_slot INFO Fast block at Node 2 for Epoch sidAFAST0 and Slot 3 has delay and TXs: 0.5569839477539062, 10000 
2024-07-22 15:44:16,217 hsfastpath.py [line:263] one_slot INFO Leaving slot 5 
2024-07-22 15:44:16,217 hsfastpath.py [line:212] one_slot INFO Entering slot 6 
2024-07-22 15:44:16,440 hsfastpath.py [line:252] one_slot INFO Fast block at Node 2 for Epoch sidAFAST0 and Slot 4 has delay and TXs: 0.5983636379241943, 10000 
2024-07-22 15:44:16,477 hsfastpath.py [line:263] one_slot INFO Leaving slot 6 
2024-07-22 15:44:16,478 hsfastpath.py [line:212] one_slot INFO Entering slot 7 
2024-07-22 15:44:16,686 hsfastpath.py [line:252] one_slot INFO Fast block at Node 2 for Epoch sidAFAST0 and Slot 5 has delay and TXs: 0.6467595100402832, 10000 
2024-07-22 15:44:16,708 hsfastpath.py [line:263] one_slot INFO Leaving slot 7 
2024-07-22 15:44:16,708 hsfastpath.py [line:212] one_slot INFO Entering slot 8 
2024-07-22 15:44:16,902 hsfastpath.py [line:252] one_slot INFO Fast block at Node 2 for Epoch sidAFAST0 and Slot 6 has delay and TXs: 0.6334738731384277, 10000 
2024-07-22 15:44:16,918 hsfastpath.py [line:263] one_slot INFO Leaving slot 8 
2024-07-22 15:44:16,918 hsfastpath.py [line:212] one_slot INFO Entering slot 9 
2024-07-22 15:44:17,084 hsfastpath.py [line:252] one_slot INFO Fast block at Node 2 for Epoch sidAFAST0 and Slot 7 has delay and TXs: 0.5834677219390869, 10000 
2024-07-22 15:44:17,102 hsfastpath.py [line:263] one_slot INFO Leaving slot 9 
2024-07-22 15:44:17,102 hsfastpath.py [line:212] one_slot INFO Entering slot 10 
2024-07-22 15:44:17,335 hsfastpath.py [line:252] one_slot INFO Fast block at Node 2 for Epoch sidAFAST0 and Slot 8 has delay and TXs: 0.5827155113220215, 10000 
2024-07-22 15:44:17,379 hsfastpath.py [line:263] one_slot INFO Leaving slot 10 
2024-07-22 15:44:17,379 hsfastpath.py [line:212] one_slot INFO Entering slot 11 
2024-07-22 15:44:17,537 hsfastpath.py [line:252] one_slot INFO Fast block at Node 2 for Epoch sidAFAST0 and Slot 9 has delay and TXs: 0.5660414695739746, 10000 
2024-07-22 15:44:17,569 hsfastpath.py [line:263] one_slot INFO Leaving slot 11 
2024-07-22 15:44:17,569 hsfastpath.py [line:212] one_slot INFO Entering slot 12 
2024-07-22 15:44:17,715 hsfastpath.py [line:252] one_slot INFO Fast block at Node 2 for Epoch sidAFAST0 and Slot 10 has delay and TXs: 0.5967059135437012, 10000 
2024-07-22 15:44:17,729 hsfastpath.py [line:263] one_slot INFO Leaving slot 12 
2024-07-22 15:44:17,729 hsfastpath.py [line:212] one_slot INFO Entering slot 13 
2024-07-22 15:44:17,940 hsfastpath.py [line:252] one_slot INFO Fast block at Node 2 for Epoch sidAFAST0 and Slot 11 has delay and TXs: 0.5249996185302734, 10000 
2024-07-22 15:44:17,999 hsfastpath.py [line:263] one_slot INFO Leaving slot 13 
2024-07-22 15:44:18,000 hsfastpath.py [line:212] one_slot INFO Entering slot 14 
2024-07-22 15:44:18,135 hsfastpath.py [line:252] one_slot INFO Fast block at Node 2 for Epoch sidAFAST0 and Slot 12 has delay and TXs: 0.5444052219390869, 10000 
2024-07-22 15:44:18,173 hsfastpath.py [line:263] one_slot INFO Leaving slot 14 
2024-07-22 15:44:18,175 hsfastpath.py [line:212] one_slot INFO Entering slot 15 
2024-07-22 15:44:18,336 hsfastpath.py [line:252] one_slot INFO Fast block at Node 2 for Epoch sidAFAST0 and Slot 13 has delay and TXs: 0.5767533779144287, 10000 
2024-07-22 15:44:18,388 hsfastpath.py [line:263] one_slot INFO Leaving slot 15 
2024-07-22 15:44:18,388 hsfastpath.py [line:212] one_slot INFO Entering slot 16 
2024-07-22 15:44:18,501 hsfastpath.py [line:252] one_slot INFO Fast block at Node 2 for Epoch sidAFAST0 and Slot 14 has delay and TXs: 0.4766104221343994, 10000 
2024-07-22 15:44:18,502 hsfastpath.py [line:263] one_slot INFO Leaving slot 16 
2024-07-22 15:44:18,502 hsfastpath.py [line:212] one_slot INFO Entering slot 17 
2024-07-22 15:44:18,592 hsfastpath.py [line:252] one_slot INFO Fast block at Node 2 for Epoch sidAFAST0 and Slot 15 has delay and TXs: 0.3567922115325928, 10000 
2024-07-22 15:44:18,592 hsfastpath.py [line:263] one_slot INFO Leaving slot 17 
2024-07-22 15:44:18,592 hsfastpath.py [line:326] hsfastpath INFO Leaves fastpath at 18 slot 
2024-07-22 15:44:18,593 bdt.py [line:413] wait_for_fastpath INFO Fastpath of epoch 0 completed 
2024-07-22 15:44:18,671 bdt.py [line:419] wait_for_vc_msg INFO VC messages of epoch 0 collected 
2024-07-22 15:44:21,158 bdt.py [line:467] _run_epoch INFO VIEW CHANGE costs time: 2.564966 
2024-07-22 15:44:21,158 bdt.py [line:224] run_bft INFO node 2 breaks in 5.874630 seconds in epoch 0 with total delivered Txs 150000 and average delay 0.550084 and average VC delay 2.564966 
2024-07-22 15:48:16,354 bdt_node.py [line:79] run INFO node 2's starts to run consensus on process id 15412 
2024-07-22 15:48:16,354 bdt_node.py [line:80] run INFO parameters: N=16, f=5, S=15, T=5, fast-batch=10000, acs-batch=62, K=1, O=0 
2024-07-22 15:48:16,355 bdt_node.py [line:62] prepare_bootstrap INFO node id 2 is inserting dummy payload TXs 
2024-07-22 15:48:16,355 bdt_node.py [line:70] prepare_bootstrap INFO node id 2 just inserts 50000 TXs 
2024-07-22 15:48:16,355 bdt_node.py [line:70] prepare_bootstrap INFO node id 2 just inserts 50000 TXs 
2024-07-22 15:48:16,356 bdt_node.py [line:74] prepare_bootstrap INFO node id 2 completed the loading of dummy TXs 
2024-07-22 15:48:16,356 bdt.py [line:194] run_bft INFO Node 2 starts to run at time:1721634496.3563128 
2024-07-22 15:48:16,356 bdt.py [line:247] _run_epoch INFO Node enters epoch 0 
2024-07-22 15:48:16,358 hsfastpath_3.py [line:43] hsfastpath INFO Entering fast path 
2024-07-22 15:48:16,358 hsfastpath_3.py [line:213] one_slot INFO Entering slot 1 
2024-07-22 15:48:16,975 hsfastpath_3.py [line:264] one_slot INFO Leaving slot 1 
2024-07-22 15:48:16,975 hsfastpath_3.py [line:213] one_slot INFO Entering slot 2 
2024-07-22 15:48:17,255 hsfastpath_3.py [line:264] one_slot INFO Leaving slot 2 
2024-07-22 15:48:17,255 hsfastpath_3.py [line:213] one_slot INFO Entering slot 3 
2024-07-22 15:48:17,419 hsfastpath_3.py [line:253] one_slot INFO Fast block at Node 2 for Epoch sidAFAST0 and Slot 1 has delay and TXs: 0.5336441993713379, 10000 
2024-07-22 15:48:17,434 hsfastpath_3.py [line:264] one_slot INFO Leaving slot 3 
2024-07-22 15:48:17,434 hsfastpath_3.py [line:213] one_slot INFO Entering slot 4 
2024-07-22 15:48:17,654 hsfastpath_3.py [line:253] one_slot INFO Fast block at Node 2 for Epoch sidAFAST0 and Slot 2 has delay and TXs: 0.48033571243286133, 10000 
2024-07-22 15:48:17,700 hsfastpath_3.py [line:264] one_slot INFO Leaving slot 4 
2024-07-22 15:48:17,700 hsfastpath_3.py [line:213] one_slot INFO Entering slot 5 
2024-07-22 15:48:17,833 hsfastpath_3.py [line:253] one_slot INFO Fast block at Node 2 for Epoch sidAFAST0 and Slot 3 has delay and TXs: 0.500164270401001, 10000 
2024-07-22 15:48:17,852 hsfastpath_3.py [line:264] one_slot INFO Leaving slot 5 
2024-07-22 15:48:17,852 hsfastpath_3.py [line:213] one_slot INFO Entering slot 6 
2024-07-22 15:48:18,067 hsfastpath_3.py [line:253] one_slot INFO Fast block at Node 2 for Epoch sidAFAST0 and Slot 4 has delay and TXs: 0.49870824813842773, 10000 
2024-07-22 15:48:18,116 hsfastpath_3.py [line:264] one_slot INFO Leaving slot 6 
2024-07-22 15:48:18,116 hsfastpath_3.py [line:213] one_slot INFO Entering slot 7 
2024-07-22 15:48:18,322 hsfastpath_3.py [line:253] one_slot INFO Fast block at Node 2 for Epoch sidAFAST0 and Slot 5 has delay and TXs: 0.4987931251525879, 10000 
2024-07-22 15:48:18,351 hsfastpath_3.py [line:264] one_slot INFO Leaving slot 7 
2024-07-22 15:48:18,351 hsfastpath_3.py [line:213] one_slot INFO Entering slot 8 
2024-07-22 15:48:18,521 hsfastpath_3.py [line:253] one_slot INFO Fast block at Node 2 for Epoch sidAFAST0 and Slot 6 has delay and TXs: 0.4751415252685547, 10000 
2024-07-22 15:48:18,575 hsfastpath_3.py [line:264] one_slot INFO Leaving slot 8 
2024-07-22 15:48:18,575 hsfastpath_3.py [line:213] one_slot INFO Entering slot 9 
2024-07-22 15:48:18,725 hsfastpath_3.py [line:253] one_slot INFO Fast block at Node 2 for Epoch sidAFAST0 and Slot 7 has delay and TXs: 0.47060585021972656, 10000 
2024-07-22 15:48:18,761 hsfastpath_3.py [line:264] one_slot INFO Leaving slot 9 
2024-07-22 15:48:18,761 hsfastpath_3.py [line:213] one_slot INFO Entering slot 10 
2024-07-22 15:48:18,900 hsfastpath_3.py [line:253] one_slot INFO Fast block at Node 2 for Epoch sidAFAST0 and Slot 8 has delay and TXs: 0.46977710723876953, 10000 
2024-07-22 15:48:18,923 hsfastpath_3.py [line:264] one_slot INFO Leaving slot 10 
2024-07-22 15:48:18,923 hsfastpath_3.py [line:213] one_slot INFO Entering slot 11 
2024-07-22 15:48:19,158 hsfastpath_3.py [line:253] one_slot INFO Fast block at Node 2 for Epoch sidAFAST0 and Slot 9 has delay and TXs: 0.5363278388977051, 10000 
2024-07-22 15:48:19,181 hsfastpath_3.py [line:264] one_slot INFO Leaving slot 11 
2024-07-22 15:48:19,182 hsfastpath_3.py [line:213] one_slot INFO Entering slot 12 
2024-07-22 15:48:19,410 hsfastpath_3.py [line:253] one_slot INFO Fast block at Node 2 for Epoch sidAFAST0 and Slot 10 has delay and TXs: 0.5550212860107422, 10000 
2024-07-22 15:48:19,439 hsfastpath_3.py [line:264] one_slot INFO Leaving slot 12 
2024-07-22 15:48:19,439 hsfastpath_3.py [line:213] one_slot INFO Entering slot 13 
2024-07-22 15:48:19,569 hsfastpath_3.py [line:253] one_slot INFO Fast block at Node 2 for Epoch sidAFAST0 and Slot 11 has delay and TXs: 0.4906613826751709, 10000 
2024-07-22 15:48:19,634 hsfastpath_3.py [line:264] one_slot INFO Leaving slot 13 
2024-07-22 15:48:19,637 hsfastpath_3.py [line:213] one_slot INFO Entering slot 14 
2024-07-22 15:48:19,782 hsfastpath_3.py [line:253] one_slot INFO Fast block at Node 2 for Epoch sidAFAST0 and Slot 12 has delay and TXs: 0.4815211296081543, 10000 
2024-07-22 15:48:19,808 hsfastpath_3.py [line:264] one_slot INFO Leaving slot 14 
2024-07-22 15:48:19,808 hsfastpath_3.py [line:213] one_slot INFO Entering slot 15 
2024-07-22 15:48:20,015 hsfastpath_3.py [line:253] one_slot INFO Fast block at Node 2 for Epoch sidAFAST0 and Slot 13 has delay and TXs: 0.48329782485961914, 10000 
2024-07-22 15:48:20,070 hsfastpath_3.py [line:264] one_slot INFO Leaving slot 15 
2024-07-22 15:48:20,070 hsfastpath_3.py [line:213] one_slot INFO Entering slot 16 
2024-07-22 15:48:20,127 hsfastpath_3.py [line:253] one_slot INFO Fast block at Node 2 for Epoch sidAFAST0 and Slot 14 has delay and TXs: 0.4184424877166748, 10000 
2024-07-22 15:48:20,127 hsfastpath_3.py [line:264] one_slot INFO Leaving slot 16 
2024-07-22 15:48:20,127 hsfastpath_3.py [line:213] one_slot INFO Entering slot 17 
2024-07-22 15:48:20,204 hsfastpath_3.py [line:253] one_slot INFO Fast block at Node 2 for Epoch sidAFAST0 and Slot 15 has delay and TXs: 0.27957606315612793, 10000 
2024-07-22 15:48:20,205 hsfastpath_3.py [line:264] one_slot INFO Leaving slot 17 
2024-07-22 15:48:20,206 hsfastpath_3.py [line:327] hsfastpath INFO Leaves fastpath at 18 slot 
2024-07-22 15:48:20,206 bdt.py [line:413] wait_for_fastpath INFO Fastpath of epoch 0 completed 
2024-07-22 15:48:20,261 bdt.py [line:419] wait_for_vc_msg INFO VC messages of epoch 0 collected 
