2024-07-19 16:50:44,672 sufp_node.py [line:79] run INFO node 12's starts to run consensus on process id 8322 
2024-07-19 16:50:44,673 sufp_node.py [line:80] run INFO parameters: N=16, f=5, S=15, T=5, fast-batch=10000, acs-batch=62, K=1, O=0 
2024-07-19 16:50:44,673 sufp_node.py [line:62] prepare_bootstrap INFO node id 12 is inserting dummy payload TXs 
2024-07-19 16:50:44,673 sufp_node.py [line:70] prepare_bootstrap INFO node id 12 just inserts 50000 TXs 
2024-07-19 16:50:44,674 sufp_node.py [line:70] prepare_bootstrap INFO node id 12 just inserts 50000 TXs 
2024-07-19 16:50:44,674 sufp_node.py [line:74] prepare_bootstrap INFO node id 12 completed the loading of dummy TXs 
2024-07-19 16:50:44,674 Superfast.py [line:178] run_bft INFO Node 12 starts to run at time:1721379044.6743567 
2024-07-19 16:50:44,674 Superfast.py [line:231] _run_epoch INFO Node enters epoch 0 
2024-07-19 16:50:44,675 superfastpath.py [line:43] sufastpath INFO Entering fast path 
2024-07-19 16:50:44,675 superfastpath.py [line:229] one_slot INFO Entering slot 1 
2024-07-19 16:50:44,892 superfastpath.py [line:255] one_slot INFO pending block 1 in 0.216350 
2024-07-19 16:50:44,907 superfastpath.py [line:280] one_slot INFO read pending block 1 in 0.231587 
2024-07-19 16:50:44,907 superfastpath.py [line:309] one_slot INFO Leaving slot 1 
2024-07-19 16:50:44,907 superfastpath.py [line:229] one_slot INFO Entering slot 2 
2024-07-19 16:50:49,908 superfastpath.py [line:367] sufastpath INFO Fastpath Timeout! 
2024-07-19 16:50:49,908 superfastpath.py [line:374] sufastpath INFO Leaves fastpath at 2 slot 
2024-07-19 16:50:49,909 Superfast.py [line:308] wait_for_fastpath INFO Fastpath of epoch 0 completed 
2024-07-19 16:52:41,476 sufp_node.py [line:79] run INFO node 12's starts to run consensus on process id 8593 
2024-07-19 16:52:41,476 sufp_node.py [line:80] run INFO parameters: N=16, f=5, S=15, T=5, fast-batch=10000, acs-batch=62, K=1, O=0 
2024-07-19 16:52:41,477 sufp_node.py [line:62] prepare_bootstrap INFO node id 12 is inserting dummy payload TXs 
2024-07-19 16:52:41,478 sufp_node.py [line:70] prepare_bootstrap INFO node id 12 just inserts 50000 TXs 
2024-07-19 16:52:41,479 sufp_node.py [line:70] prepare_bootstrap INFO node id 12 just inserts 50000 TXs 
2024-07-19 16:52:41,479 sufp_node.py [line:74] prepare_bootstrap INFO node id 12 completed the loading of dummy TXs 
2024-07-19 16:52:41,479 Superfast.py [line:178] run_bft INFO Node 12 starts to run at time:1721379161.479647 
2024-07-19 16:52:41,479 Superfast.py [line:231] _run_epoch INFO Node enters epoch 0 
2024-07-19 16:52:41,480 superfastpath.py [line:43] sufastpath INFO Entering fast path 
2024-07-19 16:52:41,481 superfastpath.py [line:223] one_slot INFO Entering slot 1 
2024-07-19 16:52:41,801 superfastpath.py [line:248] one_slot INFO pending block 1 in 0.319948 
2024-07-19 16:52:41,827 superfastpath.py [line:273] one_slot INFO read pending block 1 in 0.346571 
2024-07-19 16:52:41,828 superfastpath.py [line:301] one_slot INFO Leaving slot 1 
2024-07-19 16:52:41,828 superfastpath.py [line:223] one_slot INFO Entering slot 2 
2024-07-19 16:52:42,110 superfastpath.py [line:248] one_slot INFO pending block 2 in 0.281586 
2024-07-19 16:52:42,127 superfastpath.py [line:273] one_slot INFO read pending block 2 in 0.298674 
2024-07-19 16:52:42,127 superfastpath.py [line:301] one_slot INFO Leaving slot 2 
2024-07-19 16:52:42,127 superfastpath.py [line:223] one_slot INFO Entering slot 3 
2024-07-19 16:52:42,408 superfastpath.py [line:248] one_slot INFO pending block 3 in 0.281052 
2024-07-19 16:52:42,421 superfastpath.py [line:273] one_slot INFO read pending block 3 in 0.293390 
2024-07-19 16:52:42,421 superfastpath.py [line:301] one_slot INFO Leaving slot 3 
2024-07-19 16:52:42,421 superfastpath.py [line:223] one_slot INFO Entering slot 4 
2024-07-19 16:52:42,633 superfastpath.py [line:248] one_slot INFO pending block 4 in 0.212503 
2024-07-19 16:52:42,664 superfastpath.py [line:273] one_slot INFO read pending block 4 in 0.243348 
2024-07-19 16:52:42,664 superfastpath.py [line:301] one_slot INFO Leaving slot 4 
2024-07-19 16:52:42,665 superfastpath.py [line:223] one_slot INFO Entering slot 5 
2024-07-19 16:52:42,956 superfastpath.py [line:248] one_slot INFO pending block 5 in 0.291039 
2024-07-19 16:52:42,971 superfastpath.py [line:273] one_slot INFO read pending block 5 in 0.306629 
2024-07-19 16:52:42,971 superfastpath.py [line:301] one_slot INFO Leaving slot 5 
2024-07-19 16:52:42,972 superfastpath.py [line:223] one_slot INFO Entering slot 6 
2024-07-19 16:52:43,224 superfastpath.py [line:248] one_slot INFO pending block 6 in 0.251442 
2024-07-19 16:52:43,247 superfastpath.py [line:273] one_slot INFO read pending block 6 in 0.274694 
2024-07-19 16:52:43,247 superfastpath.py [line:301] one_slot INFO Leaving slot 6 
2024-07-19 16:52:43,248 superfastpath.py [line:223] one_slot INFO Entering slot 7 
2024-07-19 16:52:43,527 superfastpath.py [line:248] one_slot INFO pending block 7 in 0.279450 
2024-07-19 16:52:43,541 superfastpath.py [line:273] one_slot INFO read pending block 7 in 0.293786 
2024-07-19 16:52:43,542 superfastpath.py [line:301] one_slot INFO Leaving slot 7 
2024-07-19 16:52:43,542 superfastpath.py [line:223] one_slot INFO Entering slot 8 
2024-07-19 16:52:43,787 superfastpath.py [line:248] one_slot INFO pending block 8 in 0.245087 
2024-07-19 16:52:43,814 superfastpath.py [line:273] one_slot INFO read pending block 8 in 0.272467 
2024-07-19 16:52:43,815 superfastpath.py [line:301] one_slot INFO Leaving slot 8 
2024-07-19 16:52:43,815 superfastpath.py [line:223] one_slot INFO Entering slot 9 
2024-07-19 16:52:44,130 superfastpath.py [line:248] one_slot INFO pending block 9 in 0.314740 
2024-07-19 16:52:44,152 superfastpath.py [line:273] one_slot INFO read pending block 9 in 0.336041 
2024-07-19 16:52:44,171 superfastpath.py [line:290] one_slot INFO Fast block at Node 12 for Epoch sidAFAST0 and Slot 8 has delay, TPS and TXs: 0.6098389625549316, 10000 
2024-07-19 16:52:44,172 superfastpath.py [line:292] one_slot INFO AVG TPS: 15876, running time 0.629867, weighted delay: 0.609839 
2024-07-19 16:52:44,172 superfastpath.py [line:297] one_slot INFO output block for slot 8 taking 0.629842 sec 
2024-07-19 16:52:44,172 superfastpath.py [line:301] one_slot INFO Leaving slot 9 
2024-07-19 16:52:44,172 superfastpath.py [line:223] one_slot INFO Entering slot 10 
2024-07-19 16:52:44,395 superfastpath.py [line:248] one_slot INFO pending block 10 in 0.223363 
2024-07-19 16:52:44,449 superfastpath.py [line:273] one_slot INFO read pending block 10 in 0.276837 
2024-07-19 16:52:44,528 superfastpath.py [line:290] one_slot INFO Fast block at Node 12 for Epoch sidAFAST0 and Slot 9 has delay, TPS and TXs: 0.6359467506408691, 20000 
2024-07-19 16:52:44,528 superfastpath.py [line:292] one_slot INFO AVG TPS: 20275, running time 0.986420, weighted delay: 0.622893 
2024-07-19 16:52:44,528 superfastpath.py [line:297] one_slot INFO output block for slot 9 taking 0.712923 sec 
2024-07-19 16:52:44,529 superfastpath.py [line:301] one_slot INFO Leaving slot 10 
2024-07-19 16:52:44,529 superfastpath.py [line:223] one_slot INFO Entering slot 11 
2024-07-19 16:52:44,678 superfastpath.py [line:248] one_slot INFO pending block 11 in 0.148874 
2024-07-19 16:52:44,714 superfastpath.py [line:273] one_slot INFO read pending block 11 in 0.185306 
2024-07-19 16:52:44,743 superfastpath.py [line:290] one_slot INFO Fast block at Node 12 for Epoch sidAFAST0 and Slot 10 has delay, TPS and TXs: 0.5426487922668457, 30000 
2024-07-19 16:52:44,743 superfastpath.py [line:292] one_slot INFO AVG TPS: 24971, running time 1.201365, weighted delay: 0.596145 
2024-07-19 16:52:44,743 superfastpath.py [line:297] one_slot INFO output block for slot 10 taking 0.571403 sec 
2024-07-19 16:52:44,743 superfastpath.py [line:301] one_slot INFO Leaving slot 11 
2024-07-19 16:52:44,744 superfastpath.py [line:223] one_slot INFO Entering slot 12 
2024-07-19 16:52:44,951 superfastpath.py [line:248] one_slot INFO pending block 12 in 0.207122 
2024-07-19 16:52:44,974 superfastpath.py [line:273] one_slot INFO read pending block 12 in 0.230773 
2024-07-19 16:52:44,996 superfastpath.py [line:290] one_slot INFO Fast block at Node 12 for Epoch sidAFAST0 and Slot 11 has delay, TPS and TXs: 0.445422887802124, 40000 
2024-07-19 16:52:44,997 superfastpath.py [line:292] one_slot INFO AVG TPS: 27494, running time 1.454846, weighted delay: 0.558464 
2024-07-19 16:52:44,997 superfastpath.py [line:297] one_slot INFO output block for slot 11 taking 0.467946 sec 
2024-07-19 16:52:44,997 superfastpath.py [line:301] one_slot INFO Leaving slot 12 
2024-07-19 16:52:44,997 superfastpath.py [line:223] one_slot INFO Entering slot 13 
2024-07-19 16:52:45,249 superfastpath.py [line:248] one_slot INFO pending block 13 in 0.251703 
2024-07-19 16:52:45,266 superfastpath.py [line:273] one_slot INFO read pending block 13 in 0.268595 
2024-07-19 16:52:45,280 superfastpath.py [line:290] one_slot INFO Fast block at Node 12 for Epoch sidAFAST0 and Slot 12 has delay, TPS and TXs: 0.5224440097808838, 50000 
2024-07-19 16:52:45,281 superfastpath.py [line:292] one_slot INFO AVG TPS: 28754, running time 1.738888, weighted delay: 0.551260 
2024-07-19 16:52:45,281 superfastpath.py [line:297] one_slot INFO output block for slot 12 taking 0.537049 sec 
2024-07-19 16:52:45,281 superfastpath.py [line:301] one_slot INFO Leaving slot 13 
2024-07-19 16:52:45,281 superfastpath.py [line:223] one_slot INFO Entering slot 14 
2024-07-19 16:52:45,584 superfastpath.py [line:248] one_slot INFO pending block 14 in 0.303562 
2024-07-19 16:52:45,606 superfastpath.py [line:273] one_slot INFO read pending block 14 in 0.325079 
2024-07-19 16:52:45,656 superfastpath.py [line:290] one_slot INFO Fast block at Node 12 for Epoch sidAFAST0 and Slot 13 has delay, TPS and TXs: 0.6260645389556885, 60000 
2024-07-19 16:52:45,656 superfastpath.py [line:292] one_slot INFO AVG TPS: 28376, running time 2.114431, weighted delay: 0.563728 
2024-07-19 16:52:45,656 superfastpath.py [line:297] one_slot INFO output block for slot 13 taking 0.658936 sec 
2024-07-19 16:52:45,656 superfastpath.py [line:301] one_slot INFO Leaving slot 14 
2024-07-19 16:52:45,656 superfastpath.py [line:223] one_slot INFO Entering slot 15 
2024-07-19 16:52:45,883 superfastpath.py [line:248] one_slot INFO pending block 15 in 0.226071 
2024-07-19 16:52:45,902 superfastpath.py [line:273] one_slot INFO read pending block 15 in 0.245670 
2024-07-19 16:52:45,925 superfastpath.py [line:290] one_slot INFO Fast block at Node 12 for Epoch sidAFAST0 and Slot 14 has delay, TPS and TXs: 0.6221709251403809, 70000 
2024-07-19 16:52:45,925 superfastpath.py [line:292] one_slot INFO AVG TPS: 29372, running time 2.383209, weighted delay: 0.572077 
2024-07-19 16:52:45,926 superfastpath.py [line:297] one_slot INFO output block for slot 14 taking 0.644839 sec 
2024-07-19 16:52:45,926 superfastpath.py [line:301] one_slot INFO Leaving slot 15 
2024-07-19 16:52:45,926 superfastpath.py [line:223] one_slot INFO Entering slot 16 
2024-07-19 16:52:45,929 superfastpath.py [line:248] one_slot INFO pending block 16 in 0.002854 
2024-07-19 16:52:45,930 superfastpath.py [line:273] one_slot INFO read pending block 16 in 0.003311 
2024-07-19 16:52:45,953 superfastpath.py [line:290] one_slot INFO Fast block at Node 12 for Epoch sidAFAST0 and Slot 15 has delay, TPS and TXs: 0.27312707901000977, 80000 
2024-07-19 16:52:45,953 superfastpath.py [line:292] one_slot INFO AVG TPS: 33178, running time 2.411196, weighted delay: 0.534708 
2024-07-19 16:52:45,953 superfastpath.py [line:297] one_slot INFO output block for slot 15 taking 0.296464 sec 
2024-07-19 16:52:45,953 superfastpath.py [line:301] one_slot INFO Leaving slot 16 
2024-07-19 16:52:45,953 superfastpath.py [line:366] sufastpath INFO Leaves fastpath at 17 slot 
2024-07-19 16:52:45,954 Superfast.py [line:308] wait_for_fastpath INFO Fastpath of epoch 0 completed 
2024-07-19 16:52:45,954 Superfast.py [line:337] _run_epoch INFO Fastpath tps: 33176 
2024-07-19 16:52:50,955 Superfast.py [line:208] run_bft INFO node 12 breaks in 9.475317 seconds in epoch 0 with total delivered Txs 0 and average delay 0.000000 
2024-07-19 16:54:35,814 sufp_node.py [line:79] run INFO node 12's starts to run consensus on process id 8857 
2024-07-19 16:54:35,815 sufp_node.py [line:80] run INFO parameters: N=16, f=5, S=15, T=5, fast-batch=10000, acs-batch=62, K=1, O=0 
2024-07-19 16:54:35,815 sufp_node.py [line:62] prepare_bootstrap INFO node id 12 is inserting dummy payload TXs 
2024-07-19 16:54:35,816 sufp_node.py [line:70] prepare_bootstrap INFO node id 12 just inserts 50000 TXs 
2024-07-19 16:54:35,816 sufp_node.py [line:70] prepare_bootstrap INFO node id 12 just inserts 50000 TXs 
2024-07-19 16:54:35,816 sufp_node.py [line:74] prepare_bootstrap INFO node id 12 completed the loading of dummy TXs 
2024-07-19 16:54:35,816 Superfast.py [line:178] run_bft INFO Node 12 starts to run at time:1721379275.8164132 
2024-07-19 16:54:35,816 Superfast.py [line:231] _run_epoch INFO Node enters epoch 0 
2024-07-19 16:54:35,817 superfastpath.py [line:43] sufastpath INFO Entering fast path 
2024-07-19 16:54:35,817 superfastpath.py [line:223] one_slot INFO Entering slot 1 
2024-07-19 16:54:35,842 superfastpath.py [line:248] one_slot INFO pending block 1 in 0.024657 
2024-07-19 16:54:35,842 superfastpath.py [line:257] one_slot INFO 2pending block 1 in 0.024858 
2024-07-19 16:54:35,854 superfastpath.py [line:274] one_slot INFO read pending block 1 in 0.037304 
2024-07-19 16:54:35,855 superfastpath.py [line:303] one_slot INFO Leaving slot 1 
2024-07-19 16:54:35,855 superfastpath.py [line:223] one_slot INFO Entering slot 2 
2024-07-19 16:54:36,119 superfastpath.py [line:248] one_slot INFO pending block 2 in 0.264332 
2024-07-19 16:54:36,120 superfastpath.py [line:257] one_slot INFO 2pending block 2 in 0.265257 
2024-07-19 16:54:36,132 superfastpath.py [line:274] one_slot INFO read pending block 2 in 0.277604 
2024-07-19 16:54:36,133 superfastpath.py [line:303] one_slot INFO Leaving slot 2 
2024-07-19 16:54:36,133 superfastpath.py [line:223] one_slot INFO Entering slot 3 
2024-07-19 16:54:36,347 superfastpath.py [line:248] one_slot INFO pending block 3 in 0.214713 
2024-07-19 16:54:36,348 superfastpath.py [line:257] one_slot INFO 2pending block 3 in 0.214955 
2024-07-19 16:54:36,361 superfastpath.py [line:274] one_slot INFO read pending block 3 in 0.227808 
2024-07-19 16:54:36,361 superfastpath.py [line:303] one_slot INFO Leaving slot 3 
2024-07-19 16:54:36,361 superfastpath.py [line:223] one_slot INFO Entering slot 4 
2024-07-19 16:54:36,696 superfastpath.py [line:248] one_slot INFO pending block 4 in 0.334922 
2024-07-19 16:54:36,696 superfastpath.py [line:257] one_slot INFO 2pending block 4 in 0.335155 
2024-07-19 16:54:36,721 superfastpath.py [line:274] one_slot INFO read pending block 4 in 0.359748 
2024-07-19 16:54:36,721 superfastpath.py [line:303] one_slot INFO Leaving slot 4 
2024-07-19 16:54:36,721 superfastpath.py [line:223] one_slot INFO Entering slot 5 
2024-07-19 16:54:36,971 superfastpath.py [line:248] one_slot INFO pending block 5 in 0.250041 
2024-07-19 16:54:36,985 superfastpath.py [line:257] one_slot INFO 2pending block 5 in 0.251346 
2024-07-19 16:54:36,998 superfastpath.py [line:274] one_slot INFO read pending block 5 in 0.277228 
2024-07-19 16:54:36,998 superfastpath.py [line:303] one_slot INFO Leaving slot 5 
2024-07-19 16:54:36,999 superfastpath.py [line:223] one_slot INFO Entering slot 6 
2024-07-19 16:54:37,226 superfastpath.py [line:248] one_slot INFO pending block 6 in 0.226939 
2024-07-19 16:54:37,233 superfastpath.py [line:257] one_slot INFO 2pending block 6 in 0.234523 
2024-07-19 16:54:37,281 superfastpath.py [line:274] one_slot INFO read pending block 6 in 0.280686 
2024-07-19 16:54:37,282 superfastpath.py [line:303] one_slot INFO Leaving slot 6 
2024-07-19 16:54:37,282 superfastpath.py [line:223] one_slot INFO Entering slot 7 
2024-07-19 16:54:37,559 superfastpath.py [line:248] one_slot INFO pending block 7 in 0.277238 
2024-07-19 16:54:37,559 superfastpath.py [line:257] one_slot INFO 2pending block 7 in 0.277589 
2024-07-19 16:54:37,571 superfastpath.py [line:274] one_slot INFO read pending block 7 in 0.288993 
2024-07-19 16:54:37,571 superfastpath.py [line:303] one_slot INFO Leaving slot 7 
2024-07-19 16:54:37,571 superfastpath.py [line:223] one_slot INFO Entering slot 8 
2024-07-19 16:54:37,810 superfastpath.py [line:248] one_slot INFO pending block 8 in 0.239220 
2024-07-19 16:54:37,812 superfastpath.py [line:257] one_slot INFO 2pending block 8 in 0.240807 
2024-07-19 16:54:37,837 superfastpath.py [line:274] one_slot INFO read pending block 8 in 0.265398 
2024-07-19 16:54:37,837 superfastpath.py [line:303] one_slot INFO Leaving slot 8 
2024-07-19 16:54:37,837 superfastpath.py [line:223] one_slot INFO Entering slot 9 
2024-07-19 16:54:38,054 superfastpath.py [line:248] one_slot INFO pending block 9 in 0.217103 
2024-07-19 16:54:38,054 superfastpath.py [line:257] one_slot INFO 2pending block 9 in 0.217249 
2024-07-19 16:54:38,081 superfastpath.py [line:274] one_slot INFO read pending block 9 in 0.244188 
2024-07-19 16:54:38,081 superfastpath.py [line:285] one_slot INFO delay block 8 in 0.510124 
2024-07-19 16:54:38,111 superfastpath.py [line:292] one_slot INFO Fast block at Node 12 for Epoch sidAFAST0 and Slot 8 has delay, TPS and TXs: 0.5101244449615479, 10000 
2024-07-19 16:54:38,111 superfastpath.py [line:294] one_slot INFO AVG TPS: 18532, running time 0.539608, weighted delay: 0.510124 
2024-07-19 16:54:38,111 superfastpath.py [line:299] one_slot INFO output block for slot 8 taking 0.539575 sec 
2024-07-19 16:54:38,111 superfastpath.py [line:303] one_slot INFO Leaving slot 9 
2024-07-19 16:54:38,111 superfastpath.py [line:223] one_slot INFO Entering slot 10 
2024-07-19 16:54:38,333 superfastpath.py [line:248] one_slot INFO pending block 10 in 0.222098 
2024-07-19 16:54:38,334 superfastpath.py [line:257] one_slot INFO 2pending block 10 in 0.223161 
2024-07-19 16:54:38,362 superfastpath.py [line:274] one_slot INFO read pending block 10 in 0.251417 
2024-07-19 16:54:38,363 superfastpath.py [line:285] one_slot INFO delay block 9 in 0.525626 
2024-07-19 16:54:38,390 superfastpath.py [line:292] one_slot INFO Fast block at Node 12 for Epoch sidAFAST0 and Slot 9 has delay, TPS and TXs: 0.5256257057189941, 20000 
2024-07-19 16:54:38,390 superfastpath.py [line:294] one_slot INFO AVG TPS: 24420, running time 0.818981, weighted delay: 0.517875 
2024-07-19 16:54:38,390 superfastpath.py [line:299] one_slot INFO output block for slot 9 taking 0.553159 sec 
2024-07-19 16:54:38,390 superfastpath.py [line:303] one_slot INFO Leaving slot 10 
2024-07-19 16:54:38,390 superfastpath.py [line:223] one_slot INFO Entering slot 11 
2024-07-19 16:54:38,660 superfastpath.py [line:248] one_slot INFO pending block 11 in 0.269537 
2024-07-19 16:54:38,662 superfastpath.py [line:257] one_slot INFO 2pending block 11 in 0.271811 
2024-07-19 16:54:38,684 superfastpath.py [line:274] one_slot INFO read pending block 11 in 0.294036 
2024-07-19 16:54:38,685 superfastpath.py [line:285] one_slot INFO delay block 10 in 0.573495 
2024-07-19 16:54:38,718 superfastpath.py [line:292] one_slot INFO Fast block at Node 12 for Epoch sidAFAST0 and Slot 10 has delay, TPS and TXs: 0.5734946727752686, 30000 
2024-07-19 16:54:38,718 superfastpath.py [line:294] one_slot INFO AVG TPS: 26155, running time 1.146990, weighted delay: 0.536415 
2024-07-19 16:54:38,718 superfastpath.py [line:299] one_slot INFO output block for slot 10 taking 0.607267 sec 
2024-07-19 16:54:38,718 superfastpath.py [line:303] one_slot INFO Leaving slot 11 
2024-07-19 16:54:38,719 superfastpath.py [line:223] one_slot INFO Entering slot 12 
2024-07-19 16:54:38,916 superfastpath.py [line:248] one_slot INFO pending block 12 in 0.196851 
2024-07-19 16:54:38,938 superfastpath.py [line:257] one_slot INFO 2pending block 12 in 0.219025 
2024-07-19 16:54:38,961 superfastpath.py [line:274] one_slot INFO read pending block 12 in 0.241817 
2024-07-19 16:54:38,961 superfastpath.py [line:285] one_slot INFO delay block 11 in 0.570360 
2024-07-19 16:54:38,990 superfastpath.py [line:292] one_slot INFO Fast block at Node 12 for Epoch sidAFAST0 and Slot 11 has delay, TPS and TXs: 0.5703604221343994, 40000 
2024-07-19 16:54:38,990 superfastpath.py [line:294] one_slot INFO AVG TPS: 28188, running time 1.419000, weighted delay: 0.544901 
2024-07-19 16:54:38,990 superfastpath.py [line:299] one_slot INFO output block for slot 11 taking 0.600175 sec 
2024-07-19 16:54:38,991 superfastpath.py [line:303] one_slot INFO Leaving slot 12 
2024-07-19 16:54:38,991 superfastpath.py [line:223] one_slot INFO Entering slot 13 
2024-07-19 16:54:39,181 superfastpath.py [line:248] one_slot INFO pending block 13 in 0.190571 
2024-07-19 16:54:39,184 superfastpath.py [line:257] one_slot INFO 2pending block 13 in 0.193569 
2024-07-19 16:54:39,237 superfastpath.py [line:274] one_slot INFO read pending block 13 in 0.245934 
2024-07-19 16:54:39,238 superfastpath.py [line:285] one_slot INFO delay block 12 in 0.519032 
2024-07-19 16:54:39,273 superfastpath.py [line:292] one_slot INFO Fast block at Node 12 for Epoch sidAFAST0 and Slot 12 has delay, TPS and TXs: 0.5190320014953613, 50000 
2024-07-19 16:54:39,273 superfastpath.py [line:294] one_slot INFO AVG TPS: 29379, running time 1.701849, weighted delay: 0.539727 
2024-07-19 16:54:39,273 superfastpath.py [line:299] one_slot INFO output block for slot 12 taking 0.554349 sec 
2024-07-19 16:54:39,273 superfastpath.py [line:303] one_slot INFO Leaving slot 13 
2024-07-19 16:54:39,273 superfastpath.py [line:223] one_slot INFO Entering slot 14 
2024-07-19 16:54:39,488 superfastpath.py [line:248] one_slot INFO pending block 14 in 0.214493 
2024-07-19 16:54:39,491 superfastpath.py [line:257] one_slot INFO 2pending block 14 in 0.217350 
2024-07-19 16:54:39,524 superfastpath.py [line:274] one_slot INFO read pending block 14 in 0.251072 
2024-07-19 16:54:39,525 superfastpath.py [line:285] one_slot INFO delay block 13 in 0.534139 
2024-07-19 16:54:39,547 superfastpath.py [line:292] one_slot INFO Fast block at Node 12 for Epoch sidAFAST0 and Slot 13 has delay, TPS and TXs: 0.5341393947601318, 60000 
2024-07-19 16:54:39,547 superfastpath.py [line:294] one_slot INFO AVG TPS: 30366, running time 1.975863, weighted delay: 0.538796 
2024-07-19 16:54:39,547 superfastpath.py [line:299] one_slot INFO output block for slot 13 taking 0.556183 sec 
2024-07-19 16:54:39,547 superfastpath.py [line:303] one_slot INFO Leaving slot 14 
2024-07-19 16:54:39,547 superfastpath.py [line:223] one_slot INFO Entering slot 15 
2024-07-19 16:54:39,777 superfastpath.py [line:248] one_slot INFO pending block 15 in 0.229763 
2024-07-19 16:54:39,778 superfastpath.py [line:257] one_slot INFO 2pending block 15 in 0.230178 
2024-07-19 16:54:39,796 superfastpath.py [line:274] one_slot INFO read pending block 15 in 0.248456 
2024-07-19 16:54:39,796 superfastpath.py [line:285] one_slot INFO delay block 14 in 0.522906 
2024-07-19 16:54:39,820 superfastpath.py [line:292] one_slot INFO Fast block at Node 12 for Epoch sidAFAST0 and Slot 14 has delay, TPS and TXs: 0.5229058265686035, 70000 
2024-07-19 16:54:39,820 superfastpath.py [line:294] one_slot INFO AVG TPS: 31119, running time 2.249406, weighted delay: 0.536526 
2024-07-19 16:54:39,821 superfastpath.py [line:299] one_slot INFO output block for slot 14 taking 0.547702 sec 
2024-07-19 16:54:39,821 superfastpath.py [line:303] one_slot INFO Leaving slot 15 
2024-07-19 16:54:39,821 superfastpath.py [line:223] one_slot INFO Entering slot 16 
2024-07-19 16:54:39,824 superfastpath.py [line:248] one_slot INFO pending block 16 in 0.002592 
2024-07-19 16:54:39,824 superfastpath.py [line:257] one_slot INFO 2pending block 16 in 0.002756 
2024-07-19 16:54:39,824 superfastpath.py [line:274] one_slot INFO read pending block 16 in 0.002856 
2024-07-19 16:54:39,824 superfastpath.py [line:285] one_slot INFO delay block 15 in 0.276947 
2024-07-19 16:54:39,843 superfastpath.py [line:292] one_slot INFO Fast block at Node 12 for Epoch sidAFAST0 and Slot 15 has delay, TPS and TXs: 0.276947021484375, 80000 
2024-07-19 16:54:39,844 superfastpath.py [line:294] one_slot INFO AVG TPS: 35203, running time 2.272518, weighted delay: 0.504079 
2024-07-19 16:54:39,844 superfastpath.py [line:299] one_slot INFO output block for slot 15 taking 0.296128 sec 
2024-07-19 16:54:39,844 superfastpath.py [line:303] one_slot INFO Leaving slot 16 
2024-07-19 16:54:39,844 superfastpath.py [line:368] sufastpath INFO Leaves fastpath at 17 slot 
2024-07-19 16:54:39,844 Superfast.py [line:308] wait_for_fastpath INFO Fastpath of epoch 0 completed 
2024-07-19 16:54:39,844 Superfast.py [line:337] _run_epoch INFO Fastpath tps: 35201 
2024-07-19 16:57:19,979 sufp_node.py [line:79] run INFO node 12's starts to run consensus on process id 9154 
2024-07-19 16:57:19,980 sufp_node.py [line:80] run INFO parameters: N=16, f=5, S=15, T=5, fast-batch=10000, acs-batch=62, K=1, O=0 
2024-07-19 16:57:19,980 sufp_node.py [line:62] prepare_bootstrap INFO node id 12 is inserting dummy payload TXs 
2024-07-19 16:57:19,980 sufp_node.py [line:70] prepare_bootstrap INFO node id 12 just inserts 50000 TXs 
2024-07-19 16:57:19,980 sufp_node.py [line:70] prepare_bootstrap INFO node id 12 just inserts 50000 TXs 
2024-07-19 16:57:19,980 sufp_node.py [line:74] prepare_bootstrap INFO node id 12 completed the loading of dummy TXs 
2024-07-19 16:57:19,980 Superfast.py [line:178] run_bft INFO Node 12 starts to run at time:1721379439.9807334 
2024-07-19 16:57:19,980 Superfast.py [line:231] _run_epoch INFO Node enters epoch 0 
2024-07-19 16:57:19,981 superfastpath.py [line:43] sufastpath INFO Entering fast path 
2024-07-19 16:57:19,981 superfastpath.py [line:223] one_slot INFO Entering slot 1 
2024-07-19 16:57:20,530 superfastpath.py [line:248] one_slot INFO pending block 1 in 0.548319 
2024-07-19 16:57:20,530 superfastpath.py [line:257] one_slot INFO 2pending block 1 in 0.548630 
2024-07-19 16:57:20,541 superfastpath.py [line:275] one_slot INFO read pending block 1 in 0.559748 
2024-07-19 16:57:20,541 superfastpath.py [line:306] one_slot INFO Leaving slot 1 
2024-07-19 16:57:20,541 superfastpath.py [line:223] one_slot INFO Entering slot 2 
2024-07-19 16:57:20,945 superfastpath.py [line:248] one_slot INFO pending block 2 in 0.403935 
2024-07-19 16:57:20,945 superfastpath.py [line:257] one_slot INFO 2pending block 2 in 0.404161 
2024-07-19 16:57:20,957 superfastpath.py [line:275] one_slot INFO read pending block 2 in 0.415381 
2024-07-19 16:57:20,957 superfastpath.py [line:306] one_slot INFO Leaving slot 2 
2024-07-19 16:57:20,957 superfastpath.py [line:223] one_slot INFO Entering slot 3 
2024-07-19 16:57:21,200 superfastpath.py [line:248] one_slot INFO pending block 3 in 0.242939 
2024-07-19 16:57:21,218 superfastpath.py [line:257] one_slot INFO 2pending block 3 in 0.260544 
2024-07-19 16:57:21,233 superfastpath.py [line:275] one_slot INFO read pending block 3 in 0.275946 
2024-07-19 16:57:21,233 superfastpath.py [line:306] one_slot INFO Leaving slot 3 
2024-07-19 16:57:21,233 superfastpath.py [line:223] one_slot INFO Entering slot 4 
2024-07-19 16:57:21,469 superfastpath.py [line:248] one_slot INFO pending block 4 in 0.235285 
2024-07-19 16:57:21,469 superfastpath.py [line:257] one_slot INFO 2pending block 4 in 0.235607 
2024-07-19 16:57:21,482 superfastpath.py [line:275] one_slot INFO read pending block 4 in 0.248516 
2024-07-19 16:57:21,482 superfastpath.py [line:306] one_slot INFO Leaving slot 4 
2024-07-19 16:57:21,482 superfastpath.py [line:223] one_slot INFO Entering slot 5 
2024-07-19 16:57:21,751 superfastpath.py [line:248] one_slot INFO pending block 5 in 0.269029 
2024-07-19 16:57:21,752 superfastpath.py [line:257] one_slot INFO 2pending block 5 in 0.269299 
2024-07-19 16:57:21,770 superfastpath.py [line:275] one_slot INFO read pending block 5 in 0.287977 
2024-07-19 16:57:21,770 superfastpath.py [line:306] one_slot INFO Leaving slot 5 
2024-07-19 16:57:21,771 superfastpath.py [line:223] one_slot INFO Entering slot 6 
2024-07-19 16:57:22,046 superfastpath.py [line:248] one_slot INFO pending block 6 in 0.275490 
2024-07-19 16:57:22,046 superfastpath.py [line:257] one_slot INFO 2pending block 6 in 0.275707 
2024-07-19 16:57:22,058 superfastpath.py [line:275] one_slot INFO read pending block 6 in 0.287353 
2024-07-19 16:57:22,058 superfastpath.py [line:306] one_slot INFO Leaving slot 6 
2024-07-19 16:57:22,058 superfastpath.py [line:223] one_slot INFO Entering slot 7 
2024-07-19 16:57:22,260 superfastpath.py [line:248] one_slot INFO pending block 7 in 0.201446 
2024-07-19 16:57:22,262 superfastpath.py [line:257] one_slot INFO 2pending block 7 in 0.203011 
2024-07-19 16:57:22,292 superfastpath.py [line:275] one_slot INFO read pending block 7 in 0.233585 
2024-07-19 16:57:22,292 superfastpath.py [line:306] one_slot INFO Leaving slot 7 
2024-07-19 16:57:22,293 superfastpath.py [line:223] one_slot INFO Entering slot 8 
2024-07-19 16:57:22,536 superfastpath.py [line:248] one_slot INFO pending block 8 in 0.242775 
2024-07-19 16:57:22,536 superfastpath.py [line:257] one_slot INFO 2pending block 8 in 0.242969 
2024-07-19 16:57:22,548 superfastpath.py [line:275] one_slot INFO read pending block 8 in 0.255209 
2024-07-19 16:57:22,548 superfastpath.py [line:306] one_slot INFO Leaving slot 8 
2024-07-19 16:57:22,549 superfastpath.py [line:223] one_slot INFO Entering slot 9 
2024-07-19 16:57:22,754 superfastpath.py [line:248] one_slot INFO pending block 9 in 0.205325 
2024-07-19 16:57:22,755 superfastpath.py [line:257] one_slot INFO 2pending block 9 in 0.206125 
2024-07-19 16:57:22,785 superfastpath.py [line:275] one_slot INFO read pending block 9 in 0.236123 
2024-07-19 16:57:22,785 superfastpath.py [line:284] one_slot INFO 3pending block 9 in 0.236275 
2024-07-19 16:57:22,785 superfastpath.py [line:288] one_slot INFO delay block 8 in 0.492148 
2024-07-19 16:57:22,799 superfastpath.py [line:295] one_slot INFO Fast block at Node 12 for Epoch sidAFAST0 and Slot 8 has delay, TPS and TXs: 0.49214816093444824, 10000 
2024-07-19 16:57:22,799 superfastpath.py [line:297] one_slot INFO AVG TPS: 19755, running time 0.506189, weighted delay: 0.492148 
2024-07-19 16:57:22,799 superfastpath.py [line:302] one_slot INFO output block for slot 8 taking 0.506158 sec 
2024-07-19 16:57:22,799 superfastpath.py [line:306] one_slot INFO Leaving slot 9 
2024-07-19 16:57:22,799 superfastpath.py [line:223] one_slot INFO Entering slot 10 
2024-07-19 16:57:23,059 superfastpath.py [line:248] one_slot INFO pending block 10 in 0.259373 
2024-07-19 16:57:23,059 superfastpath.py [line:257] one_slot INFO 2pending block 10 in 0.259889 
2024-07-19 16:57:23,087 superfastpath.py [line:275] one_slot INFO read pending block 10 in 0.287895 
2024-07-19 16:57:23,087 superfastpath.py [line:284] one_slot INFO 3pending block 10 in 0.288027 
2024-07-19 16:57:23,087 superfastpath.py [line:288] one_slot INFO delay block 9 in 0.538625 
2024-07-19 16:57:23,114 superfastpath.py [line:295] one_slot INFO Fast block at Node 12 for Epoch sidAFAST0 and Slot 9 has delay, TPS and TXs: 0.5386252403259277, 20000 
2024-07-19 16:57:23,114 superfastpath.py [line:297] one_slot INFO AVG TPS: 24343, running time 0.821580, weighted delay: 0.515387 
2024-07-19 16:57:23,114 superfastpath.py [line:302] one_slot INFO output block for slot 9 taking 0.565765 sec 
2024-07-19 16:57:23,114 superfastpath.py [line:306] one_slot INFO Leaving slot 10 
2024-07-19 16:57:23,115 superfastpath.py [line:223] one_slot INFO Entering slot 11 
2024-07-19 16:57:23,287 superfastpath.py [line:248] one_slot INFO pending block 11 in 0.172231 
2024-07-19 16:57:23,287 superfastpath.py [line:257] one_slot INFO 2pending block 11 in 0.172556 
2024-07-19 16:57:23,310 superfastpath.py [line:275] one_slot INFO read pending block 11 in 0.195641 
2024-07-19 16:57:23,310 superfastpath.py [line:284] one_slot INFO 3pending block 11 in 0.195789 
2024-07-19 16:57:23,310 superfastpath.py [line:288] one_slot INFO delay block 10 in 0.511314 
2024-07-19 16:57:23,336 superfastpath.py [line:295] one_slot INFO Fast block at Node 12 for Epoch sidAFAST0 and Slot 10 has delay, TPS and TXs: 0.5113139152526855, 30000 
2024-07-19 16:57:23,336 superfastpath.py [line:297] one_slot INFO AVG TPS: 28757, running time 1.043211, weighted delay: 0.514029 
2024-07-19 16:57:23,337 superfastpath.py [line:302] one_slot INFO output block for slot 10 taking 0.537478 sec 
2024-07-19 16:57:23,337 superfastpath.py [line:306] one_slot INFO Leaving slot 11 
2024-07-19 16:57:23,337 superfastpath.py [line:223] one_slot INFO Entering slot 12 
2024-07-19 16:57:23,658 superfastpath.py [line:248] one_slot INFO pending block 12 in 0.320656 
2024-07-19 16:57:23,660 superfastpath.py [line:257] one_slot INFO 2pending block 12 in 0.323293 
2024-07-19 16:57:23,692 superfastpath.py [line:275] one_slot INFO read pending block 12 in 0.355184 
2024-07-19 16:57:23,692 superfastpath.py [line:284] one_slot INFO 3pending block 12 in 0.355316 
2024-07-19 16:57:23,692 superfastpath.py [line:288] one_slot INFO delay block 11 in 0.577740 
2024-07-19 16:57:23,709 superfastpath.py [line:295] one_slot INFO Fast block at Node 12 for Epoch sidAFAST0 and Slot 11 has delay, TPS and TXs: 0.5777404308319092, 40000 
2024-07-19 16:57:23,709 superfastpath.py [line:297] one_slot INFO AVG TPS: 28238, running time 1.416518, weighted delay: 0.529957 
2024-07-19 16:57:23,710 superfastpath.py [line:302] one_slot INFO output block for slot 11 taking 0.595381 sec 
2024-07-19 16:57:23,710 superfastpath.py [line:306] one_slot INFO Leaving slot 12 
2024-07-19 16:57:23,710 superfastpath.py [line:223] one_slot INFO Entering slot 13 
2024-07-19 16:57:24,000 superfastpath.py [line:248] one_slot INFO pending block 13 in 0.289714 
2024-07-19 16:57:24,000 superfastpath.py [line:257] one_slot INFO 2pending block 13 in 0.289875 
2024-07-19 16:57:24,020 superfastpath.py [line:275] one_slot INFO read pending block 13 in 0.309240 
2024-07-19 16:57:24,020 superfastpath.py [line:284] one_slot INFO 3pending block 13 in 0.309732 
2024-07-19 16:57:24,020 superfastpath.py [line:288] one_slot INFO delay block 12 in 0.683354 
2024-07-19 16:57:24,049 superfastpath.py [line:295] one_slot INFO Fast block at Node 12 for Epoch sidAFAST0 and Slot 12 has delay, TPS and TXs: 0.683354377746582, 50000 
2024-07-19 16:57:24,049 superfastpath.py [line:297] one_slot INFO AVG TPS: 28464, running time 1.756589, weighted delay: 0.560636 
2024-07-19 16:57:24,049 superfastpath.py [line:302] one_slot INFO output block for slot 12 taking 0.712435 sec 
2024-07-19 16:57:24,049 superfastpath.py [line:306] one_slot INFO Leaving slot 13 
2024-07-19 16:57:24,050 superfastpath.py [line:223] one_slot INFO Entering slot 14 
2024-07-19 16:57:24,273 superfastpath.py [line:248] one_slot INFO pending block 14 in 0.222781 
2024-07-19 16:57:24,273 superfastpath.py [line:257] one_slot INFO 2pending block 14 in 0.223145 
2024-07-19 16:57:24,289 superfastpath.py [line:275] one_slot INFO read pending block 14 in 0.239233 
2024-07-19 16:57:24,290 superfastpath.py [line:284] one_slot INFO 3pending block 14 in 0.239548 
2024-07-19 16:57:24,290 superfastpath.py [line:288] one_slot INFO delay block 13 in 0.579297 
2024-07-19 16:57:24,306 superfastpath.py [line:295] one_slot INFO Fast block at Node 12 for Epoch sidAFAST0 and Slot 13 has delay, TPS and TXs: 0.5792970657348633, 60000 
2024-07-19 16:57:24,306 superfastpath.py [line:297] one_slot INFO AVG TPS: 29802, running time 2.013222, weighted delay: 0.563747 
2024-07-19 16:57:24,306 superfastpath.py [line:302] one_slot INFO output block for slot 13 taking 0.595609 sec 
2024-07-19 16:57:24,306 superfastpath.py [line:306] one_slot INFO Leaving slot 14 
2024-07-19 16:57:24,306 superfastpath.py [line:223] one_slot INFO Entering slot 15 
2024-07-19 16:57:24,514 superfastpath.py [line:248] one_slot INFO pending block 15 in 0.207335 
2024-07-19 16:57:24,514 superfastpath.py [line:257] one_slot INFO 2pending block 15 in 0.207502 
2024-07-19 16:57:24,528 superfastpath.py [line:275] one_slot INFO read pending block 15 in 0.221880 
2024-07-19 16:57:24,528 superfastpath.py [line:284] one_slot INFO 3pending block 15 in 0.222011 
2024-07-19 16:57:24,528 superfastpath.py [line:288] one_slot INFO delay block 14 in 0.478609 
2024-07-19 16:57:24,542 superfastpath.py [line:295] one_slot INFO Fast block at Node 12 for Epoch sidAFAST0 and Slot 14 has delay, TPS and TXs: 0.4786086082458496, 70000 
2024-07-19 16:57:24,542 superfastpath.py [line:297] one_slot INFO AVG TPS: 31114, running time 2.249772, weighted delay: 0.551584 
2024-07-19 16:57:24,543 superfastpath.py [line:302] one_slot INFO output block for slot 14 taking 0.493189 sec 
2024-07-19 16:57:24,543 superfastpath.py [line:306] one_slot INFO Leaving slot 15 
2024-07-19 16:57:24,543 superfastpath.py [line:223] one_slot INFO Entering slot 16 
2024-07-19 16:57:24,573 superfastpath.py [line:248] one_slot INFO pending block 16 in 0.029795 
2024-07-19 16:57:24,573 superfastpath.py [line:257] one_slot INFO 2pending block 16 in 0.030215 
2024-07-19 16:57:24,573 superfastpath.py [line:275] one_slot INFO read pending block 16 in 0.030318 
2024-07-19 16:57:24,575 superfastpath.py [line:284] one_slot INFO 3pending block 16 in 0.030376 
2024-07-19 16:57:24,575 superfastpath.py [line:288] one_slot INFO delay block 15 in 0.268742 
2024-07-19 16:57:24,634 superfastpath.py [line:295] one_slot INFO Fast block at Node 12 for Epoch sidAFAST0 and Slot 15 has delay, TPS and TXs: 0.26874208450317383, 80000 
2024-07-19 16:57:24,634 superfastpath.py [line:297] one_slot INFO AVG TPS: 34166, running time 2.341471, weighted delay: 0.516229 
2024-07-19 16:57:24,635 superfastpath.py [line:302] one_slot INFO output block for slot 15 taking 0.328268 sec 
2024-07-19 16:57:24,635 superfastpath.py [line:306] one_slot INFO Leaving slot 16 
2024-07-19 16:57:24,635 superfastpath.py [line:371] sufastpath INFO Leaves fastpath at 17 slot 
2024-07-19 16:57:24,635 Superfast.py [line:308] wait_for_fastpath INFO Fastpath of epoch 0 completed 
2024-07-19 16:57:24,636 Superfast.py [line:337] _run_epoch INFO Fastpath tps: 34160 
2024-07-19 17:14:39,022 sufp_node.py [line:79] run INFO node 12's starts to run consensus on process id 9597 
2024-07-19 17:14:39,023 sufp_node.py [line:80] run INFO parameters: N=16, f=5, S=15, T=5, fast-batch=10000, acs-batch=62, K=1, O=0 
2024-07-19 17:14:39,023 sufp_node.py [line:62] prepare_bootstrap INFO node id 12 is inserting dummy payload TXs 
2024-07-19 17:14:39,023 sufp_node.py [line:70] prepare_bootstrap INFO node id 12 just inserts 50000 TXs 
2024-07-19 17:14:39,023 sufp_node.py [line:70] prepare_bootstrap INFO node id 12 just inserts 50000 TXs 
2024-07-19 17:14:39,023 sufp_node.py [line:74] prepare_bootstrap INFO node id 12 completed the loading of dummy TXs 
2024-07-19 17:14:39,024 Superfast.py [line:178] run_bft INFO Node 12 starts to run at time:1721380479.0241113 
2024-07-19 17:14:39,024 Superfast.py [line:231] _run_epoch INFO Node enters epoch 0 
2024-07-19 17:14:39,025 superfastpath.py [line:43] sufastpath INFO Entering fast path 
2024-07-19 17:14:39,025 superfastpath.py [line:223] one_slot INFO Entering slot 1 
2024-07-19 17:14:44,026 superfastpath.py [line:355] sufastpath INFO Fastpath Timeout! 
2024-07-19 17:14:44,026 superfastpath.py [line:362] sufastpath INFO Leaves fastpath at 1 slot 
2024-07-19 17:14:44,026 Superfast.py [line:308] wait_for_fastpath INFO Fastpath of epoch 0 completed 
2024-07-19 17:16:54,155 sufp_node.py [line:79] run INFO node 12's starts to run consensus on process id 9851 
2024-07-19 17:16:54,156 sufp_node.py [line:80] run INFO parameters: N=16, f=5, S=15, T=5, fast-batch=10000, acs-batch=62, K=1, O=0 
2024-07-19 17:16:54,156 sufp_node.py [line:62] prepare_bootstrap INFO node id 12 is inserting dummy payload TXs 
2024-07-19 17:16:54,156 sufp_node.py [line:70] prepare_bootstrap INFO node id 12 just inserts 50000 TXs 
2024-07-19 17:16:54,157 sufp_node.py [line:70] prepare_bootstrap INFO node id 12 just inserts 50000 TXs 
2024-07-19 17:16:54,157 sufp_node.py [line:74] prepare_bootstrap INFO node id 12 completed the loading of dummy TXs 
2024-07-19 17:16:54,157 Superfast.py [line:178] run_bft INFO Node 12 starts to run at time:1721380614.1573088 
2024-07-19 17:16:54,157 Superfast.py [line:231] _run_epoch INFO Node enters epoch 0 
2024-07-19 17:16:54,158 superfastpath.py [line:43] sufastpath INFO Entering fast path 
2024-07-19 17:16:54,158 superfastpath.py [line:223] one_slot INFO Entering slot 1 
2024-07-19 17:16:59,159 superfastpath.py [line:355] sufastpath INFO Fastpath Timeout! 
2024-07-19 17:16:59,188 superfastpath.py [line:362] sufastpath INFO Leaves fastpath at 1 slot 
2024-07-19 17:16:59,189 Superfast.py [line:308] wait_for_fastpath INFO Fastpath of epoch 0 completed 
2024-07-19 17:18:39,790 sufp_node.py [line:79] run INFO node 12's starts to run consensus on process id 10116 
2024-07-19 17:18:39,790 sufp_node.py [line:80] run INFO parameters: N=16, f=5, S=15, T=5, fast-batch=10000, acs-batch=62, K=1, O=0 
2024-07-19 17:18:39,790 sufp_node.py [line:62] prepare_bootstrap INFO node id 12 is inserting dummy payload TXs 
2024-07-19 17:18:39,791 sufp_node.py [line:70] prepare_bootstrap INFO node id 12 just inserts 50000 TXs 
2024-07-19 17:18:39,791 sufp_node.py [line:70] prepare_bootstrap INFO node id 12 just inserts 50000 TXs 
2024-07-19 17:18:39,791 sufp_node.py [line:74] prepare_bootstrap INFO node id 12 completed the loading of dummy TXs 
2024-07-19 17:18:39,791 Superfast.py [line:178] run_bft INFO Node 12 starts to run at time:1721380719.7913718 
2024-07-19 17:18:39,791 Superfast.py [line:231] _run_epoch INFO Node enters epoch 0 
2024-07-19 17:18:39,792 superfastpath.py [line:43] sufastpath INFO Entering fast path 
2024-07-19 17:18:39,792 superfastpath.py [line:223] one_slot INFO Entering slot 1 
2024-07-19 17:18:40,056 superfastpath.py [line:239] one_slot INFO pending block 1 in 0.264183 
2024-07-19 17:18:40,056 superfastpath.py [line:248] one_slot INFO 2pending block 1 in 0.264534 
2024-07-19 17:18:40,072 superfastpath.py [line:266] one_slot INFO read pending block 1 in 0.279888 
2024-07-19 17:18:40,072 superfastpath.py [line:297] one_slot INFO Leaving slot 1 
2024-07-19 17:18:40,072 superfastpath.py [line:223] one_slot INFO Entering slot 2 
2024-07-19 17:18:40,421 superfastpath.py [line:239] one_slot INFO pending block 2 in 0.348281 
2024-07-19 17:18:40,423 superfastpath.py [line:248] one_slot INFO 2pending block 2 in 0.350253 
2024-07-19 17:18:40,451 superfastpath.py [line:266] one_slot INFO read pending block 2 in 0.378575 
2024-07-19 17:18:40,451 superfastpath.py [line:297] one_slot INFO Leaving slot 2 
2024-07-19 17:18:40,451 superfastpath.py [line:223] one_slot INFO Entering slot 3 
2024-07-19 17:18:40,773 superfastpath.py [line:239] one_slot INFO pending block 3 in 0.321547 
2024-07-19 17:18:40,774 superfastpath.py [line:248] one_slot INFO 2pending block 3 in 0.322315 
2024-07-19 17:18:40,789 superfastpath.py [line:266] one_slot INFO read pending block 3 in 0.337416 
2024-07-19 17:18:40,789 superfastpath.py [line:297] one_slot INFO Leaving slot 3 
2024-07-19 17:18:40,789 superfastpath.py [line:223] one_slot INFO Entering slot 4 
2024-07-19 17:18:41,000 superfastpath.py [line:239] one_slot INFO pending block 4 in 0.211037 
2024-07-19 17:18:41,000 superfastpath.py [line:248] one_slot INFO 2pending block 4 in 0.211268 
2024-07-19 17:18:41,016 superfastpath.py [line:266] one_slot INFO read pending block 4 in 0.226957 
2024-07-19 17:18:41,016 superfastpath.py [line:297] one_slot INFO Leaving slot 4 
2024-07-19 17:18:41,017 superfastpath.py [line:223] one_slot INFO Entering slot 5 
2024-07-19 17:18:41,325 superfastpath.py [line:239] one_slot INFO pending block 5 in 0.308377 
2024-07-19 17:18:41,327 superfastpath.py [line:248] one_slot INFO 2pending block 5 in 0.310004 
2024-07-19 17:18:41,349 superfastpath.py [line:266] one_slot INFO read pending block 5 in 0.331984 
2024-07-19 17:18:41,349 superfastpath.py [line:297] one_slot INFO Leaving slot 5 
2024-07-19 17:18:41,349 superfastpath.py [line:223] one_slot INFO Entering slot 6 
2024-07-19 17:18:41,608 superfastpath.py [line:239] one_slot INFO pending block 6 in 0.259211 
2024-07-19 17:18:41,609 superfastpath.py [line:248] one_slot INFO 2pending block 6 in 0.259780 
2024-07-19 17:18:41,627 superfastpath.py [line:266] one_slot INFO read pending block 6 in 0.278095 
2024-07-19 17:18:41,627 superfastpath.py [line:297] one_slot INFO Leaving slot 6 
2024-07-19 17:18:41,627 superfastpath.py [line:223] one_slot INFO Entering slot 7 
2024-07-19 17:18:41,853 superfastpath.py [line:239] one_slot INFO pending block 7 in 0.225626 
2024-07-19 17:18:41,853 superfastpath.py [line:248] one_slot INFO 2pending block 7 in 0.225758 
2024-07-19 17:18:41,868 superfastpath.py [line:266] one_slot INFO read pending block 7 in 0.241009 
2024-07-19 17:18:41,869 superfastpath.py [line:297] one_slot INFO Leaving slot 7 
2024-07-19 17:18:41,869 superfastpath.py [line:223] one_slot INFO Entering slot 8 
2024-07-19 17:18:42,132 superfastpath.py [line:239] one_slot INFO pending block 8 in 0.262815 
2024-07-19 17:18:42,132 superfastpath.py [line:248] one_slot INFO 2pending block 8 in 0.263070 
2024-07-19 17:18:42,147 superfastpath.py [line:266] one_slot INFO read pending block 8 in 0.278214 
2024-07-19 17:18:42,147 superfastpath.py [line:297] one_slot INFO Leaving slot 8 
2024-07-19 17:18:42,147 superfastpath.py [line:223] one_slot INFO Entering slot 9 
2024-07-19 17:18:42,505 superfastpath.py [line:239] one_slot INFO pending block 9 in 0.357391 
2024-07-19 17:18:42,506 superfastpath.py [line:248] one_slot INFO 2pending block 9 in 0.358471 
2024-07-19 17:18:42,524 superfastpath.py [line:266] one_slot INFO read pending block 9 in 0.376169 
2024-07-19 17:18:42,524 superfastpath.py [line:275] one_slot INFO 3pending block 9 in 0.376730 
2024-07-19 17:18:42,524 superfastpath.py [line:279] one_slot INFO delay block 8 in 0.655471 
2024-07-19 17:18:42,538 superfastpath.py [line:286] one_slot INFO Fast block at Node 12 for Epoch sidAFAST0 and Slot 8 has delay, TPS and TXs: 0.655470609664917, 10000 
2024-07-19 17:18:42,538 superfastpath.py [line:288] one_slot INFO AVG TPS: 14938, running time 0.669409, weighted delay: 0.655471 
2024-07-19 17:18:42,538 superfastpath.py [line:293] one_slot INFO output block for slot 8 taking 0.669430 sec 
2024-07-19 17:18:42,539 superfastpath.py [line:297] one_slot INFO Leaving slot 9 
2024-07-19 17:18:42,539 superfastpath.py [line:223] one_slot INFO Entering slot 10 
2024-07-19 17:18:42,832 superfastpath.py [line:239] one_slot INFO pending block 10 in 0.292854 
2024-07-19 17:18:42,842 superfastpath.py [line:248] one_slot INFO 2pending block 10 in 0.302876 
2024-07-19 17:18:42,861 superfastpath.py [line:266] one_slot INFO read pending block 10 in 0.322015 
2024-07-19 17:18:42,861 superfastpath.py [line:275] one_slot INFO 3pending block 10 in 0.322177 
2024-07-19 17:18:42,861 superfastpath.py [line:279] one_slot INFO delay block 9 in 0.713719 
2024-07-19 17:18:42,880 superfastpath.py [line:286] one_slot INFO Fast block at Node 12 for Epoch sidAFAST0 and Slot 9 has delay, TPS and TXs: 0.713719367980957, 20000 
2024-07-19 17:18:42,880 superfastpath.py [line:288] one_slot INFO AVG TPS: 19777, running time 1.011252, weighted delay: 0.684595 
2024-07-19 17:18:42,880 superfastpath.py [line:293] one_slot INFO output block for slot 9 taking 0.732750 sec 
2024-07-19 17:18:42,880 superfastpath.py [line:297] one_slot INFO Leaving slot 10 
2024-07-19 17:18:42,880 superfastpath.py [line:223] one_slot INFO Entering slot 11 
2024-07-19 17:18:43,066 superfastpath.py [line:239] one_slot INFO pending block 11 in 0.185015 
2024-07-19 17:18:43,066 superfastpath.py [line:248] one_slot INFO 2pending block 11 in 0.185680 
2024-07-19 17:18:43,121 superfastpath.py [line:266] one_slot INFO read pending block 11 in 0.240856 
2024-07-19 17:18:43,122 superfastpath.py [line:275] one_slot INFO 3pending block 11 in 0.241442 
2024-07-19 17:18:43,122 superfastpath.py [line:279] one_slot INFO delay block 10 in 0.583069 
2024-07-19 17:18:43,153 superfastpath.py [line:286] one_slot INFO Fast block at Node 12 for Epoch sidAFAST0 and Slot 10 has delay, TPS and TXs: 0.5830690860748291, 30000 
2024-07-19 17:18:43,153 superfastpath.py [line:288] one_slot INFO AVG TPS: 23350, running time 1.284786, weighted delay: 0.650753 
2024-07-19 17:18:43,156 superfastpath.py [line:293] one_slot INFO output block for slot 10 taking 0.616812 sec 
2024-07-19 17:18:43,156 superfastpath.py [line:297] one_slot INFO Leaving slot 11 
2024-07-19 17:18:43,156 superfastpath.py [line:223] one_slot INFO Entering slot 12 
2024-07-19 17:18:43,412 superfastpath.py [line:239] one_slot INFO pending block 12 in 0.255903 
2024-07-19 17:18:43,413 superfastpath.py [line:248] one_slot INFO 2pending block 12 in 0.256756 
2024-07-19 17:18:43,450 superfastpath.py [line:266] one_slot INFO read pending block 12 in 0.294355 
2024-07-19 17:18:43,453 superfastpath.py [line:275] one_slot INFO 3pending block 12 in 0.297404 
2024-07-19 17:18:43,455 superfastpath.py [line:279] one_slot INFO delay block 11 in 0.574345 
2024-07-19 17:18:43,489 superfastpath.py [line:286] one_slot INFO Fast block at Node 12 for Epoch sidAFAST0 and Slot 11 has delay, TPS and TXs: 0.5743453502655029, 40000 
2024-07-19 17:18:43,490 superfastpath.py [line:288] one_slot INFO AVG TPS: 24677, running time 1.620893, weighted delay: 0.631651 
2024-07-19 17:18:43,490 superfastpath.py [line:293] one_slot INFO output block for slot 11 taking 0.609388 sec 
2024-07-19 17:18:43,490 superfastpath.py [line:297] one_slot INFO Leaving slot 12 
2024-07-19 17:18:43,490 superfastpath.py [line:223] one_slot INFO Entering slot 13 
2024-07-19 17:18:43,762 superfastpath.py [line:239] one_slot INFO pending block 13 in 0.272427 
2024-07-19 17:18:43,763 superfastpath.py [line:248] one_slot INFO 2pending block 13 in 0.272751 
2024-07-19 17:18:43,780 superfastpath.py [line:266] one_slot INFO read pending block 13 in 0.290385 
2024-07-19 17:18:43,780 superfastpath.py [line:275] one_slot INFO 3pending block 13 in 0.290518 
2024-07-19 17:18:43,781 superfastpath.py [line:279] one_slot INFO delay block 12 in 0.624691 
2024-07-19 17:18:43,796 superfastpath.py [line:286] one_slot INFO Fast block at Node 12 for Epoch sidAFAST0 and Slot 12 has delay, TPS and TXs: 0.6246907711029053, 50000 
2024-07-19 17:18:43,797 superfastpath.py [line:288] one_slot INFO AVG TPS: 25934, running time 1.927963, weighted delay: 0.630259 
2024-07-19 17:18:43,797 superfastpath.py [line:293] one_slot INFO output block for slot 12 taking 0.640829 sec 
2024-07-19 17:18:43,797 superfastpath.py [line:297] one_slot INFO Leaving slot 13 
2024-07-19 17:18:43,797 superfastpath.py [line:223] one_slot INFO Entering slot 14 
2024-07-19 17:18:44,079 superfastpath.py [line:239] one_slot INFO pending block 14 in 0.282224 
2024-07-19 17:18:44,080 superfastpath.py [line:248] one_slot INFO 2pending block 14 in 0.282721 
2024-07-19 17:18:44,102 superfastpath.py [line:266] one_slot INFO read pending block 14 in 0.304960 
2024-07-19 17:18:44,102 superfastpath.py [line:275] one_slot INFO 3pending block 14 in 0.305102 
2024-07-19 17:18:44,102 superfastpath.py [line:279] one_slot INFO delay block 13 in 0.612097 
2024-07-19 17:18:44,123 superfastpath.py [line:286] one_slot INFO Fast block at Node 12 for Epoch sidAFAST0 and Slot 13 has delay, TPS and TXs: 0.6120967864990234, 60000 
2024-07-19 17:18:44,123 superfastpath.py [line:288] one_slot INFO AVG TPS: 26614, running time 2.254439, weighted delay: 0.627232 
2024-07-19 17:18:44,124 superfastpath.py [line:293] one_slot INFO output block for slot 13 taking 0.633777 sec 
2024-07-19 17:18:44,124 superfastpath.py [line:297] one_slot INFO Leaving slot 14 
2024-07-19 17:18:44,124 superfastpath.py [line:223] one_slot INFO Entering slot 15 
2024-07-19 17:18:44,402 superfastpath.py [line:239] one_slot INFO pending block 15 in 0.277315 
2024-07-19 17:18:44,403 superfastpath.py [line:248] one_slot INFO 2pending block 15 in 0.278369 
2024-07-19 17:18:44,443 superfastpath.py [line:266] one_slot INFO read pending block 15 in 0.318275 
2024-07-19 17:18:44,443 superfastpath.py [line:275] one_slot INFO 3pending block 15 in 0.318424 
2024-07-19 17:18:44,443 superfastpath.py [line:279] one_slot INFO delay block 14 in 0.645824 
2024-07-19 17:18:44,470 superfastpath.py [line:286] one_slot INFO Fast block at Node 12 for Epoch sidAFAST0 and Slot 14 has delay, TPS and TXs: 0.6458244323730469, 70000 
2024-07-19 17:18:44,470 superfastpath.py [line:288] one_slot INFO AVG TPS: 26905, running time 2.601702, weighted delay: 0.629888 
2024-07-19 17:18:44,470 superfastpath.py [line:293] one_slot INFO output block for slot 14 taking 0.673563 sec 
2024-07-19 17:18:44,471 superfastpath.py [line:297] one_slot INFO Leaving slot 15 
2024-07-19 17:18:44,471 superfastpath.py [line:223] one_slot INFO Entering slot 16 
2024-07-19 17:18:44,508 superfastpath.py [line:239] one_slot INFO pending block 16 in 0.036839 
2024-07-19 17:18:44,508 superfastpath.py [line:248] one_slot INFO 2pending block 16 in 0.037032 
2024-07-19 17:18:44,508 superfastpath.py [line:266] one_slot INFO read pending block 16 in 0.037160 
2024-07-19 17:18:44,508 superfastpath.py [line:275] one_slot INFO 3pending block 16 in 0.037226 
2024-07-19 17:18:44,508 superfastpath.py [line:279] one_slot INFO delay block 15 in 0.384060 
2024-07-19 17:18:44,538 superfastpath.py [line:286] one_slot INFO Fast block at Node 12 for Epoch sidAFAST0 and Slot 15 has delay, TPS and TXs: 0.3840599060058594, 80000 
2024-07-19 17:18:44,538 superfastpath.py [line:288] one_slot INFO AVG TPS: 29965, running time 2.669732, weighted delay: 0.599160 
2024-07-19 17:18:44,538 superfastpath.py [line:293] one_slot INFO output block for slot 15 taking 0.414231 sec 
2024-07-19 17:18:44,539 superfastpath.py [line:297] one_slot INFO Leaving slot 16 
2024-07-19 17:18:44,539 superfastpath.py [line:362] sufastpath INFO Leaves fastpath at 17 slot 
2024-07-19 17:18:44,539 Superfast.py [line:308] wait_for_fastpath INFO Fastpath of epoch 0 completed 
2024-07-19 17:18:44,539 Superfast.py [line:337] _run_epoch INFO Fastpath tps: 29964 
2024-07-21 16:27:56,374 sufp_node.py [line:79] run INFO node 12's starts to run consensus on process id 25924 
2024-07-21 16:27:56,375 sufp_node.py [line:80] run INFO parameters: N=16, f=5, S=15, T=5, fast-batch=10000, acs-batch=62, K=1, O=0 
2024-07-21 16:27:56,375 sufp_node.py [line:62] prepare_bootstrap INFO node id 12 is inserting dummy payload TXs 
2024-07-21 16:27:56,376 sufp_node.py [line:70] prepare_bootstrap INFO node id 12 just inserts 50000 TXs 
2024-07-21 16:27:56,376 sufp_node.py [line:70] prepare_bootstrap INFO node id 12 just inserts 50000 TXs 
2024-07-21 16:27:56,376 sufp_node.py [line:74] prepare_bootstrap INFO node id 12 completed the loading of dummy TXs 
2024-07-21 16:27:56,376 Superfast.py [line:178] run_bft INFO Node 12 starts to run at time:1721550476.3766491 
2024-07-21 16:27:56,376 Superfast.py [line:231] _run_epoch INFO Node enters epoch 0 
2024-07-21 16:27:56,377 superfastpath.py [line:43] sufastpath INFO Entering fast path 
2024-07-21 16:27:56,378 superfastpath.py [line:230] one_slot INFO Entering slot 1 
2024-07-21 16:27:57,010 superfastpath.py [line:246] one_slot INFO pending block 1 in 0.632262 
2024-07-21 16:27:57,010 superfastpath.py [line:255] one_slot INFO 2pending block 1 in 0.632615 
2024-07-21 16:27:57,028 superfastpath.py [line:273] one_slot INFO read pending block 1 in 0.650094 
2024-07-21 16:27:57,028 superfastpath.py [line:304] one_slot INFO Leaving slot 1 
2024-07-21 16:27:57,028 superfastpath.py [line:230] one_slot INFO Entering slot 2 
2024-07-21 16:27:57,378 superfastpath.py [line:246] one_slot INFO pending block 2 in 0.349348 
2024-07-21 16:27:57,378 superfastpath.py [line:255] one_slot INFO 2pending block 2 in 0.349594 
2024-07-21 16:27:57,396 superfastpath.py [line:273] one_slot INFO read pending block 2 in 0.367687 
2024-07-21 16:27:57,396 superfastpath.py [line:304] one_slot INFO Leaving slot 2 
2024-07-21 16:27:57,396 superfastpath.py [line:230] one_slot INFO Entering slot 3 
2024-07-21 16:27:57,484 superfastpath.py [line:246] one_slot INFO pending block 3 in 0.087704 
2024-07-21 16:27:57,484 superfastpath.py [line:255] one_slot INFO 2pending block 3 in 0.087985 
2024-07-21 16:27:57,499 superfastpath.py [line:273] one_slot INFO read pending block 3 in 0.102466 
2024-07-21 16:27:57,499 superfastpath.py [line:304] one_slot INFO Leaving slot 3 
2024-07-21 16:27:57,499 superfastpath.py [line:230] one_slot INFO Entering slot 4 
2024-07-21 16:27:58,187 superfastpath.py [line:246] one_slot INFO pending block 4 in 0.687611 
2024-07-21 16:27:58,188 superfastpath.py [line:255] one_slot INFO 2pending block 4 in 0.688250 
2024-07-21 16:27:58,202 superfastpath.py [line:273] one_slot INFO read pending block 4 in 0.702450 
2024-07-21 16:27:58,203 superfastpath.py [line:304] one_slot INFO Leaving slot 4 
2024-07-21 16:27:58,203 superfastpath.py [line:230] one_slot INFO Entering slot 5 
2024-07-21 16:27:58,939 superfastpath.py [line:246] one_slot INFO pending block 5 in 0.735805 
2024-07-21 16:27:58,958 superfastpath.py [line:255] one_slot INFO 2pending block 5 in 0.754805 
2024-07-21 16:27:58,970 superfastpath.py [line:273] one_slot INFO read pending block 5 in 0.767153 
2024-07-21 16:27:58,971 superfastpath.py [line:304] one_slot INFO Leaving slot 5 
2024-07-21 16:27:58,983 superfastpath.py [line:230] one_slot INFO Entering slot 6 
2024-07-21 16:27:59,625 superfastpath.py [line:246] one_slot INFO pending block 6 in 0.641055 
2024-07-21 16:27:59,625 superfastpath.py [line:255] one_slot INFO 2pending block 6 in 0.641375 
2024-07-21 16:27:59,652 superfastpath.py [line:273] one_slot INFO read pending block 6 in 0.668834 
2024-07-21 16:27:59,653 superfastpath.py [line:304] one_slot INFO Leaving slot 6 
2024-07-21 16:27:59,653 superfastpath.py [line:230] one_slot INFO Entering slot 7 
2024-07-21 16:28:00,306 superfastpath.py [line:246] one_slot INFO pending block 7 in 0.652820 
2024-07-21 16:28:00,306 superfastpath.py [line:255] one_slot INFO 2pending block 7 in 0.653108 
2024-07-21 16:28:00,326 superfastpath.py [line:273] one_slot INFO read pending block 7 in 0.673156 
2024-07-21 16:28:00,327 superfastpath.py [line:304] one_slot INFO Leaving slot 7 
2024-07-21 16:28:00,328 superfastpath.py [line:230] one_slot INFO Entering slot 8 
2024-07-21 16:28:00,982 superfastpath.py [line:246] one_slot INFO pending block 8 in 0.653933 
2024-07-21 16:28:00,982 superfastpath.py [line:255] one_slot INFO 2pending block 8 in 0.654174 
2024-07-21 16:28:01,003 superfastpath.py [line:273] one_slot INFO read pending block 8 in 0.675107 
2024-07-21 16:28:01,003 superfastpath.py [line:304] one_slot INFO Leaving slot 8 
2024-07-21 16:28:01,003 superfastpath.py [line:230] one_slot INFO Entering slot 9 
2024-07-21 16:28:01,605 superfastpath.py [line:246] one_slot INFO pending block 9 in 0.601079 
2024-07-21 16:28:01,605 superfastpath.py [line:255] one_slot INFO 2pending block 9 in 0.601418 
2024-07-21 16:28:01,618 superfastpath.py [line:273] one_slot INFO read pending block 9 in 0.614666 
2024-07-21 16:28:01,619 superfastpath.py [line:282] one_slot INFO 3pending block 9 in 0.614924 
2024-07-21 16:28:01,619 superfastpath.py [line:286] one_slot INFO delay block 8 in 1.290556 
2024-07-21 16:28:01,638 superfastpath.py [line:293] one_slot INFO Fast block at Node 12 for Epoch sidAFAST0 and Slot 8 has delay, TPS and TXs: 1.2905561923980713, 10000 
2024-07-21 16:28:01,638 superfastpath.py [line:295] one_slot INFO AVG TPS: 7631, running time 1.310337, weighted delay: 1.290556 
2024-07-21 16:28:01,638 superfastpath.py [line:300] one_slot INFO output block for slot 8 taking 1.309799 sec 
2024-07-21 16:28:01,638 superfastpath.py [line:304] one_slot INFO Leaving slot 9 
2024-07-21 16:28:01,638 superfastpath.py [line:230] one_slot INFO Entering slot 10 
2024-07-21 16:28:02,329 superfastpath.py [line:246] one_slot INFO pending block 10 in 0.690870 
2024-07-21 16:28:02,329 superfastpath.py [line:255] one_slot INFO 2pending block 10 in 0.691308 
2024-07-21 16:28:02,345 superfastpath.py [line:273] one_slot INFO read pending block 10 in 0.707098 
2024-07-21 16:28:02,346 superfastpath.py [line:282] one_slot INFO 3pending block 10 in 0.707504 
2024-07-21 16:28:02,346 superfastpath.py [line:286] one_slot INFO delay block 9 in 1.342223 
2024-07-21 16:28:02,361 superfastpath.py [line:293] one_slot INFO Fast block at Node 12 for Epoch sidAFAST0 and Slot 9 has delay, TPS and TXs: 1.3422226905822754, 20000 
2024-07-21 16:28:02,361 superfastpath.py [line:295] one_slot INFO AVG TPS: 9835, running time 2.033440, weighted delay: 1.316389 
2024-07-21 16:28:02,361 superfastpath.py [line:300] one_slot INFO output block for slot 9 taking 1.357425 sec 
2024-07-21 16:28:02,361 superfastpath.py [line:304] one_slot INFO Leaving slot 10 
2024-07-21 16:28:02,361 superfastpath.py [line:230] one_slot INFO Entering slot 11 
2024-07-21 16:28:03,019 superfastpath.py [line:246] one_slot INFO pending block 11 in 0.657893 
2024-07-21 16:28:03,020 superfastpath.py [line:255] one_slot INFO 2pending block 11 in 0.658638 
2024-07-21 16:28:03,040 superfastpath.py [line:273] one_slot INFO read pending block 11 in 0.678520 
2024-07-21 16:28:03,040 superfastpath.py [line:282] one_slot INFO 3pending block 11 in 0.678760 
2024-07-21 16:28:03,040 superfastpath.py [line:286] one_slot INFO delay block 10 in 1.402114 
2024-07-21 16:28:03,056 superfastpath.py [line:293] one_slot INFO Fast block at Node 12 for Epoch sidAFAST0 and Slot 10 has delay, TPS and TXs: 1.402113914489746, 30000 
2024-07-21 16:28:03,057 superfastpath.py [line:295] one_slot INFO AVG TPS: 10991, running time 2.729337, weighted delay: 1.344964 
2024-07-21 16:28:03,057 superfastpath.py [line:300] one_slot INFO output block for slot 10 taking 1.418794 sec 
2024-07-21 16:28:03,057 superfastpath.py [line:304] one_slot INFO Leaving slot 11 
2024-07-21 16:28:03,057 superfastpath.py [line:230] one_slot INFO Entering slot 12 
2024-07-21 16:28:03,736 superfastpath.py [line:246] one_slot INFO pending block 12 in 0.679005 
2024-07-21 16:28:03,737 superfastpath.py [line:255] one_slot INFO 2pending block 12 in 0.679282 
2024-07-21 16:28:03,752 superfastpath.py [line:273] one_slot INFO read pending block 12 in 0.695087 
2024-07-21 16:28:03,753 superfastpath.py [line:282] one_slot INFO 3pending block 12 in 0.695268 
2024-07-21 16:28:03,753 superfastpath.py [line:286] one_slot INFO delay block 11 in 1.391380 
2024-07-21 16:28:03,767 superfastpath.py [line:293] one_slot INFO Fast block at Node 12 for Epoch sidAFAST0 and Slot 11 has delay, TPS and TXs: 1.3913803100585938, 40000 
2024-07-21 16:28:03,767 superfastpath.py [line:295] one_slot INFO AVG TPS: 11628, running time 3.439741, weighted delay: 1.356568 
2024-07-21 16:28:03,767 superfastpath.py [line:300] one_slot INFO output block for slot 11 taking 1.405874 sec 
2024-07-21 16:28:03,767 superfastpath.py [line:304] one_slot INFO Leaving slot 12 
2024-07-21 16:28:03,767 superfastpath.py [line:230] one_slot INFO Entering slot 13 
2024-07-21 16:28:04,467 superfastpath.py [line:246] one_slot INFO pending block 13 in 0.699813 
2024-07-21 16:28:04,468 superfastpath.py [line:255] one_slot INFO 2pending block 13 in 0.700052 
2024-07-21 16:28:04,481 superfastpath.py [line:273] one_slot INFO read pending block 13 in 0.713404 
2024-07-21 16:28:04,481 superfastpath.py [line:282] one_slot INFO 3pending block 13 in 0.713616 
2024-07-21 16:28:04,481 superfastpath.py [line:286] one_slot INFO delay block 12 in 1.423819 
2024-07-21 16:28:04,501 superfastpath.py [line:293] one_slot INFO Fast block at Node 12 for Epoch sidAFAST0 and Slot 12 has delay, TPS and TXs: 1.423818826675415, 50000 
2024-07-21 16:28:04,501 superfastpath.py [line:295] one_slot INFO AVG TPS: 11979, running time 4.173783, weighted delay: 1.370018 
2024-07-21 16:28:04,501 superfastpath.py [line:300] one_slot INFO output block for slot 12 taking 1.443961 sec 
2024-07-21 16:28:04,501 superfastpath.py [line:304] one_slot INFO Leaving slot 13 
2024-07-21 16:28:04,502 superfastpath.py [line:230] one_slot INFO Entering slot 14 
2024-07-21 16:28:05,216 superfastpath.py [line:246] one_slot INFO pending block 14 in 0.714573 
2024-07-21 16:28:05,217 superfastpath.py [line:255] one_slot INFO 2pending block 14 in 0.714887 
2024-07-21 16:28:05,235 superfastpath.py [line:273] one_slot INFO read pending block 14 in 0.732989 
2024-07-21 16:28:05,235 superfastpath.py [line:282] one_slot INFO 3pending block 14 in 0.733194 
2024-07-21 16:28:05,235 superfastpath.py [line:286] one_slot INFO delay block 13 in 1.467526 
2024-07-21 16:28:05,255 superfastpath.py [line:293] one_slot INFO Fast block at Node 12 for Epoch sidAFAST0 and Slot 13 has delay, TPS and TXs: 1.4675264358520508, 60000 
2024-07-21 16:28:05,255 superfastpath.py [line:295] one_slot INFO AVG TPS: 12175, running time 4.928095, weighted delay: 1.386270 
2024-07-21 16:28:05,256 superfastpath.py [line:300] one_slot INFO output block for slot 13 taking 1.488125 sec 
2024-07-21 16:28:05,256 superfastpath.py [line:304] one_slot INFO Leaving slot 14 
2024-07-21 16:28:05,256 superfastpath.py [line:230] one_slot INFO Entering slot 15 
2024-07-21 16:28:05,910 superfastpath.py [line:246] one_slot INFO pending block 15 in 0.654245 
2024-07-21 16:28:05,911 superfastpath.py [line:255] one_slot INFO 2pending block 15 in 0.654639 
2024-07-21 16:28:05,927 superfastpath.py [line:273] one_slot INFO read pending block 15 in 0.670882 
2024-07-21 16:28:05,927 superfastpath.py [line:282] one_slot INFO 3pending block 15 in 0.671082 
2024-07-21 16:28:05,927 superfastpath.py [line:286] one_slot INFO delay block 14 in 1.425459 
2024-07-21 16:28:05,941 superfastpath.py [line:293] one_slot INFO Fast block at Node 12 for Epoch sidAFAST0 and Slot 14 has delay, TPS and TXs: 1.4254591464996338, 70000 
2024-07-21 16:28:05,941 superfastpath.py [line:295] one_slot INFO AVG TPS: 12469, running time 5.613678, weighted delay: 1.391868 
2024-07-21 16:28:05,941 superfastpath.py [line:300] one_slot INFO output block for slot 14 taking 1.439430 sec 
2024-07-21 16:28:05,941 superfastpath.py [line:304] one_slot INFO Leaving slot 15 
2024-07-21 16:28:05,941 superfastpath.py [line:230] one_slot INFO Entering slot 16 
2024-07-21 16:28:06,554 superfastpath.py [line:246] one_slot INFO pending block 16 in 0.612115 
2024-07-21 16:28:06,555 superfastpath.py [line:255] one_slot INFO 2pending block 16 in 0.613197 
2024-07-21 16:28:06,555 superfastpath.py [line:273] one_slot INFO read pending block 16 in 0.613387 
2024-07-21 16:28:06,555 superfastpath.py [line:282] one_slot INFO 3pending block 16 in 0.613487 
2024-07-21 16:28:06,555 superfastpath.py [line:286] one_slot INFO delay block 15 in 1.298965 
2024-07-21 16:28:06,586 superfastpath.py [line:293] one_slot INFO Fast block at Node 12 for Epoch sidAFAST0 and Slot 15 has delay, TPS and TXs: 1.298964500427246, 80000 
2024-07-21 16:28:06,586 superfastpath.py [line:295] one_slot INFO AVG TPS: 12782, running time 6.258673, weighted delay: 1.380255 
2024-07-21 16:28:06,586 superfastpath.py [line:300] one_slot INFO output block for slot 15 taking 1.330164 sec 
2024-07-21 16:28:06,586 superfastpath.py [line:304] one_slot INFO Leaving slot 16 
2024-07-21 16:28:06,586 superfastpath.py [line:369] sufastpath INFO Leaves fastpath at 17 slot 
2024-07-21 16:28:06,587 Superfast.py [line:308] wait_for_fastpath INFO Fastpath of epoch 0 completed 
2024-07-21 16:28:06,587 Superfast.py [line:337] _run_epoch INFO Fastpath tps: 12781 
2024-07-21 16:28:11,631 Superfast.py [line:208] run_bft INFO node 12 breaks in 15.254534 seconds in epoch 0 with total delivered Txs 0 and average delay 0.000000 
2024-07-21 16:30:06,653 sufp_node.py [line:79] run INFO node 12's starts to run consensus on process id 26252 
2024-07-21 16:30:06,653 sufp_node.py [line:80] run INFO parameters: N=16, f=5, S=15, T=5, fast-batch=10000, acs-batch=62, K=1, O=0 
2024-07-21 16:30:06,653 sufp_node.py [line:62] prepare_bootstrap INFO node id 12 is inserting dummy payload TXs 
2024-07-21 16:30:06,654 sufp_node.py [line:70] prepare_bootstrap INFO node id 12 just inserts 50000 TXs 
2024-07-21 16:30:06,654 sufp_node.py [line:70] prepare_bootstrap INFO node id 12 just inserts 50000 TXs 
2024-07-21 16:30:06,654 sufp_node.py [line:74] prepare_bootstrap INFO node id 12 completed the loading of dummy TXs 
2024-07-21 16:30:06,654 Superfast.py [line:178] run_bft INFO Node 12 starts to run at time:1721550606.6543765 
2024-07-21 16:30:06,654 Superfast.py [line:231] _run_epoch INFO Node enters epoch 0 
2024-07-21 16:30:06,655 superfastpath.py [line:43] sufastpath INFO Entering fast path 
2024-07-21 16:30:06,655 superfastpath.py [line:230] one_slot INFO Entering slot 1 
2024-07-21 16:30:06,811 superfastpath.py [line:246] one_slot INFO pending block 1 in 0.155727 
2024-07-21 16:30:06,812 superfastpath.py [line:255] one_slot INFO 2pending block 1 in 0.157043 
2024-07-21 16:30:06,828 superfastpath.py [line:273] one_slot INFO read pending block 1 in 0.172348 
2024-07-21 16:30:06,828 superfastpath.py [line:304] one_slot INFO Leaving slot 1 
2024-07-21 16:30:06,828 superfastpath.py [line:230] one_slot INFO Entering slot 2 
2024-07-21 16:30:07,083 superfastpath.py [line:246] one_slot INFO pending block 2 in 0.254484 
2024-07-21 16:30:07,083 superfastpath.py [line:255] one_slot INFO 2pending block 2 in 0.254664 
2024-07-21 16:30:07,102 superfastpath.py [line:273] one_slot INFO read pending block 2 in 0.274208 
2024-07-21 16:30:07,103 superfastpath.py [line:304] one_slot INFO Leaving slot 2 
2024-07-21 16:30:07,103 superfastpath.py [line:230] one_slot INFO Entering slot 3 
2024-07-21 16:30:07,180 superfastpath.py [line:246] one_slot INFO pending block 3 in 0.077496 
2024-07-21 16:30:07,181 superfastpath.py [line:255] one_slot INFO 2pending block 3 in 0.077823 
2024-07-21 16:30:07,195 superfastpath.py [line:273] one_slot INFO read pending block 3 in 0.091921 
2024-07-21 16:30:07,195 superfastpath.py [line:304] one_slot INFO Leaving slot 3 
2024-07-21 16:30:07,195 superfastpath.py [line:230] one_slot INFO Entering slot 4 
2024-07-21 16:30:07,926 superfastpath.py [line:246] one_slot INFO pending block 4 in 0.731137 
2024-07-21 16:30:07,926 superfastpath.py [line:255] one_slot INFO 2pending block 4 in 0.731385 
2024-07-21 16:30:07,940 superfastpath.py [line:273] one_slot INFO read pending block 4 in 0.744537 
2024-07-21 16:30:07,940 superfastpath.py [line:304] one_slot INFO Leaving slot 4 
2024-07-21 16:30:07,940 superfastpath.py [line:230] one_slot INFO Entering slot 5 
2024-07-21 16:30:08,637 superfastpath.py [line:246] one_slot INFO pending block 5 in 0.696852 
2024-07-21 16:30:08,638 superfastpath.py [line:255] one_slot INFO 2pending block 5 in 0.697142 
2024-07-21 16:30:08,650 superfastpath.py [line:273] one_slot INFO read pending block 5 in 0.709680 
2024-07-21 16:30:08,650 superfastpath.py [line:304] one_slot INFO Leaving slot 5 
2024-07-21 16:30:08,651 superfastpath.py [line:230] one_slot INFO Entering slot 6 
2024-07-21 16:30:09,325 superfastpath.py [line:246] one_slot INFO pending block 6 in 0.674109 
2024-07-21 16:30:09,325 superfastpath.py [line:255] one_slot INFO 2pending block 6 in 0.674414 
2024-07-21 16:30:09,340 superfastpath.py [line:273] one_slot INFO read pending block 6 in 0.689040 
2024-07-21 16:30:09,340 superfastpath.py [line:304] one_slot INFO Leaving slot 6 
2024-07-21 16:30:09,340 superfastpath.py [line:230] one_slot INFO Entering slot 7 
2024-07-21 16:30:10,074 superfastpath.py [line:246] one_slot INFO pending block 7 in 0.733717 
2024-07-21 16:30:10,074 superfastpath.py [line:255] one_slot INFO 2pending block 7 in 0.734042 
2024-07-21 16:30:10,091 superfastpath.py [line:273] one_slot INFO read pending block 7 in 0.750489 
2024-07-21 16:30:10,091 superfastpath.py [line:304] one_slot INFO Leaving slot 7 
2024-07-21 16:30:10,091 superfastpath.py [line:230] one_slot INFO Entering slot 8 
2024-07-21 16:30:10,730 superfastpath.py [line:246] one_slot INFO pending block 8 in 0.638520 
2024-07-21 16:30:10,730 superfastpath.py [line:255] one_slot INFO 2pending block 8 in 0.638828 
2024-07-21 16:30:10,747 superfastpath.py [line:273] one_slot INFO read pending block 8 in 0.656205 
2024-07-21 16:30:10,748 superfastpath.py [line:304] one_slot INFO Leaving slot 8 
2024-07-21 16:30:10,748 superfastpath.py [line:230] one_slot INFO Entering slot 9 
2024-07-21 16:30:11,464 superfastpath.py [line:246] one_slot INFO pending block 9 in 0.715716 
2024-07-21 16:30:11,464 superfastpath.py [line:255] one_slot INFO 2pending block 9 in 0.715994 
2024-07-21 16:30:11,477 superfastpath.py [line:273] one_slot INFO read pending block 9 in 0.729332 
2024-07-21 16:30:11,478 superfastpath.py [line:282] one_slot INFO 3pending block 9 in 0.729751 
2024-07-21 16:30:11,478 superfastpath.py [line:286] one_slot INFO delay block 8 in 1.386685 
2024-07-21 16:30:11,493 superfastpath.py [line:293] one_slot INFO Fast block at Node 12 for Epoch sidAFAST0 and Slot 8 has delay, TPS and TXs: 1.3866848945617676, 10000 
2024-07-21 16:30:11,493 superfastpath.py [line:295] one_slot INFO AVG TPS: 7130, running time 1.402360, weighted delay: 1.386685 
2024-07-21 16:30:11,494 superfastpath.py [line:300] one_slot INFO output block for slot 8 taking 1.402400 sec 
2024-07-21 16:30:11,494 superfastpath.py [line:304] one_slot INFO Leaving slot 9 
2024-07-21 16:30:11,494 superfastpath.py [line:230] one_slot INFO Entering slot 10 
2024-07-21 16:30:12,206 superfastpath.py [line:246] one_slot INFO pending block 10 in 0.711575 
2024-07-21 16:30:12,214 superfastpath.py [line:255] one_slot INFO 2pending block 10 in 0.719630 
2024-07-21 16:30:12,243 superfastpath.py [line:273] one_slot INFO read pending block 10 in 0.748642 
2024-07-21 16:30:12,243 superfastpath.py [line:282] one_slot INFO 3pending block 10 in 0.749076 
2024-07-21 16:30:12,243 superfastpath.py [line:286] one_slot INFO delay block 9 in 1.495162 
2024-07-21 16:30:12,272 superfastpath.py [line:293] one_slot INFO Fast block at Node 12 for Epoch sidAFAST0 and Slot 9 has delay, TPS and TXs: 1.495162010192871, 20000 
2024-07-21 16:30:12,272 superfastpath.py [line:295] one_slot INFO AVG TPS: 9171, running time 2.180678, weighted delay: 1.440923 
2024-07-21 16:30:12,272 superfastpath.py [line:300] one_slot INFO output block for slot 9 taking 1.523828 sec 
2024-07-21 16:30:12,272 superfastpath.py [line:304] one_slot INFO Leaving slot 10 
2024-07-21 16:30:12,273 superfastpath.py [line:230] one_slot INFO Entering slot 11 
2024-07-21 16:30:12,932 superfastpath.py [line:246] one_slot INFO pending block 11 in 0.658856 
2024-07-21 16:30:12,932 superfastpath.py [line:255] one_slot INFO 2pending block 11 in 0.659183 
2024-07-21 16:30:12,947 superfastpath.py [line:273] one_slot INFO read pending block 11 in 0.674654 
2024-07-21 16:30:12,948 superfastpath.py [line:282] one_slot INFO 3pending block 11 in 0.674882 
2024-07-21 16:30:12,948 superfastpath.py [line:286] one_slot INFO delay block 10 in 1.453629 
2024-07-21 16:30:12,962 superfastpath.py [line:293] one_slot INFO Fast block at Node 12 for Epoch sidAFAST0 and Slot 10 has delay, TPS and TXs: 1.4536292552947998, 30000 
2024-07-21 16:30:12,962 superfastpath.py [line:295] one_slot INFO AVG TPS: 10448, running time 2.871328, weighted delay: 1.445159 
2024-07-21 16:30:12,963 superfastpath.py [line:300] one_slot INFO output block for slot 10 taking 1.468553 sec 
2024-07-21 16:30:12,963 superfastpath.py [line:304] one_slot INFO Leaving slot 11 
2024-07-21 16:30:12,963 superfastpath.py [line:230] one_slot INFO Entering slot 12 
2024-07-21 16:30:13,694 superfastpath.py [line:246] one_slot INFO pending block 12 in 0.730650 
2024-07-21 16:30:13,694 superfastpath.py [line:255] one_slot INFO 2pending block 12 in 0.730949 
2024-07-21 16:30:13,712 superfastpath.py [line:273] one_slot INFO read pending block 12 in 0.749084 
2024-07-21 16:30:13,712 superfastpath.py [line:282] one_slot INFO 3pending block 12 in 0.749325 
2024-07-21 16:30:13,712 superfastpath.py [line:286] one_slot INFO delay block 11 in 1.439653 
2024-07-21 16:30:13,738 superfastpath.py [line:293] one_slot INFO Fast block at Node 12 for Epoch sidAFAST0 and Slot 11 has delay, TPS and TXs: 1.439652919769287, 40000 
2024-07-21 16:30:13,738 superfastpath.py [line:295] one_slot INFO AVG TPS: 10968, running time 3.646808, weighted delay: 1.443782 
2024-07-21 16:30:13,739 superfastpath.py [line:300] one_slot INFO output block for slot 11 taking 1.466007 sec 
2024-07-21 16:30:13,739 superfastpath.py [line:304] one_slot INFO Leaving slot 12 
2024-07-21 16:30:13,739 superfastpath.py [line:230] one_slot INFO Entering slot 13 
2024-07-21 16:30:14,424 superfastpath.py [line:246] one_slot INFO pending block 13 in 0.684583 
2024-07-21 16:30:14,425 superfastpath.py [line:255] one_slot INFO 2pending block 13 in 0.685306 
2024-07-21 16:30:14,443 superfastpath.py [line:273] one_slot INFO read pending block 13 in 0.703810 
2024-07-21 16:30:14,443 superfastpath.py [line:282] one_slot INFO 3pending block 13 in 0.704025 
2024-07-21 16:30:14,443 superfastpath.py [line:286] one_slot INFO delay block 12 in 1.480465 
2024-07-21 16:30:14,459 superfastpath.py [line:293] one_slot INFO Fast block at Node 12 for Epoch sidAFAST0 and Slot 12 has delay, TPS and TXs: 1.4804654121398926, 50000 
2024-07-21 16:30:14,459 superfastpath.py [line:295] one_slot INFO AVG TPS: 11446, running time 4.368332, weighted delay: 1.451119 
2024-07-21 16:30:14,460 superfastpath.py [line:300] one_slot INFO output block for slot 12 taking 1.496661 sec 
2024-07-21 16:30:14,460 superfastpath.py [line:304] one_slot INFO Leaving slot 13 
2024-07-21 16:30:14,460 superfastpath.py [line:230] one_slot INFO Entering slot 14 
2024-07-21 16:30:15,187 superfastpath.py [line:246] one_slot INFO pending block 14 in 0.726353 
2024-07-21 16:30:15,187 superfastpath.py [line:255] one_slot INFO 2pending block 14 in 0.727454 
2024-07-21 16:30:15,204 superfastpath.py [line:273] one_slot INFO read pending block 14 in 0.744475 
2024-07-21 16:30:15,204 superfastpath.py [line:282] one_slot INFO 3pending block 14 in 0.744689 
2024-07-21 16:30:15,205 superfastpath.py [line:286] one_slot INFO delay block 13 in 1.465355 
2024-07-21 16:30:15,223 superfastpath.py [line:293] one_slot INFO Fast block at Node 12 for Epoch sidAFAST0 and Slot 13 has delay, TPS and TXs: 1.4653546810150146, 60000 
2024-07-21 16:30:15,223 superfastpath.py [line:295] one_slot INFO AVG TPS: 11691, running time 5.131926, weighted delay: 1.453492 
2024-07-21 16:30:15,223 superfastpath.py [line:300] one_slot INFO output block for slot 13 taking 1.483936 sec 
2024-07-21 16:30:15,223 superfastpath.py [line:304] one_slot INFO Leaving slot 14 
2024-07-21 16:30:15,223 superfastpath.py [line:230] one_slot INFO Entering slot 15 
2024-07-21 16:30:15,962 superfastpath.py [line:246] one_slot INFO pending block 15 in 0.738693 
2024-07-21 16:30:15,962 superfastpath.py [line:255] one_slot INFO 2pending block 15 in 0.738954 
2024-07-21 16:30:15,986 superfastpath.py [line:273] one_slot INFO read pending block 15 in 0.762259 
2024-07-21 16:30:15,986 superfastpath.py [line:282] one_slot INFO 3pending block 15 in 0.762428 
2024-07-21 16:30:15,986 superfastpath.py [line:286] one_slot INFO delay block 14 in 1.526209 
2024-07-21 16:30:16,001 superfastpath.py [line:293] one_slot INFO Fast block at Node 12 for Epoch sidAFAST0 and Slot 14 has delay, TPS and TXs: 1.5262091159820557, 70000 
2024-07-21 16:30:16,002 superfastpath.py [line:295] one_slot INFO AVG TPS: 11843, running time 5.910651, weighted delay: 1.463880 
2024-07-21 16:30:16,002 superfastpath.py [line:300] one_slot INFO output block for slot 14 taking 1.542114 sec 
2024-07-21 16:30:16,002 superfastpath.py [line:304] one_slot INFO Leaving slot 15 
2024-07-21 16:30:16,002 superfastpath.py [line:230] one_slot INFO Entering slot 16 
2024-07-21 16:30:16,594 superfastpath.py [line:246] one_slot INFO pending block 16 in 0.590979 
2024-07-21 16:30:16,594 superfastpath.py [line:255] one_slot INFO 2pending block 16 in 0.591175 
2024-07-21 16:30:16,594 superfastpath.py [line:273] one_slot INFO read pending block 16 in 0.591403 
2024-07-21 16:30:16,594 superfastpath.py [line:282] one_slot INFO 3pending block 16 in 0.591493 
2024-07-21 16:30:16,594 superfastpath.py [line:286] one_slot INFO delay block 15 in 1.370608 
2024-07-21 16:30:16,648 superfastpath.py [line:293] one_slot INFO Fast block at Node 12 for Epoch sidAFAST0 and Slot 15 has delay, TPS and TXs: 1.370607852935791, 80000 
2024-07-21 16:30:16,648 superfastpath.py [line:295] one_slot INFO AVG TPS: 12200, running time 6.557358, weighted delay: 1.452221 
2024-07-21 16:30:16,649 superfastpath.py [line:300] one_slot INFO output block for slot 15 taking 1.425088 sec 
2024-07-21 16:30:16,652 superfastpath.py [line:304] one_slot INFO Leaving slot 16 
2024-07-21 16:30:16,652 superfastpath.py [line:369] sufastpath INFO Leaves fastpath at 17 slot 
2024-07-21 16:30:16,652 Superfast.py [line:308] wait_for_fastpath INFO Fastpath of epoch 0 completed 
2024-07-21 16:30:16,652 Superfast.py [line:337] _run_epoch INFO Fastpath tps: 12193 
2024-07-21 16:32:38,003 sufp_node.py [line:79] run INFO node 12's starts to run consensus on process id 26513 
2024-07-21 16:32:38,004 sufp_node.py [line:80] run INFO parameters: N=16, f=5, S=15, T=5, fast-batch=10000, acs-batch=62, K=1, O=0 
2024-07-21 16:32:38,004 sufp_node.py [line:62] prepare_bootstrap INFO node id 12 is inserting dummy payload TXs 
2024-07-21 16:32:38,004 sufp_node.py [line:70] prepare_bootstrap INFO node id 12 just inserts 50000 TXs 
2024-07-21 16:32:38,004 sufp_node.py [line:70] prepare_bootstrap INFO node id 12 just inserts 50000 TXs 
2024-07-21 16:32:38,004 sufp_node.py [line:74] prepare_bootstrap INFO node id 12 completed the loading of dummy TXs 
2024-07-21 16:32:38,004 Superfast.py [line:178] run_bft INFO Node 12 starts to run at time:1721550758.0048065 
2024-07-21 16:32:38,004 Superfast.py [line:231] _run_epoch INFO Node enters epoch 0 
2024-07-21 16:32:38,005 superfastpath.py [line:43] sufastpath INFO Entering fast path 
2024-07-21 16:32:38,005 superfastpath.py [line:230] one_slot INFO Entering slot 1 
2024-07-21 16:32:38,579 superfastpath.py [line:246] one_slot INFO pending block 1 in 0.573165 
2024-07-21 16:32:38,579 superfastpath.py [line:255] one_slot INFO 2pending block 1 in 0.573450 
2024-07-21 16:32:38,592 superfastpath.py [line:273] one_slot INFO read pending block 1 in 0.586530 
2024-07-21 16:32:38,592 superfastpath.py [line:304] one_slot INFO Leaving slot 1 
2024-07-21 16:32:38,592 superfastpath.py [line:230] one_slot INFO Entering slot 2 
2024-07-21 16:32:38,856 superfastpath.py [line:246] one_slot INFO pending block 2 in 0.263852 
2024-07-21 16:32:38,874 superfastpath.py [line:255] one_slot INFO 2pending block 2 in 0.282057 
2024-07-21 16:32:38,912 superfastpath.py [line:273] one_slot INFO read pending block 2 in 0.319759 
2024-07-21 16:32:38,912 superfastpath.py [line:304] one_slot INFO Leaving slot 2 
2024-07-21 16:32:38,912 superfastpath.py [line:230] one_slot INFO Entering slot 3 
2024-07-21 16:32:39,307 superfastpath.py [line:246] one_slot INFO pending block 3 in 0.394350 
2024-07-21 16:32:39,307 superfastpath.py [line:255] one_slot INFO 2pending block 3 in 0.394650 
2024-07-21 16:32:39,325 superfastpath.py [line:273] one_slot INFO read pending block 3 in 0.412148 
2024-07-21 16:32:39,325 superfastpath.py [line:304] one_slot INFO Leaving slot 3 
2024-07-21 16:32:39,325 superfastpath.py [line:230] one_slot INFO Entering slot 4 
2024-07-21 16:32:39,978 superfastpath.py [line:246] one_slot INFO pending block 4 in 0.652528 
2024-07-21 16:32:39,978 superfastpath.py [line:255] one_slot INFO 2pending block 4 in 0.652879 
2024-07-21 16:32:39,999 superfastpath.py [line:273] one_slot INFO read pending block 4 in 0.673858 
2024-07-21 16:32:39,999 superfastpath.py [line:304] one_slot INFO Leaving slot 4 
2024-07-21 16:32:40,000 superfastpath.py [line:230] one_slot INFO Entering slot 5 
2024-07-21 16:32:40,587 superfastpath.py [line:246] one_slot INFO pending block 5 in 0.586988 
2024-07-21 16:32:40,587 superfastpath.py [line:255] one_slot INFO 2pending block 5 in 0.587338 
2024-07-21 16:32:40,603 superfastpath.py [line:273] one_slot INFO read pending block 5 in 0.603051 
2024-07-21 16:32:40,603 superfastpath.py [line:304] one_slot INFO Leaving slot 5 
2024-07-21 16:32:40,603 superfastpath.py [line:230] one_slot INFO Entering slot 6 
2024-07-21 16:32:41,277 superfastpath.py [line:246] one_slot INFO pending block 6 in 0.673832 
2024-07-21 16:32:41,278 superfastpath.py [line:255] one_slot INFO 2pending block 6 in 0.674312 
2024-07-21 16:32:41,295 superfastpath.py [line:273] one_slot INFO read pending block 6 in 0.691531 
2024-07-21 16:32:41,295 superfastpath.py [line:304] one_slot INFO Leaving slot 6 
2024-07-21 16:32:41,295 superfastpath.py [line:230] one_slot INFO Entering slot 7 
2024-07-21 16:32:41,965 superfastpath.py [line:246] one_slot INFO pending block 7 in 0.669547 
2024-07-21 16:32:41,965 superfastpath.py [line:255] one_slot INFO 2pending block 7 in 0.669774 
2024-07-21 16:32:41,982 superfastpath.py [line:273] one_slot INFO read pending block 7 in 0.686195 
2024-07-21 16:32:41,982 superfastpath.py [line:304] one_slot INFO Leaving slot 7 
2024-07-21 16:32:41,982 superfastpath.py [line:230] one_slot INFO Entering slot 8 
2024-07-21 16:32:42,645 superfastpath.py [line:246] one_slot INFO pending block 8 in 0.662955 
2024-07-21 16:32:42,645 superfastpath.py [line:255] one_slot INFO 2pending block 8 in 0.663248 
2024-07-21 16:32:42,664 superfastpath.py [line:273] one_slot INFO read pending block 8 in 0.681924 
2024-07-21 16:32:42,664 superfastpath.py [line:304] one_slot INFO Leaving slot 8 
2024-07-21 16:32:42,665 superfastpath.py [line:230] one_slot INFO Entering slot 9 
2024-07-21 16:32:43,274 superfastpath.py [line:246] one_slot INFO pending block 9 in 0.609086 
2024-07-21 16:32:43,274 superfastpath.py [line:255] one_slot INFO 2pending block 9 in 0.609458 
2024-07-21 16:32:43,289 superfastpath.py [line:273] one_slot INFO read pending block 9 in 0.624388 
2024-07-21 16:32:43,289 superfastpath.py [line:282] one_slot INFO 3pending block 9 in 0.624573 
2024-07-21 16:32:43,289 superfastpath.py [line:286] one_slot INFO delay block 8 in 1.307174 
2024-07-21 16:32:43,308 superfastpath.py [line:293] one_slot INFO Fast block at Node 12 for Epoch sidAFAST0 and Slot 8 has delay, TPS and TXs: 1.307173728942871, 10000 
2024-07-21 16:32:43,308 superfastpath.py [line:295] one_slot INFO AVG TPS: 7541, running time 1.325950, weighted delay: 1.307174 
2024-07-21 16:32:43,308 superfastpath.py [line:300] one_slot INFO output block for slot 8 taking 1.325936 sec 
2024-07-21 16:32:43,308 superfastpath.py [line:304] one_slot INFO Leaving slot 9 
2024-07-21 16:32:43,308 superfastpath.py [line:230] one_slot INFO Entering slot 10 
2024-07-21 16:32:44,019 superfastpath.py [line:246] one_slot INFO pending block 10 in 0.710685 
2024-07-21 16:32:44,019 superfastpath.py [line:255] one_slot INFO 2pending block 10 in 0.711002 
2024-07-21 16:32:44,035 superfastpath.py [line:273] one_slot INFO read pending block 10 in 0.726338 
2024-07-21 16:32:44,035 superfastpath.py [line:282] one_slot INFO 3pending block 10 in 0.726575 
2024-07-21 16:32:44,035 superfastpath.py [line:286] one_slot INFO delay block 9 in 1.370460 
2024-07-21 16:32:44,054 superfastpath.py [line:293] one_slot INFO Fast block at Node 12 for Epoch sidAFAST0 and Slot 9 has delay, TPS and TXs: 1.370459794998169, 20000 
2024-07-21 16:32:44,054 superfastpath.py [line:295] one_slot INFO AVG TPS: 9651, running time 2.072221, weighted delay: 1.338817 
2024-07-21 16:32:44,054 superfastpath.py [line:300] one_slot INFO output block for slot 9 taking 1.389770 sec 
2024-07-21 16:32:44,055 superfastpath.py [line:304] one_slot INFO Leaving slot 10 
2024-07-21 16:32:44,055 superfastpath.py [line:230] one_slot INFO Entering slot 11 
2024-07-21 16:32:44,713 superfastpath.py [line:246] one_slot INFO pending block 11 in 0.657426 
2024-07-21 16:32:44,713 superfastpath.py [line:255] one_slot INFO 2pending block 11 in 0.657693 
2024-07-21 16:32:44,730 superfastpath.py [line:273] one_slot INFO read pending block 11 in 0.674396 
2024-07-21 16:32:44,730 superfastpath.py [line:282] one_slot INFO 3pending block 11 in 0.674608 
2024-07-21 16:32:44,730 superfastpath.py [line:286] one_slot INFO delay block 10 in 1.421645 
2024-07-21 16:32:44,755 superfastpath.py [line:293] one_slot INFO Fast block at Node 12 for Epoch sidAFAST0 and Slot 10 has delay, TPS and TXs: 1.421644926071167, 30000 
2024-07-21 16:32:44,755 superfastpath.py [line:295] one_slot INFO AVG TPS: 10818, running time 2.772938, weighted delay: 1.366426 
2024-07-21 16:32:44,755 superfastpath.py [line:300] one_slot INFO output block for slot 10 taking 1.446649 sec 
2024-07-21 16:32:44,755 superfastpath.py [line:304] one_slot INFO Leaving slot 11 
2024-07-21 16:32:44,755 superfastpath.py [line:230] one_slot INFO Entering slot 12 
2024-07-21 16:32:45,377 superfastpath.py [line:246] one_slot INFO pending block 12 in 0.620997 
2024-07-21 16:32:45,377 superfastpath.py [line:255] one_slot INFO 2pending block 12 in 0.621894 
2024-07-21 16:32:45,397 superfastpath.py [line:273] one_slot INFO read pending block 12 in 0.641201 
2024-07-21 16:32:45,397 superfastpath.py [line:282] one_slot INFO 3pending block 12 in 0.641382 
2024-07-21 16:32:45,397 superfastpath.py [line:286] one_slot INFO delay block 11 in 1.341594 
2024-07-21 16:32:45,422 superfastpath.py [line:293] one_slot INFO Fast block at Node 12 for Epoch sidAFAST0 and Slot 11 has delay, TPS and TXs: 1.3415939807891846, 40000 
2024-07-21 16:32:45,422 superfastpath.py [line:295] one_slot INFO AVG TPS: 11628, running time 3.439683, weighted delay: 1.360218 
2024-07-21 16:32:45,422 superfastpath.py [line:300] one_slot INFO output block for slot 11 taking 1.367081 sec 
2024-07-21 16:32:45,423 superfastpath.py [line:304] one_slot INFO Leaving slot 12 
2024-07-21 16:32:45,423 superfastpath.py [line:230] one_slot INFO Entering slot 13 
2024-07-21 16:32:46,112 superfastpath.py [line:246] one_slot INFO pending block 13 in 0.688835 
2024-07-21 16:32:46,112 superfastpath.py [line:255] one_slot INFO 2pending block 13 in 0.689095 
2024-07-21 16:32:46,137 superfastpath.py [line:273] one_slot INFO read pending block 13 in 0.713789 
2024-07-21 16:32:46,137 superfastpath.py [line:282] one_slot INFO 3pending block 13 in 0.714082 
2024-07-21 16:32:46,137 superfastpath.py [line:286] one_slot INFO delay block 12 in 1.381719 
2024-07-21 16:32:46,155 superfastpath.py [line:293] one_slot INFO Fast block at Node 12 for Epoch sidAFAST0 and Slot 12 has delay, TPS and TXs: 1.381718635559082, 50000 
2024-07-21 16:32:46,155 superfastpath.py [line:295] one_slot INFO AVG TPS: 11981, running time 4.173125, weighted delay: 1.364518 
2024-07-21 16:32:46,155 superfastpath.py [line:300] one_slot INFO output block for slot 12 taking 1.399814 sec 
2024-07-21 16:32:46,155 superfastpath.py [line:304] one_slot INFO Leaving slot 13 
2024-07-21 16:32:46,156 superfastpath.py [line:230] one_slot INFO Entering slot 14 
2024-07-21 16:32:46,788 superfastpath.py [line:246] one_slot INFO pending block 14 in 0.632705 
2024-07-21 16:32:46,793 superfastpath.py [line:255] one_slot INFO 2pending block 14 in 0.637770 
2024-07-21 16:32:46,809 superfastpath.py [line:273] one_slot INFO read pending block 14 in 0.653019 
2024-07-21 16:32:46,809 superfastpath.py [line:282] one_slot INFO 3pending block 14 in 0.653288 
2024-07-21 16:32:46,809 superfastpath.py [line:286] one_slot INFO delay block 13 in 1.386082 
2024-07-21 16:32:46,827 superfastpath.py [line:293] one_slot INFO Fast block at Node 12 for Epoch sidAFAST0 and Slot 13 has delay, TPS and TXs: 1.3860816955566406, 60000 
2024-07-21 16:32:46,827 superfastpath.py [line:295] one_slot INFO AVG TPS: 12383, running time 4.845281, weighted delay: 1.368112 
2024-07-21 16:32:46,828 superfastpath.py [line:300] one_slot INFO output block for slot 13 taking 1.404526 sec 
2024-07-21 16:32:46,828 superfastpath.py [line:304] one_slot INFO Leaving slot 14 
2024-07-21 16:32:46,828 superfastpath.py [line:230] one_slot INFO Entering slot 15 
2024-07-21 16:32:47,504 superfastpath.py [line:246] one_slot INFO pending block 15 in 0.676130 
2024-07-21 16:32:47,505 superfastpath.py [line:255] one_slot INFO 2pending block 15 in 0.676621 
2024-07-21 16:32:47,521 superfastpath.py [line:273] one_slot INFO read pending block 15 in 0.693033 
2024-07-21 16:32:47,521 superfastpath.py [line:282] one_slot INFO 3pending block 15 in 0.693271 
2024-07-21 16:32:47,521 superfastpath.py [line:286] one_slot INFO delay block 14 in 1.365667 
2024-07-21 16:32:47,540 superfastpath.py [line:293] one_slot INFO Fast block at Node 12 for Epoch sidAFAST0 and Slot 14 has delay, TPS and TXs: 1.3656668663024902, 70000 
2024-07-21 16:32:47,540 superfastpath.py [line:295] one_slot INFO AVG TPS: 12594, running time 5.557943, weighted delay: 1.367763 
2024-07-21 16:32:47,541 superfastpath.py [line:300] one_slot INFO output block for slot 14 taking 1.385337 sec 
2024-07-21 16:32:47,541 superfastpath.py [line:304] one_slot INFO Leaving slot 15 
2024-07-21 16:32:47,542 superfastpath.py [line:230] one_slot INFO Entering slot 16 
2024-07-21 16:32:47,826 superfastpath.py [line:246] one_slot INFO pending block 16 in 0.284205 
2024-07-21 16:32:47,826 superfastpath.py [line:255] one_slot INFO 2pending block 16 in 0.284478 
2024-07-21 16:32:47,826 superfastpath.py [line:273] one_slot INFO read pending block 16 in 0.284624 
2024-07-21 16:32:47,827 superfastpath.py [line:282] one_slot INFO 3pending block 16 in 0.284706 
2024-07-21 16:32:47,827 superfastpath.py [line:286] one_slot INFO delay block 15 in 0.998673 
2024-07-21 16:32:47,892 superfastpath.py [line:293] one_slot INFO Fast block at Node 12 for Epoch sidAFAST0 and Slot 15 has delay, TPS and TXs: 0.9986732006072998, 80000 
2024-07-21 16:32:47,892 superfastpath.py [line:295] one_slot INFO AVG TPS: 13536, running time 5.909746, weighted delay: 1.321627 
2024-07-21 16:32:47,892 superfastpath.py [line:300] one_slot INFO output block for slot 15 taking 1.063950 sec 
2024-07-21 16:32:47,892 superfastpath.py [line:304] one_slot INFO Leaving slot 16 
2024-07-21 16:32:47,892 superfastpath.py [line:369] sufastpath INFO Leaves fastpath at 17 slot 
2024-07-21 16:32:47,892 Superfast.py [line:308] wait_for_fastpath INFO Fastpath of epoch 0 completed 
2024-07-21 16:32:47,892 Superfast.py [line:337] _run_epoch INFO Fastpath tps: 13536 
2024-07-21 16:35:17,705 sufp_node.py [line:79] run INFO node 12's starts to run consensus on process id 26775 
2024-07-21 16:35:17,706 sufp_node.py [line:80] run INFO parameters: N=16, f=5, S=15, T=5, fast-batch=10000, acs-batch=62, K=1, O=0 
2024-07-21 16:35:17,706 sufp_node.py [line:62] prepare_bootstrap INFO node id 12 is inserting dummy payload TXs 
2024-07-21 16:35:17,706 sufp_node.py [line:70] prepare_bootstrap INFO node id 12 just inserts 50000 TXs 
2024-07-21 16:35:17,706 sufp_node.py [line:70] prepare_bootstrap INFO node id 12 just inserts 50000 TXs 
2024-07-21 16:35:17,707 sufp_node.py [line:74] prepare_bootstrap INFO node id 12 completed the loading of dummy TXs 
2024-07-21 16:35:17,707 Superfast.py [line:178] run_bft INFO Node 12 starts to run at time:1721550917.7070994 
2024-07-21 16:35:17,707 Superfast.py [line:231] _run_epoch INFO Node enters epoch 0 
2024-07-21 16:35:17,707 superfastpath.py [line:43] sufastpath INFO Entering fast path 
2024-07-21 16:35:17,708 superfastpath.py [line:230] one_slot INFO Entering slot 1 
2024-07-21 16:35:18,850 superfastpath.py [line:246] one_slot INFO pending block 1 in 1.142269 
2024-07-21 16:35:18,850 superfastpath.py [line:255] one_slot INFO 2pending block 1 in 1.142514 
2024-07-21 16:35:18,869 superfastpath.py [line:273] one_slot INFO read pending block 1 in 1.161150 
2024-07-21 16:35:18,869 superfastpath.py [line:304] one_slot INFO Leaving slot 1 
2024-07-21 16:35:18,869 superfastpath.py [line:230] one_slot INFO Entering slot 2 
2024-07-21 16:35:19,081 superfastpath.py [line:246] one_slot INFO pending block 2 in 0.211739 
2024-07-21 16:35:19,081 superfastpath.py [line:255] one_slot INFO 2pending block 2 in 0.212166 
2024-07-21 16:35:19,107 superfastpath.py [line:273] one_slot INFO read pending block 2 in 0.237576 
2024-07-21 16:35:19,107 superfastpath.py [line:304] one_slot INFO Leaving slot 2 
2024-07-21 16:35:19,107 superfastpath.py [line:230] one_slot INFO Entering slot 3 
2024-07-21 16:35:19,285 superfastpath.py [line:246] one_slot INFO pending block 3 in 0.177852 
2024-07-21 16:35:19,286 superfastpath.py [line:255] one_slot INFO 2pending block 3 in 0.178340 
2024-07-21 16:35:19,302 superfastpath.py [line:273] one_slot INFO read pending block 3 in 0.194529 
2024-07-21 16:35:19,302 superfastpath.py [line:304] one_slot INFO Leaving slot 3 
2024-07-21 16:35:19,302 superfastpath.py [line:230] one_slot INFO Entering slot 4 
2024-07-21 16:35:19,706 superfastpath.py [line:246] one_slot INFO pending block 4 in 0.403750 
2024-07-21 16:35:19,706 superfastpath.py [line:255] one_slot INFO 2pending block 4 in 0.403987 
2024-07-21 16:35:19,733 superfastpath.py [line:273] one_slot INFO read pending block 4 in 0.430906 
2024-07-21 16:35:19,734 superfastpath.py [line:304] one_slot INFO Leaving slot 4 
2024-07-21 16:35:19,734 superfastpath.py [line:230] one_slot INFO Entering slot 5 
2024-07-21 16:35:20,144 superfastpath.py [line:246] one_slot INFO pending block 5 in 0.409851 
2024-07-21 16:35:20,144 superfastpath.py [line:255] one_slot INFO 2pending block 5 in 0.410198 
2024-07-21 16:35:20,178 superfastpath.py [line:273] one_slot INFO read pending block 5 in 0.444389 
2024-07-21 16:35:20,179 superfastpath.py [line:304] one_slot INFO Leaving slot 5 
2024-07-21 16:35:20,179 superfastpath.py [line:230] one_slot INFO Entering slot 6 
2024-07-21 16:35:20,549 superfastpath.py [line:246] one_slot INFO pending block 6 in 0.369622 
2024-07-21 16:35:20,549 superfastpath.py [line:255] one_slot INFO 2pending block 6 in 0.369855 
2024-07-21 16:35:20,570 superfastpath.py [line:273] one_slot INFO read pending block 6 in 0.390640 
2024-07-21 16:35:20,570 superfastpath.py [line:304] one_slot INFO Leaving slot 6 
2024-07-21 16:35:20,570 superfastpath.py [line:230] one_slot INFO Entering slot 7 
2024-07-21 16:35:20,945 superfastpath.py [line:246] one_slot INFO pending block 7 in 0.374874 
2024-07-21 16:35:20,945 superfastpath.py [line:255] one_slot INFO 2pending block 7 in 0.375144 
2024-07-21 16:35:20,968 superfastpath.py [line:273] one_slot INFO read pending block 7 in 0.397951 
2024-07-21 16:35:20,968 superfastpath.py [line:304] one_slot INFO Leaving slot 7 
2024-07-21 16:35:20,968 superfastpath.py [line:230] one_slot INFO Entering slot 8 
2024-07-21 16:35:21,393 superfastpath.py [line:246] one_slot INFO pending block 8 in 0.424694 
2024-07-21 16:35:21,394 superfastpath.py [line:255] one_slot INFO 2pending block 8 in 0.425386 
2024-07-21 16:35:21,412 superfastpath.py [line:273] one_slot INFO read pending block 8 in 0.443902 
2024-07-21 16:35:21,413 superfastpath.py [line:304] one_slot INFO Leaving slot 8 
2024-07-21 16:35:21,413 superfastpath.py [line:230] one_slot INFO Entering slot 9 
2024-07-21 16:35:21,787 superfastpath.py [line:246] one_slot INFO pending block 9 in 0.374038 
2024-07-21 16:35:21,787 superfastpath.py [line:255] one_slot INFO 2pending block 9 in 0.374238 
2024-07-21 16:35:21,815 superfastpath.py [line:273] one_slot INFO read pending block 9 in 0.402040 
2024-07-21 16:35:21,815 superfastpath.py [line:282] one_slot INFO 3pending block 9 in 0.402241 
2024-07-21 16:35:21,815 superfastpath.py [line:286] one_slot INFO delay block 8 in 0.846705 
2024-07-21 16:35:21,840 superfastpath.py [line:293] one_slot INFO Fast block at Node 12 for Epoch sidAFAST0 and Slot 8 has delay, TPS and TXs: 0.8467049598693848, 10000 
2024-07-21 16:35:21,840 superfastpath.py [line:295] one_slot INFO AVG TPS: 11475, running time 0.871444, weighted delay: 0.846705 
2024-07-21 16:35:21,840 superfastpath.py [line:300] one_slot INFO output block for slot 8 taking 0.871394 sec 
2024-07-21 16:35:21,840 superfastpath.py [line:304] one_slot INFO Leaving slot 9 
2024-07-21 16:35:21,840 superfastpath.py [line:230] one_slot INFO Entering slot 10 
2024-07-21 16:35:22,223 superfastpath.py [line:246] one_slot INFO pending block 10 in 0.382653 
2024-07-21 16:35:22,223 superfastpath.py [line:255] one_slot INFO 2pending block 10 in 0.382942 
2024-07-21 16:35:22,247 superfastpath.py [line:273] one_slot INFO read pending block 10 in 0.406535 
2024-07-21 16:35:22,247 superfastpath.py [line:282] one_slot INFO 3pending block 10 in 0.406765 
2024-07-21 16:35:22,247 superfastpath.py [line:286] one_slot INFO delay block 9 in 0.834185 
2024-07-21 16:35:22,269 superfastpath.py [line:293] one_slot INFO Fast block at Node 12 for Epoch sidAFAST0 and Slot 9 has delay, TPS and TXs: 0.8341848850250244, 20000 
2024-07-21 16:35:22,269 superfastpath.py [line:295] one_slot INFO AVG TPS: 15377, running time 1.300575, weighted delay: 0.840445 
2024-07-21 16:35:22,269 superfastpath.py [line:300] one_slot INFO output block for slot 9 taking 0.856267 sec 
2024-07-21 16:35:22,269 superfastpath.py [line:304] one_slot INFO Leaving slot 10 
2024-07-21 16:35:22,270 superfastpath.py [line:230] one_slot INFO Entering slot 11 
2024-07-21 16:35:22,723 superfastpath.py [line:246] one_slot INFO pending block 11 in 0.452723 
2024-07-21 16:35:22,723 superfastpath.py [line:255] one_slot INFO 2pending block 11 in 0.452987 
2024-07-21 16:35:22,741 superfastpath.py [line:273] one_slot INFO read pending block 11 in 0.470654 
2024-07-21 16:35:22,741 superfastpath.py [line:282] one_slot INFO 3pending block 11 in 0.470987 
2024-07-21 16:35:22,741 superfastpath.py [line:286] one_slot INFO delay block 10 in 0.900950 
2024-07-21 16:35:22,760 superfastpath.py [line:293] one_slot INFO Fast block at Node 12 for Epoch sidAFAST0 and Slot 10 has delay, TPS and TXs: 0.9009501934051514, 30000 
2024-07-21 16:35:22,760 superfastpath.py [line:295] one_slot INFO AVG TPS: 16743, running time 1.791725, weighted delay: 0.860613 
2024-07-21 16:35:22,760 superfastpath.py [line:300] one_slot INFO output block for slot 10 taking 0.920001 sec 
2024-07-21 16:35:22,760 superfastpath.py [line:304] one_slot INFO Leaving slot 11 
2024-07-21 16:35:22,761 superfastpath.py [line:230] one_slot INFO Entering slot 12 
2024-07-21 16:35:23,184 superfastpath.py [line:246] one_slot INFO pending block 12 in 0.423069 
2024-07-21 16:35:23,184 superfastpath.py [line:255] one_slot INFO 2pending block 12 in 0.423260 
2024-07-21 16:35:23,199 superfastpath.py [line:273] one_slot INFO read pending block 12 in 0.438831 
2024-07-21 16:35:23,200 superfastpath.py [line:282] one_slot INFO 3pending block 12 in 0.439042 
2024-07-21 16:35:23,200 superfastpath.py [line:286] one_slot INFO delay block 11 in 0.929717 
2024-07-21 16:35:23,216 superfastpath.py [line:293] one_slot INFO Fast block at Node 12 for Epoch sidAFAST0 and Slot 11 has delay, TPS and TXs: 0.9297173023223877, 40000 
2024-07-21 16:35:23,216 superfastpath.py [line:295] one_slot INFO AVG TPS: 17796, running time 2.247607, weighted delay: 0.877889 
2024-07-21 16:35:23,217 superfastpath.py [line:300] one_slot INFO output block for slot 11 taking 0.946936 sec 
2024-07-21 16:35:23,217 superfastpath.py [line:304] one_slot INFO Leaving slot 12 
2024-07-21 16:35:23,218 superfastpath.py [line:230] one_slot INFO Entering slot 13 
2024-07-21 16:35:23,633 superfastpath.py [line:246] one_slot INFO pending block 13 in 0.414746 
2024-07-21 16:35:23,633 superfastpath.py [line:255] one_slot INFO 2pending block 13 in 0.414962 
2024-07-21 16:35:23,666 superfastpath.py [line:273] one_slot INFO read pending block 13 in 0.448248 
2024-07-21 16:35:23,667 superfastpath.py [line:282] one_slot INFO 3pending block 13 in 0.448542 
2024-07-21 16:35:23,667 superfastpath.py [line:286] one_slot INFO delay block 12 in 0.906158 
2024-07-21 16:35:23,701 superfastpath.py [line:293] one_slot INFO Fast block at Node 12 for Epoch sidAFAST0 and Slot 12 has delay, TPS and TXs: 0.9061577320098877, 50000 
2024-07-21 16:35:23,702 superfastpath.py [line:295] one_slot INFO AVG TPS: 18291, running time 2.733450, weighted delay: 0.883543 
2024-07-21 16:35:23,702 superfastpath.py [line:300] one_slot INFO output block for slot 12 taking 0.941451 sec 
2024-07-21 16:35:23,702 superfastpath.py [line:304] one_slot INFO Leaving slot 13 
2024-07-21 16:35:23,703 superfastpath.py [line:230] one_slot INFO Entering slot 14 
2024-07-21 16:35:24,087 superfastpath.py [line:246] one_slot INFO pending block 14 in 0.384051 
2024-07-21 16:35:24,087 superfastpath.py [line:255] one_slot INFO 2pending block 14 in 0.384282 
2024-07-21 16:35:24,112 superfastpath.py [line:273] one_slot INFO read pending block 14 in 0.408708 
2024-07-21 16:35:24,112 superfastpath.py [line:282] one_slot INFO 3pending block 14 in 0.409127 
2024-07-21 16:35:24,112 superfastpath.py [line:286] one_slot INFO delay block 13 in 0.894010 
2024-07-21 16:35:24,128 superfastpath.py [line:293] one_slot INFO Fast block at Node 12 for Epoch sidAFAST0 and Slot 13 has delay, TPS and TXs: 0.894010066986084, 60000 
2024-07-21 16:35:24,129 superfastpath.py [line:295] one_slot INFO AVG TPS: 18986, running time 3.160176, weighted delay: 0.885288 
2024-07-21 16:35:24,129 superfastpath.py [line:300] one_slot INFO output block for slot 13 taking 0.910597 sec 
2024-07-21 16:35:24,129 superfastpath.py [line:304] one_slot INFO Leaving slot 14 
2024-07-21 16:35:24,129 superfastpath.py [line:230] one_slot INFO Entering slot 15 
2024-07-21 16:35:24,498 superfastpath.py [line:246] one_slot INFO pending block 15 in 0.369211 
2024-07-21 16:35:24,499 superfastpath.py [line:255] one_slot INFO 2pending block 15 in 0.369586 
2024-07-21 16:35:24,525 superfastpath.py [line:273] one_slot INFO read pending block 15 in 0.396280 
2024-07-21 16:35:24,526 superfastpath.py [line:282] one_slot INFO 3pending block 15 in 0.396507 
2024-07-21 16:35:24,526 superfastpath.py [line:286] one_slot INFO delay block 14 in 0.822765 
2024-07-21 16:35:24,546 superfastpath.py [line:293] one_slot INFO Fast block at Node 12 for Epoch sidAFAST0 and Slot 14 has delay, TPS and TXs: 0.8227646350860596, 70000 
2024-07-21 16:35:24,546 superfastpath.py [line:295] one_slot INFO AVG TPS: 19563, running time 3.578094, weighted delay: 0.876356 
2024-07-21 16:35:24,547 superfastpath.py [line:300] one_slot INFO output block for slot 14 taking 0.844129 sec 
2024-07-21 16:35:24,547 superfastpath.py [line:304] one_slot INFO Leaving slot 15 
2024-07-21 16:35:24,547 superfastpath.py [line:230] one_slot INFO Entering slot 16 
2024-07-21 16:35:24,792 superfastpath.py [line:246] one_slot INFO pending block 16 in 0.244987 
2024-07-21 16:35:24,793 superfastpath.py [line:255] one_slot INFO 2pending block 16 in 0.245171 
2024-07-21 16:35:24,793 superfastpath.py [line:273] one_slot INFO read pending block 16 in 0.245306 
2024-07-21 16:35:24,793 superfastpath.py [line:282] one_slot INFO 3pending block 16 in 0.245377 
2024-07-21 16:35:24,793 superfastpath.py [line:286] one_slot INFO delay block 15 in 0.663881 
2024-07-21 16:35:24,812 superfastpath.py [line:293] one_slot INFO Fast block at Node 12 for Epoch sidAFAST0 and Slot 15 has delay, TPS and TXs: 0.6638813018798828, 80000 
2024-07-21 16:35:24,812 superfastpath.py [line:295] one_slot INFO AVG TPS: 20814, running time 3.843389, weighted delay: 0.849796 
2024-07-21 16:35:24,812 superfastpath.py [line:300] one_slot INFO output block for slot 15 taking 0.682885 sec 
2024-07-21 16:35:24,812 superfastpath.py [line:304] one_slot INFO Leaving slot 16 
2024-07-21 16:35:24,812 superfastpath.py [line:369] sufastpath INFO Leaves fastpath at 17 slot 
2024-07-21 16:35:24,813 Superfast.py [line:308] wait_for_fastpath INFO Fastpath of epoch 0 completed 
2024-07-21 16:35:24,813 Superfast.py [line:337] _run_epoch INFO Fastpath tps: 20813 
2024-07-21 16:35:29,813 Superfast.py [line:208] run_bft INFO node 12 breaks in 12.106845 seconds in epoch 0 with total delivered Txs 0 and average delay 0.000000 
2024-07-21 16:39:11,215 sufp_node.py [line:79] run INFO node 12's starts to run consensus on process id 27065 
2024-07-21 16:39:11,216 sufp_node.py [line:80] run INFO parameters: N=16, f=5, S=15, T=5, fast-batch=10000, acs-batch=62, K=1, O=0 
2024-07-21 16:39:11,216 sufp_node.py [line:62] prepare_bootstrap INFO node id 12 is inserting dummy payload TXs 
2024-07-21 16:39:11,217 sufp_node.py [line:70] prepare_bootstrap INFO node id 12 just inserts 50000 TXs 
2024-07-21 16:39:11,217 sufp_node.py [line:70] prepare_bootstrap INFO node id 12 just inserts 50000 TXs 
2024-07-21 16:39:11,217 sufp_node.py [line:74] prepare_bootstrap INFO node id 12 completed the loading of dummy TXs 
2024-07-21 16:39:11,217 Superfast.py [line:178] run_bft INFO Node 12 starts to run at time:1721551151.2178082 
2024-07-21 16:39:11,218 Superfast.py [line:231] _run_epoch INFO Node enters epoch 0 
2024-07-21 16:39:11,219 superfastpath.py [line:43] sufastpath INFO Entering fast path 
2024-07-21 16:39:11,219 superfastpath.py [line:230] one_slot INFO Entering slot 1 
2024-07-21 16:39:11,944 superfastpath.py [line:246] one_slot INFO pending block 1 in 0.724543 
2024-07-21 16:39:11,944 superfastpath.py [line:255] one_slot INFO 2pending block 1 in 0.724729 
2024-07-21 16:39:11,958 superfastpath.py [line:273] one_slot INFO read pending block 1 in 0.739402 
2024-07-21 16:39:11,959 superfastpath.py [line:304] one_slot INFO Leaving slot 1 
2024-07-21 16:39:11,959 superfastpath.py [line:230] one_slot INFO Entering slot 2 
2024-07-21 16:39:12,192 superfastpath.py [line:246] one_slot INFO pending block 2 in 0.232894 
2024-07-21 16:39:12,192 superfastpath.py [line:255] one_slot INFO 2pending block 2 in 0.233119 
2024-07-21 16:39:12,208 superfastpath.py [line:273] one_slot INFO read pending block 2 in 0.248755 
2024-07-21 16:39:12,208 superfastpath.py [line:304] one_slot INFO Leaving slot 2 
2024-07-21 16:39:12,208 superfastpath.py [line:230] one_slot INFO Entering slot 3 
2024-07-21 16:39:12,351 superfastpath.py [line:246] one_slot INFO pending block 3 in 0.143002 
2024-07-21 16:39:12,351 superfastpath.py [line:255] one_slot INFO 2pending block 3 in 0.143231 
2024-07-21 16:39:12,370 superfastpath.py [line:273] one_slot INFO read pending block 3 in 0.161520 
2024-07-21 16:39:12,370 superfastpath.py [line:304] one_slot INFO Leaving slot 3 
2024-07-21 16:39:12,370 superfastpath.py [line:230] one_slot INFO Entering slot 4 
2024-07-21 16:39:12,735 superfastpath.py [line:246] one_slot INFO pending block 4 in 0.364479 
2024-07-21 16:39:12,735 superfastpath.py [line:255] one_slot INFO 2pending block 4 in 0.364691 
2024-07-21 16:39:12,750 superfastpath.py [line:273] one_slot INFO read pending block 4 in 0.380299 
2024-07-21 16:39:12,751 superfastpath.py [line:304] one_slot INFO Leaving slot 4 
2024-07-21 16:39:12,751 superfastpath.py [line:230] one_slot INFO Entering slot 5 
2024-07-21 16:39:13,138 superfastpath.py [line:246] one_slot INFO pending block 5 in 0.386987 
2024-07-21 16:39:13,138 superfastpath.py [line:255] one_slot INFO 2pending block 5 in 0.387225 
2024-07-21 16:39:13,154 superfastpath.py [line:273] one_slot INFO read pending block 5 in 0.402841 
2024-07-21 16:39:13,154 superfastpath.py [line:304] one_slot INFO Leaving slot 5 
2024-07-21 16:39:13,154 superfastpath.py [line:230] one_slot INFO Entering slot 6 
2024-07-21 16:39:13,517 superfastpath.py [line:246] one_slot INFO pending block 6 in 0.362236 
2024-07-21 16:39:13,517 superfastpath.py [line:255] one_slot INFO 2pending block 6 in 0.362452 
2024-07-21 16:39:13,533 superfastpath.py [line:273] one_slot INFO read pending block 6 in 0.379026 
2024-07-21 16:39:13,534 superfastpath.py [line:304] one_slot INFO Leaving slot 6 
2024-07-21 16:39:13,534 superfastpath.py [line:230] one_slot INFO Entering slot 7 
2024-07-21 16:39:13,933 superfastpath.py [line:246] one_slot INFO pending block 7 in 0.399386 
2024-07-21 16:39:13,933 superfastpath.py [line:255] one_slot INFO 2pending block 7 in 0.399609 
2024-07-21 16:39:13,949 superfastpath.py [line:273] one_slot INFO read pending block 7 in 0.414979 
2024-07-21 16:39:13,949 superfastpath.py [line:304] one_slot INFO Leaving slot 7 
2024-07-21 16:39:13,949 superfastpath.py [line:230] one_slot INFO Entering slot 8 
2024-07-21 16:39:14,363 superfastpath.py [line:246] one_slot INFO pending block 8 in 0.413489 
2024-07-21 16:39:14,363 superfastpath.py [line:255] one_slot INFO 2pending block 8 in 0.413708 
2024-07-21 16:39:14,384 superfastpath.py [line:273] one_slot INFO read pending block 8 in 0.434477 
2024-07-21 16:39:14,384 superfastpath.py [line:304] one_slot INFO Leaving slot 8 
2024-07-21 16:39:14,384 superfastpath.py [line:230] one_slot INFO Entering slot 9 
2024-07-21 16:39:14,781 superfastpath.py [line:246] one_slot INFO pending block 9 in 0.396790 
2024-07-21 16:39:14,781 superfastpath.py [line:255] one_slot INFO 2pending block 9 in 0.397207 
2024-07-21 16:39:14,804 superfastpath.py [line:273] one_slot INFO read pending block 9 in 0.419706 
2024-07-21 16:39:14,804 superfastpath.py [line:282] one_slot INFO 3pending block 9 in 0.420168 
2024-07-21 16:39:14,804 superfastpath.py [line:286] one_slot INFO delay block 8 in 0.855224 
2024-07-21 16:39:14,829 superfastpath.py [line:293] one_slot INFO Fast block at Node 12 for Epoch sidAFAST0 and Slot 8 has delay, TPS and TXs: 0.8552241325378418, 10000 
2024-07-21 16:39:14,829 superfastpath.py [line:295] one_slot INFO AVG TPS: 11364, running time 0.879902, weighted delay: 0.855224 
2024-07-21 16:39:14,829 superfastpath.py [line:300] one_slot INFO output block for slot 8 taking 0.879886 sec 
2024-07-21 16:39:14,829 superfastpath.py [line:304] one_slot INFO Leaving slot 9 
2024-07-21 16:39:14,829 superfastpath.py [line:230] one_slot INFO Entering slot 10 
2024-07-21 16:39:15,175 superfastpath.py [line:246] one_slot INFO pending block 10 in 0.345559 
2024-07-21 16:39:15,175 superfastpath.py [line:255] one_slot INFO 2pending block 10 in 0.345722 
2024-07-21 16:39:15,199 superfastpath.py [line:273] one_slot INFO read pending block 10 in 0.369588 
2024-07-21 16:39:15,199 superfastpath.py [line:282] one_slot INFO 3pending block 10 in 0.369784 
2024-07-21 16:39:15,213 superfastpath.py [line:286] one_slot INFO delay block 9 in 0.815268 
2024-07-21 16:39:15,232 superfastpath.py [line:293] one_slot INFO Fast block at Node 12 for Epoch sidAFAST0 and Slot 9 has delay, TPS and TXs: 0.8152682781219482, 20000 
2024-07-21 16:39:15,232 superfastpath.py [line:295] one_slot INFO AVG TPS: 15592, running time 1.282650, weighted delay: 0.835246 
2024-07-21 16:39:15,232 superfastpath.py [line:300] one_slot INFO output block for slot 9 taking 0.847642 sec 
2024-07-21 16:39:15,232 superfastpath.py [line:304] one_slot INFO Leaving slot 10 
2024-07-21 16:39:15,232 superfastpath.py [line:230] one_slot INFO Entering slot 11 
2024-07-21 16:39:15,629 superfastpath.py [line:246] one_slot INFO pending block 11 in 0.397149 
2024-07-21 16:39:15,630 superfastpath.py [line:255] one_slot INFO 2pending block 11 in 0.397356 
2024-07-21 16:39:15,650 superfastpath.py [line:273] one_slot INFO read pending block 11 in 0.417665 
2024-07-21 16:39:15,650 superfastpath.py [line:282] one_slot INFO 3pending block 11 in 0.417864 
2024-07-21 16:39:15,650 superfastpath.py [line:286] one_slot INFO delay block 10 in 0.820675 
2024-07-21 16:39:15,669 superfastpath.py [line:293] one_slot INFO Fast block at Node 12 for Epoch sidAFAST0 and Slot 10 has delay, TPS and TXs: 0.8206753730773926, 30000 
2024-07-21 16:39:15,669 superfastpath.py [line:295] one_slot INFO AVG TPS: 17445, running time 1.719600, weighted delay: 0.830389 
2024-07-21 16:39:15,670 superfastpath.py [line:300] one_slot INFO output block for slot 10 taking 0.840029 sec 
2024-07-21 16:39:15,670 superfastpath.py [line:304] one_slot INFO Leaving slot 11 
2024-07-21 16:39:15,670 superfastpath.py [line:230] one_slot INFO Entering slot 12 
2024-07-21 16:39:16,184 superfastpath.py [line:246] one_slot INFO pending block 12 in 0.513441 
2024-07-21 16:39:16,184 superfastpath.py [line:255] one_slot INFO 2pending block 12 in 0.513659 
2024-07-21 16:39:16,203 superfastpath.py [line:273] one_slot INFO read pending block 12 in 0.532418 
2024-07-21 16:39:16,203 superfastpath.py [line:282] one_slot INFO 3pending block 12 in 0.532725 
2024-07-21 16:39:16,203 superfastpath.py [line:286] one_slot INFO delay block 11 in 0.970741 
2024-07-21 16:39:16,222 superfastpath.py [line:293] one_slot INFO Fast block at Node 12 for Epoch sidAFAST0 and Slot 11 has delay, TPS and TXs: 0.970740556716919, 40000 
2024-07-21 16:39:16,223 superfastpath.py [line:295] one_slot INFO AVG TPS: 17594, running time 2.273400, weighted delay: 0.865477 
2024-07-21 16:39:16,223 superfastpath.py [line:300] one_slot INFO output block for slot 11 taking 0.990440 sec 
2024-07-21 16:39:16,223 superfastpath.py [line:304] one_slot INFO Leaving slot 12 
2024-07-21 16:39:16,223 superfastpath.py [line:230] one_slot INFO Entering slot 13 
2024-07-21 16:39:16,629 superfastpath.py [line:246] one_slot INFO pending block 13 in 0.405548 
2024-07-21 16:39:16,629 superfastpath.py [line:255] one_slot INFO 2pending block 13 in 0.405762 
2024-07-21 16:39:16,657 superfastpath.py [line:273] one_slot INFO read pending block 13 in 0.434369 
2024-07-21 16:39:16,658 superfastpath.py [line:282] one_slot INFO 3pending block 13 in 0.434639 
2024-07-21 16:39:16,658 superfastpath.py [line:286] one_slot INFO delay block 12 in 0.987665 
2024-07-21 16:39:16,679 superfastpath.py [line:293] one_slot INFO Fast block at Node 12 for Epoch sidAFAST0 and Slot 12 has delay, TPS and TXs: 0.9876651763916016, 50000 
2024-07-21 16:39:16,679 superfastpath.py [line:295] one_slot INFO AVG TPS: 18315, running time 2.729942, weighted delay: 0.889915 
2024-07-21 16:39:16,679 superfastpath.py [line:300] one_slot INFO output block for slot 12 taking 1.009145 sec 
2024-07-21 16:39:16,679 superfastpath.py [line:304] one_slot INFO Leaving slot 13 
2024-07-21 16:39:16,680 superfastpath.py [line:230] one_slot INFO Entering slot 14 
2024-07-21 16:39:17,066 superfastpath.py [line:246] one_slot INFO pending block 14 in 0.385547 
2024-07-21 16:39:17,066 superfastpath.py [line:255] one_slot INFO 2pending block 14 in 0.385721 
2024-07-21 16:39:17,080 superfastpath.py [line:273] one_slot INFO read pending block 14 in 0.400006 
2024-07-21 16:39:17,080 superfastpath.py [line:282] one_slot INFO 3pending block 14 in 0.400211 
2024-07-21 16:39:17,080 superfastpath.py [line:286] one_slot INFO delay block 13 in 0.857436 
2024-07-21 16:39:17,095 superfastpath.py [line:293] one_slot INFO Fast block at Node 12 for Epoch sidAFAST0 and Slot 13 has delay, TPS and TXs: 0.857435941696167, 60000 
2024-07-21 16:39:17,095 superfastpath.py [line:295] one_slot INFO AVG TPS: 19072, running time 3.145897, weighted delay: 0.884502 
2024-07-21 16:39:17,095 superfastpath.py [line:300] one_slot INFO output block for slot 13 taking 0.872142 sec 
2024-07-21 16:39:17,095 superfastpath.py [line:304] one_slot INFO Leaving slot 14 
2024-07-21 16:39:17,095 superfastpath.py [line:230] one_slot INFO Entering slot 15 
2024-07-21 16:39:17,510 superfastpath.py [line:246] one_slot INFO pending block 15 in 0.414156 
2024-07-21 16:39:17,514 superfastpath.py [line:255] one_slot INFO 2pending block 15 in 0.418846 
2024-07-21 16:39:17,531 superfastpath.py [line:273] one_slot INFO read pending block 15 in 0.435975 
2024-07-21 16:39:17,557 superfastpath.py [line:282] one_slot INFO 3pending block 15 in 0.461809 
2024-07-21 16:39:17,557 superfastpath.py [line:286] one_slot INFO delay block 14 in 0.877234 
2024-07-21 16:39:17,572 superfastpath.py [line:293] one_slot INFO Fast block at Node 12 for Epoch sidAFAST0 and Slot 14 has delay, TPS and TXs: 0.8772339820861816, 70000 
2024-07-21 16:39:17,573 superfastpath.py [line:295] one_slot INFO AVG TPS: 19318, running time 3.623531, weighted delay: 0.883463 
2024-07-21 16:39:17,573 superfastpath.py [line:300] one_slot INFO output block for slot 14 taking 0.893001 sec 
2024-07-21 16:39:17,573 superfastpath.py [line:304] one_slot INFO Leaving slot 15 
2024-07-21 16:39:17,573 superfastpath.py [line:230] one_slot INFO Entering slot 16 
2024-07-21 16:39:17,901 superfastpath.py [line:246] one_slot INFO pending block 16 in 0.327553 
2024-07-21 16:39:17,901 superfastpath.py [line:255] one_slot INFO 2pending block 16 in 0.327717 
2024-07-21 16:39:17,901 superfastpath.py [line:273] one_slot INFO read pending block 16 in 0.327850 
2024-07-21 16:39:17,901 superfastpath.py [line:282] one_slot INFO 3pending block 16 in 0.327925 
2024-07-21 16:39:17,901 superfastpath.py [line:286] one_slot INFO delay block 15 in 0.806006 
2024-07-21 16:39:17,963 superfastpath.py [line:293] one_slot INFO Fast block at Node 12 for Epoch sidAFAST0 and Slot 15 has delay, TPS and TXs: 0.8060059547424316, 80000 
2024-07-21 16:39:17,963 superfastpath.py [line:295] one_slot INFO AVG TPS: 19928, running time 4.014276, weighted delay: 0.873781 
2024-07-21 16:39:17,963 superfastpath.py [line:300] one_slot INFO output block for slot 15 taking 0.868021 sec 
2024-07-21 16:39:17,964 superfastpath.py [line:304] one_slot INFO Leaving slot 16 
2024-07-21 16:39:17,964 superfastpath.py [line:369] sufastpath INFO Leaves fastpath at 17 slot 
2024-07-21 16:39:17,964 Superfast.py [line:308] wait_for_fastpath INFO Fastpath of epoch 0 completed 
2024-07-21 16:39:17,964 Superfast.py [line:337] _run_epoch INFO Fastpath tps: 19928 delay 0.873781 
2024-07-21 16:39:22,965 Superfast.py [line:208] run_bft INFO node 12 breaks in 11.747319 seconds in epoch 0 with total delivered Txs 0 and average delay 0.000000 
2024-07-21 16:42:41,962 sufp_node.py [line:79] run INFO node 12's starts to run consensus on process id 27618 
2024-07-21 16:42:41,963 sufp_node.py [line:80] run INFO parameters: N=16, f=5, S=15, T=5, fast-batch=10000, acs-batch=62, K=1, O=0 
2024-07-21 16:42:41,963 sufp_node.py [line:62] prepare_bootstrap INFO node id 12 is inserting dummy payload TXs 
2024-07-21 16:42:41,964 sufp_node.py [line:70] prepare_bootstrap INFO node id 12 just inserts 50000 TXs 
2024-07-21 16:42:41,964 sufp_node.py [line:70] prepare_bootstrap INFO node id 12 just inserts 50000 TXs 
2024-07-21 16:42:41,964 sufp_node.py [line:74] prepare_bootstrap INFO node id 12 completed the loading of dummy TXs 
2024-07-21 16:42:41,964 Superfast.py [line:178] run_bft INFO Node 12 starts to run at time:1721551361.964573 
2024-07-21 16:42:41,964 Superfast.py [line:231] _run_epoch INFO Node enters epoch 0 
2024-07-21 16:42:41,965 superfastpath.py [line:43] sufastpath INFO Entering fast path 
2024-07-21 16:42:41,966 superfastpath.py [line:230] one_slot INFO Entering slot 1 
2024-07-21 16:42:42,357 superfastpath.py [line:246] one_slot INFO pending block 1 in 0.390389 
2024-07-21 16:42:42,357 superfastpath.py [line:255] one_slot INFO 2pending block 1 in 0.390994 
2024-07-21 16:42:42,371 superfastpath.py [line:273] one_slot INFO read pending block 1 in 0.405049 
2024-07-21 16:42:42,371 superfastpath.py [line:304] one_slot INFO Leaving slot 1 
2024-07-21 16:42:42,371 superfastpath.py [line:230] one_slot INFO Entering slot 2 
2024-07-21 16:42:42,596 superfastpath.py [line:246] one_slot INFO pending block 2 in 0.224303 
2024-07-21 16:42:42,596 superfastpath.py [line:255] one_slot INFO 2pending block 2 in 0.224489 
2024-07-21 16:42:42,615 superfastpath.py [line:273] one_slot INFO read pending block 2 in 0.244241 
2024-07-21 16:42:42,616 superfastpath.py [line:304] one_slot INFO Leaving slot 2 
2024-07-21 16:42:42,616 superfastpath.py [line:230] one_slot INFO Entering slot 3 
2024-07-21 16:42:42,709 superfastpath.py [line:246] one_slot INFO pending block 3 in 0.092812 
2024-07-21 16:42:42,709 superfastpath.py [line:255] one_slot INFO 2pending block 3 in 0.093023 
2024-07-21 16:42:42,724 superfastpath.py [line:273] one_slot INFO read pending block 3 in 0.108070 
2024-07-21 16:42:42,724 superfastpath.py [line:304] one_slot INFO Leaving slot 3 
2024-07-21 16:42:42,724 superfastpath.py [line:230] one_slot INFO Entering slot 4 
2024-07-21 16:42:43,104 superfastpath.py [line:246] one_slot INFO pending block 4 in 0.379328 
2024-07-21 16:42:43,104 superfastpath.py [line:255] one_slot INFO 2pending block 4 in 0.379554 
2024-07-21 16:42:43,126 superfastpath.py [line:273] one_slot INFO read pending block 4 in 0.401571 
2024-07-21 16:42:43,126 superfastpath.py [line:304] one_slot INFO Leaving slot 4 
2024-07-21 16:42:43,126 superfastpath.py [line:230] one_slot INFO Entering slot 5 
2024-07-21 16:42:43,507 superfastpath.py [line:246] one_slot INFO pending block 5 in 0.380466 
2024-07-21 16:42:43,507 superfastpath.py [line:255] one_slot INFO 2pending block 5 in 0.380690 
2024-07-21 16:42:43,530 superfastpath.py [line:273] one_slot INFO read pending block 5 in 0.403836 
2024-07-21 16:42:43,530 superfastpath.py [line:304] one_slot INFO Leaving slot 5 
2024-07-21 16:42:43,531 superfastpath.py [line:230] one_slot INFO Entering slot 6 
2024-07-21 16:42:43,903 superfastpath.py [line:246] one_slot INFO pending block 6 in 0.371933 
2024-07-21 16:42:43,903 superfastpath.py [line:255] one_slot INFO 2pending block 6 in 0.372134 
2024-07-21 16:42:43,932 superfastpath.py [line:273] one_slot INFO read pending block 6 in 0.400847 
2024-07-21 16:42:43,933 superfastpath.py [line:304] one_slot INFO Leaving slot 6 
2024-07-21 16:42:43,933 superfastpath.py [line:230] one_slot INFO Entering slot 7 
2024-07-21 16:42:44,349 superfastpath.py [line:246] one_slot INFO pending block 7 in 0.414896 
2024-07-21 16:42:44,349 superfastpath.py [line:255] one_slot INFO 2pending block 7 in 0.415185 
2024-07-21 16:42:44,364 superfastpath.py [line:273] one_slot INFO read pending block 7 in 0.430592 
2024-07-21 16:42:44,364 superfastpath.py [line:304] one_slot INFO Leaving slot 7 
2024-07-21 16:42:44,365 superfastpath.py [line:230] one_slot INFO Entering slot 8 
2024-07-21 16:42:44,774 superfastpath.py [line:246] one_slot INFO pending block 8 in 0.409258 
2024-07-21 16:42:44,774 superfastpath.py [line:255] one_slot INFO 2pending block 8 in 0.409500 
2024-07-21 16:42:44,790 superfastpath.py [line:273] one_slot INFO read pending block 8 in 0.425350 
2024-07-21 16:42:44,790 superfastpath.py [line:304] one_slot INFO Leaving slot 8 
2024-07-21 16:42:44,790 superfastpath.py [line:230] one_slot INFO Entering slot 9 
2024-07-21 16:42:45,175 superfastpath.py [line:246] one_slot INFO pending block 9 in 0.384599 
2024-07-21 16:42:45,176 superfastpath.py [line:255] one_slot INFO 2pending block 9 in 0.384993 
2024-07-21 16:42:45,212 superfastpath.py [line:273] one_slot INFO read pending block 9 in 0.421377 
2024-07-21 16:42:45,212 superfastpath.py [line:282] one_slot INFO 3pending block 9 in 0.421687 
2024-07-21 16:42:45,212 superfastpath.py [line:286] one_slot INFO delay block 8 in 0.847609 
2024-07-21 16:42:45,230 superfastpath.py [line:293] one_slot INFO Fast block at Node 12 for Epoch sidAFAST0 and Slot 8 has delay, TPS and TXs: 0.8476088047027588, 10000 
2024-07-21 16:42:45,230 superfastpath.py [line:295] one_slot INFO AVG TPS: 11552, running time 0.865579, weighted delay: 0.847609 
2024-07-21 16:42:45,230 superfastpath.py [line:300] one_slot INFO output block for slot 8 taking 0.865535 sec 
2024-07-21 16:42:45,230 superfastpath.py [line:304] one_slot INFO Leaving slot 9 
2024-07-21 16:42:45,230 superfastpath.py [line:230] one_slot INFO Entering slot 10 
2024-07-21 16:42:45,636 superfastpath.py [line:246] one_slot INFO pending block 10 in 0.405032 
2024-07-21 16:42:45,637 superfastpath.py [line:255] one_slot INFO 2pending block 10 in 0.406073 
2024-07-21 16:42:45,657 superfastpath.py [line:273] one_slot INFO read pending block 10 in 0.426168 
2024-07-21 16:42:45,657 superfastpath.py [line:282] one_slot INFO 3pending block 10 in 0.426376 
2024-07-21 16:42:45,657 superfastpath.py [line:286] one_slot INFO delay block 9 in 0.866527 
2024-07-21 16:42:45,673 superfastpath.py [line:293] one_slot INFO Fast block at Node 12 for Epoch sidAFAST0 and Slot 9 has delay, TPS and TXs: 0.8665270805358887, 20000 
2024-07-21 16:42:45,673 superfastpath.py [line:295] one_slot INFO AVG TPS: 15286, running time 1.308362, weighted delay: 0.857068 
2024-07-21 16:42:45,673 superfastpath.py [line:300] one_slot INFO output block for slot 9 taking 0.882578 sec 
2024-07-21 16:42:45,673 superfastpath.py [line:304] one_slot INFO Leaving slot 10 
2024-07-21 16:42:45,673 superfastpath.py [line:230] one_slot INFO Entering slot 11 
2024-07-21 16:42:46,073 superfastpath.py [line:246] one_slot INFO pending block 11 in 0.399654 
2024-07-21 16:42:46,074 superfastpath.py [line:255] one_slot INFO 2pending block 11 in 0.399886 
2024-07-21 16:42:46,101 superfastpath.py [line:273] one_slot INFO read pending block 11 in 0.427236 
2024-07-21 16:42:46,101 superfastpath.py [line:282] one_slot INFO 3pending block 11 in 0.427418 
2024-07-21 16:42:46,101 superfastpath.py [line:286] one_slot INFO delay block 10 in 0.870494 
2024-07-21 16:42:46,118 superfastpath.py [line:293] one_slot INFO Fast block at Node 12 for Epoch sidAFAST0 and Slot 10 has delay, TPS and TXs: 0.8704938888549805, 30000 
2024-07-21 16:42:46,118 superfastpath.py [line:295] one_slot INFO AVG TPS: 17110, running time 1.753299, weighted delay: 0.861543 
2024-07-21 16:42:46,118 superfastpath.py [line:300] one_slot INFO output block for slot 10 taking 0.887566 sec 
2024-07-21 16:42:46,118 superfastpath.py [line:304] one_slot INFO Leaving slot 11 
2024-07-21 16:42:46,118 superfastpath.py [line:230] one_slot INFO Entering slot 12 
2024-07-21 16:42:46,515 superfastpath.py [line:246] one_slot INFO pending block 12 in 0.396099 
2024-07-21 16:42:46,515 superfastpath.py [line:255] one_slot INFO 2pending block 12 in 0.396276 
2024-07-21 16:42:46,533 superfastpath.py [line:273] one_slot INFO read pending block 12 in 0.414571 
2024-07-21 16:42:46,533 superfastpath.py [line:282] one_slot INFO 3pending block 12 in 0.414775 
2024-07-21 16:42:46,533 superfastpath.py [line:286] one_slot INFO delay block 11 in 0.859811 
2024-07-21 16:42:46,550 superfastpath.py [line:293] one_slot INFO Fast block at Node 12 for Epoch sidAFAST0 and Slot 11 has delay, TPS and TXs: 0.8598105907440186, 40000 
2024-07-21 16:42:46,550 superfastpath.py [line:295] one_slot INFO AVG TPS: 18299, running time 2.185801, weighted delay: 0.861110 
2024-07-21 16:42:46,551 superfastpath.py [line:300] one_slot INFO output block for slot 11 taking 0.877352 sec 
2024-07-21 16:42:46,551 superfastpath.py [line:304] one_slot INFO Leaving slot 12 
2024-07-21 16:42:46,551 superfastpath.py [line:230] one_slot INFO Entering slot 13 
2024-07-21 16:42:46,998 superfastpath.py [line:246] one_slot INFO pending block 13 in 0.446337 
2024-07-21 16:42:46,998 superfastpath.py [line:255] one_slot INFO 2pending block 13 in 0.446517 
2024-07-21 16:42:47,015 superfastpath.py [line:273] one_slot INFO read pending block 13 in 0.463701 
2024-07-21 16:42:47,015 superfastpath.py [line:282] one_slot INFO 3pending block 13 in 0.463965 
2024-07-21 16:42:47,015 superfastpath.py [line:286] one_slot INFO delay block 12 in 0.896891 
2024-07-21 16:42:47,031 superfastpath.py [line:293] one_slot INFO Fast block at Node 12 for Epoch sidAFAST0 and Slot 12 has delay, TPS and TXs: 0.8968913555145264, 50000 
2024-07-21 16:42:47,031 superfastpath.py [line:295] one_slot INFO AVG TPS: 18748, running time 2.666835, weighted delay: 0.868266 
2024-07-21 16:42:47,031 superfastpath.py [line:300] one_slot INFO output block for slot 12 taking 0.913059 sec 
2024-07-21 16:42:47,032 superfastpath.py [line:304] one_slot INFO Leaving slot 13 
2024-07-21 16:42:47,032 superfastpath.py [line:230] one_slot INFO Entering slot 14 
2024-07-21 16:42:47,415 superfastpath.py [line:246] one_slot INFO pending block 14 in 0.383418 
2024-07-21 16:42:47,416 superfastpath.py [line:255] one_slot INFO 2pending block 14 in 0.384118 
2024-07-21 16:42:47,437 superfastpath.py [line:273] one_slot INFO read pending block 14 in 0.405035 
2024-07-21 16:42:47,437 superfastpath.py [line:282] one_slot INFO 3pending block 14 in 0.405332 
2024-07-21 16:42:47,437 superfastpath.py [line:286] one_slot INFO delay block 13 in 0.886060 
2024-07-21 16:42:47,459 superfastpath.py [line:293] one_slot INFO Fast block at Node 12 for Epoch sidAFAST0 and Slot 13 has delay, TPS and TXs: 0.8860602378845215, 60000 
2024-07-21 16:42:47,459 superfastpath.py [line:295] one_slot INFO AVG TPS: 19389, running time 3.094512, weighted delay: 0.871232 
2024-07-21 16:42:47,460 superfastpath.py [line:300] one_slot INFO output block for slot 13 taking 0.908719 sec 
2024-07-21 16:42:47,460 superfastpath.py [line:304] one_slot INFO Leaving slot 14 
2024-07-21 16:42:47,460 superfastpath.py [line:230] one_slot INFO Entering slot 15 
2024-07-21 16:42:47,863 superfastpath.py [line:246] one_slot INFO pending block 15 in 0.402748 
2024-07-21 16:42:47,863 superfastpath.py [line:255] one_slot INFO 2pending block 15 in 0.402924 
2024-07-21 16:42:47,877 superfastpath.py [line:273] one_slot INFO read pending block 15 in 0.416673 
2024-07-21 16:42:47,877 superfastpath.py [line:282] one_slot INFO 3pending block 15 in 0.416837 
2024-07-21 16:42:47,877 superfastpath.py [line:286] one_slot INFO delay block 14 in 0.845444 
2024-07-21 16:42:47,892 superfastpath.py [line:293] one_slot INFO Fast block at Node 12 for Epoch sidAFAST0 and Slot 14 has delay, TPS and TXs: 0.8454444408416748, 70000 
2024-07-21 16:42:47,892 superfastpath.py [line:295] one_slot INFO AVG TPS: 19845, running time 3.527184, weighted delay: 0.867548 
2024-07-21 16:42:47,892 superfastpath.py [line:300] one_slot INFO output block for slot 14 taking 0.860423 sec 
2024-07-21 16:42:47,892 superfastpath.py [line:304] one_slot INFO Leaving slot 15 
2024-07-21 16:42:47,892 superfastpath.py [line:230] one_slot INFO Entering slot 16 
2024-07-21 16:42:48,217 superfastpath.py [line:246] one_slot INFO pending block 16 in 0.324042 
2024-07-21 16:42:48,217 superfastpath.py [line:255] one_slot INFO 2pending block 16 in 0.324222 
2024-07-21 16:42:48,217 superfastpath.py [line:273] one_slot INFO read pending block 16 in 0.324355 
2024-07-21 16:42:48,217 superfastpath.py [line:282] one_slot INFO 3pending block 16 in 0.324436 
2024-07-21 16:42:48,217 superfastpath.py [line:286] one_slot INFO delay block 15 in 0.756742 
2024-07-21 16:42:48,282 superfastpath.py [line:293] one_slot INFO Fast block at Node 12 for Epoch sidAFAST0 and Slot 15 has delay, TPS and TXs: 0.7567417621612549, 80000 
2024-07-21 16:42:48,283 superfastpath.py [line:295] one_slot INFO AVG TPS: 20418, running time 3.918041, weighted delay: 0.853697 
2024-07-21 16:42:48,283 superfastpath.py [line:300] one_slot INFO output block for slot 15 taking 0.822401 sec 
2024-07-21 16:42:48,283 superfastpath.py [line:304] one_slot INFO Leaving slot 16 
2024-07-21 16:42:48,283 superfastpath.py [line:369] sufastpath INFO Leaves fastpath at 17 slot 
2024-07-21 16:42:48,287 Superfast.py [line:308] wait_for_fastpath INFO Fastpath of epoch 0 completed 
2024-07-21 16:42:48,287 Superfast.py [line:337] _run_epoch INFO Fastpath tps: 20417 delay 0.853697 
2024-07-21 16:42:53,288 Superfast.py [line:208] run_bft INFO node 12 breaks in 11.323561 seconds in epoch 0 with total delivered Txs 0 and average delay 0.000000 
2024-07-21 17:23:10,619 sufp_node.py [line:79] run INFO node 12's starts to run consensus on process id 28277 
2024-07-21 17:23:10,619 sufp_node.py [line:80] run INFO parameters: N=16, f=5, S=15, T=5, fast-batch=10000, acs-batch=62, K=1, O=0 
2024-07-21 17:23:10,619 sufp_node.py [line:62] prepare_bootstrap INFO node id 12 is inserting dummy payload TXs 
2024-07-21 17:23:10,620 sufp_node.py [line:70] prepare_bootstrap INFO node id 12 just inserts 50000 TXs 
2024-07-21 17:23:10,620 sufp_node.py [line:70] prepare_bootstrap INFO node id 12 just inserts 50000 TXs 
2024-07-21 17:23:10,620 sufp_node.py [line:74] prepare_bootstrap INFO node id 12 completed the loading of dummy TXs 
2024-07-21 17:23:10,620 Superfast.py [line:178] run_bft INFO Node 12 starts to run at time:1721553790.620703 
2024-07-21 17:23:10,620 Superfast.py [line:231] _run_epoch INFO Node enters epoch 0 
2024-07-21 17:23:10,621 superfastpath_3.py [line:43] sufastpath INFO Entering fast path 
2024-07-21 17:23:10,622 superfastpath_3.py [line:232] one_slot INFO Entering slot 1 
2024-07-21 17:23:11,535 superfastpath_3.py [line:248] one_slot INFO pending block 1 in 0.181344 
2024-07-21 17:23:11,535 superfastpath_3.py [line:257] one_slot INFO 2pending block 1 in 0.181545 
2024-07-21 17:23:11,554 superfastpath_3.py [line:275] one_slot INFO read pending block 1 in 0.199777 
2024-07-21 17:23:11,554 superfastpath_3.py [line:306] one_slot INFO Leaving slot 1 
2024-07-21 17:23:11,554 superfastpath_3.py [line:232] one_slot INFO Entering slot 2 
2024-07-21 17:23:11,791 superfastpath_3.py [line:248] one_slot INFO pending block 2 in 0.180427 
2024-07-21 17:23:11,792 superfastpath_3.py [line:257] one_slot INFO 2pending block 2 in 0.180861 
2024-07-21 17:23:11,809 superfastpath_3.py [line:275] one_slot INFO read pending block 2 in 0.198652 
2024-07-21 17:23:11,810 superfastpath_3.py [line:306] one_slot INFO Leaving slot 2 
2024-07-21 17:23:11,810 superfastpath_3.py [line:232] one_slot INFO Entering slot 3 
2024-07-21 17:23:11,896 superfastpath_3.py [line:248] one_slot INFO pending block 3 in 0.062834 
2024-07-21 17:23:11,896 superfastpath_3.py [line:257] one_slot INFO 2pending block 3 in 0.063060 
2024-07-21 17:23:11,915 superfastpath_3.py [line:275] one_slot INFO read pending block 3 in 0.081775 
2024-07-21 17:23:11,915 superfastpath_3.py [line:306] one_slot INFO Leaving slot 3 
2024-07-21 17:23:11,916 superfastpath_3.py [line:232] one_slot INFO Entering slot 4 
2024-07-21 17:23:12,291 superfastpath_3.py [line:248] one_slot INFO pending block 4 in 0.074696 
2024-07-21 17:23:12,291 superfastpath_3.py [line:257] one_slot INFO 2pending block 4 in 0.074952 
2024-07-21 17:23:12,306 superfastpath_3.py [line:275] one_slot INFO read pending block 4 in 0.089450 
2024-07-21 17:23:12,306 superfastpath_3.py [line:306] one_slot INFO Leaving slot 4 
2024-07-21 17:23:12,306 superfastpath_3.py [line:232] one_slot INFO Entering slot 5 
2024-07-21 17:23:12,716 superfastpath_3.py [line:248] one_slot INFO pending block 5 in 0.060768 
2024-07-21 17:23:12,716 superfastpath_3.py [line:257] one_slot INFO 2pending block 5 in 0.060967 
2024-07-21 17:23:12,732 superfastpath_3.py [line:275] one_slot INFO read pending block 5 in 0.077351 
2024-07-21 17:23:12,733 superfastpath_3.py [line:306] one_slot INFO Leaving slot 5 
2024-07-21 17:23:12,733 superfastpath_3.py [line:232] one_slot INFO Entering slot 6 
2024-07-21 17:23:13,129 superfastpath_3.py [line:248] one_slot INFO pending block 6 in 0.052159 
2024-07-21 17:23:13,129 superfastpath_3.py [line:257] one_slot INFO 2pending block 6 in 0.052387 
2024-07-21 17:23:13,144 superfastpath_3.py [line:275] one_slot INFO read pending block 6 in 0.067486 
2024-07-21 17:23:13,144 superfastpath_3.py [line:306] one_slot INFO Leaving slot 6 
2024-07-21 17:23:13,144 superfastpath_3.py [line:232] one_slot INFO Entering slot 7 
2024-07-21 17:23:13,573 superfastpath_3.py [line:248] one_slot INFO pending block 7 in 0.076413 
2024-07-21 17:23:13,573 superfastpath_3.py [line:257] one_slot INFO 2pending block 7 in 0.076620 
2024-07-21 17:23:13,590 superfastpath_3.py [line:275] one_slot INFO read pending block 7 in 0.093333 
2024-07-21 17:23:13,590 superfastpath_3.py [line:306] one_slot INFO Leaving slot 7 
2024-07-21 17:23:13,590 superfastpath_3.py [line:232] one_slot INFO Entering slot 8 
2024-07-21 17:23:14,000 superfastpath_3.py [line:248] one_slot INFO pending block 8 in 0.068502 
2024-07-21 17:23:14,000 superfastpath_3.py [line:257] one_slot INFO 2pending block 8 in 0.068695 
2024-07-21 17:23:14,019 superfastpath_3.py [line:275] one_slot INFO read pending block 8 in 0.087363 
2024-07-21 17:23:14,019 superfastpath_3.py [line:306] one_slot INFO Leaving slot 8 
2024-07-21 17:23:14,020 superfastpath_3.py [line:232] one_slot INFO Entering slot 9 
2024-07-21 17:23:14,396 superfastpath_3.py [line:248] one_slot INFO pending block 9 in 0.058644 
2024-07-21 17:23:14,396 superfastpath_3.py [line:257] one_slot INFO 2pending block 9 in 0.059048 
2024-07-21 17:23:14,413 superfastpath_3.py [line:275] one_slot INFO read pending block 9 in 0.076376 
2024-07-21 17:23:14,414 superfastpath_3.py [line:284] one_slot INFO 3pending block 9 in 0.076614 
2024-07-21 17:23:14,414 superfastpath_3.py [line:288] one_slot INFO delay block 8 in 0.482024 
2024-07-21 17:23:14,428 superfastpath_3.py [line:295] one_slot INFO Fast block at Node 12 for Epoch sidAFAST0 and Slot 8 has delay, TPS and TXs: 0.4820237159729004, 10000 
2024-07-21 17:23:14,428 superfastpath_3.py [line:297] one_slot INFO AVG TPS: 11933, running time 0.837995, weighted delay: 0.482024 
2024-07-21 17:23:14,428 superfastpath_3.py [line:302] one_slot INFO output block for slot 8 taking 0.496621 sec 
2024-07-21 17:23:14,428 superfastpath_3.py [line:306] one_slot INFO Leaving slot 9 
2024-07-21 17:23:14,429 superfastpath_3.py [line:232] one_slot INFO Entering slot 10 
2024-07-21 17:23:14,802 superfastpath_3.py [line:248] one_slot INFO pending block 10 in 0.065005 
2024-07-21 17:23:14,803 superfastpath_3.py [line:257] one_slot INFO 2pending block 10 in 0.065198 
2024-07-21 17:23:14,821 superfastpath_3.py [line:275] one_slot INFO read pending block 10 in 0.083916 
2024-07-21 17:23:14,821 superfastpath_3.py [line:284] one_slot INFO 3pending block 10 in 0.084129 
2024-07-21 17:23:14,822 superfastpath_3.py [line:288] one_slot INFO delay block 9 in 0.484558 
2024-07-21 17:23:14,840 superfastpath_3.py [line:295] one_slot INFO Fast block at Node 12 for Epoch sidAFAST0 and Slot 9 has delay, TPS and TXs: 0.4845576286315918, 20000 
2024-07-21 17:23:14,840 superfastpath_3.py [line:297] one_slot INFO AVG TPS: 15997, running time 1.250192, weighted delay: 0.483291 
2024-07-21 17:23:14,840 superfastpath_3.py [line:302] one_slot INFO output block for slot 9 taking 0.503412 sec 
2024-07-21 17:23:14,840 superfastpath_3.py [line:306] one_slot INFO Leaving slot 10 
2024-07-21 17:23:14,841 superfastpath_3.py [line:232] one_slot INFO Entering slot 11 
2024-07-21 17:23:15,240 superfastpath_3.py [line:248] one_slot INFO pending block 11 in 0.057460 
2024-07-21 17:23:15,240 superfastpath_3.py [line:257] one_slot INFO 2pending block 11 in 0.057671 
2024-07-21 17:23:15,264 superfastpath_3.py [line:275] one_slot INFO read pending block 11 in 0.081501 
2024-07-21 17:23:15,264 superfastpath_3.py [line:284] one_slot INFO 3pending block 11 in 0.081862 
2024-07-21 17:23:15,265 superfastpath_3.py [line:288] one_slot INFO delay block 10 in 0.527207 
2024-07-21 17:23:15,290 superfastpath_3.py [line:295] one_slot INFO Fast block at Node 12 for Epoch sidAFAST0 and Slot 10 has delay, TPS and TXs: 0.5272068977355957, 30000 
2024-07-21 17:23:15,290 superfastpath_3.py [line:297] one_slot INFO AVG TPS: 17648, running time 1.699898, weighted delay: 0.497929 
2024-07-21 17:23:15,291 superfastpath_3.py [line:302] one_slot INFO output block for slot 10 taking 0.553504 sec 
2024-07-21 17:23:15,291 superfastpath_3.py [line:306] one_slot INFO Leaving slot 11 
2024-07-21 17:23:15,291 superfastpath_3.py [line:232] one_slot INFO Entering slot 12 
2024-07-21 17:23:15,654 superfastpath_3.py [line:248] one_slot INFO pending block 12 in 0.069359 
2024-07-21 17:23:15,655 superfastpath_3.py [line:257] one_slot INFO 2pending block 12 in 0.069526 
2024-07-21 17:23:15,675 superfastpath_3.py [line:275] one_slot INFO read pending block 12 in 0.089671 
2024-07-21 17:23:15,675 superfastpath_3.py [line:284] one_slot INFO 3pending block 12 in 0.089881 
2024-07-21 17:23:15,675 superfastpath_3.py [line:288] one_slot INFO delay block 11 in 0.492604 
2024-07-21 17:23:15,702 superfastpath_3.py [line:295] one_slot INFO Fast block at Node 12 for Epoch sidAFAST0 and Slot 11 has delay, TPS and TXs: 0.49260377883911133, 40000 
2024-07-21 17:23:15,702 superfastpath_3.py [line:297] one_slot INFO AVG TPS: 18941, running time 2.111799, weighted delay: 0.496598 
2024-07-21 17:23:15,702 superfastpath_3.py [line:302] one_slot INFO output block for slot 11 taking 0.519565 sec 
2024-07-21 17:23:15,702 superfastpath_3.py [line:306] one_slot INFO Leaving slot 12 
2024-07-21 17:23:15,702 superfastpath_3.py [line:232] one_slot INFO Entering slot 13 
2024-07-21 17:23:16,066 superfastpath_3.py [line:248] one_slot INFO pending block 13 in 0.054078 
2024-07-21 17:23:16,067 superfastpath_3.py [line:257] one_slot INFO 2pending block 13 in 0.054288 
2024-07-21 17:23:16,080 superfastpath_3.py [line:275] one_slot INFO read pending block 13 in 0.067962 
2024-07-21 17:23:16,081 superfastpath_3.py [line:284] one_slot INFO 3pending block 13 in 0.068249 
2024-07-21 17:23:16,081 superfastpath_3.py [line:288] one_slot INFO delay block 12 in 0.495637 
2024-07-21 17:23:16,100 superfastpath_3.py [line:295] one_slot INFO Fast block at Node 12 for Epoch sidAFAST0 and Slot 12 has delay, TPS and TXs: 0.4956369400024414, 50000 
2024-07-21 17:23:16,101 superfastpath_3.py [line:297] one_slot INFO AVG TPS: 19917, running time 2.510393, weighted delay: 0.496406 
2024-07-21 17:23:16,101 superfastpath_3.py [line:302] one_slot INFO output block for slot 12 taking 0.515602 sec 
2024-07-21 17:23:16,101 superfastpath_3.py [line:306] one_slot INFO Leaving slot 13 
2024-07-21 17:23:16,110 superfastpath_3.py [line:232] one_slot INFO Entering slot 14 
2024-07-21 17:23:16,517 superfastpath_3.py [line:248] one_slot INFO pending block 14 in 0.059599 
2024-07-21 17:23:16,517 superfastpath_3.py [line:257] one_slot INFO 2pending block 14 in 0.059793 
2024-07-21 17:23:16,535 superfastpath_3.py [line:275] one_slot INFO read pending block 14 in 0.078435 
2024-07-21 17:23:16,536 superfastpath_3.py [line:284] one_slot INFO 3pending block 14 in 0.078602 
2024-07-21 17:23:16,536 superfastpath_3.py [line:288] one_slot INFO delay block 13 in 0.523223 
2024-07-21 17:23:16,560 superfastpath_3.py [line:295] one_slot INFO Fast block at Node 12 for Epoch sidAFAST0 and Slot 13 has delay, TPS and TXs: 0.5232234001159668, 60000 
2024-07-21 17:23:16,560 superfastpath_3.py [line:297] one_slot INFO AVG TPS: 20200, running time 2.970210, weighted delay: 0.500875 
2024-07-21 17:23:16,561 superfastpath_3.py [line:302] one_slot INFO output block for slot 13 taking 0.549046 sec 
2024-07-21 17:23:16,562 superfastpath_3.py [line:306] one_slot INFO Leaving slot 14 
2024-07-21 17:23:16,562 superfastpath_3.py [line:232] one_slot INFO Entering slot 15 
2024-07-21 17:23:16,983 superfastpath_3.py [line:248] one_slot INFO pending block 15 in 0.058959 
2024-07-21 17:23:16,984 superfastpath_3.py [line:257] one_slot INFO 2pending block 15 in 0.059169 
2024-07-21 17:23:17,008 superfastpath_3.py [line:275] one_slot INFO read pending block 15 in 0.083321 
2024-07-21 17:23:17,008 superfastpath_3.py [line:284] one_slot INFO 3pending block 15 in 0.083620 
2024-07-21 17:23:17,008 superfastpath_3.py [line:288] one_slot INFO delay block 14 in 0.551302 
2024-07-21 17:23:17,025 superfastpath_3.py [line:295] one_slot INFO Fast block at Node 12 for Epoch sidAFAST0 and Slot 14 has delay, TPS and TXs: 0.5513017177581787, 70000 
2024-07-21 17:23:17,026 superfastpath_3.py [line:297] one_slot INFO AVG TPS: 20375, running time 3.435552, weighted delay: 0.508079 
2024-07-21 17:23:17,026 superfastpath_3.py [line:302] one_slot INFO output block for slot 14 taking 0.568943 sec 
2024-07-21 17:23:17,026 superfastpath_3.py [line:306] one_slot INFO Leaving slot 15 
2024-07-21 17:23:17,026 superfastpath_3.py [line:232] one_slot INFO Entering slot 16 
2024-07-21 17:23:17,374 superfastpath_3.py [line:248] one_slot INFO pending block 16 in 0.006564 
2024-07-21 17:23:17,375 superfastpath_3.py [line:257] one_slot INFO 2pending block 16 in 0.006870 
2024-07-21 17:23:17,375 superfastpath_3.py [line:275] one_slot INFO read pending block 16 in 0.007063 
2024-07-21 17:23:17,375 superfastpath_3.py [line:284] one_slot INFO 3pending block 16 in 0.007155 
2024-07-21 17:23:17,375 superfastpath_3.py [line:288] one_slot INFO delay block 15 in 0.450436 
2024-07-21 17:23:17,392 superfastpath_3.py [line:295] one_slot INFO Fast block at Node 12 for Epoch sidAFAST0 and Slot 15 has delay, TPS and TXs: 0.4504363536834717, 80000 
2024-07-21 17:23:17,393 superfastpath_3.py [line:297] one_slot INFO AVG TPS: 21039, running time 3.802374, weighted delay: 0.500874 
2024-07-21 17:23:17,393 superfastpath_3.py [line:302] one_slot INFO output block for slot 15 taking 0.468311 sec 
2024-07-21 17:23:17,393 superfastpath_3.py [line:306] one_slot INFO Leaving slot 16 
2024-07-21 17:23:17,393 superfastpath_3.py [line:371] sufastpath INFO Leaves fastpath at 17 slot 
2024-07-21 17:23:17,394 Superfast.py [line:308] wait_for_fastpath INFO Fastpath of epoch 0 completed 
2024-07-21 17:23:17,394 Superfast.py [line:337] _run_epoch INFO Fastpath tps: 21037 delay 0.500874 
2024-07-21 17:23:22,395 Superfast.py [line:208] run_bft INFO node 12 breaks in 11.774935 seconds in epoch 0 with total delivered Txs 0 and average delay 0.000000 
2024-07-21 17:26:59,250 sufp_node.py [line:79] run INFO node 12's starts to run consensus on process id 28558 
2024-07-21 17:26:59,250 sufp_node.py [line:80] run INFO parameters: N=16, f=5, S=15, T=5, fast-batch=10000, acs-batch=62, K=1, O=0 
2024-07-21 17:26:59,250 sufp_node.py [line:62] prepare_bootstrap INFO node id 12 is inserting dummy payload TXs 
2024-07-21 17:26:59,251 sufp_node.py [line:70] prepare_bootstrap INFO node id 12 just inserts 50000 TXs 
2024-07-21 17:26:59,251 sufp_node.py [line:70] prepare_bootstrap INFO node id 12 just inserts 50000 TXs 
2024-07-21 17:26:59,251 sufp_node.py [line:74] prepare_bootstrap INFO node id 12 completed the loading of dummy TXs 
2024-07-21 17:26:59,251 Superfast.py [line:178] run_bft INFO Node 12 starts to run at time:1721554019.2515569 
2024-07-21 17:26:59,251 Superfast.py [line:231] _run_epoch INFO Node enters epoch 0 
2024-07-21 17:26:59,252 superfastpath_3.py [line:43] sufastpath INFO Entering fast path 
2024-07-21 17:26:59,252 superfastpath_3.py [line:232] one_slot INFO Entering slot 1 
2024-07-21 17:26:59,568 superfastpath_3.py [line:248] one_slot INFO pending block 1 in 0.282283 
2024-07-21 17:26:59,568 superfastpath_3.py [line:257] one_slot INFO 2pending block 1 in 0.282535 
2024-07-21 17:26:59,585 superfastpath_3.py [line:275] one_slot INFO read pending block 1 in 0.299495 
2024-07-21 17:26:59,585 superfastpath_3.py [line:306] one_slot INFO Leaving slot 1 
2024-07-21 17:26:59,585 superfastpath_3.py [line:232] one_slot INFO Entering slot 2 
2024-07-21 17:26:59,803 superfastpath_3.py [line:248] one_slot INFO pending block 2 in 0.194996 
2024-07-21 17:26:59,803 superfastpath_3.py [line:257] one_slot INFO 2pending block 2 in 0.195172 
2024-07-21 17:26:59,821 superfastpath_3.py [line:275] one_slot INFO read pending block 2 in 0.212905 
2024-07-21 17:26:59,821 superfastpath_3.py [line:306] one_slot INFO Leaving slot 2 
2024-07-21 17:26:59,822 superfastpath_3.py [line:232] one_slot INFO Entering slot 3 
2024-07-21 17:27:00,059 superfastpath_3.py [line:248] one_slot INFO pending block 3 in 0.167001 
2024-07-21 17:27:00,060 superfastpath_3.py [line:257] one_slot INFO 2pending block 3 in 0.167859 
2024-07-21 17:27:00,078 superfastpath_3.py [line:275] one_slot INFO read pending block 3 in 0.185648 
2024-07-21 17:27:00,078 superfastpath_3.py [line:306] one_slot INFO Leaving slot 3 
2024-07-21 17:27:00,078 superfastpath_3.py [line:232] one_slot INFO Entering slot 4 
2024-07-21 17:27:00,529 superfastpath_3.py [line:248] one_slot INFO pending block 4 in 0.165930 
2024-07-21 17:27:00,529 superfastpath_3.py [line:257] one_slot INFO 2pending block 4 in 0.166147 
2024-07-21 17:27:00,545 superfastpath_3.py [line:275] one_slot INFO read pending block 4 in 0.182175 
2024-07-21 17:27:00,545 superfastpath_3.py [line:306] one_slot INFO Leaving slot 4 
2024-07-21 17:27:00,545 superfastpath_3.py [line:232] one_slot INFO Entering slot 5 
2024-07-21 17:27:00,945 superfastpath_3.py [line:248] one_slot INFO pending block 5 in 0.140306 
2024-07-21 17:27:00,945 superfastpath_3.py [line:257] one_slot INFO 2pending block 5 in 0.140531 
2024-07-21 17:27:00,964 superfastpath_3.py [line:275] one_slot INFO read pending block 5 in 0.159405 
2024-07-21 17:27:00,964 superfastpath_3.py [line:306] one_slot INFO Leaving slot 5 
2024-07-21 17:27:00,965 superfastpath_3.py [line:232] one_slot INFO Entering slot 6 
2024-07-21 17:27:01,366 superfastpath_3.py [line:248] one_slot INFO pending block 6 in 0.126164 
2024-07-21 17:27:01,367 superfastpath_3.py [line:257] one_slot INFO 2pending block 6 in 0.126556 
2024-07-21 17:27:01,390 superfastpath_3.py [line:275] one_slot INFO read pending block 6 in 0.149539 
2024-07-21 17:27:01,390 superfastpath_3.py [line:306] one_slot INFO Leaving slot 6 
2024-07-21 17:27:01,390 superfastpath_3.py [line:232] one_slot INFO Entering slot 7 
2024-07-21 17:27:01,790 superfastpath_3.py [line:248] one_slot INFO pending block 7 in 0.148002 
2024-07-21 17:27:01,790 superfastpath_3.py [line:257] one_slot INFO 2pending block 7 in 0.148437 
2024-07-21 17:27:01,812 superfastpath_3.py [line:275] one_slot INFO read pending block 7 in 0.170261 
2024-07-21 17:27:01,812 superfastpath_3.py [line:306] one_slot INFO Leaving slot 7 
2024-07-21 17:27:01,812 superfastpath_3.py [line:232] one_slot INFO Entering slot 8 
2024-07-21 17:27:02,199 superfastpath_3.py [line:248] one_slot INFO pending block 8 in 0.117768 
2024-07-21 17:27:02,199 superfastpath_3.py [line:257] one_slot INFO 2pending block 8 in 0.117959 
2024-07-21 17:27:02,215 superfastpath_3.py [line:275] one_slot INFO read pending block 8 in 0.133920 
2024-07-21 17:27:02,215 superfastpath_3.py [line:306] one_slot INFO Leaving slot 8 
2024-07-21 17:27:02,215 superfastpath_3.py [line:232] one_slot INFO Entering slot 9 
2024-07-21 17:27:02,664 superfastpath_3.py [line:248] one_slot INFO pending block 9 in 0.142951 
2024-07-21 17:27:02,664 superfastpath_3.py [line:257] one_slot INFO 2pending block 9 in 0.143161 
2024-07-21 17:27:02,680 superfastpath_3.py [line:275] one_slot INFO read pending block 9 in 0.159070 
2024-07-21 17:27:02,680 superfastpath_3.py [line:284] one_slot INFO 3pending block 9 in 0.159310 
2024-07-21 17:27:02,681 superfastpath_3.py [line:288] one_slot INFO delay block 8 in 0.599818 
2024-07-21 17:27:02,696 superfastpath_3.py [line:295] one_slot INFO Fast block at Node 12 for Epoch sidAFAST0 and Slot 8 has delay, TPS and TXs: 0.5998179912567139, 10000 
2024-07-21 17:27:02,696 superfastpath_3.py [line:297] one_slot INFO AVG TPS: 11307, running time 0.884374, weighted delay: 0.599818 
2024-07-21 17:27:02,697 superfastpath_3.py [line:302] one_slot INFO output block for slot 8 taking 0.615850 sec 
2024-07-21 17:27:02,697 superfastpath_3.py [line:306] one_slot INFO Leaving slot 9 
2024-07-21 17:27:02,697 superfastpath_3.py [line:232] one_slot INFO Entering slot 10 
2024-07-21 17:27:03,151 superfastpath_3.py [line:248] one_slot INFO pending block 10 in 0.159528 
2024-07-21 17:27:03,152 superfastpath_3.py [line:257] one_slot INFO 2pending block 10 in 0.160024 
2024-07-21 17:27:03,171 superfastpath_3.py [line:275] one_slot INFO read pending block 10 in 0.179084 
2024-07-21 17:27:03,171 superfastpath_3.py [line:284] one_slot INFO 3pending block 10 in 0.179367 
2024-07-21 17:27:03,171 superfastpath_3.py [line:288] one_slot INFO delay block 9 in 0.649873 
2024-07-21 17:27:03,189 superfastpath_3.py [line:295] one_slot INFO Fast block at Node 12 for Epoch sidAFAST0 and Slot 9 has delay, TPS and TXs: 0.6498727798461914, 20000 
2024-07-21 17:27:03,189 superfastpath_3.py [line:297] one_slot INFO AVG TPS: 14525, running time 1.376881, weighted delay: 0.624845 
2024-07-21 17:27:03,189 superfastpath_3.py [line:302] one_slot INFO output block for slot 9 taking 0.667992 sec 
2024-07-21 17:27:03,189 superfastpath_3.py [line:306] one_slot INFO Leaving slot 10 
2024-07-21 17:27:03,189 superfastpath_3.py [line:232] one_slot INFO Entering slot 11 
2024-07-21 17:27:03,593 superfastpath_3.py [line:248] one_slot INFO pending block 11 in 0.142591 
2024-07-21 17:27:03,593 superfastpath_3.py [line:257] one_slot INFO 2pending block 11 in 0.142796 
2024-07-21 17:27:03,621 superfastpath_3.py [line:275] one_slot INFO read pending block 11 in 0.170408 
2024-07-21 17:27:03,621 superfastpath_3.py [line:284] one_slot INFO 3pending block 11 in 0.170604 
2024-07-21 17:27:03,621 superfastpath_3.py [line:288] one_slot INFO delay block 10 in 0.629598 
2024-07-21 17:27:03,644 superfastpath_3.py [line:295] one_slot INFO Fast block at Node 12 for Epoch sidAFAST0 and Slot 10 has delay, TPS and TXs: 0.6295976638793945, 30000 
2024-07-21 17:27:03,644 superfastpath_3.py [line:297] one_slot INFO AVG TPS: 16377, running time 1.831831, weighted delay: 0.626429 
2024-07-21 17:27:03,644 superfastpath_3.py [line:302] one_slot INFO output block for slot 10 taking 0.652547 sec 
2024-07-21 17:27:03,644 superfastpath_3.py [line:306] one_slot INFO Leaving slot 11 
2024-07-21 17:27:03,644 superfastpath_3.py [line:232] one_slot INFO Entering slot 12 
2024-07-21 17:27:04,053 superfastpath_3.py [line:248] one_slot INFO pending block 12 in 0.139760 
2024-07-21 17:27:04,054 superfastpath_3.py [line:257] one_slot INFO 2pending block 12 in 0.140501 
2024-07-21 17:27:04,077 superfastpath_3.py [line:275] one_slot INFO read pending block 12 in 0.163447 
2024-07-21 17:27:04,077 superfastpath_3.py [line:284] one_slot INFO 3pending block 12 in 0.163675 
2024-07-21 17:27:04,077 superfastpath_3.py [line:288] one_slot INFO delay block 11 in 0.627033 
2024-07-21 17:27:04,094 superfastpath_3.py [line:295] one_slot INFO Fast block at Node 12 for Epoch sidAFAST0 and Slot 11 has delay, TPS and TXs: 0.6270325183868408, 40000 
2024-07-21 17:27:04,094 superfastpath_3.py [line:297] one_slot INFO AVG TPS: 17526, running time 2.282315, weighted delay: 0.626580 
2024-07-21 17:27:04,095 superfastpath_3.py [line:302] one_slot INFO output block for slot 11 taking 0.644515 sec 
2024-07-21 17:27:04,095 superfastpath_3.py [line:306] one_slot INFO Leaving slot 12 
2024-07-21 17:27:04,095 superfastpath_3.py [line:232] one_slot INFO Entering slot 13 
2024-07-21 17:27:04,497 superfastpath_3.py [line:248] one_slot INFO pending block 13 in 0.107688 
2024-07-21 17:27:04,497 superfastpath_3.py [line:257] one_slot INFO 2pending block 13 in 0.108084 
2024-07-21 17:27:04,514 superfastpath_3.py [line:275] one_slot INFO read pending block 13 in 0.125134 
2024-07-21 17:27:04,514 superfastpath_3.py [line:284] one_slot INFO 3pending block 13 in 0.125323 
2024-07-21 17:27:04,514 superfastpath_3.py [line:288] one_slot INFO delay block 12 in 0.600794 
2024-07-21 17:27:04,533 superfastpath_3.py [line:295] one_slot INFO Fast block at Node 12 for Epoch sidAFAST0 and Slot 12 has delay, TPS and TXs: 0.6007938385009766, 50000 
2024-07-21 17:27:04,533 superfastpath_3.py [line:297] one_slot INFO AVG TPS: 18376, running time 2.720891, weighted delay: 0.621423 
2024-07-21 17:27:04,533 superfastpath_3.py [line:302] one_slot INFO output block for slot 12 taking 0.619472 sec 
2024-07-21 17:27:04,533 superfastpath_3.py [line:306] one_slot INFO Leaving slot 13 
2024-07-21 17:27:04,533 superfastpath_3.py [line:232] one_slot INFO Entering slot 14 
2024-07-21 17:27:05,008 superfastpath_3.py [line:248] one_slot INFO pending block 14 in 0.156097 
2024-07-21 17:27:05,009 superfastpath_3.py [line:257] one_slot INFO 2pending block 14 in 0.156450 
2024-07-21 17:27:05,028 superfastpath_3.py [line:275] one_slot INFO read pending block 14 in 0.175333 
2024-07-21 17:27:05,028 superfastpath_3.py [line:284] one_slot INFO 3pending block 14 in 0.175727 
2024-07-21 17:27:05,028 superfastpath_3.py [line:288] one_slot INFO delay block 13 in 0.639212 
2024-07-21 17:27:05,047 superfastpath_3.py [line:295] one_slot INFO Fast block at Node 12 for Epoch sidAFAST0 and Slot 13 has delay, TPS and TXs: 0.6392123699188232, 60000 
2024-07-21 17:27:05,047 superfastpath_3.py [line:297] one_slot INFO AVG TPS: 18547, running time 3.234981, weighted delay: 0.624388 
2024-07-21 17:27:05,047 superfastpath_3.py [line:302] one_slot INFO output block for slot 13 taking 0.658176 sec 
2024-07-21 17:27:05,047 superfastpath_3.py [line:306] one_slot INFO Leaving slot 14 
2024-07-21 17:27:05,047 superfastpath_3.py [line:232] one_slot INFO Entering slot 15 
2024-07-21 17:27:05,445 superfastpath_3.py [line:248] one_slot INFO pending block 15 in 0.118742 
2024-07-21 17:27:05,445 superfastpath_3.py [line:257] one_slot INFO 2pending block 15 in 0.118954 
2024-07-21 17:27:05,465 superfastpath_3.py [line:275] one_slot INFO read pending block 15 in 0.138689 
2024-07-21 17:27:05,465 superfastpath_3.py [line:284] one_slot INFO 3pending block 15 in 0.139210 
2024-07-21 17:27:05,465 superfastpath_3.py [line:288] one_slot INFO delay block 14 in 0.613018 
2024-07-21 17:27:05,485 superfastpath_3.py [line:295] one_slot INFO Fast block at Node 12 for Epoch sidAFAST0 and Slot 14 has delay, TPS and TXs: 0.6130175590515137, 70000 
2024-07-21 17:27:05,486 superfastpath_3.py [line:297] one_slot INFO AVG TPS: 19055, running time 3.673533, weighted delay: 0.622764 
2024-07-21 17:27:05,486 superfastpath_3.py [line:302] one_slot INFO output block for slot 14 taking 0.633908 sec 
2024-07-21 17:27:05,486 superfastpath_3.py [line:306] one_slot INFO Leaving slot 15 
2024-07-21 17:27:05,487 superfastpath_3.py [line:232] one_slot INFO Entering slot 16 
2024-07-21 17:27:05,770 superfastpath_3.py [line:248] one_slot INFO pending block 16 in 0.018173 
2024-07-21 17:27:05,770 superfastpath_3.py [line:257] one_slot INFO 2pending block 16 in 0.018368 
2024-07-21 17:27:05,770 superfastpath_3.py [line:275] one_slot INFO read pending block 16 in 0.018510 
2024-07-21 17:27:05,775 superfastpath_3.py [line:284] one_slot INFO 3pending block 16 in 0.023993 
2024-07-21 17:27:05,775 superfastpath_3.py [line:288] one_slot INFO delay block 15 in 0.449446 
2024-07-21 17:27:05,806 superfastpath_3.py [line:295] one_slot INFO Fast block at Node 12 for Epoch sidAFAST0 and Slot 15 has delay, TPS and TXs: 0.449446439743042, 80000 
2024-07-21 17:27:05,806 superfastpath_3.py [line:297] one_slot INFO AVG TPS: 20028, running time 3.994317, weighted delay: 0.601099 
2024-07-21 17:27:05,807 superfastpath_3.py [line:302] one_slot INFO output block for slot 15 taking 0.480532 sec 
2024-07-21 17:27:05,807 superfastpath_3.py [line:306] one_slot INFO Leaving slot 16 
2024-07-21 17:27:05,807 superfastpath_3.py [line:371] sufastpath INFO Leaves fastpath at 17 slot 
2024-07-21 17:27:05,807 Superfast.py [line:308] wait_for_fastpath INFO Fastpath of epoch 0 completed 
2024-07-21 17:27:05,807 Superfast.py [line:337] _run_epoch INFO Fastpath tps: 20027 delay 0.601099 
2024-07-21 17:30:44,610 sufp_node.py [line:79] run INFO node 12's starts to run consensus on process id 28857 
2024-07-21 17:30:44,611 sufp_node.py [line:80] run INFO parameters: N=16, f=5, S=15, T=5, fast-batch=1000, acs-batch=62, K=1, O=0 
2024-07-21 17:30:44,611 sufp_node.py [line:62] prepare_bootstrap INFO node id 12 is inserting dummy payload TXs 
2024-07-21 17:30:44,612 sufp_node.py [line:70] prepare_bootstrap INFO node id 12 just inserts 50000 TXs 
2024-07-21 17:30:44,612 sufp_node.py [line:70] prepare_bootstrap INFO node id 12 just inserts 50000 TXs 
2024-07-21 17:30:44,612 sufp_node.py [line:74] prepare_bootstrap INFO node id 12 completed the loading of dummy TXs 
2024-07-21 17:30:44,612 Superfast.py [line:178] run_bft INFO Node 12 starts to run at time:1721554244.6123574 
2024-07-21 17:30:44,612 Superfast.py [line:231] _run_epoch INFO Node enters epoch 0 
2024-07-21 17:30:44,613 superfastpath_3.py [line:43] sufastpath INFO Entering fast path 
2024-07-21 17:30:44,613 superfastpath_3.py [line:232] one_slot INFO Entering slot 1 
2024-07-21 17:30:45,008 superfastpath_3.py [line:248] one_slot INFO pending block 1 in 0.041883 
2024-07-21 17:30:45,008 superfastpath_3.py [line:257] one_slot INFO 2pending block 1 in 0.042065 
2024-07-21 17:30:45,010 superfastpath_3.py [line:275] one_slot INFO read pending block 1 in 0.044593 
2024-07-21 17:30:45,011 superfastpath_3.py [line:306] one_slot INFO Leaving slot 1 
2024-07-21 17:30:45,011 superfastpath_3.py [line:232] one_slot INFO Entering slot 2 
2024-07-21 17:30:45,081 superfastpath_3.py [line:248] one_slot INFO pending block 2 in 0.030833 
2024-07-21 17:30:45,081 superfastpath_3.py [line:257] one_slot INFO 2pending block 2 in 0.031137 
2024-07-21 17:30:45,085 superfastpath_3.py [line:275] one_slot INFO read pending block 2 in 0.035501 
2024-07-21 17:30:45,085 superfastpath_3.py [line:306] one_slot INFO Leaving slot 2 
2024-07-21 17:30:45,088 superfastpath_3.py [line:232] one_slot INFO Entering slot 3 
2024-07-21 17:30:45,140 superfastpath_3.py [line:248] one_slot INFO pending block 3 in 0.039263 
2024-07-21 17:30:45,140 superfastpath_3.py [line:257] one_slot INFO 2pending block 3 in 0.039452 
2024-07-21 17:30:45,142 superfastpath_3.py [line:275] one_slot INFO read pending block 3 in 0.041382 
2024-07-21 17:30:45,142 superfastpath_3.py [line:306] one_slot INFO Leaving slot 3 
2024-07-21 17:30:45,143 superfastpath_3.py [line:232] one_slot INFO Entering slot 4 
2024-07-21 17:30:45,198 superfastpath_3.py [line:248] one_slot INFO pending block 4 in 0.027085 
2024-07-21 17:30:45,198 superfastpath_3.py [line:257] one_slot INFO 2pending block 4 in 0.027273 
2024-07-21 17:30:45,200 superfastpath_3.py [line:275] one_slot INFO read pending block 4 in 0.029083 
2024-07-21 17:30:45,200 superfastpath_3.py [line:306] one_slot INFO Leaving slot 4 
2024-07-21 17:30:45,209 superfastpath_3.py [line:232] one_slot INFO Entering slot 5 
2024-07-21 17:30:45,276 superfastpath_3.py [line:248] one_slot INFO pending block 5 in 0.031045 
2024-07-21 17:30:45,276 superfastpath_3.py [line:257] one_slot INFO 2pending block 5 in 0.031232 
2024-07-21 17:30:45,279 superfastpath_3.py [line:275] one_slot INFO read pending block 5 in 0.034242 
2024-07-21 17:30:45,279 superfastpath_3.py [line:306] one_slot INFO Leaving slot 5 
2024-07-21 17:30:45,280 superfastpath_3.py [line:232] one_slot INFO Entering slot 6 
2024-07-21 17:30:50,281 superfastpath_3.py [line:364] sufastpath INFO Fastpath Timeout! 
2024-07-21 17:30:50,281 superfastpath_3.py [line:371] sufastpath INFO Leaves fastpath at 6 slot 
2024-07-21 17:30:50,281 Superfast.py [line:308] wait_for_fastpath INFO Fastpath of epoch 0 completed 
2024-07-21 17:30:55,282 Superfast.py [line:208] run_bft INFO node 12 breaks in 10.669921 seconds in epoch 0 with total delivered Txs 0 and average delay 0.000000 
2024-07-21 17:32:25,627 sufp_node.py [line:79] run INFO node 12's starts to run consensus on process id 29296 
2024-07-21 17:32:25,627 sufp_node.py [line:80] run INFO parameters: N=16, f=5, S=15, T=5, fast-batch=1000, acs-batch=62, K=1, O=0 
2024-07-21 17:32:25,627 sufp_node.py [line:62] prepare_bootstrap INFO node id 12 is inserting dummy payload TXs 
2024-07-21 17:32:25,628 sufp_node.py [line:70] prepare_bootstrap INFO node id 12 just inserts 50000 TXs 
2024-07-21 17:32:25,628 sufp_node.py [line:70] prepare_bootstrap INFO node id 12 just inserts 50000 TXs 
2024-07-21 17:32:25,628 sufp_node.py [line:74] prepare_bootstrap INFO node id 12 completed the loading of dummy TXs 
2024-07-21 17:32:25,628 Superfast.py [line:178] run_bft INFO Node 12 starts to run at time:1721554345.6284106 
2024-07-21 17:32:25,628 Superfast.py [line:231] _run_epoch INFO Node enters epoch 0 
2024-07-21 17:32:25,629 superfastpath_3.py [line:43] sufastpath INFO Entering fast path 
2024-07-21 17:32:25,629 superfastpath_3.py [line:232] one_slot INFO Entering slot 1 
2024-07-21 17:32:25,678 superfastpath_3.py [line:248] one_slot INFO pending block 1 in 0.037816 
2024-07-21 17:32:25,679 superfastpath_3.py [line:257] one_slot INFO 2pending block 1 in 0.038007 
2024-07-21 17:32:25,680 superfastpath_3.py [line:275] one_slot INFO read pending block 1 in 0.039382 
2024-07-21 17:32:25,680 superfastpath_3.py [line:306] one_slot INFO Leaving slot 1 
2024-07-21 17:32:25,680 superfastpath_3.py [line:232] one_slot INFO Entering slot 2 
2024-07-21 17:32:25,763 superfastpath_3.py [line:248] one_slot INFO pending block 2 in 0.033561 
2024-07-21 17:32:25,767 superfastpath_3.py [line:257] one_slot INFO 2pending block 2 in 0.038314 
2024-07-21 17:32:25,769 superfastpath_3.py [line:275] one_slot INFO read pending block 2 in 0.040127 
2024-07-21 17:32:25,769 superfastpath_3.py [line:306] one_slot INFO Leaving slot 2 
2024-07-21 17:32:25,769 superfastpath_3.py [line:232] one_slot INFO Entering slot 3 
2024-07-21 17:32:25,811 superfastpath_3.py [line:248] one_slot INFO pending block 3 in 0.020841 
2024-07-21 17:32:25,811 superfastpath_3.py [line:257] one_slot INFO 2pending block 3 in 0.021298 
2024-07-21 17:32:25,814 superfastpath_3.py [line:275] one_slot INFO read pending block 3 in 0.023959 
2024-07-21 17:32:25,814 superfastpath_3.py [line:306] one_slot INFO Leaving slot 3 
2024-07-21 17:32:25,815 superfastpath_3.py [line:232] one_slot INFO Entering slot 4 
2024-07-21 17:32:30,815 superfastpath_3.py [line:364] sufastpath INFO Fastpath Timeout! 
2024-07-21 17:32:30,815 superfastpath_3.py [line:371] sufastpath INFO Leaves fastpath at 4 slot 
2024-07-21 17:32:30,816 Superfast.py [line:308] wait_for_fastpath INFO Fastpath of epoch 0 completed 
2024-07-21 17:32:35,838 Superfast.py [line:208] run_bft INFO node 12 breaks in 10.209938 seconds in epoch 0 with total delivered Txs 0 and average delay 0.000000 
2024-07-21 17:39:26,509 sufp_node.py [line:79] run INFO node 12's starts to run consensus on process id 29657 
2024-07-21 17:39:26,509 sufp_node.py [line:80] run INFO parameters: N=16, f=5, S=15, T=5, fast-batch=1000, acs-batch=62, K=1, O=0 
2024-07-21 17:39:26,510 sufp_node.py [line:62] prepare_bootstrap INFO node id 12 is inserting dummy payload TXs 
2024-07-21 17:39:26,510 sufp_node.py [line:70] prepare_bootstrap INFO node id 12 just inserts 50000 TXs 
2024-07-21 17:39:26,510 sufp_node.py [line:70] prepare_bootstrap INFO node id 12 just inserts 50000 TXs 
2024-07-21 17:39:26,510 sufp_node.py [line:74] prepare_bootstrap INFO node id 12 completed the loading of dummy TXs 
2024-07-21 17:39:26,510 Superfast.py [line:178] run_bft INFO Node 12 starts to run at time:1721554766.510756 
2024-07-21 17:39:26,510 Superfast.py [line:231] _run_epoch INFO Node enters epoch 0 
2024-07-21 17:39:26,511 superfastpath_3.py [line:43] sufastpath INFO Entering fast path 
2024-07-21 17:39:26,511 superfastpath_3.py [line:232] one_slot INFO Entering slot 1 
2024-07-21 17:39:26,537 superfastpath_3.py [line:248] one_slot INFO pending block 1 in 0.020847 
2024-07-21 17:39:26,537 superfastpath_3.py [line:257] one_slot INFO 2pending block 1 in 0.021031 
2024-07-21 17:39:26,539 superfastpath_3.py [line:275] one_slot INFO read pending block 1 in 0.022733 
2024-07-21 17:39:26,539 superfastpath_3.py [line:306] one_slot INFO Leaving slot 1 
2024-07-21 17:39:26,539 superfastpath_3.py [line:232] one_slot INFO Entering slot 2 
2024-07-21 17:39:26,614 superfastpath_3.py [line:248] one_slot INFO pending block 2 in 0.019398 
2024-07-21 17:39:26,615 superfastpath_3.py [line:257] one_slot INFO 2pending block 2 in 0.019584 
2024-07-21 17:39:26,623 superfastpath_3.py [line:275] one_slot INFO read pending block 2 in 0.028347 
2024-07-21 17:39:26,624 superfastpath_3.py [line:306] one_slot INFO Leaving slot 2 
2024-07-21 17:39:26,624 superfastpath_3.py [line:232] one_slot INFO Entering slot 3 
2024-07-21 17:39:26,691 superfastpath_3.py [line:248] one_slot INFO pending block 3 in 0.049269 
2024-07-21 17:39:26,692 superfastpath_3.py [line:257] one_slot INFO 2pending block 3 in 0.049572 
2024-07-21 17:39:26,695 superfastpath_3.py [line:275] one_slot INFO read pending block 3 in 0.053002 
2024-07-21 17:39:26,695 superfastpath_3.py [line:306] one_slot INFO Leaving slot 3 
2024-07-21 17:39:26,696 superfastpath_3.py [line:232] one_slot INFO Entering slot 4 
2024-07-21 17:39:31,698 superfastpath_3.py [line:364] sufastpath INFO Fastpath Timeout! 
2024-07-21 17:39:31,698 superfastpath_3.py [line:371] sufastpath INFO Leaves fastpath at 4 slot 
2024-07-21 17:39:31,699 Superfast.py [line:308] wait_for_fastpath INFO Fastpath of epoch 0 completed 
2024-07-21 17:39:36,700 Superfast.py [line:208] run_bft INFO node 12 breaks in 10.189368 seconds in epoch 0 with total delivered Txs 0 and average delay 0.000000 
2024-07-21 17:44:32,797 sufp_node.py [line:79] run INFO node 12's starts to run consensus on process id 29960 
2024-07-21 17:44:32,797 sufp_node.py [line:80] run INFO parameters: N=16, f=5, S=15, T=5, fast-batch=1000, acs-batch=62, K=1, O=0 
2024-07-21 17:44:32,797 sufp_node.py [line:62] prepare_bootstrap INFO node id 12 is inserting dummy payload TXs 
2024-07-21 17:44:32,798 sufp_node.py [line:70] prepare_bootstrap INFO node id 12 just inserts 50000 TXs 
2024-07-21 17:44:32,798 sufp_node.py [line:70] prepare_bootstrap INFO node id 12 just inserts 50000 TXs 
2024-07-21 17:44:32,798 sufp_node.py [line:74] prepare_bootstrap INFO node id 12 completed the loading of dummy TXs 
2024-07-21 17:44:32,798 Superfast.py [line:178] run_bft INFO Node 12 starts to run at time:1721555072.7985647 
2024-07-21 17:44:32,798 Superfast.py [line:231] _run_epoch INFO Node enters epoch 0 
2024-07-21 17:44:32,799 superfastpath_3.py [line:43] sufastpath INFO Entering fast path 
2024-07-21 17:44:32,799 superfastpath_3.py [line:232] one_slot INFO Entering slot 1 
2024-07-21 17:44:32,835 superfastpath_3.py [line:250] one_slot INFO pending block 1 in 0.030359 
2024-07-21 17:44:32,836 superfastpath_3.py [line:259] one_slot INFO 2pending block 1 in 0.030721 
2024-07-21 17:44:32,837 superfastpath_3.py [line:277] one_slot INFO read pending block 1 in 0.032371 
2024-07-21 17:44:32,838 superfastpath_3.py [line:308] one_slot INFO Leaving slot 1 
2024-07-21 17:44:32,838 superfastpath_3.py [line:232] one_slot INFO Entering slot 2 
2024-07-21 17:44:32,900 superfastpath_3.py [line:250] one_slot INFO pending block 2 in 0.015047 
2024-07-21 17:44:32,900 superfastpath_3.py [line:259] one_slot INFO 2pending block 2 in 0.015300 
2024-07-21 17:44:32,902 superfastpath_3.py [line:277] one_slot INFO read pending block 2 in 0.016946 
2024-07-21 17:44:32,902 superfastpath_3.py [line:308] one_slot INFO Leaving slot 2 
2024-07-21 17:44:32,902 superfastpath_3.py [line:232] one_slot INFO Entering slot 3 
2024-07-21 17:44:32,970 superfastpath_3.py [line:250] one_slot INFO pending block 3 in 0.048616 
2024-07-21 17:44:32,970 superfastpath_3.py [line:259] one_slot INFO 2pending block 3 in 0.048815 
2024-07-21 17:44:32,971 superfastpath_3.py [line:277] one_slot INFO read pending block 3 in 0.050545 
2024-07-21 17:44:32,972 superfastpath_3.py [line:308] one_slot INFO Leaving slot 3 
2024-07-21 17:44:32,972 superfastpath_3.py [line:232] one_slot INFO Entering slot 4 
2024-07-21 17:44:37,978 superfastpath_3.py [line:366] sufastpath INFO Fastpath Timeout! 
2024-07-21 17:44:37,978 superfastpath_3.py [line:373] sufastpath INFO Leaves fastpath at 4 slot 
2024-07-21 17:44:37,979 Superfast.py [line:308] wait_for_fastpath INFO Fastpath of epoch 0 completed 
2024-07-21 17:48:22,229 sufp_node.py [line:79] run INFO node 12's starts to run consensus on process id 30243 
2024-07-21 17:48:22,230 sufp_node.py [line:80] run INFO parameters: N=16, f=5, S=15, T=5, fast-batch=1000, acs-batch=62, K=1, O=0 
2024-07-21 17:48:22,230 sufp_node.py [line:62] prepare_bootstrap INFO node id 12 is inserting dummy payload TXs 
2024-07-21 17:48:22,231 sufp_node.py [line:70] prepare_bootstrap INFO node id 12 just inserts 50000 TXs 
2024-07-21 17:48:22,231 sufp_node.py [line:70] prepare_bootstrap INFO node id 12 just inserts 50000 TXs 
2024-07-21 17:48:22,231 sufp_node.py [line:74] prepare_bootstrap INFO node id 12 completed the loading of dummy TXs 
2024-07-21 17:48:22,231 Superfast.py [line:178] run_bft INFO Node 12 starts to run at time:1721555302.2316213 
2024-07-21 17:48:22,231 Superfast.py [line:231] _run_epoch INFO Node enters epoch 0 
2024-07-21 17:48:22,233 superfastpath_3.py [line:43] sufastpath INFO Entering fast path 
2024-07-21 17:48:22,234 superfastpath_3.py [line:232] one_slot INFO Entering slot 1 
2024-07-21 17:48:22,311 superfastpath_3.py [line:250] one_slot INFO pending block 1 in 0.071440 
2024-07-21 17:48:22,311 superfastpath_3.py [line:259] one_slot INFO 2pending block 1 in 0.071653 
2024-07-21 17:48:22,313 superfastpath_3.py [line:277] one_slot INFO read pending block 1 in 0.073369 
2024-07-21 17:48:22,317 superfastpath_3.py [line:308] one_slot INFO Leaving slot 1 
2024-07-21 17:48:22,317 superfastpath_3.py [line:232] one_slot INFO Entering slot 2 
2024-07-21 17:48:22,347 superfastpath_3.py [line:250] one_slot INFO pending block 2 in 0.019436 
2024-07-21 17:48:22,347 superfastpath_3.py [line:259] one_slot INFO 2pending block 2 in 0.019751 
2024-07-21 17:48:22,352 superfastpath_3.py [line:277] one_slot INFO read pending block 2 in 0.023990 
2024-07-21 17:48:22,352 superfastpath_3.py [line:308] one_slot INFO Leaving slot 2 
2024-07-21 17:48:22,352 superfastpath_3.py [line:232] one_slot INFO Entering slot 3 
2024-07-21 17:48:22,401 superfastpath_3.py [line:250] one_slot INFO pending block 3 in 0.026503 
2024-07-21 17:48:22,401 superfastpath_3.py [line:259] one_slot INFO 2pending block 3 in 0.026693 
2024-07-21 17:48:22,403 superfastpath_3.py [line:277] one_slot INFO read pending block 3 in 0.028108 
2024-07-21 17:48:22,403 superfastpath_3.py [line:308] one_slot INFO Leaving slot 3 
2024-07-21 17:48:22,403 superfastpath_3.py [line:232] one_slot INFO Entering slot 4 
2024-07-21 17:48:27,404 superfastpath_3.py [line:366] sufastpath INFO Fastpath Timeout! 
2024-07-21 17:48:27,405 superfastpath_3.py [line:373] sufastpath INFO Leaves fastpath at 4 slot 
2024-07-21 17:48:27,405 Superfast.py [line:308] wait_for_fastpath INFO Fastpath of epoch 0 completed 
2024-07-21 17:52:05,507 sufp_node.py [line:79] run INFO node 12's starts to run consensus on process id 30564 
2024-07-21 17:52:05,507 sufp_node.py [line:80] run INFO parameters: N=16, f=5, S=15, T=5, fast-batch=1000, acs-batch=62, K=1, O=0 
2024-07-21 17:52:05,507 sufp_node.py [line:62] prepare_bootstrap INFO node id 12 is inserting dummy payload TXs 
2024-07-21 17:52:05,508 sufp_node.py [line:70] prepare_bootstrap INFO node id 12 just inserts 50000 TXs 
2024-07-21 17:52:05,508 sufp_node.py [line:70] prepare_bootstrap INFO node id 12 just inserts 50000 TXs 
2024-07-21 17:52:05,508 sufp_node.py [line:74] prepare_bootstrap INFO node id 12 completed the loading of dummy TXs 
2024-07-21 17:52:05,508 Superfast.py [line:178] run_bft INFO Node 12 starts to run at time:1721555525.5085251 
2024-07-21 17:52:05,508 Superfast.py [line:231] _run_epoch INFO Node enters epoch 0 
2024-07-21 17:52:05,509 superfastpath_3.py [line:43] sufastpath INFO Entering fast path 
2024-07-21 17:52:05,509 superfastpath_3.py [line:233] one_slot INFO Entering slot 1 
2024-07-21 17:52:05,510 superfastpath_3.py [line:241] one_slot INFO send vote in 1 b'>\xf6~\x99L\x89?h\xac\xe5z\xd1\x8d\x0e\xb8\xd8ec\x89O\x087\x91\xd2\x14P\x1d\xa2\xae\xfa+d' 
2024-07-21 17:52:05,954 superfastpath_3.py [line:251] one_slot INFO pending block 1 in 0.035814 
2024-07-21 17:52:05,954 superfastpath_3.py [line:260] one_slot INFO 2pending block 1 in 0.035977 
2024-07-21 17:52:05,955 superfastpath_3.py [line:278] one_slot INFO read pending block 1 in 0.037315 
2024-07-21 17:52:05,955 superfastpath_3.py [line:309] one_slot INFO Leaving slot 1 
2024-07-21 17:52:05,955 superfastpath_3.py [line:233] one_slot INFO Entering slot 2 
2024-07-21 17:52:05,956 superfastpath_3.py [line:241] one_slot INFO send vote in 2 b'\x9b\xe1\xaco\x9fV\x04J6\x87v+\xfa6a\xf2\xaaU\xcaN\r:\xf8\xfe\xf9\x11\x8a\x07)\xbf\xa1^' 
2024-07-21 17:52:05,994 superfastpath_3.py [line:251] one_slot INFO pending block 2 in 0.030996 
2024-07-21 17:52:05,994 superfastpath_3.py [line:260] one_slot INFO 2pending block 2 in 0.031196 
2024-07-21 17:52:05,996 superfastpath_3.py [line:278] one_slot INFO read pending block 2 in 0.033106 
2024-07-21 17:52:05,997 superfastpath_3.py [line:309] one_slot INFO Leaving slot 2 
2024-07-21 17:52:05,997 superfastpath_3.py [line:233] one_slot INFO Entering slot 3 
2024-07-21 17:52:05,997 superfastpath_3.py [line:241] one_slot INFO send vote in 3 b'\xba\xa5EM:\xc4\x00\xa3:\x16\xa4\xf9\x98\xf3 \x0b\x99YF\xc2\x12\xbe]\x891\x91\x94\xd9\x80jdA' 
2024-07-21 17:52:06,054 superfastpath_3.py [line:251] one_slot INFO pending block 3 in 0.043659 
2024-07-21 17:52:06,054 superfastpath_3.py [line:260] one_slot INFO 2pending block 3 in 0.043849 
2024-07-21 17:52:06,059 superfastpath_3.py [line:278] one_slot INFO read pending block 3 in 0.048657 
2024-07-21 17:52:06,059 superfastpath_3.py [line:309] one_slot INFO Leaving slot 3 
2024-07-21 17:52:06,060 superfastpath_3.py [line:233] one_slot INFO Entering slot 4 
2024-07-21 17:52:06,062 superfastpath_3.py [line:241] one_slot INFO send vote in 4 b'/\xda.\x80\x02\xe3{\xf4\xed\xf6\x8a\x7flH\x1ag\xc8m\xa94An\xd5\x81\xfa\x91\x97e\x14\x17`k' 
2024-07-21 17:52:11,063 superfastpath_3.py [line:367] sufastpath INFO Fastpath Timeout! 
2024-07-21 17:52:11,063 superfastpath_3.py [line:374] sufastpath INFO Leaves fastpath at 4 slot 
2024-07-21 17:52:11,064 Superfast.py [line:308] wait_for_fastpath INFO Fastpath of epoch 0 completed 
2024-07-21 17:53:16,838 sufp_node.py [line:79] run INFO node 12's starts to run consensus on process id 30825 
2024-07-21 17:53:16,838 sufp_node.py [line:80] run INFO parameters: N=16, f=5, S=15, T=5, fast-batch=1000, acs-batch=62, K=1, O=0 
2024-07-21 17:53:16,838 sufp_node.py [line:62] prepare_bootstrap INFO node id 12 is inserting dummy payload TXs 
2024-07-21 17:53:16,839 sufp_node.py [line:70] prepare_bootstrap INFO node id 12 just inserts 50000 TXs 
2024-07-21 17:53:16,839 sufp_node.py [line:70] prepare_bootstrap INFO node id 12 just inserts 50000 TXs 
2024-07-21 17:53:16,839 sufp_node.py [line:74] prepare_bootstrap INFO node id 12 completed the loading of dummy TXs 
2024-07-21 17:53:16,840 Superfast.py [line:178] run_bft INFO Node 12 starts to run at time:1721555596.8401399 
2024-07-21 17:53:16,840 Superfast.py [line:231] _run_epoch INFO Node enters epoch 0 
2024-07-21 17:53:16,841 superfastpath_3.py [line:43] sufastpath INFO Entering fast path 
2024-07-21 17:53:16,841 superfastpath_3.py [line:233] one_slot INFO Entering slot 1 
2024-07-21 17:53:16,843 superfastpath_3.py [line:241] one_slot INFO send vote in 1 b'>\xf6~\x99L\x89?h\xac\xe5z\xd1\x8d\x0e\xb8\xd8ec\x89O\x087\x91\xd2\x14P\x1d\xa2\xae\xfa+d' 
2024-07-21 17:53:17,299 superfastpath_3.py [line:251] one_slot INFO pending block 1 in 0.035229 
2024-07-21 17:53:17,299 superfastpath_3.py [line:260] one_slot INFO 2pending block 1 in 0.035358 
2024-07-21 17:53:17,300 superfastpath_3.py [line:278] one_slot INFO read pending block 1 in 0.036733 
2024-07-21 17:53:17,300 superfastpath_3.py [line:309] one_slot INFO Leaving slot 1 
2024-07-21 17:53:17,301 superfastpath_3.py [line:233] one_slot INFO Entering slot 2 
2024-07-21 17:53:17,301 superfastpath_3.py [line:241] one_slot INFO send vote in 2 b'\xb0\x9b\x06y\x9cH\x87N\x0b&\xb9\xcf\x99\x8bsl\xad\x93\xc9T\xb7\x1c\xab\x92K\xb4\x99\xcd\x98\xdf\xb4\x1a' 
2024-07-21 17:53:17,350 superfastpath_3.py [line:251] one_slot INFO pending block 2 in 0.026279 
2024-07-21 17:53:17,351 superfastpath_3.py [line:260] one_slot INFO 2pending block 2 in 0.026733 
2024-07-21 17:53:17,352 superfastpath_3.py [line:278] one_slot INFO read pending block 2 in 0.028441 
2024-07-21 17:53:17,352 superfastpath_3.py [line:309] one_slot INFO Leaving slot 2 
2024-07-21 17:53:17,353 superfastpath_3.py [line:233] one_slot INFO Entering slot 3 
2024-07-21 17:53:17,353 superfastpath_3.py [line:241] one_slot INFO send vote in 3 b'_\x03\xf5\xa0G`\xcb\xac\xd7\xdb\x1aA\xcf\x17\xab\x8d`)\xab\xbb\xc9\xb3\x84/\xbd\xf12\x85oYB\x15' 
2024-07-21 17:53:17,375 superfastpath_3.py [line:251] one_slot INFO pending block 3 in 0.015289 
2024-07-21 17:53:17,376 superfastpath_3.py [line:260] one_slot INFO 2pending block 3 in 0.015447 
2024-07-21 17:53:17,377 superfastpath_3.py [line:278] one_slot INFO read pending block 3 in 0.016844 
2024-07-21 17:53:17,377 superfastpath_3.py [line:309] one_slot INFO Leaving slot 3 
2024-07-21 17:53:17,377 superfastpath_3.py [line:233] one_slot INFO Entering slot 4 
2024-07-21 17:53:17,378 superfastpath_3.py [line:241] one_slot INFO send vote in 4 b'\x11M 58\x02MZ\x0e\x18_\x8fQ\xe5I\x97UG\x0f\xf2\x91\xd7\xb3\x8c\xfdw\xa9t\xdd]\xcf\x9a' 
2024-07-21 17:53:22,378 superfastpath_3.py [line:367] sufastpath INFO Fastpath Timeout! 
2024-07-21 17:53:22,378 superfastpath_3.py [line:374] sufastpath INFO Leaves fastpath at 4 slot 
2024-07-21 17:53:22,379 Superfast.py [line:308] wait_for_fastpath INFO Fastpath of epoch 0 completed 
2024-07-21 17:55:45,739 sufp_node.py [line:79] run INFO node 12's starts to run consensus on process id 31094 
2024-07-21 17:55:45,740 sufp_node.py [line:80] run INFO parameters: N=16, f=5, S=15, T=5, fast-batch=1000, acs-batch=62, K=1, O=0 
2024-07-21 17:55:45,740 sufp_node.py [line:62] prepare_bootstrap INFO node id 12 is inserting dummy payload TXs 
2024-07-21 17:55:45,740 sufp_node.py [line:70] prepare_bootstrap INFO node id 12 just inserts 50000 TXs 
2024-07-21 17:55:45,740 sufp_node.py [line:70] prepare_bootstrap INFO node id 12 just inserts 50000 TXs 
2024-07-21 17:55:45,740 sufp_node.py [line:74] prepare_bootstrap INFO node id 12 completed the loading of dummy TXs 
2024-07-21 17:55:45,741 Superfast.py [line:178] run_bft INFO Node 12 starts to run at time:1721555745.741043 
2024-07-21 17:55:45,741 Superfast.py [line:231] _run_epoch INFO Node enters epoch 0 
2024-07-21 17:55:45,741 superfastpath.py [line:43] sufastpath INFO Entering fast path 
2024-07-21 17:55:45,742 superfastpath.py [line:230] one_slot INFO Entering slot 1 
2024-07-21 17:55:45,862 superfastpath.py [line:246] one_slot INFO pending block 1 in 0.120823 
2024-07-21 17:55:45,863 superfastpath.py [line:255] one_slot INFO 2pending block 1 in 0.121002 
2024-07-21 17:55:45,864 superfastpath.py [line:273] one_slot INFO read pending block 1 in 0.122390 
2024-07-21 17:55:45,864 superfastpath.py [line:304] one_slot INFO Leaving slot 1 
2024-07-21 17:55:45,864 superfastpath.py [line:230] one_slot INFO Entering slot 2 
2024-07-21 17:55:45,966 superfastpath.py [line:246] one_slot INFO pending block 2 in 0.101477 
2024-07-21 17:55:45,966 superfastpath.py [line:255] one_slot INFO 2pending block 2 in 0.101671 
2024-07-21 17:55:45,970 superfastpath.py [line:273] one_slot INFO read pending block 2 in 0.105218 
2024-07-21 17:55:45,970 superfastpath.py [line:304] one_slot INFO Leaving slot 2 
2024-07-21 17:55:45,970 superfastpath.py [line:230] one_slot INFO Entering slot 3 
2024-07-21 17:55:46,008 superfastpath.py [line:246] one_slot INFO pending block 3 in 0.038361 
2024-07-21 17:55:46,010 superfastpath.py [line:255] one_slot INFO 2pending block 3 in 0.039278 
2024-07-21 17:55:46,014 superfastpath.py [line:273] one_slot INFO read pending block 3 in 0.043746 
2024-07-21 17:55:46,015 superfastpath.py [line:304] one_slot INFO Leaving slot 3 
2024-07-21 17:55:46,016 superfastpath.py [line:230] one_slot INFO Entering slot 4 
2024-07-21 17:55:46,104 superfastpath.py [line:246] one_slot INFO pending block 4 in 0.087796 
2024-07-21 17:55:46,104 superfastpath.py [line:255] one_slot INFO 2pending block 4 in 0.087980 
2024-07-21 17:55:46,107 superfastpath.py [line:273] one_slot INFO read pending block 4 in 0.091506 
2024-07-21 17:55:46,108 superfastpath.py [line:304] one_slot INFO Leaving slot 4 
2024-07-21 17:55:46,108 superfastpath.py [line:230] one_slot INFO Entering slot 5 
2024-07-21 17:55:46,180 superfastpath.py [line:246] one_slot INFO pending block 5 in 0.072231 
2024-07-21 17:55:46,181 superfastpath.py [line:255] one_slot INFO 2pending block 5 in 0.072402 
2024-07-21 17:55:46,182 superfastpath.py [line:273] one_slot INFO read pending block 5 in 0.074007 
2024-07-21 17:55:46,182 superfastpath.py [line:304] one_slot INFO Leaving slot 5 
2024-07-21 17:55:46,183 superfastpath.py [line:230] one_slot INFO Entering slot 6 
2024-07-21 17:55:51,183 superfastpath.py [line:362] sufastpath INFO Fastpath Timeout! 
2024-07-21 17:55:51,183 superfastpath.py [line:369] sufastpath INFO Leaves fastpath at 6 slot 
2024-07-21 17:55:51,184 Superfast.py [line:308] wait_for_fastpath INFO Fastpath of epoch 0 completed 
2024-07-21 17:58:38,251 sufp_node.py [line:79] run INFO node 12's starts to run consensus on process id 31372 
2024-07-21 17:58:38,252 sufp_node.py [line:80] run INFO parameters: N=16, f=5, S=15, T=5, fast-batch=1000, acs-batch=62, K=1, O=0 
2024-07-21 17:58:38,252 sufp_node.py [line:62] prepare_bootstrap INFO node id 12 is inserting dummy payload TXs 
2024-07-21 17:58:38,253 sufp_node.py [line:70] prepare_bootstrap INFO node id 12 just inserts 50000 TXs 
2024-07-21 17:58:38,253 sufp_node.py [line:70] prepare_bootstrap INFO node id 12 just inserts 50000 TXs 
2024-07-21 17:58:38,254 sufp_node.py [line:74] prepare_bootstrap INFO node id 12 completed the loading of dummy TXs 
2024-07-21 17:58:38,254 Superfast.py [line:178] run_bft INFO Node 12 starts to run at time:1721555918.2545342 
2024-07-21 17:58:38,254 Superfast.py [line:231] _run_epoch INFO Node enters epoch 0 
2024-07-21 17:58:38,256 superfastpath.py [line:43] sufastpath INFO Entering fast path 
2024-07-21 17:58:38,256 superfastpath.py [line:230] one_slot INFO Entering slot 1 
2024-07-21 17:58:38,932 superfastpath.py [line:246] one_slot INFO pending block 1 in 0.674767 
2024-07-21 17:58:38,932 superfastpath.py [line:255] one_slot INFO 2pending block 1 in 0.674966 
2024-07-21 17:58:38,933 superfastpath.py [line:273] one_slot INFO read pending block 1 in 0.676603 
2024-07-21 17:58:38,933 superfastpath.py [line:304] one_slot INFO Leaving slot 1 
2024-07-21 17:58:38,934 superfastpath.py [line:230] one_slot INFO Entering slot 2 
2024-07-21 17:58:39,022 superfastpath.py [line:246] one_slot INFO pending block 2 in 0.087729 
2024-07-21 17:58:39,022 superfastpath.py [line:255] one_slot INFO 2pending block 2 in 0.088464 
2024-07-21 17:58:39,029 superfastpath.py [line:273] one_slot INFO read pending block 2 in 0.095007 
2024-07-21 17:58:39,029 superfastpath.py [line:304] one_slot INFO Leaving slot 2 
2024-07-21 17:58:39,029 superfastpath.py [line:230] one_slot INFO Entering slot 3 
2024-07-21 17:58:39,059 superfastpath.py [line:246] one_slot INFO pending block 3 in 0.029127 
2024-07-21 17:58:39,059 superfastpath.py [line:255] one_slot INFO 2pending block 3 in 0.029321 
2024-07-21 17:58:39,060 superfastpath.py [line:273] one_slot INFO read pending block 3 in 0.031009 
2024-07-21 17:58:39,061 superfastpath.py [line:304] one_slot INFO Leaving slot 3 
2024-07-21 17:58:39,061 superfastpath.py [line:230] one_slot INFO Entering slot 4 
2024-07-21 17:58:44,061 superfastpath.py [line:362] sufastpath INFO Fastpath Timeout! 
2024-07-21 17:58:44,062 superfastpath.py [line:369] sufastpath INFO Leaves fastpath at 4 slot 
2024-07-21 17:58:44,062 Superfast.py [line:308] wait_for_fastpath INFO Fastpath of epoch 0 completed 
2024-07-21 17:59:51,831 sufp_node.py [line:79] run INFO node 12's starts to run consensus on process id 31625 
2024-07-21 17:59:51,832 sufp_node.py [line:80] run INFO parameters: N=16, f=5, S=15, T=5, fast-batch=1000, acs-batch=62, K=1, O=0 
2024-07-21 17:59:51,832 sufp_node.py [line:62] prepare_bootstrap INFO node id 12 is inserting dummy payload TXs 
2024-07-21 17:59:51,833 sufp_node.py [line:70] prepare_bootstrap INFO node id 12 just inserts 50000 TXs 
2024-07-21 17:59:51,833 sufp_node.py [line:70] prepare_bootstrap INFO node id 12 just inserts 50000 TXs 
2024-07-21 17:59:51,833 sufp_node.py [line:74] prepare_bootstrap INFO node id 12 completed the loading of dummy TXs 
2024-07-21 17:59:51,833 Superfast.py [line:178] run_bft INFO Node 12 starts to run at time:1721555991.8338199 
2024-07-21 17:59:51,834 Superfast.py [line:231] _run_epoch INFO Node enters epoch 0 
2024-07-21 17:59:51,835 superfastpath.py [line:43] sufastpath INFO Entering fast path 
2024-07-21 17:59:51,835 superfastpath.py [line:230] one_slot INFO Entering slot 1 
2024-07-21 17:59:52,156 superfastpath.py [line:246] one_slot INFO pending block 1 in 0.320585 
2024-07-21 17:59:52,156 superfastpath.py [line:255] one_slot INFO 2pending block 1 in 0.320770 
2024-07-21 17:59:52,161 superfastpath.py [line:273] one_slot INFO read pending block 1 in 0.326126 
2024-07-21 17:59:52,161 superfastpath.py [line:304] one_slot INFO Leaving slot 1 
2024-07-21 17:59:52,162 superfastpath.py [line:230] one_slot INFO Entering slot 2 
2024-07-21 17:59:52,217 superfastpath.py [line:246] one_slot INFO pending block 2 in 0.054644 
2024-07-21 17:59:52,218 superfastpath.py [line:255] one_slot INFO 2pending block 2 in 0.054908 
2024-07-21 17:59:52,226 superfastpath.py [line:273] one_slot INFO read pending block 2 in 0.063731 
2024-07-21 17:59:52,227 superfastpath.py [line:304] one_slot INFO Leaving slot 2 
2024-07-21 17:59:52,228 superfastpath.py [line:230] one_slot INFO Entering slot 3 
2024-07-21 17:59:52,277 superfastpath.py [line:246] one_slot INFO pending block 3 in 0.049480 
2024-07-21 17:59:52,281 superfastpath.py [line:255] one_slot INFO 2pending block 3 in 0.052611 
2024-07-21 17:59:52,284 superfastpath.py [line:273] one_slot INFO read pending block 3 in 0.055802 
2024-07-21 17:59:52,285 superfastpath.py [line:304] one_slot INFO Leaving slot 3 
2024-07-21 17:59:52,286 superfastpath.py [line:230] one_slot INFO Entering slot 4 
2024-07-21 17:59:52,325 superfastpath.py [line:246] one_slot INFO pending block 4 in 0.038629 
2024-07-21 17:59:52,325 superfastpath.py [line:255] one_slot INFO 2pending block 4 in 0.038805 
2024-07-21 17:59:52,329 superfastpath.py [line:273] one_slot INFO read pending block 4 in 0.043131 
2024-07-21 17:59:52,330 superfastpath.py [line:304] one_slot INFO Leaving slot 4 
2024-07-21 17:59:52,330 superfastpath.py [line:230] one_slot INFO Entering slot 5 
2024-07-21 17:59:52,369 superfastpath.py [line:246] one_slot INFO pending block 5 in 0.039038 
2024-07-21 17:59:52,369 superfastpath.py [line:255] one_slot INFO 2pending block 5 in 0.039234 
2024-07-21 17:59:52,376 superfastpath.py [line:273] one_slot INFO read pending block 5 in 0.045623 
2024-07-21 17:59:52,376 superfastpath.py [line:304] one_slot INFO Leaving slot 5 
2024-07-21 17:59:52,377 superfastpath.py [line:230] one_slot INFO Entering slot 6 
2024-07-21 17:59:52,426 superfastpath.py [line:246] one_slot INFO pending block 6 in 0.049386 
2024-07-21 17:59:52,426 superfastpath.py [line:255] one_slot INFO 2pending block 6 in 0.049551 
2024-07-21 17:59:52,431 superfastpath.py [line:273] one_slot INFO read pending block 6 in 0.054529 
2024-07-21 17:59:52,432 superfastpath.py [line:304] one_slot INFO Leaving slot 6 
2024-07-21 17:59:52,432 superfastpath.py [line:230] one_slot INFO Entering slot 7 
2024-07-21 17:59:52,470 superfastpath.py [line:246] one_slot INFO pending block 7 in 0.036993 
2024-07-21 17:59:52,470 superfastpath.py [line:255] one_slot INFO 2pending block 7 in 0.037229 
2024-07-21 17:59:52,471 superfastpath.py [line:273] one_slot INFO read pending block 7 in 0.038825 
2024-07-21 17:59:52,472 superfastpath.py [line:304] one_slot INFO Leaving slot 7 
2024-07-21 17:59:52,472 superfastpath.py [line:230] one_slot INFO Entering slot 8 
2024-07-21 17:59:52,519 superfastpath.py [line:246] one_slot INFO pending block 8 in 0.046890 
2024-07-21 17:59:52,519 superfastpath.py [line:255] one_slot INFO 2pending block 8 in 0.047077 
2024-07-21 17:59:52,521 superfastpath.py [line:273] one_slot INFO read pending block 8 in 0.048985 
2024-07-21 17:59:52,521 superfastpath.py [line:304] one_slot INFO Leaving slot 8 
2024-07-21 17:59:52,527 superfastpath.py [line:230] one_slot INFO Entering slot 9 
2024-07-21 17:59:52,572 superfastpath.py [line:246] one_slot INFO pending block 9 in 0.044635 
2024-07-21 17:59:52,572 superfastpath.py [line:255] one_slot INFO 2pending block 9 in 0.044807 
2024-07-21 17:59:52,574 superfastpath.py [line:273] one_slot INFO read pending block 9 in 0.046939 
2024-07-21 17:59:52,574 superfastpath.py [line:282] one_slot INFO 3pending block 9 in 0.047110 
2024-07-21 17:59:52,574 superfastpath.py [line:286] one_slot INFO delay block 8 in 0.102573 
2024-07-21 17:59:52,577 superfastpath.py [line:293] one_slot INFO Fast block at Node 12 for Epoch sidAFAST0 and Slot 8 has delay, TPS and TXs: 0.10257339477539062, 1000 
2024-07-21 17:59:52,577 superfastpath.py [line:295] one_slot INFO AVG TPS: 9501, running time 0.105250, weighted delay: 0.102573 
2024-07-21 17:59:52,577 superfastpath.py [line:300] one_slot INFO output block for slot 8 taking 0.105406 sec 
2024-07-21 17:59:52,577 superfastpath.py [line:304] one_slot INFO Leaving slot 9 
2024-07-21 17:59:52,577 superfastpath.py [line:230] one_slot INFO Entering slot 10 
2024-07-21 17:59:52,625 superfastpath.py [line:246] one_slot INFO pending block 10 in 0.047828 
2024-07-21 17:59:52,626 superfastpath.py [line:255] one_slot INFO 2pending block 10 in 0.048899 
2024-07-21 17:59:52,628 superfastpath.py [line:273] one_slot INFO read pending block 10 in 0.050619 
2024-07-21 17:59:52,628 superfastpath.py [line:282] one_slot INFO 3pending block 10 in 0.050753 
2024-07-21 17:59:52,628 superfastpath.py [line:286] one_slot INFO delay block 9 in 0.101179 
2024-07-21 17:59:52,634 superfastpath.py [line:293] one_slot INFO Fast block at Node 12 for Epoch sidAFAST0 and Slot 9 has delay, TPS and TXs: 0.10117864608764648, 2000 
2024-07-21 17:59:52,636 superfastpath.py [line:295] one_slot INFO AVG TPS: 12199, running time 0.163945, weighted delay: 0.101876 
2024-07-21 17:59:52,636 superfastpath.py [line:300] one_slot INFO output block for slot 9 taking 0.108535 sec 
2024-07-21 17:59:52,636 superfastpath.py [line:304] one_slot INFO Leaving slot 10 
2024-07-21 17:59:52,636 superfastpath.py [line:230] one_slot INFO Entering slot 11 
2024-07-21 17:59:52,685 superfastpath.py [line:246] one_slot INFO pending block 11 in 0.049141 
2024-07-21 17:59:52,685 superfastpath.py [line:255] one_slot INFO 2pending block 11 in 0.049297 
2024-07-21 17:59:52,687 superfastpath.py [line:273] one_slot INFO read pending block 11 in 0.050618 
2024-07-21 17:59:52,687 superfastpath.py [line:282] one_slot INFO 3pending block 11 in 0.050750 
2024-07-21 17:59:52,687 superfastpath.py [line:286] one_slot INFO delay block 10 in 0.109353 
2024-07-21 17:59:52,688 superfastpath.py [line:293] one_slot INFO Fast block at Node 12 for Epoch sidAFAST0 and Slot 10 has delay, TPS and TXs: 0.10935306549072266, 3000 
2024-07-21 17:59:52,688 superfastpath.py [line:295] one_slot INFO AVG TPS: 13840, running time 0.216751, weighted delay: 0.104368 
2024-07-21 17:59:52,688 superfastpath.py [line:300] one_slot INFO output block for slot 10 taking 0.110984 sec 
2024-07-21 17:59:52,689 superfastpath.py [line:304] one_slot INFO Leaving slot 11 
2024-07-21 17:59:52,689 superfastpath.py [line:230] one_slot INFO Entering slot 12 
2024-07-21 17:59:52,735 superfastpath.py [line:246] one_slot INFO pending block 12 in 0.046177 
2024-07-21 17:59:52,735 superfastpath.py [line:255] one_slot INFO 2pending block 12 in 0.046361 
2024-07-21 17:59:52,737 superfastpath.py [line:273] one_slot INFO read pending block 12 in 0.048064 
2024-07-21 17:59:52,737 superfastpath.py [line:282] one_slot INFO 3pending block 12 in 0.048227 
2024-07-21 17:59:52,737 superfastpath.py [line:286] one_slot INFO delay block 11 in 0.101093 
2024-07-21 17:59:52,759 superfastpath.py [line:293] one_slot INFO Fast block at Node 12 for Epoch sidAFAST0 and Slot 11 has delay, TPS and TXs: 0.10109257698059082, 4000 
2024-07-21 17:59:52,759 superfastpath.py [line:295] one_slot INFO AVG TPS: 13897, running time 0.287830, weighted delay: 0.103549 
2024-07-21 17:59:52,760 superfastpath.py [line:300] one_slot INFO output block for slot 11 taking 0.123569 sec 
2024-07-21 17:59:52,760 superfastpath.py [line:304] one_slot INFO Leaving slot 12 
2024-07-21 17:59:52,760 superfastpath.py [line:230] one_slot INFO Entering slot 13 
2024-07-21 17:59:52,803 superfastpath.py [line:246] one_slot INFO pending block 13 in 0.042757 
2024-07-21 17:59:52,803 superfastpath.py [line:255] one_slot INFO 2pending block 13 in 0.042922 
2024-07-21 17:59:52,806 superfastpath.py [line:273] one_slot INFO read pending block 13 in 0.045620 
2024-07-21 17:59:52,806 superfastpath.py [line:282] one_slot INFO 3pending block 13 in 0.045960 
2024-07-21 17:59:52,806 superfastpath.py [line:286] one_slot INFO delay block 12 in 0.117162 
2024-07-21 17:59:52,808 superfastpath.py [line:293] one_slot INFO Fast block at Node 12 for Epoch sidAFAST0 and Slot 12 has delay, TPS and TXs: 0.11716175079345703, 5000 
2024-07-21 17:59:52,808 superfastpath.py [line:295] one_slot INFO AVG TPS: 14860, running time 0.336455, weighted delay: 0.106272 
2024-07-21 17:59:52,808 superfastpath.py [line:300] one_slot INFO output block for slot 12 taking 0.119406 sec 
2024-07-21 17:59:52,808 superfastpath.py [line:304] one_slot INFO Leaving slot 13 
2024-07-21 17:59:52,808 superfastpath.py [line:230] one_slot INFO Entering slot 14 
2024-07-21 17:59:52,874 superfastpath.py [line:246] one_slot INFO pending block 14 in 0.065876 
2024-07-21 17:59:52,875 superfastpath.py [line:255] one_slot INFO 2pending block 14 in 0.066078 
2024-07-21 17:59:52,881 superfastpath.py [line:273] one_slot INFO read pending block 14 in 0.071004 
2024-07-21 17:59:52,881 superfastpath.py [line:282] one_slot INFO 3pending block 14 in 0.072521 
2024-07-21 17:59:52,881 superfastpath.py [line:286] one_slot INFO delay block 13 in 0.121193 
2024-07-21 17:59:52,884 superfastpath.py [line:293] one_slot INFO Fast block at Node 12 for Epoch sidAFAST0 and Slot 13 has delay, TPS and TXs: 0.12119293212890625, 6000 
2024-07-21 17:59:52,884 superfastpath.py [line:295] one_slot INFO AVG TPS: 14549, running time 0.412395, weighted delay: 0.108759 
2024-07-21 17:59:52,884 superfastpath.py [line:300] one_slot INFO output block for slot 13 taking 0.124269 sec 
2024-07-21 17:59:52,885 superfastpath.py [line:304] one_slot INFO Leaving slot 14 
2024-07-21 17:59:52,885 superfastpath.py [line:230] one_slot INFO Entering slot 15 
2024-07-21 17:59:52,922 superfastpath.py [line:246] one_slot INFO pending block 15 in 0.037166 
2024-07-21 17:59:52,922 superfastpath.py [line:255] one_slot INFO 2pending block 15 in 0.037354 
2024-07-21 17:59:52,926 superfastpath.py [line:273] one_slot INFO read pending block 15 in 0.040484 
2024-07-21 17:59:52,926 superfastpath.py [line:282] one_slot INFO 3pending block 15 in 0.040784 
2024-07-21 17:59:52,926 superfastpath.py [line:286] one_slot INFO delay block 14 in 0.117548 
2024-07-21 17:59:52,929 superfastpath.py [line:293] one_slot INFO Fast block at Node 12 for Epoch sidAFAST0 and Slot 14 has delay, TPS and TXs: 0.11754822731018066, 7000 
2024-07-21 17:59:52,930 superfastpath.py [line:295] one_slot INFO AVG TPS: 15260, running time 0.458711, weighted delay: 0.110014 
2024-07-21 17:59:52,931 superfastpath.py [line:300] one_slot INFO output block for slot 14 taking 0.122112 sec 
2024-07-21 17:59:52,931 superfastpath.py [line:304] one_slot INFO Leaving slot 15 
2024-07-21 17:59:52,931 superfastpath.py [line:230] one_slot INFO Entering slot 16 
2024-07-21 17:59:52,985 superfastpath.py [line:246] one_slot INFO pending block 16 in 0.053988 
2024-07-21 17:59:52,986 superfastpath.py [line:255] one_slot INFO 2pending block 16 in 0.054652 
2024-07-21 17:59:52,986 superfastpath.py [line:273] one_slot INFO read pending block 16 in 0.055242 
2024-07-21 17:59:52,986 superfastpath.py [line:282] one_slot INFO 3pending block 16 in 0.055406 
2024-07-21 17:59:52,987 superfastpath.py [line:286] one_slot INFO delay block 15 in 0.101928 
2024-07-21 17:59:52,989 superfastpath.py [line:293] one_slot INFO Fast block at Node 12 for Epoch sidAFAST0 and Slot 15 has delay, TPS and TXs: 0.10192751884460449, 8000 
2024-07-21 17:59:52,989 superfastpath.py [line:295] one_slot INFO AVG TPS: 15454, running time 0.517638, weighted delay: 0.109004 
2024-07-21 17:59:52,989 superfastpath.py [line:300] one_slot INFO output block for slot 15 taking 0.104361 sec 
2024-07-21 17:59:52,989 superfastpath.py [line:304] one_slot INFO Leaving slot 16 
2024-07-21 17:59:52,990 superfastpath.py [line:369] sufastpath INFO Leaves fastpath at 17 slot 
2024-07-21 17:59:52,990 Superfast.py [line:308] wait_for_fastpath INFO Fastpath of epoch 0 completed 
2024-07-21 17:59:52,990 Superfast.py [line:337] _run_epoch INFO Fastpath tps: 15449 delay 0.109004 
2024-07-21 17:59:58,002 Superfast.py [line:208] run_bft INFO node 12 breaks in 6.168790 seconds in epoch 0 with total delivered Txs 0 and average delay 0.000000 
2024-07-21 19:32:11,975 sufp_node.py [line:79] run INFO node 12's starts to run consensus on process id 32355 
2024-07-21 19:32:11,976 sufp_node.py [line:80] run INFO parameters: N=16, f=5, S=15, T=5, fast-batch=1000, acs-batch=62, K=1, O=0 
2024-07-21 19:32:11,976 sufp_node.py [line:62] prepare_bootstrap INFO node id 12 is inserting dummy payload TXs 
2024-07-21 19:32:11,976 sufp_node.py [line:70] prepare_bootstrap INFO node id 12 just inserts 50000 TXs 
2024-07-21 19:32:11,976 sufp_node.py [line:70] prepare_bootstrap INFO node id 12 just inserts 50000 TXs 
2024-07-21 19:32:11,976 sufp_node.py [line:74] prepare_bootstrap INFO node id 12 completed the loading of dummy TXs 
2024-07-21 19:32:11,977 Superfast.py [line:178] run_bft INFO Node 12 starts to run at time:1721561531.9770465 
2024-07-21 19:32:11,977 Superfast.py [line:231] _run_epoch INFO Node enters epoch 0 
2024-07-21 19:32:11,977 superfastpath.py [line:43] sufastpath INFO Entering fast path 
2024-07-21 19:32:11,978 superfastpath.py [line:230] one_slot INFO Entering slot 1 
2024-07-21 19:32:12,337 superfastpath.py [line:246] one_slot INFO pending block 1 in 0.358804 
2024-07-21 19:32:12,337 superfastpath.py [line:255] one_slot INFO 2pending block 1 in 0.359010 
2024-07-21 19:32:12,339 superfastpath.py [line:273] one_slot INFO read pending block 1 in 0.360609 
2024-07-21 19:32:12,339 superfastpath.py [line:304] one_slot INFO Leaving slot 1 
2024-07-21 19:32:12,339 superfastpath.py [line:230] one_slot INFO Entering slot 2 
2024-07-21 19:32:12,392 superfastpath.py [line:246] one_slot INFO pending block 2 in 0.052397 
2024-07-21 19:32:12,392 superfastpath.py [line:255] one_slot INFO 2pending block 2 in 0.052567 
2024-07-21 19:32:12,393 superfastpath.py [line:273] one_slot INFO read pending block 2 in 0.053996 
2024-07-21 19:32:12,393 superfastpath.py [line:304] one_slot INFO Leaving slot 2 
2024-07-21 19:32:12,393 superfastpath.py [line:230] one_slot INFO Entering slot 3 
2024-07-21 19:32:12,439 superfastpath.py [line:246] one_slot INFO pending block 3 in 0.045870 
2024-07-21 19:32:12,440 superfastpath.py [line:255] one_slot INFO 2pending block 3 in 0.046107 
2024-07-21 19:32:12,442 superfastpath.py [line:273] one_slot INFO read pending block 3 in 0.048091 
2024-07-21 19:32:12,442 superfastpath.py [line:304] one_slot INFO Leaving slot 3 
2024-07-21 19:32:12,442 superfastpath.py [line:230] one_slot INFO Entering slot 4 
2024-07-21 19:32:12,493 superfastpath.py [line:246] one_slot INFO pending block 4 in 0.050459 
2024-07-21 19:32:12,493 superfastpath.py [line:255] one_slot INFO 2pending block 4 in 0.050632 
2024-07-21 19:32:12,496 superfastpath.py [line:273] one_slot INFO read pending block 4 in 0.053175 
2024-07-21 19:32:12,496 superfastpath.py [line:304] one_slot INFO Leaving slot 4 
2024-07-21 19:32:12,496 superfastpath.py [line:230] one_slot INFO Entering slot 5 
2024-07-21 19:32:12,534 superfastpath.py [line:246] one_slot INFO pending block 5 in 0.038280 
2024-07-21 19:32:12,535 superfastpath.py [line:255] one_slot INFO 2pending block 5 in 0.038468 
2024-07-21 19:32:12,536 superfastpath.py [line:273] one_slot INFO read pending block 5 in 0.040297 
2024-07-21 19:32:12,537 superfastpath.py [line:304] one_slot INFO Leaving slot 5 
2024-07-21 19:32:12,537 superfastpath.py [line:230] one_slot INFO Entering slot 6 
2024-07-21 19:32:12,594 superfastpath.py [line:246] one_slot INFO pending block 6 in 0.056856 
2024-07-21 19:32:12,594 superfastpath.py [line:255] one_slot INFO 2pending block 6 in 0.057122 
2024-07-21 19:32:12,596 superfastpath.py [line:273] one_slot INFO read pending block 6 in 0.059056 
2024-07-21 19:32:12,596 superfastpath.py [line:304] one_slot INFO Leaving slot 6 
2024-07-21 19:32:12,596 superfastpath.py [line:230] one_slot INFO Entering slot 7 
2024-07-21 19:32:12,639 superfastpath.py [line:246] one_slot INFO pending block 7 in 0.042140 
2024-07-21 19:32:12,639 superfastpath.py [line:255] one_slot INFO 2pending block 7 in 0.042325 
2024-07-21 19:32:12,642 superfastpath.py [line:273] one_slot INFO read pending block 7 in 0.045729 
2024-07-21 19:32:12,643 superfastpath.py [line:304] one_slot INFO Leaving slot 7 
2024-07-21 19:32:12,644 superfastpath.py [line:230] one_slot INFO Entering slot 8 
2024-07-21 19:32:12,702 superfastpath.py [line:246] one_slot INFO pending block 8 in 0.058170 
2024-07-21 19:32:12,702 superfastpath.py [line:255] one_slot INFO 2pending block 8 in 0.058343 
2024-07-21 19:32:12,707 superfastpath.py [line:273] one_slot INFO read pending block 8 in 0.063050 
2024-07-21 19:32:12,707 superfastpath.py [line:304] one_slot INFO Leaving slot 8 
2024-07-21 19:32:12,710 superfastpath.py [line:230] one_slot INFO Entering slot 9 
2024-07-21 19:32:12,746 superfastpath.py [line:246] one_slot INFO pending block 9 in 0.031535 
2024-07-21 19:32:12,746 superfastpath.py [line:255] one_slot INFO 2pending block 9 in 0.031692 
2024-07-21 19:32:12,748 superfastpath.py [line:273] one_slot INFO read pending block 9 in 0.033900 
2024-07-21 19:32:12,748 superfastpath.py [line:282] one_slot INFO 3pending block 9 in 0.034104 
2024-07-21 19:32:12,749 superfastpath.py [line:286] one_slot INFO delay block 8 in 0.104518 
2024-07-21 19:32:12,751 superfastpath.py [line:293] one_slot INFO Fast block at Node 12 for Epoch sidAFAST0 and Slot 8 has delay, TPS and TXs: 0.10451841354370117, 1000 
2024-07-21 19:32:12,751 superfastpath.py [line:295] one_slot INFO AVG TPS: 9317, running time 0.107321, weighted delay: 0.104518 
2024-07-21 19:32:12,751 superfastpath.py [line:300] one_slot INFO output block for slot 8 taking 0.107491 sec 
2024-07-21 19:32:12,752 superfastpath.py [line:304] one_slot INFO Leaving slot 9 
2024-07-21 19:32:12,752 superfastpath.py [line:230] one_slot INFO Entering slot 10 
2024-07-21 19:32:12,808 superfastpath.py [line:246] one_slot INFO pending block 10 in 0.055810 
2024-07-21 19:32:12,809 superfastpath.py [line:255] one_slot INFO 2pending block 10 in 0.055976 
2024-07-21 19:32:12,812 superfastpath.py [line:273] one_slot INFO read pending block 10 in 0.059963 
2024-07-21 19:32:12,812 superfastpath.py [line:282] one_slot INFO 3pending block 10 in 0.060144 
2024-07-21 19:32:12,812 superfastpath.py [line:286] one_slot INFO delay block 9 in 0.097747 
2024-07-21 19:32:12,815 superfastpath.py [line:293] one_slot INFO Fast block at Node 12 for Epoch sidAFAST0 and Slot 9 has delay, TPS and TXs: 0.09774661064147949, 2000 
2024-07-21 19:32:12,815 superfastpath.py [line:295] one_slot INFO AVG TPS: 11683, running time 0.171178, weighted delay: 0.101133 
2024-07-21 19:32:12,815 superfastpath.py [line:300] one_slot INFO output block for slot 9 taking 0.100631 sec 
2024-07-21 19:32:12,816 superfastpath.py [line:304] one_slot INFO Leaving slot 10 
2024-07-21 19:32:12,816 superfastpath.py [line:230] one_slot INFO Entering slot 11 
2024-07-21 19:32:12,877 superfastpath.py [line:246] one_slot INFO pending block 11 in 0.061089 
2024-07-21 19:32:12,877 superfastpath.py [line:255] one_slot INFO 2pending block 11 in 0.061256 
2024-07-21 19:32:12,881 superfastpath.py [line:273] one_slot INFO read pending block 11 in 0.064806 
2024-07-21 19:32:12,881 superfastpath.py [line:282] one_slot INFO 3pending block 11 in 0.064980 
2024-07-21 19:32:12,881 superfastpath.py [line:286] one_slot INFO delay block 10 in 0.129089 
2024-07-21 19:32:12,883 superfastpath.py [line:293] one_slot INFO Fast block at Node 12 for Epoch sidAFAST0 and Slot 10 has delay, TPS and TXs: 0.1290888786315918, 3000 
2024-07-21 19:32:12,883 superfastpath.py [line:295] one_slot INFO AVG TPS: 12542, running time 0.239193, weighted delay: 0.110451 
2024-07-21 19:32:12,883 superfastpath.py [line:300] one_slot INFO output block for slot 10 taking 0.131149 sec 
2024-07-21 19:32:12,883 superfastpath.py [line:304] one_slot INFO Leaving slot 11 
2024-07-21 19:32:12,883 superfastpath.py [line:230] one_slot INFO Entering slot 12 
2024-07-21 19:32:12,899 superfastpath.py [line:246] one_slot INFO pending block 12 in 0.016260 
2024-07-21 19:32:12,900 superfastpath.py [line:255] one_slot INFO 2pending block 12 in 0.016410 
2024-07-21 19:32:12,904 superfastpath.py [line:273] one_slot INFO read pending block 12 in 0.021190 
2024-07-21 19:32:12,905 superfastpath.py [line:282] one_slot INFO 3pending block 12 in 0.021380 
2024-07-21 19:32:12,905 superfastpath.py [line:286] one_slot INFO delay block 11 in 0.088898 
2024-07-21 19:32:12,909 superfastpath.py [line:293] one_slot INFO Fast block at Node 12 for Epoch sidAFAST0 and Slot 11 has delay, TPS and TXs: 0.0888981819152832, 4000 
2024-07-21 19:32:12,910 superfastpath.py [line:295] one_slot INFO AVG TPS: 15043, running time 0.265905, weighted delay: 0.105063 
2024-07-21 19:32:12,910 superfastpath.py [line:300] one_slot INFO output block for slot 11 taking 0.093837 sec 
2024-07-21 19:32:12,910 superfastpath.py [line:304] one_slot INFO Leaving slot 12 
2024-07-21 19:32:12,910 superfastpath.py [line:230] one_slot INFO Entering slot 13 
2024-07-21 19:32:12,952 superfastpath.py [line:246] one_slot INFO pending block 13 in 0.041876 
2024-07-21 19:32:12,952 superfastpath.py [line:255] one_slot INFO 2pending block 13 in 0.042054 
2024-07-21 19:32:12,959 superfastpath.py [line:273] one_slot INFO read pending block 13 in 0.049147 
2024-07-21 19:32:12,959 superfastpath.py [line:282] one_slot INFO 3pending block 13 in 0.049320 
2024-07-21 19:32:12,959 superfastpath.py [line:286] one_slot INFO delay block 12 in 0.076097 
2024-07-21 19:32:12,961 superfastpath.py [line:293] one_slot INFO Fast block at Node 12 for Epoch sidAFAST0 and Slot 12 has delay, TPS and TXs: 0.07609724998474121, 5000 
2024-07-21 19:32:12,961 superfastpath.py [line:295] one_slot INFO AVG TPS: 15746, running time 0.317524, weighted delay: 0.099270 
2024-07-21 19:32:12,961 superfastpath.py [line:300] one_slot INFO output block for slot 12 taking 0.077999 sec 
2024-07-21 19:32:12,961 superfastpath.py [line:304] one_slot INFO Leaving slot 13 
2024-07-21 19:32:12,961 superfastpath.py [line:230] one_slot INFO Entering slot 14 
2024-07-21 19:32:13,032 superfastpath.py [line:246] one_slot INFO pending block 14 in 0.070639 
2024-07-21 19:32:13,032 superfastpath.py [line:255] one_slot INFO 2pending block 14 in 0.070820 
2024-07-21 19:32:13,036 superfastpath.py [line:273] one_slot INFO read pending block 14 in 0.074266 
2024-07-21 19:32:13,036 superfastpath.py [line:282] one_slot INFO 3pending block 14 in 0.074425 
2024-07-21 19:32:13,036 superfastpath.py [line:286] one_slot INFO delay block 13 in 0.126099 
2024-07-21 19:32:13,038 superfastpath.py [line:293] one_slot INFO Fast block at Node 12 for Epoch sidAFAST0 and Slot 13 has delay, TPS and TXs: 0.1260991096496582, 6000 
2024-07-21 19:32:13,038 superfastpath.py [line:295] one_slot INFO AVG TPS: 15197, running time 0.394803, weighted delay: 0.103741 
2024-07-21 19:32:13,039 superfastpath.py [line:300] one_slot INFO output block for slot 13 taking 0.128614 sec 
2024-07-21 19:32:13,039 superfastpath.py [line:304] one_slot INFO Leaving slot 14 
2024-07-21 19:32:13,039 superfastpath.py [line:230] one_slot INFO Entering slot 15 
2024-07-21 19:32:13,082 superfastpath.py [line:246] one_slot INFO pending block 15 in 0.043103 
2024-07-21 19:32:13,083 superfastpath.py [line:255] one_slot INFO 2pending block 15 in 0.043734 
2024-07-21 19:32:13,086 superfastpath.py [line:273] one_slot INFO read pending block 15 in 0.046939 
2024-07-21 19:32:13,086 superfastpath.py [line:282] one_slot INFO 3pending block 15 in 0.047114 
2024-07-21 19:32:13,086 superfastpath.py [line:286] one_slot INFO delay block 14 in 0.124503 
2024-07-21 19:32:13,088 superfastpath.py [line:293] one_slot INFO Fast block at Node 12 for Epoch sidAFAST0 and Slot 14 has delay, TPS and TXs: 0.12450265884399414, 7000 
2024-07-21 19:32:13,088 superfastpath.py [line:295] one_slot INFO AVG TPS: 15762, running time 0.444082, weighted delay: 0.106707 
2024-07-21 19:32:13,088 superfastpath.py [line:300] one_slot INFO output block for slot 14 taking 0.126302 sec 
2024-07-21 19:32:13,088 superfastpath.py [line:304] one_slot INFO Leaving slot 15 
2024-07-21 19:32:13,088 superfastpath.py [line:230] one_slot INFO Entering slot 16 
2024-07-21 19:32:13,113 superfastpath.py [line:246] one_slot INFO pending block 16 in 0.025141 
2024-07-21 19:32:13,114 superfastpath.py [line:255] one_slot INFO 2pending block 16 in 0.025487 
2024-07-21 19:32:13,114 superfastpath.py [line:273] one_slot INFO read pending block 16 in 0.025615 
2024-07-21 19:32:13,114 superfastpath.py [line:282] one_slot INFO 3pending block 16 in 0.025695 
2024-07-21 19:32:13,114 superfastpath.py [line:286] one_slot INFO delay block 15 in 0.075023 
2024-07-21 19:32:13,120 superfastpath.py [line:293] one_slot INFO Fast block at Node 12 for Epoch sidAFAST0 and Slot 15 has delay, TPS and TXs: 0.07502293586730957, 8000 
2024-07-21 19:32:13,120 superfastpath.py [line:295] one_slot INFO AVG TPS: 16789, running time 0.476487, weighted delay: 0.102747 
2024-07-21 19:32:13,120 superfastpath.py [line:300] one_slot INFO output block for slot 15 taking 0.081401 sec 
2024-07-21 19:32:13,120 superfastpath.py [line:304] one_slot INFO Leaving slot 16 
2024-07-21 19:32:13,120 superfastpath.py [line:369] sufastpath INFO Leaves fastpath at 17 slot 
2024-07-21 19:32:13,121 Superfast.py [line:308] wait_for_fastpath INFO Fastpath of epoch 0 completed 
2024-07-21 19:32:13,121 Superfast.py [line:337] _run_epoch INFO Fastpath tps: 16784 delay 0.102747 
2024-07-21 19:33:49,184 sufp_node.py [line:79] run INFO node 12's starts to run consensus on process id 32653 
2024-07-21 19:33:49,184 sufp_node.py [line:80] run INFO parameters: N=16, f=5, S=15, T=5, fast-batch=1000, acs-batch=62, K=1, O=0 
2024-07-21 19:33:49,184 sufp_node.py [line:62] prepare_bootstrap INFO node id 12 is inserting dummy payload TXs 
2024-07-21 19:33:49,184 sufp_node.py [line:70] prepare_bootstrap INFO node id 12 just inserts 50000 TXs 
2024-07-21 19:33:49,185 sufp_node.py [line:70] prepare_bootstrap INFO node id 12 just inserts 50000 TXs 
2024-07-21 19:33:49,185 sufp_node.py [line:74] prepare_bootstrap INFO node id 12 completed the loading of dummy TXs 
2024-07-21 19:33:49,185 Superfast.py [line:178] run_bft INFO Node 12 starts to run at time:1721561629.18527 
2024-07-21 19:33:49,185 Superfast.py [line:231] _run_epoch INFO Node enters epoch 0 
2024-07-21 19:33:49,185 superfastpath.py [line:43] sufastpath INFO Entering fast path 
2024-07-21 19:33:49,186 superfastpath.py [line:230] one_slot INFO Entering slot 1 
2024-07-21 19:33:49,417 superfastpath.py [line:246] one_slot INFO pending block 1 in 0.231616 
2024-07-21 19:33:49,418 superfastpath.py [line:255] one_slot INFO 2pending block 1 in 0.231814 
2024-07-21 19:33:49,419 superfastpath.py [line:273] one_slot INFO read pending block 1 in 0.233377 
2024-07-21 19:33:49,419 superfastpath.py [line:304] one_slot INFO Leaving slot 1 
2024-07-21 19:33:49,419 superfastpath.py [line:230] one_slot INFO Entering slot 2 
2024-07-21 19:33:49,483 superfastpath.py [line:246] one_slot INFO pending block 2 in 0.063166 
2024-07-21 19:33:49,483 superfastpath.py [line:255] one_slot INFO 2pending block 2 in 0.063461 
2024-07-21 19:33:49,485 superfastpath.py [line:273] one_slot INFO read pending block 2 in 0.065190 
2024-07-21 19:33:49,485 superfastpath.py [line:304] one_slot INFO Leaving slot 2 
2024-07-21 19:33:49,485 superfastpath.py [line:230] one_slot INFO Entering slot 3 
2024-07-21 19:33:49,542 superfastpath.py [line:246] one_slot INFO pending block 3 in 0.056684 
2024-07-21 19:33:49,542 superfastpath.py [line:255] one_slot INFO 2pending block 3 in 0.057164 
2024-07-21 19:33:49,544 superfastpath.py [line:273] one_slot INFO read pending block 3 in 0.059054 
2024-07-21 19:33:49,544 superfastpath.py [line:304] one_slot INFO Leaving slot 3 
2024-07-21 19:33:49,544 superfastpath.py [line:230] one_slot INFO Entering slot 4 
2024-07-21 19:33:49,616 superfastpath.py [line:246] one_slot INFO pending block 4 in 0.071391 
2024-07-21 19:33:49,617 superfastpath.py [line:255] one_slot INFO 2pending block 4 in 0.072021 
2024-07-21 19:33:49,620 superfastpath.py [line:273] one_slot INFO read pending block 4 in 0.075019 
2024-07-21 19:33:49,620 superfastpath.py [line:304] one_slot INFO Leaving slot 4 
2024-07-21 19:33:49,620 superfastpath.py [line:230] one_slot INFO Entering slot 5 
2024-07-21 19:33:49,665 superfastpath.py [line:246] one_slot INFO pending block 5 in 0.044576 
2024-07-21 19:33:49,665 superfastpath.py [line:255] one_slot INFO 2pending block 5 in 0.044774 
2024-07-21 19:33:49,669 superfastpath.py [line:273] one_slot INFO read pending block 5 in 0.048681 
2024-07-21 19:33:49,669 superfastpath.py [line:304] one_slot INFO Leaving slot 5 
2024-07-21 19:33:49,669 superfastpath.py [line:230] one_slot INFO Entering slot 6 
2024-07-21 19:33:49,702 superfastpath.py [line:246] one_slot INFO pending block 6 in 0.032745 
2024-07-21 19:33:49,702 superfastpath.py [line:255] one_slot INFO 2pending block 6 in 0.033014 
2024-07-21 19:33:49,704 superfastpath.py [line:273] one_slot INFO read pending block 6 in 0.034539 
2024-07-21 19:33:49,704 superfastpath.py [line:304] one_slot INFO Leaving slot 6 
2024-07-21 19:33:49,705 superfastpath.py [line:230] one_slot INFO Entering slot 7 
2024-07-21 19:33:49,749 superfastpath.py [line:246] one_slot INFO pending block 7 in 0.043795 
2024-07-21 19:33:49,749 superfastpath.py [line:255] one_slot INFO 2pending block 7 in 0.043978 
2024-07-21 19:33:49,753 superfastpath.py [line:273] one_slot INFO read pending block 7 in 0.048172 
2024-07-21 19:33:49,755 superfastpath.py [line:304] one_slot INFO Leaving slot 7 
2024-07-21 19:33:49,755 superfastpath.py [line:230] one_slot INFO Entering slot 8 
2024-07-21 19:33:49,800 superfastpath.py [line:246] one_slot INFO pending block 8 in 0.045111 
2024-07-21 19:33:49,801 superfastpath.py [line:255] one_slot INFO 2pending block 8 in 0.045316 
2024-07-21 19:33:49,802 superfastpath.py [line:273] one_slot INFO read pending block 8 in 0.047099 
2024-07-21 19:33:49,803 superfastpath.py [line:304] one_slot INFO Leaving slot 8 
2024-07-21 19:33:49,803 superfastpath.py [line:230] one_slot INFO Entering slot 9 
2024-07-21 19:33:49,866 superfastpath.py [line:246] one_slot INFO pending block 9 in 0.062769 
2024-07-21 19:33:49,866 superfastpath.py [line:255] one_slot INFO 2pending block 9 in 0.063514 
2024-07-21 19:33:49,868 superfastpath.py [line:273] one_slot INFO read pending block 9 in 0.065277 
2024-07-21 19:33:49,868 superfastpath.py [line:282] one_slot INFO 3pending block 9 in 0.065428 
2024-07-21 19:33:49,868 superfastpath.py [line:286] one_slot INFO delay block 8 in 0.113111 
2024-07-21 19:33:49,870 superfastpath.py [line:293] one_slot INFO Fast block at Node 12 for Epoch sidAFAST0 and Slot 8 has delay, TPS and TXs: 0.11311125755310059, 1000 
2024-07-21 19:33:49,870 superfastpath.py [line:295] one_slot INFO AVG TPS: 8683, running time 0.115159, weighted delay: 0.113111 
2024-07-21 19:33:49,870 superfastpath.py [line:300] one_slot INFO output block for slot 8 taking 0.115116 sec 
2024-07-21 19:33:49,870 superfastpath.py [line:304] one_slot INFO Leaving slot 9 
2024-07-21 19:33:49,871 superfastpath.py [line:230] one_slot INFO Entering slot 10 
2024-07-21 19:33:49,912 superfastpath.py [line:246] one_slot INFO pending block 10 in 0.041110 
2024-07-21 19:33:49,912 superfastpath.py [line:255] one_slot INFO 2pending block 10 in 0.041293 
2024-07-21 19:33:49,914 superfastpath.py [line:273] one_slot INFO read pending block 10 in 0.043579 
2024-07-21 19:33:49,974 superfastpath.py [line:282] one_slot INFO 3pending block 10 in 0.103198 
2024-07-21 19:33:49,974 superfastpath.py [line:286] one_slot INFO delay block 9 in 0.171161 
2024-07-21 19:33:49,975 superfastpath.py [line:293] one_slot INFO Fast block at Node 12 for Epoch sidAFAST0 and Slot 9 has delay, TPS and TXs: 0.17116093635559082, 2000 
2024-07-21 19:33:49,976 superfastpath.py [line:295] one_slot INFO AVG TPS: 9071, running time 0.220467, weighted delay: 0.142136 
2024-07-21 19:33:49,976 superfastpath.py [line:300] one_slot INFO output block for slot 9 taking 0.172841 sec 
2024-07-21 19:33:49,976 superfastpath.py [line:304] one_slot INFO Leaving slot 10 
2024-07-21 19:33:49,976 superfastpath.py [line:230] one_slot INFO Entering slot 11 
2024-07-21 19:33:50,016 superfastpath.py [line:246] one_slot INFO pending block 11 in 0.040013 
2024-07-21 19:33:50,016 superfastpath.py [line:255] one_slot INFO 2pending block 11 in 0.040203 
2024-07-21 19:33:50,018 superfastpath.py [line:273] one_slot INFO read pending block 11 in 0.041815 
2024-07-21 19:33:50,018 superfastpath.py [line:282] one_slot INFO 3pending block 11 in 0.041983 
2024-07-21 19:33:50,018 superfastpath.py [line:286] one_slot INFO delay block 10 in 0.147304 
2024-07-21 19:33:50,020 superfastpath.py [line:293] one_slot INFO Fast block at Node 12 for Epoch sidAFAST0 and Slot 10 has delay, TPS and TXs: 0.14730381965637207, 3000 
2024-07-21 19:33:50,021 superfastpath.py [line:295] one_slot INFO AVG TPS: 11328, running time 0.264812, weighted delay: 0.143859 
2024-07-21 19:33:50,022 superfastpath.py [line:300] one_slot INFO output block for slot 10 taking 0.151241 sec 
2024-07-21 19:33:50,022 superfastpath.py [line:304] one_slot INFO Leaving slot 11 
2024-07-21 19:33:50,022 superfastpath.py [line:230] one_slot INFO Entering slot 12 
2024-07-21 19:33:50,086 superfastpath.py [line:246] one_slot INFO pending block 12 in 0.063672 
2024-07-21 19:33:50,086 superfastpath.py [line:255] one_slot INFO 2pending block 12 in 0.064160 
2024-07-21 19:33:50,089 superfastpath.py [line:273] one_slot INFO read pending block 12 in 0.066562 
2024-07-21 19:33:50,089 superfastpath.py [line:282] one_slot INFO 3pending block 12 in 0.066805 
2024-07-21 19:33:50,089 superfastpath.py [line:286] one_slot INFO delay block 11 in 0.113182 
2024-07-21 19:33:50,091 superfastpath.py [line:293] one_slot INFO Fast block at Node 12 for Epoch sidAFAST0 and Slot 11 has delay, TPS and TXs: 0.11318230628967285, 4000 
2024-07-21 19:33:50,091 superfastpath.py [line:295] one_slot INFO AVG TPS: 11914, running time 0.335734, weighted delay: 0.136190 
2024-07-21 19:33:50,091 superfastpath.py [line:300] one_slot INFO output block for slot 11 taking 0.115079 sec 
2024-07-21 19:33:50,091 superfastpath.py [line:304] one_slot INFO Leaving slot 12 
2024-07-21 19:33:50,091 superfastpath.py [line:230] one_slot INFO Entering slot 13 
2024-07-21 19:33:50,128 superfastpath.py [line:246] one_slot INFO pending block 13 in 0.035469 
2024-07-21 19:33:50,129 superfastpath.py [line:255] one_slot INFO 2pending block 13 in 0.037298 
2024-07-21 19:33:50,135 superfastpath.py [line:273] one_slot INFO read pending block 13 in 0.043860 
2024-07-21 19:33:50,139 superfastpath.py [line:282] one_slot INFO 3pending block 13 in 0.047832 
2024-07-21 19:33:50,139 superfastpath.py [line:286] one_slot INFO delay block 12 in 0.117071 
2024-07-21 19:33:50,141 superfastpath.py [line:293] one_slot INFO Fast block at Node 12 for Epoch sidAFAST0 and Slot 12 has delay, TPS and TXs: 0.11707067489624023, 5000 
2024-07-21 19:33:50,141 superfastpath.py [line:295] one_slot INFO AVG TPS: 12962, running time 0.385717, weighted delay: 0.132366 
2024-07-21 19:33:50,141 superfastpath.py [line:300] one_slot INFO output block for slot 12 taking 0.118814 sec 
2024-07-21 19:33:50,141 superfastpath.py [line:304] one_slot INFO Leaving slot 13 
2024-07-21 19:33:50,141 superfastpath.py [line:230] one_slot INFO Entering slot 14 
2024-07-21 19:33:50,171 superfastpath.py [line:246] one_slot INFO pending block 14 in 0.029376 
2024-07-21 19:33:50,171 superfastpath.py [line:255] one_slot INFO 2pending block 14 in 0.029524 
2024-07-21 19:33:50,179 superfastpath.py [line:273] one_slot INFO read pending block 14 in 0.038072 
2024-07-21 19:33:50,182 superfastpath.py [line:282] one_slot INFO 3pending block 14 in 0.040856 
2024-07-21 19:33:50,182 superfastpath.py [line:286] one_slot INFO delay block 13 in 0.091025 
2024-07-21 19:33:50,186 superfastpath.py [line:293] one_slot INFO Fast block at Node 12 for Epoch sidAFAST0 and Slot 13 has delay, TPS and TXs: 0.09102535247802734, 6000 
2024-07-21 19:33:50,187 superfastpath.py [line:295] one_slot INFO AVG TPS: 13905, running time 0.431499, weighted delay: 0.125476 
2024-07-21 19:33:50,187 superfastpath.py [line:300] one_slot INFO output block for slot 13 taking 0.095455 sec 
2024-07-21 19:33:50,187 superfastpath.py [line:304] one_slot INFO Leaving slot 14 
2024-07-21 19:33:50,187 superfastpath.py [line:230] one_slot INFO Entering slot 15 
2024-07-21 19:33:50,258 superfastpath.py [line:246] one_slot INFO pending block 15 in 0.070540 
2024-07-21 19:33:50,258 superfastpath.py [line:255] one_slot INFO 2pending block 15 in 0.070701 
2024-07-21 19:33:50,259 superfastpath.py [line:273] one_slot INFO read pending block 15 in 0.072428 
2024-07-21 19:33:50,260 superfastpath.py [line:282] one_slot INFO 3pending block 15 in 0.072586 
2024-07-21 19:33:50,260 superfastpath.py [line:286] one_slot INFO delay block 14 in 0.118476 
2024-07-21 19:33:50,261 superfastpath.py [line:293] one_slot INFO Fast block at Node 12 for Epoch sidAFAST0 and Slot 14 has delay, TPS and TXs: 0.11847639083862305, 7000 
2024-07-21 19:33:50,261 superfastpath.py [line:295] one_slot INFO AVG TPS: 13826, running time 0.506290, weighted delay: 0.124476 
2024-07-21 19:33:50,262 superfastpath.py [line:300] one_slot INFO output block for slot 14 taking 0.120282 sec 
2024-07-21 19:33:50,262 superfastpath.py [line:304] one_slot INFO Leaving slot 15 
2024-07-21 19:33:50,262 superfastpath.py [line:230] one_slot INFO Entering slot 16 
2024-07-21 19:33:50,277 superfastpath.py [line:246] one_slot INFO pending block 16 in 0.014810 
2024-07-21 19:33:50,277 superfastpath.py [line:255] one_slot INFO 2pending block 16 in 0.014963 
2024-07-21 19:33:50,281 superfastpath.py [line:273] one_slot INFO read pending block 16 in 0.019500 
2024-07-21 19:33:50,282 superfastpath.py [line:282] one_slot INFO 3pending block 16 in 0.019859 
2024-07-21 19:33:50,282 superfastpath.py [line:286] one_slot INFO delay block 15 in 0.094774 
2024-07-21 19:33:50,287 superfastpath.py [line:293] one_slot INFO Fast block at Node 12 for Epoch sidAFAST0 and Slot 15 has delay, TPS and TXs: 0.09477424621582031, 8000 
2024-07-21 19:33:50,289 superfastpath.py [line:295] one_slot INFO AVG TPS: 14998, running time 0.533401, weighted delay: 0.120763 
2024-07-21 19:33:50,289 superfastpath.py [line:300] one_slot INFO output block for slot 15 taking 0.101609 sec 
2024-07-21 19:33:50,289 superfastpath.py [line:304] one_slot INFO Leaving slot 16 
2024-07-21 19:33:50,289 superfastpath.py [line:369] sufastpath INFO Leaves fastpath at 17 slot 
2024-07-21 19:33:50,289 Superfast.py [line:308] wait_for_fastpath INFO Fastpath of epoch 0 completed 
2024-07-21 19:33:50,291 Superfast.py [line:337] _run_epoch INFO Fastpath tps: 14992 delay 0.120763 
2024-07-21 19:35:35,477 sufp_node.py [line:79] run INFO node 12's starts to run consensus on process id 522 
2024-07-21 19:35:35,477 sufp_node.py [line:80] run INFO parameters: N=16, f=5, S=15, T=5, fast-batch=1000, acs-batch=62, K=1, O=0 
2024-07-21 19:35:35,477 sufp_node.py [line:62] prepare_bootstrap INFO node id 12 is inserting dummy payload TXs 
2024-07-21 19:35:35,477 sufp_node.py [line:70] prepare_bootstrap INFO node id 12 just inserts 50000 TXs 
2024-07-21 19:35:35,478 sufp_node.py [line:70] prepare_bootstrap INFO node id 12 just inserts 50000 TXs 
2024-07-21 19:35:35,478 sufp_node.py [line:74] prepare_bootstrap INFO node id 12 completed the loading of dummy TXs 
2024-07-21 19:35:35,478 Superfast.py [line:178] run_bft INFO Node 12 starts to run at time:1721561735.4782717 
2024-07-21 19:35:35,478 Superfast.py [line:231] _run_epoch INFO Node enters epoch 0 
2024-07-21 19:35:35,478 superfastpath.py [line:43] sufastpath INFO Entering fast path 
2024-07-21 19:35:35,479 superfastpath.py [line:231] one_slot INFO Entering slot 1 
2024-07-21 19:35:35,929 superfastpath.py [line:247] one_slot INFO pending block 1 in 0.450159 
2024-07-21 19:35:35,929 superfastpath.py [line:256] one_slot INFO 2pending block 1 in 0.450340 
2024-07-21 19:35:35,930 superfastpath.py [line:274] one_slot INFO read pending block 1 in 0.451791 
2024-07-21 19:35:35,931 superfastpath.py [line:305] one_slot INFO Leaving slot 1 
2024-07-21 19:35:35,931 superfastpath.py [line:231] one_slot INFO Entering slot 2 
2024-07-21 19:35:35,964 superfastpath.py [line:247] one_slot INFO pending block 2 in 0.032592 
2024-07-21 19:35:35,964 superfastpath.py [line:256] one_slot INFO 2pending block 2 in 0.032810 
2024-07-21 19:35:35,966 superfastpath.py [line:274] one_slot INFO read pending block 2 in 0.034962 
2024-07-21 19:35:35,966 superfastpath.py [line:305] one_slot INFO Leaving slot 2 
2024-07-21 19:35:35,966 superfastpath.py [line:231] one_slot INFO Entering slot 3 
2024-07-21 19:35:36,012 superfastpath.py [line:247] one_slot INFO pending block 3 in 0.045935 
2024-07-21 19:35:36,012 superfastpath.py [line:256] one_slot INFO 2pending block 3 in 0.046101 
2024-07-21 19:35:36,014 superfastpath.py [line:274] one_slot INFO read pending block 3 in 0.048104 
2024-07-21 19:35:36,015 superfastpath.py [line:305] one_slot INFO Leaving slot 3 
2024-07-21 19:35:36,015 superfastpath.py [line:231] one_slot INFO Entering slot 4 
2024-07-21 19:35:36,055 superfastpath.py [line:247] one_slot INFO pending block 4 in 0.039907 
2024-07-21 19:35:36,055 superfastpath.py [line:256] one_slot INFO 2pending block 4 in 0.040139 
2024-07-21 19:35:36,058 superfastpath.py [line:274] one_slot INFO read pending block 4 in 0.042408 
2024-07-21 19:35:36,058 superfastpath.py [line:305] one_slot INFO Leaving slot 4 
2024-07-21 19:35:36,058 superfastpath.py [line:231] one_slot INFO Entering slot 5 
2024-07-21 19:35:36,116 superfastpath.py [line:247] one_slot INFO pending block 5 in 0.058319 
2024-07-21 19:35:36,116 superfastpath.py [line:256] one_slot INFO 2pending block 5 in 0.058479 
2024-07-21 19:35:36,118 superfastpath.py [line:274] one_slot INFO read pending block 5 in 0.060026 
2024-07-21 19:35:36,118 superfastpath.py [line:305] one_slot INFO Leaving slot 5 
2024-07-21 19:35:36,118 superfastpath.py [line:231] one_slot INFO Entering slot 6 
2024-07-21 19:35:36,165 superfastpath.py [line:247] one_slot INFO pending block 6 in 0.046903 
2024-07-21 19:35:36,165 superfastpath.py [line:256] one_slot INFO 2pending block 6 in 0.047151 
2024-07-21 19:35:36,171 superfastpath.py [line:274] one_slot INFO read pending block 6 in 0.052922 
2024-07-21 19:35:36,171 superfastpath.py [line:305] one_slot INFO Leaving slot 6 
2024-07-21 19:35:36,172 superfastpath.py [line:231] one_slot INFO Entering slot 7 
2024-07-21 19:35:36,209 superfastpath.py [line:247] one_slot INFO pending block 7 in 0.037269 
2024-07-21 19:35:36,209 superfastpath.py [line:256] one_slot INFO 2pending block 7 in 0.037456 
2024-07-21 19:35:36,211 superfastpath.py [line:274] one_slot INFO read pending block 7 in 0.039122 
2024-07-21 19:35:36,211 superfastpath.py [line:305] one_slot INFO Leaving slot 7 
2024-07-21 19:35:36,211 superfastpath.py [line:231] one_slot INFO Entering slot 8 
2024-07-21 19:35:36,264 superfastpath.py [line:247] one_slot INFO pending block 8 in 0.053116 
2024-07-21 19:35:36,264 superfastpath.py [line:256] one_slot INFO 2pending block 8 in 0.053302 
2024-07-21 19:35:36,266 superfastpath.py [line:274] one_slot INFO read pending block 8 in 0.055052 
2024-07-21 19:35:36,266 superfastpath.py [line:305] one_slot INFO Leaving slot 8 
2024-07-21 19:35:36,267 superfastpath.py [line:231] one_slot INFO Entering slot 9 
2024-07-21 19:35:36,308 superfastpath.py [line:247] one_slot INFO pending block 9 in 0.041042 
2024-07-21 19:35:36,308 superfastpath.py [line:256] one_slot INFO 2pending block 9 in 0.041225 
2024-07-21 19:35:36,311 superfastpath.py [line:274] one_slot INFO read pending block 9 in 0.044414 
2024-07-21 19:35:36,311 superfastpath.py [line:283] one_slot INFO 3pending block 9 in 0.044790 
2024-07-21 19:35:36,312 superfastpath.py [line:287] one_slot INFO delay block 8 in 0.100445 
2024-07-21 19:35:36,322 superfastpath.py [line:294] one_slot INFO Fast block at Node 12 for Epoch sidAFAST0 and Slot 8 has delay, TPS and TXs: 0.10044527053833008, 1000 
2024-07-21 19:35:36,322 superfastpath.py [line:296] one_slot INFO AVG TPS: 9008, running time 0.111009, weighted delay: 0.100445 
2024-07-21 19:35:36,323 superfastpath.py [line:301] one_slot INFO output block for slot 8 taking 0.111802 sec 
2024-07-21 19:35:36,323 superfastpath.py [line:305] one_slot INFO Leaving slot 9 
2024-07-21 19:35:36,323 superfastpath.py [line:231] one_slot INFO Entering slot 10 
2024-07-21 19:35:36,360 superfastpath.py [line:247] one_slot INFO pending block 10 in 0.036875 
2024-07-21 19:35:36,360 superfastpath.py [line:256] one_slot INFO 2pending block 10 in 0.037037 
2024-07-21 19:35:36,365 superfastpath.py [line:274] one_slot INFO read pending block 10 in 0.041947 
2024-07-21 19:35:36,365 superfastpath.py [line:283] one_slot INFO 3pending block 10 in 0.042211 
2024-07-21 19:35:36,366 superfastpath.py [line:287] one_slot INFO delay block 9 in 0.098953 
2024-07-21 19:35:36,377 superfastpath.py [line:294] one_slot INFO Fast block at Node 12 for Epoch sidAFAST0 and Slot 9 has delay, TPS and TXs: 0.0989530086517334, 2000 
2024-07-21 19:35:36,377 superfastpath.py [line:296] one_slot INFO AVG TPS: 12048, running time 0.165992, weighted delay: 0.099699 
2024-07-21 19:35:36,377 superfastpath.py [line:301] one_slot INFO output block for slot 9 taking 0.110548 sec 
2024-07-21 19:35:36,377 superfastpath.py [line:305] one_slot INFO Leaving slot 10 
2024-07-21 19:35:36,377 superfastpath.py [line:231] one_slot INFO Entering slot 11 
2024-07-21 19:35:36,421 superfastpath.py [line:247] one_slot INFO pending block 11 in 0.043301 
2024-07-21 19:35:36,421 superfastpath.py [line:256] one_slot INFO 2pending block 11 in 0.043471 
2024-07-21 19:35:36,425 superfastpath.py [line:274] one_slot INFO read pending block 11 in 0.047163 
2024-07-21 19:35:36,425 superfastpath.py [line:283] one_slot INFO 3pending block 11 in 0.047330 
2024-07-21 19:35:36,425 superfastpath.py [line:287] one_slot INFO delay block 10 in 0.101676 
2024-07-21 19:35:36,427 superfastpath.py [line:294] one_slot INFO Fast block at Node 12 for Epoch sidAFAST0 and Slot 10 has delay, TPS and TXs: 0.10167646408081055, 3000 
2024-07-21 19:35:36,428 superfastpath.py [line:296] one_slot INFO AVG TPS: 13839, running time 0.216774, weighted delay: 0.100358 
2024-07-21 19:35:36,428 superfastpath.py [line:301] one_slot INFO output block for slot 10 taking 0.104667 sec 
2024-07-21 19:35:36,428 superfastpath.py [line:305] one_slot INFO Leaving slot 11 
2024-07-21 19:35:36,428 superfastpath.py [line:231] one_slot INFO Entering slot 12 
2024-07-21 19:35:36,480 superfastpath.py [line:247] one_slot INFO pending block 12 in 0.052150 
2024-07-21 19:35:36,480 superfastpath.py [line:256] one_slot INFO 2pending block 12 in 0.052330 
2024-07-21 19:35:36,482 superfastpath.py [line:274] one_slot INFO read pending block 12 in 0.054130 
2024-07-21 19:35:36,482 superfastpath.py [line:283] one_slot INFO 3pending block 12 in 0.054309 
2024-07-21 19:35:36,483 superfastpath.py [line:287] one_slot INFO delay block 11 in 0.105059 
2024-07-21 19:35:36,488 superfastpath.py [line:294] one_slot INFO Fast block at Node 12 for Epoch sidAFAST0 and Slot 11 has delay, TPS and TXs: 0.10505867004394531, 4000 
2024-07-21 19:35:36,488 superfastpath.py [line:296] one_slot INFO AVG TPS: 14423, running time 0.277318, weighted delay: 0.101533 
2024-07-21 19:35:36,488 superfastpath.py [line:301] one_slot INFO output block for slot 11 taking 0.110953 sec 
2024-07-21 19:35:36,489 superfastpath.py [line:305] one_slot INFO Leaving slot 12 
2024-07-21 19:35:36,489 superfastpath.py [line:231] one_slot INFO Entering slot 13 
2024-07-21 19:35:36,512 superfastpath.py [line:247] one_slot INFO pending block 13 in 0.023005 
2024-07-21 19:35:36,512 superfastpath.py [line:256] one_slot INFO 2pending block 13 in 0.023201 
2024-07-21 19:35:36,514 superfastpath.py [line:274] one_slot INFO read pending block 13 in 0.024900 
2024-07-21 19:35:36,514 superfastpath.py [line:283] one_slot INFO 3pending block 13 in 0.025064 
2024-07-21 19:35:36,514 superfastpath.py [line:287] one_slot INFO delay block 12 in 0.085707 
2024-07-21 19:35:36,516 superfastpath.py [line:294] one_slot INFO Fast block at Node 12 for Epoch sidAFAST0 and Slot 12 has delay, TPS and TXs: 0.08570694923400879, 5000 
2024-07-21 19:35:36,516 superfastpath.py [line:296] one_slot INFO AVG TPS: 16410, running time 0.304677, weighted delay: 0.098368 
2024-07-21 19:35:36,516 superfastpath.py [line:301] one_slot INFO output block for slot 12 taking 0.087690 sec 
2024-07-21 19:35:36,516 superfastpath.py [line:305] one_slot INFO Leaving slot 13 
2024-07-21 19:35:36,516 superfastpath.py [line:231] one_slot INFO Entering slot 14 
2024-07-21 19:35:36,556 superfastpath.py [line:247] one_slot INFO pending block 14 in 0.039397 
2024-07-21 19:35:36,556 superfastpath.py [line:256] one_slot INFO 2pending block 14 in 0.039588 
2024-07-21 19:35:36,557 superfastpath.py [line:274] one_slot INFO read pending block 14 in 0.041207 
2024-07-21 19:35:36,558 superfastpath.py [line:283] one_slot INFO 3pending block 14 in 0.041349 
2024-07-21 19:35:36,558 superfastpath.py [line:287] one_slot INFO delay block 13 in 0.068947 
2024-07-21 19:35:36,567 superfastpath.py [line:294] one_slot INFO Fast block at Node 12 for Epoch sidAFAST0 and Slot 13 has delay, TPS and TXs: 0.06894683837890625, 6000 
2024-07-21 19:35:36,567 superfastpath.py [line:296] one_slot INFO AVG TPS: 16861, running time 0.355848, weighted delay: 0.093465 
2024-07-21 19:35:36,567 superfastpath.py [line:301] one_slot INFO output block for slot 13 taking 0.078349 sec 
2024-07-21 19:35:36,567 superfastpath.py [line:305] one_slot INFO Leaving slot 14 
2024-07-21 19:35:36,567 superfastpath.py [line:231] one_slot INFO Entering slot 15 
2024-07-21 19:35:36,612 superfastpath.py [line:247] one_slot INFO pending block 15 in 0.044345 
2024-07-21 19:35:36,612 superfastpath.py [line:256] one_slot INFO 2pending block 15 in 0.044499 
2024-07-21 19:35:36,617 superfastpath.py [line:274] one_slot INFO read pending block 15 in 0.049316 
2024-07-21 19:35:36,617 superfastpath.py [line:283] one_slot INFO 3pending block 15 in 0.049474 
2024-07-21 19:35:36,617 superfastpath.py [line:287] one_slot INFO delay block 14 in 0.100917 
2024-07-21 19:35:36,625 superfastpath.py [line:294] one_slot INFO Fast block at Node 12 for Epoch sidAFAST0 and Slot 14 has delay, TPS and TXs: 0.10091662406921387, 7000 
2024-07-21 19:35:36,625 superfastpath.py [line:296] one_slot INFO AVG TPS: 16916, running time 0.413795, weighted delay: 0.094529 
2024-07-21 19:35:36,625 superfastpath.py [line:301] one_slot INFO output block for slot 14 taking 0.108697 sec 
2024-07-21 19:35:36,625 superfastpath.py [line:305] one_slot INFO Leaving slot 15 
2024-07-21 19:35:36,625 superfastpath.py [line:231] one_slot INFO Entering slot 16 
2024-07-21 19:35:36,652 superfastpath.py [line:247] one_slot INFO pending block 16 in 0.027153 
2024-07-21 19:35:36,653 superfastpath.py [line:256] one_slot INFO 2pending block 16 in 0.027310 
2024-07-21 19:35:36,653 superfastpath.py [line:274] one_slot INFO read pending block 16 in 0.027442 
2024-07-21 19:35:36,653 superfastpath.py [line:283] one_slot INFO 3pending block 16 in 0.027522 
2024-07-21 19:35:36,653 superfastpath.py [line:287] one_slot INFO delay block 15 in 0.085475 
2024-07-21 19:35:36,655 superfastpath.py [line:294] one_slot INFO Fast block at Node 12 for Epoch sidAFAST0 and Slot 15 has delay, TPS and TXs: 0.08547472953796387, 8000 
2024-07-21 19:35:36,655 superfastpath.py [line:296] one_slot INFO AVG TPS: 18020, running time 0.443941, weighted delay: 0.093397 
2024-07-21 19:35:36,655 superfastpath.py [line:301] one_slot INFO output block for slot 15 taking 0.087729 sec 
2024-07-21 19:35:36,655 superfastpath.py [line:305] one_slot INFO Leaving slot 16 
2024-07-21 19:35:36,655 superfastpath.py [line:370] sufastpath INFO Leaves fastpath at 17 slot 
2024-07-21 19:35:36,656 Superfast.py [line:308] wait_for_fastpath INFO Fastpath of epoch 0 completed 
2024-07-21 19:35:36,656 Superfast.py [line:337] _run_epoch INFO Fastpath tps: 18013 delay 0.093397 
2024-07-21 19:37:55,353 sufp_node.py [line:79] run INFO node 12's starts to run consensus on process id 863 
2024-07-21 19:37:55,354 sufp_node.py [line:80] run INFO parameters: N=16, f=5, S=15, T=5, fast-batch=1000, acs-batch=62, K=1, O=0 
2024-07-21 19:37:55,354 sufp_node.py [line:62] prepare_bootstrap INFO node id 12 is inserting dummy payload TXs 
2024-07-21 19:37:55,355 sufp_node.py [line:70] prepare_bootstrap INFO node id 12 just inserts 50000 TXs 
2024-07-21 19:37:55,356 sufp_node.py [line:70] prepare_bootstrap INFO node id 12 just inserts 50000 TXs 
2024-07-21 19:37:55,356 sufp_node.py [line:74] prepare_bootstrap INFO node id 12 completed the loading of dummy TXs 
2024-07-21 19:37:55,356 Superfast.py [line:178] run_bft INFO Node 12 starts to run at time:1721561875.3565152 
2024-07-21 19:37:55,356 Superfast.py [line:231] _run_epoch INFO Node enters epoch 0 
2024-07-21 19:37:55,358 superfastpath.py [line:43] sufastpath INFO Entering fast path 
2024-07-21 19:37:55,358 superfastpath.py [line:233] one_slot INFO Entering slot 1 
2024-07-21 19:37:56,184 superfastpath.py [line:249] one_slot INFO pending block 1 in 0.825029 
2024-07-21 19:37:56,184 superfastpath.py [line:258] one_slot INFO 2pending block 1 in 0.825225 
2024-07-21 19:37:56,185 superfastpath.py [line:276] one_slot INFO read pending block 1 in 0.826637 
2024-07-21 19:37:56,185 superfastpath.py [line:307] one_slot INFO Leaving slot 1 
2024-07-21 19:37:56,185 superfastpath.py [line:233] one_slot INFO Entering slot 2 
2024-07-21 19:37:56,253 superfastpath.py [line:249] one_slot INFO pending block 2 in 0.067052 
2024-07-21 19:37:56,253 superfastpath.py [line:258] one_slot INFO 2pending block 2 in 0.067212 
2024-07-21 19:37:56,255 superfastpath.py [line:276] one_slot INFO read pending block 2 in 0.069377 
2024-07-21 19:37:56,255 superfastpath.py [line:307] one_slot INFO Leaving slot 2 
2024-07-21 19:37:56,255 superfastpath.py [line:233] one_slot INFO Entering slot 3 
2024-07-21 19:37:56,290 superfastpath.py [line:249] one_slot INFO pending block 3 in 0.034489 
2024-07-21 19:37:56,290 superfastpath.py [line:258] one_slot INFO 2pending block 3 in 0.034649 
2024-07-21 19:37:56,292 superfastpath.py [line:276] one_slot INFO read pending block 3 in 0.036934 
2024-07-21 19:37:56,292 superfastpath.py [line:307] one_slot INFO Leaving slot 3 
2024-07-21 19:37:56,293 superfastpath.py [line:233] one_slot INFO Entering slot 4 
2024-07-21 19:37:56,342 superfastpath.py [line:249] one_slot INFO pending block 4 in 0.049253 
2024-07-21 19:37:56,343 superfastpath.py [line:258] one_slot INFO 2pending block 4 in 0.049429 
2024-07-21 19:37:56,346 superfastpath.py [line:276] one_slot INFO read pending block 4 in 0.052929 
2024-07-21 19:37:56,346 superfastpath.py [line:307] one_slot INFO Leaving slot 4 
2024-07-21 19:37:56,346 superfastpath.py [line:233] one_slot INFO Entering slot 5 
2024-07-21 19:37:56,388 superfastpath.py [line:249] one_slot INFO pending block 5 in 0.041940 
2024-07-21 19:37:56,390 superfastpath.py [line:258] one_slot INFO 2pending block 5 in 0.043163 
2024-07-21 19:37:56,404 superfastpath.py [line:276] one_slot INFO read pending block 5 in 0.057208 
2024-07-21 19:37:56,404 superfastpath.py [line:307] one_slot INFO Leaving slot 5 
2024-07-21 19:37:56,404 superfastpath.py [line:233] one_slot INFO Entering slot 6 
2024-07-21 19:37:56,440 superfastpath.py [line:249] one_slot INFO pending block 6 in 0.035400 
2024-07-21 19:37:56,440 superfastpath.py [line:258] one_slot INFO 2pending block 6 in 0.035575 
2024-07-21 19:37:56,445 superfastpath.py [line:276] one_slot INFO read pending block 6 in 0.040787 
2024-07-21 19:37:56,446 superfastpath.py [line:307] one_slot INFO Leaving slot 6 
2024-07-21 19:37:56,446 superfastpath.py [line:233] one_slot INFO Entering slot 7 
2024-07-21 19:37:56,501 superfastpath.py [line:249] one_slot INFO pending block 7 in 0.053996 
2024-07-21 19:37:56,502 superfastpath.py [line:258] one_slot INFO 2pending block 7 in 0.055063 
2024-07-21 19:37:56,506 superfastpath.py [line:276] one_slot INFO read pending block 7 in 0.059376 
2024-07-21 19:37:56,506 superfastpath.py [line:307] one_slot INFO Leaving slot 7 
2024-07-21 19:37:56,507 superfastpath.py [line:233] one_slot INFO Entering slot 8 
2024-07-21 19:37:56,563 superfastpath.py [line:249] one_slot INFO pending block 8 in 0.055171 
2024-07-21 19:37:56,565 superfastpath.py [line:258] one_slot INFO 2pending block 8 in 0.057395 
2024-07-21 19:37:56,569 superfastpath.py [line:276] one_slot INFO read pending block 8 in 0.060992 
2024-07-21 19:37:56,569 superfastpath.py [line:307] one_slot INFO Leaving slot 8 
2024-07-21 19:37:56,569 superfastpath.py [line:233] one_slot INFO Entering slot 9 
2024-07-21 19:37:56,610 superfastpath.py [line:249] one_slot INFO pending block 9 in 0.040632 
2024-07-21 19:37:56,610 superfastpath.py [line:258] one_slot INFO 2pending block 9 in 0.040807 
2024-07-21 19:37:56,613 superfastpath.py [line:276] one_slot INFO read pending block 9 in 0.044038 
2024-07-21 19:37:56,613 superfastpath.py [line:285] one_slot INFO 3pending block 9 in 0.044206 
2024-07-21 19:37:56,613 superfastpath.py [line:289] one_slot INFO delay block 8 in 0.105708 
2024-07-21 19:37:56,617 superfastpath.py [line:296] one_slot INFO Fast block at Node 12 for Epoch sidAFAST0 and Slot 8 has delay, TPS and TXs: 0.10570764541625977, 1000 
2024-07-21 19:37:56,618 superfastpath.py [line:298] one_slot INFO AVG TPS: 9080, running time 0.110126, weighted delay: 0.105708 
2024-07-21 19:37:56,618 superfastpath.py [line:303] one_slot INFO output block for slot 8 taking 0.110080 sec 
2024-07-21 19:37:56,618 superfastpath.py [line:307] one_slot INFO Leaving slot 9 
2024-07-21 19:37:56,619 superfastpath.py [line:233] one_slot INFO Entering slot 10 
2024-07-21 19:37:56,657 superfastpath.py [line:249] one_slot INFO pending block 10 in 0.037770 
2024-07-21 19:37:56,674 superfastpath.py [line:258] one_slot INFO 2pending block 10 in 0.055074 
2024-07-21 19:37:56,675 superfastpath.py [line:276] one_slot INFO read pending block 10 in 0.056336 
2024-07-21 19:37:56,675 superfastpath.py [line:285] one_slot INFO 3pending block 10 in 0.056487 
2024-07-21 19:37:56,675 superfastpath.py [line:289] one_slot INFO delay block 9 in 0.106364 
2024-07-21 19:37:56,677 superfastpath.py [line:296] one_slot INFO Fast block at Node 12 for Epoch sidAFAST0 and Slot 9 has delay, TPS and TXs: 0.10636401176452637, 2000 
2024-07-21 19:37:56,677 superfastpath.py [line:298] one_slot INFO AVG TPS: 11773, running time 0.169872, weighted delay: 0.106036 
2024-07-21 19:37:56,677 superfastpath.py [line:303] one_slot INFO output block for slot 9 taking 0.108419 sec 
2024-07-21 19:37:56,677 superfastpath.py [line:307] one_slot INFO Leaving slot 10 
2024-07-21 19:37:56,678 superfastpath.py [line:233] one_slot INFO Entering slot 11 
2024-07-21 19:37:56,724 superfastpath.py [line:249] one_slot INFO pending block 11 in 0.046402 
2024-07-21 19:37:56,724 superfastpath.py [line:258] one_slot INFO 2pending block 11 in 0.046542 
2024-07-21 19:37:56,728 superfastpath.py [line:276] one_slot INFO read pending block 11 in 0.050644 
2024-07-21 19:37:56,728 superfastpath.py [line:285] one_slot INFO 3pending block 11 in 0.050830 
2024-07-21 19:37:56,729 superfastpath.py [line:289] one_slot INFO delay block 10 in 0.109820 
2024-07-21 19:37:56,733 superfastpath.py [line:296] one_slot INFO Fast block at Node 12 for Epoch sidAFAST0 and Slot 10 has delay, TPS and TXs: 0.10982036590576172, 3000 
2024-07-21 19:37:56,733 superfastpath.py [line:298] one_slot INFO AVG TPS: 13286, running time 0.225796, weighted delay: 0.107297 
2024-07-21 19:37:56,733 superfastpath.py [line:303] one_slot INFO output block for slot 10 taking 0.114542 sec 
2024-07-21 19:37:56,733 superfastpath.py [line:307] one_slot INFO Leaving slot 11 
2024-07-21 19:37:56,735 superfastpath.py [line:233] one_slot INFO Entering slot 12 
2024-07-21 19:37:56,777 superfastpath.py [line:249] one_slot INFO pending block 12 in 0.042421 
2024-07-21 19:37:56,778 superfastpath.py [line:258] one_slot INFO 2pending block 12 in 0.042761 
2024-07-21 19:37:56,780 superfastpath.py [line:276] one_slot INFO read pending block 12 in 0.044660 
2024-07-21 19:37:56,780 superfastpath.py [line:285] one_slot INFO 3pending block 12 in 0.044803 
2024-07-21 19:37:56,780 superfastpath.py [line:289] one_slot INFO delay block 11 in 0.102159 
2024-07-21 19:37:56,781 superfastpath.py [line:296] one_slot INFO Fast block at Node 12 for Epoch sidAFAST0 and Slot 11 has delay, TPS and TXs: 0.10215926170349121, 4000 
2024-07-21 19:37:56,781 superfastpath.py [line:298] one_slot INFO AVG TPS: 14605, running time 0.273870, weighted delay: 0.106013 
2024-07-21 19:37:56,781 superfastpath.py [line:303] one_slot INFO output block for slot 11 taking 0.103704 sec 
2024-07-21 19:37:56,781 superfastpath.py [line:307] one_slot INFO Leaving slot 12 
2024-07-21 19:37:56,782 superfastpath.py [line:233] one_slot INFO Entering slot 13 
2024-07-21 19:37:56,828 superfastpath.py [line:249] one_slot INFO pending block 13 in 0.046518 
2024-07-21 19:37:56,828 superfastpath.py [line:258] one_slot INFO 2pending block 13 in 0.046681 
2024-07-21 19:37:56,834 superfastpath.py [line:276] one_slot INFO read pending block 13 in 0.052252 
2024-07-21 19:37:56,834 superfastpath.py [line:285] one_slot INFO 3pending block 13 in 0.052421 
2024-07-21 19:37:56,834 superfastpath.py [line:289] one_slot INFO delay block 12 in 0.099233 
2024-07-21 19:37:56,837 superfastpath.py [line:296] one_slot INFO Fast block at Node 12 for Epoch sidAFAST0 and Slot 12 has delay, TPS and TXs: 0.09923267364501953, 5000 
2024-07-21 19:37:56,838 superfastpath.py [line:298] one_slot INFO AVG TPS: 15141, running time 0.330225, weighted delay: 0.104657 
2024-07-21 19:37:56,838 superfastpath.py [line:303] one_slot INFO output block for slot 12 taking 0.102830 sec 
2024-07-21 19:37:56,838 superfastpath.py [line:307] one_slot INFO Leaving slot 13 
2024-07-21 19:37:56,838 superfastpath.py [line:233] one_slot INFO Entering slot 14 
2024-07-21 19:37:56,866 superfastpath.py [line:249] one_slot INFO pending block 14 in 0.027628 
2024-07-21 19:37:56,869 superfastpath.py [line:258] one_slot INFO 2pending block 14 in 0.030009 
2024-07-21 19:37:56,873 superfastpath.py [line:276] one_slot INFO read pending block 14 in 0.034854 
2024-07-21 19:37:56,875 superfastpath.py [line:285] one_slot INFO 3pending block 14 in 0.036539 
2024-07-21 19:37:56,875 superfastpath.py [line:289] one_slot INFO delay block 13 in 0.093651 
2024-07-21 19:37:56,880 superfastpath.py [line:296] one_slot INFO Fast block at Node 12 for Epoch sidAFAST0 and Slot 13 has delay, TPS and TXs: 0.09365081787109375, 6000 
2024-07-21 19:37:56,880 superfastpath.py [line:298] one_slot INFO AVG TPS: 16088, running time 0.372937, weighted delay: 0.102822 
2024-07-21 19:37:56,880 superfastpath.py [line:303] one_slot INFO output block for slot 13 taking 0.098815 sec 
2024-07-21 19:37:56,880 superfastpath.py [line:307] one_slot INFO Leaving slot 14 
2024-07-21 19:37:56,884 superfastpath.py [line:233] one_slot INFO Entering slot 15 
2024-07-21 19:37:56,941 superfastpath.py [line:249] one_slot INFO pending block 15 in 0.056560 
2024-07-21 19:37:56,941 superfastpath.py [line:258] one_slot INFO 2pending block 15 in 0.056731 
2024-07-21 19:37:56,944 superfastpath.py [line:276] one_slot INFO read pending block 15 in 0.059420 
2024-07-21 19:37:56,944 superfastpath.py [line:285] one_slot INFO 3pending block 15 in 0.059582 
2024-07-21 19:37:56,944 superfastpath.py [line:289] one_slot INFO delay block 14 in 0.105210 
2024-07-21 19:37:56,946 superfastpath.py [line:296] one_slot INFO Fast block at Node 12 for Epoch sidAFAST0 and Slot 14 has delay, TPS and TXs: 0.1052103042602539, 7000 
2024-07-21 19:37:56,946 superfastpath.py [line:298] one_slot INFO AVG TPS: 15946, running time 0.438968, weighted delay: 0.103164 
2024-07-21 19:37:56,947 superfastpath.py [line:303] one_slot INFO output block for slot 14 taking 0.108298 sec 
2024-07-21 19:37:56,947 superfastpath.py [line:307] one_slot INFO Leaving slot 15 
2024-07-21 19:37:56,947 superfastpath.py [line:233] one_slot INFO Entering slot 16 
2024-07-21 19:37:56,977 superfastpath.py [line:249] one_slot INFO pending block 16 in 0.029314 
2024-07-21 19:37:56,977 superfastpath.py [line:258] one_slot INFO 2pending block 16 in 0.029473 
2024-07-21 19:37:56,977 superfastpath.py [line:276] one_slot INFO read pending block 16 in 0.029604 
2024-07-21 19:37:56,977 superfastpath.py [line:285] one_slot INFO 3pending block 16 in 0.029689 
2024-07-21 19:37:56,977 superfastpath.py [line:289] one_slot INFO delay block 15 in 0.092910 
2024-07-21 19:37:56,979 superfastpath.py [line:296] one_slot INFO Fast block at Node 12 for Epoch sidAFAST0 and Slot 15 has delay, TPS and TXs: 0.0929100513458252, 8000 
2024-07-21 19:37:56,979 superfastpath.py [line:298] one_slot INFO AVG TPS: 16968, running time 0.471457, weighted delay: 0.101882 
2024-07-21 19:37:56,979 superfastpath.py [line:303] one_slot INFO output block for slot 15 taking 0.094858 sec 
2024-07-21 19:37:56,979 superfastpath.py [line:307] one_slot INFO Leaving slot 16 
2024-07-21 19:37:56,979 superfastpath.py [line:372] sufastpath INFO Leaves fastpath at 17 slot 
2024-07-21 19:37:56,979 Superfast.py [line:308] wait_for_fastpath INFO Fastpath of epoch 0 completed 
2024-07-21 19:37:56,980 Superfast.py [line:337] _run_epoch INFO Fastpath tps: 16961 delay 0.101882 
2024-07-21 19:41:34,053 sufp_node.py [line:79] run INFO node 12's starts to run consensus on process id 1287 
2024-07-21 19:41:34,053 sufp_node.py [line:80] run INFO parameters: N=16, f=5, S=15, T=5, fast-batch=1000, acs-batch=62, K=1, O=0 
2024-07-21 19:41:34,054 sufp_node.py [line:62] prepare_bootstrap INFO node id 12 is inserting dummy payload TXs 
2024-07-21 19:41:34,054 sufp_node.py [line:70] prepare_bootstrap INFO node id 12 just inserts 50000 TXs 
2024-07-21 19:41:34,054 sufp_node.py [line:70] prepare_bootstrap INFO node id 12 just inserts 50000 TXs 
2024-07-21 19:41:34,054 sufp_node.py [line:74] prepare_bootstrap INFO node id 12 completed the loading of dummy TXs 
2024-07-21 19:41:34,055 Superfast.py [line:178] run_bft INFO Node 12 starts to run at time:1721562094.0550742 
2024-07-21 19:41:34,055 Superfast.py [line:231] _run_epoch INFO Node enters epoch 0 
2024-07-21 19:41:34,055 superfastpath.py [line:43] sufastpath INFO Entering fast path 
2024-07-21 19:41:34,056 superfastpath.py [line:233] one_slot INFO Entering slot 1 
2024-07-21 19:41:34,384 superfastpath.py [line:249] one_slot INFO pending block 1 in 0.328012 
2024-07-21 19:41:34,385 superfastpath.py [line:258] one_slot INFO 2pending block 1 in 0.328189 
2024-07-21 19:41:34,388 superfastpath.py [line:276] one_slot INFO read pending block 1 in 0.331795 
2024-07-21 19:41:34,388 superfastpath.py [line:307] one_slot INFO Leaving slot 1 
2024-07-21 19:41:34,388 superfastpath.py [line:233] one_slot INFO Entering slot 2 
2024-07-21 19:41:34,459 superfastpath.py [line:249] one_slot INFO pending block 2 in 0.071194 
2024-07-21 19:41:34,459 superfastpath.py [line:258] one_slot INFO 2pending block 2 in 0.071403 
2024-07-21 19:41:34,461 superfastpath.py [line:276] one_slot INFO read pending block 2 in 0.072781 
2024-07-21 19:41:34,461 superfastpath.py [line:307] one_slot INFO Leaving slot 2 
2024-07-21 19:41:34,461 superfastpath.py [line:233] one_slot INFO Entering slot 3 
2024-07-21 19:41:34,472 superfastpath.py [line:249] one_slot INFO pending block 3 in 0.010811 
2024-07-21 19:41:34,472 superfastpath.py [line:258] one_slot INFO 2pending block 3 in 0.011012 
2024-07-21 19:41:34,475 superfastpath.py [line:276] one_slot INFO read pending block 3 in 0.013514 
2024-07-21 19:41:34,475 superfastpath.py [line:307] one_slot INFO Leaving slot 3 
2024-07-21 19:41:34,475 superfastpath.py [line:233] one_slot INFO Entering slot 4 
2024-07-21 19:41:34,541 superfastpath.py [line:249] one_slot INFO pending block 4 in 0.064652 
2024-07-21 19:41:34,541 superfastpath.py [line:258] one_slot INFO 2pending block 4 in 0.065253 
2024-07-21 19:41:34,545 superfastpath.py [line:276] one_slot INFO read pending block 4 in 0.069664 
2024-07-21 19:41:34,546 superfastpath.py [line:307] one_slot INFO Leaving slot 4 
2024-07-21 19:41:34,546 superfastpath.py [line:233] one_slot INFO Entering slot 5 
2024-07-21 19:41:34,603 superfastpath.py [line:249] one_slot INFO pending block 5 in 0.056638 
2024-07-21 19:41:34,604 superfastpath.py [line:258] one_slot INFO 2pending block 5 in 0.057068 
2024-07-21 19:41:34,606 superfastpath.py [line:276] one_slot INFO read pending block 5 in 0.059041 
2024-07-21 19:41:34,606 superfastpath.py [line:307] one_slot INFO Leaving slot 5 
2024-07-21 19:41:34,606 superfastpath.py [line:233] one_slot INFO Entering slot 6 
2024-07-21 19:41:34,683 superfastpath.py [line:249] one_slot INFO pending block 6 in 0.076523 
2024-07-21 19:41:34,683 superfastpath.py [line:258] one_slot INFO 2pending block 6 in 0.076762 
2024-07-21 19:41:34,685 superfastpath.py [line:276] one_slot INFO read pending block 6 in 0.078492 
2024-07-21 19:41:34,685 superfastpath.py [line:307] one_slot INFO Leaving slot 6 
2024-07-21 19:41:34,685 superfastpath.py [line:233] one_slot INFO Entering slot 7 
2024-07-21 19:41:34,747 superfastpath.py [line:249] one_slot INFO pending block 7 in 0.061807 
2024-07-21 19:41:34,747 superfastpath.py [line:258] one_slot INFO 2pending block 7 in 0.062021 
2024-07-21 19:41:34,749 superfastpath.py [line:276] one_slot INFO read pending block 7 in 0.063996 
2024-07-21 19:41:34,750 superfastpath.py [line:307] one_slot INFO Leaving slot 7 
2024-07-21 19:41:34,750 superfastpath.py [line:233] one_slot INFO Entering slot 8 
2024-07-21 19:41:34,830 superfastpath.py [line:249] one_slot INFO pending block 8 in 0.079756 
2024-07-21 19:41:34,830 superfastpath.py [line:258] one_slot INFO 2pending block 8 in 0.079962 
2024-07-21 19:41:34,832 superfastpath.py [line:276] one_slot INFO read pending block 8 in 0.081622 
2024-07-21 19:41:34,832 superfastpath.py [line:307] one_slot INFO Leaving slot 8 
2024-07-21 19:41:34,832 superfastpath.py [line:233] one_slot INFO Entering slot 9 
2024-07-21 19:41:34,900 superfastpath.py [line:249] one_slot INFO pending block 9 in 0.067050 
2024-07-21 19:41:34,900 superfastpath.py [line:258] one_slot INFO 2pending block 9 in 0.067242 
2024-07-21 19:41:34,902 superfastpath.py [line:276] one_slot INFO read pending block 9 in 0.069119 
2024-07-21 19:41:34,902 superfastpath.py [line:285] one_slot INFO 3pending block 9 in 0.069579 
2024-07-21 19:41:34,902 superfastpath.py [line:289] one_slot INFO delay block 8 in 0.152106 
2024-07-21 19:41:34,904 superfastpath.py [line:296] one_slot INFO Fast block at Node 12 for Epoch sidAFAST0 and Slot 8 has delay, TPS and TXs: 0.15210604667663574, 1000 
2024-07-21 19:41:34,904 superfastpath.py [line:298] one_slot INFO AVG TPS: 6473, running time 0.154480, weighted delay: 0.152106 
2024-07-21 19:41:34,905 superfastpath.py [line:303] one_slot INFO output block for slot 8 taking 0.154568 sec 
2024-07-21 19:41:34,905 superfastpath.py [line:307] one_slot INFO Leaving slot 9 
2024-07-21 19:41:34,905 superfastpath.py [line:233] one_slot INFO Entering slot 10 
2024-07-21 19:41:35,006 superfastpath.py [line:249] one_slot INFO pending block 10 in 0.100763 
2024-07-21 19:41:35,006 superfastpath.py [line:258] one_slot INFO 2pending block 10 in 0.100900 
2024-07-21 19:41:35,007 superfastpath.py [line:276] one_slot INFO read pending block 10 in 0.102079 
2024-07-21 19:41:35,007 superfastpath.py [line:285] one_slot INFO 3pending block 10 in 0.102192 
2024-07-21 19:41:35,007 superfastpath.py [line:289] one_slot INFO delay block 9 in 0.174883 
2024-07-21 19:41:35,009 superfastpath.py [line:296] one_slot INFO Fast block at Node 12 for Epoch sidAFAST0 and Slot 9 has delay, TPS and TXs: 0.1748828887939453, 2000 
2024-07-21 19:41:35,009 superfastpath.py [line:298] one_slot INFO AVG TPS: 7716, running time 0.259171, weighted delay: 0.163494 
2024-07-21 19:41:35,009 superfastpath.py [line:303] one_slot INFO output block for slot 9 taking 0.176778 sec 
2024-07-21 19:41:35,009 superfastpath.py [line:307] one_slot INFO Leaving slot 10 
2024-07-21 19:41:35,009 superfastpath.py [line:233] one_slot INFO Entering slot 11 
2024-07-21 19:41:35,094 superfastpath.py [line:249] one_slot INFO pending block 11 in 0.084377 
2024-07-21 19:41:35,094 superfastpath.py [line:258] one_slot INFO 2pending block 11 in 0.084630 
2024-07-21 19:41:35,101 superfastpath.py [line:276] one_slot INFO read pending block 11 in 0.091127 
2024-07-21 19:41:35,101 superfastpath.py [line:285] one_slot INFO 3pending block 11 in 0.091324 
2024-07-21 19:41:35,101 superfastpath.py [line:289] one_slot INFO delay block 10 in 0.195862 
2024-07-21 19:41:35,104 superfastpath.py [line:296] one_slot INFO Fast block at Node 12 for Epoch sidAFAST0 and Slot 10 has delay, TPS and TXs: 0.1958622932434082, 3000 
2024-07-21 19:41:35,104 superfastpath.py [line:298] one_slot INFO AVG TPS: 8466, running time 0.354328, weighted delay: 0.174284 
2024-07-21 19:41:35,105 superfastpath.py [line:303] one_slot INFO output block for slot 10 taking 0.199545 sec 
2024-07-21 19:41:35,105 superfastpath.py [line:307] one_slot INFO Leaving slot 11 
2024-07-21 19:41:35,105 superfastpath.py [line:233] one_slot INFO Entering slot 12 
2024-07-21 19:41:35,154 superfastpath.py [line:249] one_slot INFO pending block 12 in 0.048482 
2024-07-21 19:41:35,154 superfastpath.py [line:258] one_slot INFO 2pending block 12 in 0.048668 
2024-07-21 19:41:35,156 superfastpath.py [line:276] one_slot INFO read pending block 12 in 0.050488 
2024-07-21 19:41:35,156 superfastpath.py [line:285] one_slot INFO 3pending block 12 in 0.050696 
2024-07-21 19:41:35,156 superfastpath.py [line:289] one_slot INFO delay block 11 in 0.146749 
2024-07-21 19:41:35,172 superfastpath.py [line:296] one_slot INFO Fast block at Node 12 for Epoch sidAFAST0 and Slot 11 has delay, TPS and TXs: 0.14674854278564453, 4000 
2024-07-21 19:41:35,173 superfastpath.py [line:298] one_slot INFO AVG TPS: 9465, running time 0.422607, weighted delay: 0.167400 
2024-07-21 19:41:35,174 superfastpath.py [line:303] one_slot INFO output block for slot 11 taking 0.164022 sec 
2024-07-21 19:41:35,174 superfastpath.py [line:307] one_slot INFO Leaving slot 12 
2024-07-21 19:41:35,174 superfastpath.py [line:233] one_slot INFO Entering slot 13 
2024-07-21 19:41:35,216 superfastpath.py [line:249] one_slot INFO pending block 13 in 0.041145 
2024-07-21 19:41:35,216 superfastpath.py [line:258] one_slot INFO 2pending block 13 in 0.041495 
2024-07-21 19:41:35,218 superfastpath.py [line:276] one_slot INFO read pending block 13 in 0.043180 
2024-07-21 19:41:35,218 superfastpath.py [line:285] one_slot INFO 3pending block 13 in 0.043493 
2024-07-21 19:41:35,218 superfastpath.py [line:289] one_slot INFO delay block 12 in 0.112757 
2024-07-21 19:41:35,231 superfastpath.py [line:296] one_slot INFO Fast block at Node 12 for Epoch sidAFAST0 and Slot 12 has delay, TPS and TXs: 0.11275720596313477, 5000 
2024-07-21 19:41:35,231 superfastpath.py [line:298] one_slot INFO AVG TPS: 10383, running time 0.481526, weighted delay: 0.156471 
2024-07-21 19:41:35,232 superfastpath.py [line:303] one_slot INFO output block for slot 12 taking 0.126161 sec 
2024-07-21 19:41:35,232 superfastpath.py [line:307] one_slot INFO Leaving slot 13 
2024-07-21 19:41:35,232 superfastpath.py [line:233] one_slot INFO Entering slot 14 
2024-07-21 19:41:35,294 superfastpath.py [line:249] one_slot INFO pending block 14 in 0.061667 
2024-07-21 19:41:35,294 superfastpath.py [line:258] one_slot INFO 2pending block 14 in 0.062093 
2024-07-21 19:41:35,296 superfastpath.py [line:276] one_slot INFO read pending block 14 in 0.064523 
2024-07-21 19:41:35,297 superfastpath.py [line:285] one_slot INFO 3pending block 14 in 0.064718 
2024-07-21 19:41:35,297 superfastpath.py [line:289] one_slot INFO delay block 13 in 0.122109 
2024-07-21 19:41:35,300 superfastpath.py [line:296] one_slot INFO Fast block at Node 12 for Epoch sidAFAST0 and Slot 13 has delay, TPS and TXs: 0.12210869789123535, 6000 
2024-07-21 19:41:35,300 superfastpath.py [line:298] one_slot INFO AVG TPS: 10901, running time 0.550371, weighted delay: 0.150744 
2024-07-21 19:41:35,300 superfastpath.py [line:303] one_slot INFO output block for slot 13 taking 0.125836 sec 
2024-07-21 19:41:35,300 superfastpath.py [line:307] one_slot INFO Leaving slot 14 
2024-07-21 19:41:35,301 superfastpath.py [line:233] one_slot INFO Entering slot 15 
2024-07-21 19:41:35,372 superfastpath.py [line:249] one_slot INFO pending block 15 in 0.071276 
2024-07-21 19:41:35,373 superfastpath.py [line:258] one_slot INFO 2pending block 15 in 0.071464 
2024-07-21 19:41:35,375 superfastpath.py [line:276] one_slot INFO read pending block 15 in 0.073759 
2024-07-21 19:41:35,375 superfastpath.py [line:285] one_slot INFO 3pending block 15 in 0.073957 
2024-07-21 19:41:35,375 superfastpath.py [line:289] one_slot INFO delay block 14 in 0.143339 
2024-07-21 19:41:35,377 superfastpath.py [line:296] one_slot INFO Fast block at Node 12 for Epoch sidAFAST0 and Slot 14 has delay, TPS and TXs: 0.14333868026733398, 7000 
2024-07-21 19:41:35,378 superfastpath.py [line:298] one_slot INFO AVG TPS: 11152, running time 0.627650, weighted delay: 0.149686 
2024-07-21 19:41:35,378 superfastpath.py [line:303] one_slot INFO output block for slot 14 taking 0.145862 sec 
2024-07-21 19:41:35,378 superfastpath.py [line:307] one_slot INFO Leaving slot 15 
2024-07-21 19:41:35,378 superfastpath.py [line:233] one_slot INFO Entering slot 16 
2024-07-21 19:41:35,456 superfastpath.py [line:249] one_slot INFO pending block 16 in 0.077844 
2024-07-21 19:41:35,456 superfastpath.py [line:258] one_slot INFO 2pending block 16 in 0.078011 
2024-07-21 19:41:35,456 superfastpath.py [line:276] one_slot INFO read pending block 16 in 0.078146 
2024-07-21 19:41:35,456 superfastpath.py [line:285] one_slot INFO 3pending block 16 in 0.078233 
2024-07-21 19:41:35,456 superfastpath.py [line:289] one_slot INFO delay block 15 in 0.155209 
2024-07-21 19:41:35,463 superfastpath.py [line:296] one_slot INFO Fast block at Node 12 for Epoch sidAFAST0 and Slot 15 has delay, TPS and TXs: 0.15520930290222168, 8000 
2024-07-21 19:41:35,463 superfastpath.py [line:298] one_slot INFO AVG TPS: 11212, running time 0.713505, weighted delay: 0.150377 
2024-07-21 19:41:35,464 superfastpath.py [line:303] one_slot INFO output block for slot 15 taking 0.162403 sec 
2024-07-21 19:41:35,466 superfastpath.py [line:307] one_slot INFO Leaving slot 16 
2024-07-21 19:41:35,466 superfastpath.py [line:372] sufastpath INFO Leaves fastpath at 17 slot 
2024-07-21 19:41:35,467 Superfast.py [line:308] wait_for_fastpath INFO Fastpath of epoch 0 completed 
2024-07-21 19:41:35,467 Superfast.py [line:337] _run_epoch INFO Fastpath tps: 11178 delay 0.150377 
2024-07-21 19:41:40,474 Superfast.py [line:208] run_bft INFO node 12 breaks in 6.419087 seconds in epoch 0 with total delivered Txs 0 and average delay 0.000000 
2024-07-21 19:43:08,576 sufp_node.py [line:79] run INFO node 12's starts to run consensus on process id 1707 
2024-07-21 19:43:08,576 sufp_node.py [line:80] run INFO parameters: N=16, f=5, S=15, T=5, fast-batch=1000, acs-batch=62, K=1, O=0 
2024-07-21 19:43:08,576 sufp_node.py [line:62] prepare_bootstrap INFO node id 12 is inserting dummy payload TXs 
2024-07-21 19:43:08,577 sufp_node.py [line:70] prepare_bootstrap INFO node id 12 just inserts 50000 TXs 
2024-07-21 19:43:08,577 sufp_node.py [line:70] prepare_bootstrap INFO node id 12 just inserts 50000 TXs 
2024-07-21 19:43:08,577 sufp_node.py [line:74] prepare_bootstrap INFO node id 12 completed the loading of dummy TXs 
2024-07-21 19:43:08,577 Superfast.py [line:178] run_bft INFO Node 12 starts to run at time:1721562188.5776043 
2024-07-21 19:43:08,577 Superfast.py [line:231] _run_epoch INFO Node enters epoch 0 
2024-07-21 19:43:08,578 superfastpath.py [line:43] sufastpath INFO Entering fast path 
2024-07-21 19:43:08,578 superfastpath.py [line:233] one_slot INFO Entering slot 1 
2024-07-21 19:43:08,804 superfastpath.py [line:249] one_slot INFO pending block 1 in 0.225889 
2024-07-21 19:43:08,804 superfastpath.py [line:258] one_slot INFO 2pending block 1 in 0.226060 
2024-07-21 19:43:08,806 superfastpath.py [line:276] one_slot INFO read pending block 1 in 0.228097 
2024-07-21 19:43:08,807 superfastpath.py [line:307] one_slot INFO Leaving slot 1 
2024-07-21 19:43:08,807 superfastpath.py [line:233] one_slot INFO Entering slot 2 
2024-07-21 19:43:08,871 superfastpath.py [line:249] one_slot INFO pending block 2 in 0.063865 
2024-07-21 19:43:08,871 superfastpath.py [line:258] one_slot INFO 2pending block 2 in 0.064036 
2024-07-21 19:43:08,873 superfastpath.py [line:276] one_slot INFO read pending block 2 in 0.066650 
2024-07-21 19:43:08,874 superfastpath.py [line:307] one_slot INFO Leaving slot 2 
2024-07-21 19:43:08,874 superfastpath.py [line:233] one_slot INFO Entering slot 3 
2024-07-21 19:43:08,925 superfastpath.py [line:249] one_slot INFO pending block 3 in 0.050833 
2024-07-21 19:43:08,925 superfastpath.py [line:258] one_slot INFO 2pending block 3 in 0.051076 
2024-07-21 19:43:08,928 superfastpath.py [line:276] one_slot INFO read pending block 3 in 0.053140 
2024-07-21 19:43:08,928 superfastpath.py [line:307] one_slot INFO Leaving slot 3 
2024-07-21 19:43:08,928 superfastpath.py [line:233] one_slot INFO Entering slot 4 
2024-07-21 19:43:13,929 superfastpath.py [line:365] sufastpath INFO Fastpath Timeout! 
2024-07-21 19:43:13,929 superfastpath.py [line:372] sufastpath INFO Leaves fastpath at 4 slot 
2024-07-21 19:43:13,929 Superfast.py [line:308] wait_for_fastpath INFO Fastpath of epoch 0 completed 
2024-07-21 19:47:39,684 sufp_node.py [line:79] run INFO node 12's starts to run consensus on process id 1999 
2024-07-21 19:47:39,685 sufp_node.py [line:80] run INFO parameters: N=16, f=5, S=15, T=5, fast-batch=1000, acs-batch=62, K=1, O=0 
2024-07-21 19:47:39,685 sufp_node.py [line:62] prepare_bootstrap INFO node id 12 is inserting dummy payload TXs 
2024-07-21 19:47:39,685 sufp_node.py [line:70] prepare_bootstrap INFO node id 12 just inserts 50000 TXs 
2024-07-21 19:47:39,685 sufp_node.py [line:70] prepare_bootstrap INFO node id 12 just inserts 50000 TXs 
2024-07-21 19:47:39,685 sufp_node.py [line:74] prepare_bootstrap INFO node id 12 completed the loading of dummy TXs 
2024-07-21 19:47:39,685 Superfast.py [line:178] run_bft INFO Node 12 starts to run at time:1721562459.685744 
2024-07-21 19:47:39,685 Superfast.py [line:231] _run_epoch INFO Node enters epoch 0 
2024-07-21 19:47:39,686 superfastpath.py [line:43] sufastpath INFO Entering fast path 
2024-07-21 19:47:39,686 superfastpath.py [line:234] one_slot INFO Entering slot 1 
2024-07-21 19:47:40,305 superfastpath.py [line:250] one_slot INFO pending block 1 in 0.618702 
2024-07-21 19:47:40,305 superfastpath.py [line:259] one_slot INFO 2pending block 1 in 0.618870 
2024-07-21 19:47:40,307 superfastpath.py [line:277] one_slot INFO read pending block 1 in 0.620466 
2024-07-21 19:47:40,307 superfastpath.py [line:308] one_slot INFO Leaving slot 1 
2024-07-21 19:47:40,307 superfastpath.py [line:234] one_slot INFO Entering slot 2 
2024-07-21 19:47:40,356 superfastpath.py [line:250] one_slot INFO pending block 2 in 0.048601 
2024-07-21 19:47:40,356 superfastpath.py [line:259] one_slot INFO 2pending block 2 in 0.048794 
2024-07-21 19:47:40,364 superfastpath.py [line:277] one_slot INFO read pending block 2 in 0.056839 
2024-07-21 19:47:40,364 superfastpath.py [line:308] one_slot INFO Leaving slot 2 
2024-07-21 19:47:40,364 superfastpath.py [line:234] one_slot INFO Entering slot 3 
2024-07-21 19:47:40,415 superfastpath.py [line:250] one_slot INFO pending block 3 in 0.050693 
2024-07-21 19:47:40,415 superfastpath.py [line:259] one_slot INFO 2pending block 3 in 0.050853 
2024-07-21 19:47:40,418 superfastpath.py [line:277] one_slot INFO read pending block 3 in 0.053170 
2024-07-21 19:47:40,418 superfastpath.py [line:308] one_slot INFO Leaving slot 3 
2024-07-21 19:47:40,418 superfastpath.py [line:234] one_slot INFO Entering slot 4 
2024-07-21 19:47:45,418 superfastpath.py [line:366] sufastpath INFO Fastpath Timeout! 
2024-07-21 19:47:45,419 superfastpath.py [line:373] sufastpath INFO Leaves fastpath at 4 slot 
2024-07-21 19:47:45,419 Superfast.py [line:308] wait_for_fastpath INFO Fastpath of epoch 0 completed 
2024-07-21 19:47:50,426 Superfast.py [line:208] run_bft INFO node 12 breaks in 10.740601 seconds in epoch 0 with total delivered Txs 0 and average delay 0.000000 
2024-07-21 19:49:14,727 sufp_node.py [line:79] run INFO node 12's starts to run consensus on process id 2277 
2024-07-21 19:49:14,728 sufp_node.py [line:80] run INFO parameters: N=16, f=5, S=15, T=5, fast-batch=1000, acs-batch=62, K=1, O=0 
2024-07-21 19:49:14,728 sufp_node.py [line:62] prepare_bootstrap INFO node id 12 is inserting dummy payload TXs 
2024-07-21 19:49:14,729 sufp_node.py [line:70] prepare_bootstrap INFO node id 12 just inserts 50000 TXs 
2024-07-21 19:49:14,729 sufp_node.py [line:70] prepare_bootstrap INFO node id 12 just inserts 50000 TXs 
2024-07-21 19:49:14,730 sufp_node.py [line:74] prepare_bootstrap INFO node id 12 completed the loading of dummy TXs 
2024-07-21 19:49:14,730 Superfast.py [line:178] run_bft INFO Node 12 starts to run at time:1721562554.7304595 
2024-07-21 19:49:14,730 Superfast.py [line:231] _run_epoch INFO Node enters epoch 0 
2024-07-21 19:49:14,732 superfastpath.py [line:43] sufastpath INFO Entering fast path 
2024-07-21 19:49:14,732 superfastpath.py [line:234] one_slot INFO Entering slot 1 
2024-07-21 19:49:15,308 superfastpath.py [line:250] one_slot INFO pending block 1 in 0.575157 
2024-07-21 19:49:15,308 superfastpath.py [line:259] one_slot INFO 2pending block 1 in 0.575311 
2024-07-21 19:49:15,309 superfastpath.py [line:277] one_slot INFO read pending block 1 in 0.576762 
2024-07-21 19:49:15,309 superfastpath.py [line:308] one_slot INFO Leaving slot 1 
2024-07-21 19:49:15,309 superfastpath.py [line:234] one_slot INFO Entering slot 2 
2024-07-21 19:49:15,395 superfastpath.py [line:250] one_slot INFO pending block 2 in 0.085938 
2024-07-21 19:49:15,396 superfastpath.py [line:259] one_slot INFO 2pending block 2 in 0.086091 
2024-07-21 19:49:15,398 superfastpath.py [line:277] one_slot INFO read pending block 2 in 0.087751 
2024-07-21 19:49:15,398 superfastpath.py [line:308] one_slot INFO Leaving slot 2 
2024-07-21 19:49:15,398 superfastpath.py [line:234] one_slot INFO Entering slot 3 
2024-07-21 19:49:15,427 superfastpath.py [line:250] one_slot INFO pending block 3 in 0.028850 
2024-07-21 19:49:15,427 superfastpath.py [line:259] one_slot INFO 2pending block 3 in 0.029015 
2024-07-21 19:49:15,428 superfastpath.py [line:277] one_slot INFO read pending block 3 in 0.030435 
2024-07-21 19:49:15,429 superfastpath.py [line:308] one_slot INFO Leaving slot 3 
2024-07-21 19:49:15,429 superfastpath.py [line:234] one_slot INFO Entering slot 4 
2024-07-21 19:49:20,430 superfastpath.py [line:366] sufastpath INFO Fastpath Timeout! 
2024-07-21 19:49:20,430 superfastpath.py [line:373] sufastpath INFO Leaves fastpath at 4 slot 
2024-07-21 19:49:20,431 Superfast.py [line:308] wait_for_fastpath INFO Fastpath of epoch 0 completed 
2024-07-21 19:52:59,700 sufp_node.py [line:79] run INFO node 12's starts to run consensus on process id 2777 
2024-07-21 19:52:59,701 sufp_node.py [line:80] run INFO parameters: N=16, f=5, S=15, T=5, fast-batch=1000, acs-batch=62, K=1, O=0 
2024-07-21 19:52:59,701 sufp_node.py [line:62] prepare_bootstrap INFO node id 12 is inserting dummy payload TXs 
2024-07-21 19:52:59,701 sufp_node.py [line:70] prepare_bootstrap INFO node id 12 just inserts 50000 TXs 
2024-07-21 19:52:59,701 sufp_node.py [line:70] prepare_bootstrap INFO node id 12 just inserts 50000 TXs 
2024-07-21 19:52:59,701 sufp_node.py [line:74] prepare_bootstrap INFO node id 12 completed the loading of dummy TXs 
2024-07-21 19:52:59,701 Superfast.py [line:180] run_bft INFO Node 12 starts to run at time:1721562779.7019033 
2024-07-21 19:52:59,702 Superfast.py [line:233] _run_epoch INFO Node enters epoch 0 
2024-07-21 19:52:59,702 superfastpath.py [line:43] sufastpath INFO Entering fast path 
2024-07-21 19:52:59,702 superfastpath.py [line:234] one_slot INFO Entering slot 1 
2024-07-21 19:53:00,034 superfastpath.py [line:250] one_slot INFO pending block 1 in 0.331300 
2024-07-21 19:53:00,034 superfastpath.py [line:259] one_slot INFO 2pending block 1 in 0.331504 
2024-07-21 19:53:00,037 superfastpath.py [line:277] one_slot INFO read pending block 1 in 0.334884 
2024-07-21 19:53:00,038 superfastpath.py [line:308] one_slot INFO Leaving slot 1 
2024-07-21 19:53:00,038 superfastpath.py [line:234] one_slot INFO Entering slot 2 
2024-07-21 19:53:00,124 superfastpath.py [line:250] one_slot INFO pending block 2 in 0.086358 
2024-07-21 19:53:00,124 superfastpath.py [line:259] one_slot INFO 2pending block 2 in 0.086554 
2024-07-21 19:53:00,126 superfastpath.py [line:277] one_slot INFO read pending block 2 in 0.088217 
2024-07-21 19:53:00,126 superfastpath.py [line:308] one_slot INFO Leaving slot 2 
2024-07-21 19:53:00,126 superfastpath.py [line:234] one_slot INFO Entering slot 3 
2024-07-21 19:53:00,216 superfastpath.py [line:250] one_slot INFO pending block 3 in 0.089957 
2024-07-21 19:53:00,217 superfastpath.py [line:259] one_slot INFO 2pending block 3 in 0.090185 
2024-07-21 19:53:00,222 superfastpath.py [line:277] one_slot INFO read pending block 3 in 0.095787 
2024-07-21 19:53:00,222 superfastpath.py [line:308] one_slot INFO Leaving slot 3 
2024-07-21 19:53:00,223 superfastpath.py [line:234] one_slot INFO Entering slot 4 
2024-07-21 19:53:05,224 superfastpath.py [line:366] sufastpath INFO Fastpath Timeout! 
2024-07-21 19:53:05,224 superfastpath.py [line:373] sufastpath INFO Leaves fastpath at 4 slot 
2024-07-21 19:53:05,225 Superfast.py [line:310] wait_for_fastpath INFO Fastpath of epoch 0 completed 
2024-07-21 19:53:10,225 Superfast.py [line:210] run_bft INFO node 12 breaks in 10.524032 seconds in epoch 0 with total delivered Txs 0 and average delay 0.000000 
2024-07-21 19:58:43,847 sufp_node.py [line:79] run INFO node 12's starts to run consensus on process id 3419 
2024-07-21 19:58:43,848 sufp_node.py [line:80] run INFO parameters: N=16, f=5, S=15, T=5, fast-batch=1000, acs-batch=62, K=1, O=0 
2024-07-21 19:58:43,848 sufp_node.py [line:62] prepare_bootstrap INFO node id 12 is inserting dummy payload TXs 
2024-07-21 19:58:43,849 sufp_node.py [line:70] prepare_bootstrap INFO node id 12 just inserts 50000 TXs 
2024-07-21 19:58:43,849 sufp_node.py [line:70] prepare_bootstrap INFO node id 12 just inserts 50000 TXs 
2024-07-21 19:58:43,850 sufp_node.py [line:74] prepare_bootstrap INFO node id 12 completed the loading of dummy TXs 
2024-07-21 19:58:43,850 Superfast.py [line:180] run_bft INFO Node 12 starts to run at time:1721563123.8503482 
2024-07-21 19:58:43,850 Superfast.py [line:233] _run_epoch INFO Node enters epoch 0 
2024-07-21 19:58:43,852 superfastpath.py [line:43] sufastpath INFO Entering fast path 
2024-07-21 19:58:43,852 superfastpath.py [line:234] one_slot INFO Entering slot 1 
2024-07-21 19:58:44,503 superfastpath.py [line:250] one_slot INFO pending block 1 in 0.650259 
2024-07-21 19:58:44,503 superfastpath.py [line:259] one_slot INFO 2pending block 1 in 0.650578 
2024-07-21 19:58:44,505 superfastpath.py [line:277] one_slot INFO read pending block 1 in 0.652385 
2024-07-21 19:58:44,506 superfastpath.py [line:308] one_slot INFO Leaving slot 1 
2024-07-21 19:58:44,506 superfastpath.py [line:234] one_slot INFO Entering slot 2 
2024-07-21 19:58:44,561 superfastpath.py [line:250] one_slot INFO pending block 2 in 0.055580 
2024-07-21 19:58:44,563 superfastpath.py [line:259] one_slot INFO 2pending block 2 in 0.056937 
2024-07-21 19:58:44,566 superfastpath.py [line:277] one_slot INFO read pending block 2 in 0.060141 
2024-07-21 19:58:44,566 superfastpath.py [line:308] one_slot INFO Leaving slot 2 
2024-07-21 19:58:44,566 superfastpath.py [line:234] one_slot INFO Entering slot 3 
2024-07-21 19:58:44,587 superfastpath.py [line:250] one_slot INFO pending block 3 in 0.020965 
2024-07-21 19:58:44,588 superfastpath.py [line:259] one_slot INFO 2pending block 3 in 0.021338 
2024-07-21 19:58:44,590 superfastpath.py [line:277] one_slot INFO read pending block 3 in 0.023401 
2024-07-21 19:58:44,590 superfastpath.py [line:308] one_slot INFO Leaving slot 3 
2024-07-21 19:58:44,590 superfastpath.py [line:234] one_slot INFO Entering slot 4 
2024-07-21 19:58:44,668 superfastpath.py [line:250] one_slot INFO pending block 4 in 0.077760 
2024-07-21 19:58:44,668 superfastpath.py [line:259] one_slot INFO 2pending block 4 in 0.078107 
2024-07-21 19:58:44,670 superfastpath.py [line:277] one_slot INFO read pending block 4 in 0.079937 
2024-07-21 19:58:44,671 superfastpath.py [line:308] one_slot INFO Leaving slot 4 
2024-07-21 19:58:44,671 superfastpath.py [line:234] one_slot INFO Entering slot 5 
2024-07-21 19:58:44,741 superfastpath.py [line:250] one_slot INFO pending block 5 in 0.069851 
2024-07-21 19:58:44,741 superfastpath.py [line:259] one_slot INFO 2pending block 5 in 0.070129 
2024-07-21 19:58:44,743 superfastpath.py [line:277] one_slot INFO read pending block 5 in 0.072037 
2024-07-21 19:58:44,743 superfastpath.py [line:308] one_slot INFO Leaving slot 5 
2024-07-21 19:58:44,743 superfastpath.py [line:234] one_slot INFO Entering slot 6 
2024-07-21 19:58:44,815 superfastpath.py [line:250] one_slot INFO pending block 6 in 0.071289 
2024-07-21 19:58:44,815 superfastpath.py [line:259] one_slot INFO 2pending block 6 in 0.071502 
2024-07-21 19:58:44,817 superfastpath.py [line:277] one_slot INFO read pending block 6 in 0.073346 
2024-07-21 19:58:44,817 superfastpath.py [line:308] one_slot INFO Leaving slot 6 
2024-07-21 19:58:44,817 superfastpath.py [line:234] one_slot INFO Entering slot 7 
2024-07-21 19:58:44,890 superfastpath.py [line:250] one_slot INFO pending block 7 in 0.073321 
2024-07-21 19:58:44,891 superfastpath.py [line:259] one_slot INFO 2pending block 7 in 0.073519 
2024-07-21 19:58:44,895 superfastpath.py [line:277] one_slot INFO read pending block 7 in 0.077677 
2024-07-21 19:58:44,895 superfastpath.py [line:308] one_slot INFO Leaving slot 7 
2024-07-21 19:58:44,895 superfastpath.py [line:234] one_slot INFO Entering slot 8 
2024-07-21 19:58:44,964 superfastpath.py [line:250] one_slot INFO pending block 8 in 0.069248 
2024-07-21 19:58:44,965 superfastpath.py [line:259] one_slot INFO 2pending block 8 in 0.069415 
2024-07-21 19:58:44,967 superfastpath.py [line:277] one_slot INFO read pending block 8 in 0.071623 
2024-07-21 19:58:44,967 superfastpath.py [line:308] one_slot INFO Leaving slot 8 
2024-07-21 19:58:44,967 superfastpath.py [line:234] one_slot INFO Entering slot 9 
2024-07-21 19:58:45,047 superfastpath.py [line:250] one_slot INFO pending block 9 in 0.079142 
2024-07-21 19:58:45,047 superfastpath.py [line:259] one_slot INFO 2pending block 9 in 0.079377 
2024-07-21 19:58:45,049 superfastpath.py [line:277] one_slot INFO read pending block 9 in 0.081327 
2024-07-21 19:58:45,049 superfastpath.py [line:286] one_slot INFO 3pending block 9 in 0.081520 
2024-07-21 19:58:45,049 superfastpath.py [line:290] one_slot INFO delay block 8 in 0.153781 
2024-07-21 19:58:45,052 superfastpath.py [line:297] one_slot INFO Fast block at Node 12 for Epoch sidAFAST0 and Slot 8 has delay, TPS and TXs: 0.15378069877624512, 1000 
2024-07-21 19:58:45,062 superfastpath.py [line:299] one_slot INFO AVG TPS: 5991, running time 0.166913, weighted delay: 0.153781 
2024-07-21 19:58:45,062 superfastpath.py [line:304] one_slot INFO output block for slot 8 taking 0.166967 sec 
2024-07-21 19:58:45,062 superfastpath.py [line:308] one_slot INFO Leaving slot 9 
2024-07-21 19:58:45,062 superfastpath.py [line:234] one_slot INFO Entering slot 10 
2024-07-21 19:58:45,123 superfastpath.py [line:250] one_slot INFO pending block 10 in 0.060616 
2024-07-21 19:58:45,123 superfastpath.py [line:259] one_slot INFO 2pending block 10 in 0.060821 
2024-07-21 19:58:45,125 superfastpath.py [line:277] one_slot INFO read pending block 10 in 0.062478 
2024-07-21 19:58:45,125 superfastpath.py [line:286] one_slot INFO 3pending block 10 in 0.062644 
2024-07-21 19:58:45,125 superfastpath.py [line:290] one_slot INFO delay block 9 in 0.157824 
2024-07-21 19:58:45,127 superfastpath.py [line:297] one_slot INFO Fast block at Node 12 for Epoch sidAFAST0 and Slot 9 has delay, TPS and TXs: 0.15782380104064941, 2000 
2024-07-21 19:58:45,127 superfastpath.py [line:299] one_slot INFO AVG TPS: 8622, running time 0.231954, weighted delay: 0.155802 
2024-07-21 19:58:45,127 superfastpath.py [line:304] one_slot INFO output block for slot 9 taking 0.159822 sec 
2024-07-21 19:58:45,127 superfastpath.py [line:308] one_slot INFO Leaving slot 10 
2024-07-21 19:58:45,127 superfastpath.py [line:234] one_slot INFO Entering slot 11 
2024-07-21 19:58:45,228 superfastpath.py [line:250] one_slot INFO pending block 11 in 0.100929 
2024-07-21 19:58:45,229 superfastpath.py [line:259] one_slot INFO 2pending block 11 in 0.101137 
2024-07-21 19:58:45,233 superfastpath.py [line:277] one_slot INFO read pending block 11 in 0.105105 
2024-07-21 19:58:45,233 superfastpath.py [line:286] one_slot INFO 3pending block 11 in 0.105263 
2024-07-21 19:58:45,233 superfastpath.py [line:290] one_slot INFO delay block 10 in 0.170375 
2024-07-21 19:58:45,237 superfastpath.py [line:297] one_slot INFO Fast block at Node 12 for Epoch sidAFAST0 and Slot 10 has delay, TPS and TXs: 0.17037534713745117, 3000 
2024-07-21 19:58:45,238 superfastpath.py [line:299] one_slot INFO AVG TPS: 8738, running time 0.343322, weighted delay: 0.160660 
2024-07-21 19:58:45,239 superfastpath.py [line:304] one_slot INFO output block for slot 10 taking 0.176284 sec 
2024-07-21 19:58:45,239 superfastpath.py [line:308] one_slot INFO Leaving slot 11 
2024-07-21 19:58:45,240 superfastpath.py [line:234] one_slot INFO Entering slot 12 
2024-07-21 19:58:45,316 superfastpath.py [line:250] one_slot INFO pending block 12 in 0.075427 
2024-07-21 19:58:45,316 superfastpath.py [line:259] one_slot INFO 2pending block 12 in 0.075643 
2024-07-21 19:58:45,318 superfastpath.py [line:277] one_slot INFO read pending block 12 in 0.077661 
2024-07-21 19:58:45,318 superfastpath.py [line:286] one_slot INFO 3pending block 12 in 0.077835 
2024-07-21 19:58:45,318 superfastpath.py [line:290] one_slot INFO delay block 11 in 0.190561 
2024-07-21 19:58:45,320 superfastpath.py [line:297] one_slot INFO Fast block at Node 12 for Epoch sidAFAST0 and Slot 11 has delay, TPS and TXs: 0.19056105613708496, 4000 
2024-07-21 19:58:45,320 superfastpath.py [line:299] one_slot INFO AVG TPS: 9406, running time 0.425219, weighted delay: 0.168135 
2024-07-21 19:58:45,320 superfastpath.py [line:304] one_slot INFO output block for slot 11 taking 0.192928 sec 
2024-07-21 19:58:45,320 superfastpath.py [line:308] one_slot INFO Leaving slot 12 
2024-07-21 19:58:45,321 superfastpath.py [line:234] one_slot INFO Entering slot 13 
2024-07-21 19:58:45,380 superfastpath.py [line:250] one_slot INFO pending block 13 in 0.058964 
2024-07-21 19:58:45,380 superfastpath.py [line:259] one_slot INFO 2pending block 13 in 0.059150 
2024-07-21 19:58:45,381 superfastpath.py [line:277] one_slot INFO read pending block 13 in 0.060627 
2024-07-21 19:58:45,382 superfastpath.py [line:286] one_slot INFO 3pending block 13 in 0.061428 
2024-07-21 19:58:45,382 superfastpath.py [line:290] one_slot INFO delay block 12 in 0.142203 
2024-07-21 19:58:45,384 superfastpath.py [line:297] one_slot INFO Fast block at Node 12 for Epoch sidAFAST0 and Slot 12 has delay, TPS and TXs: 0.14220285415649414, 5000 
2024-07-21 19:58:45,384 superfastpath.py [line:299] one_slot INFO AVG TPS: 10223, running time 0.489057, weighted delay: 0.162949 
2024-07-21 19:58:45,384 superfastpath.py [line:304] one_slot INFO output block for slot 12 taking 0.144213 sec 
2024-07-21 19:58:45,384 superfastpath.py [line:308] one_slot INFO Leaving slot 13 
2024-07-21 19:58:45,385 superfastpath.py [line:234] one_slot INFO Entering slot 14 
2024-07-21 19:58:45,451 superfastpath.py [line:250] one_slot INFO pending block 14 in 0.066039 
2024-07-21 19:58:45,451 superfastpath.py [line:259] one_slot INFO 2pending block 14 in 0.066240 
2024-07-21 19:58:45,454 superfastpath.py [line:277] one_slot INFO read pending block 14 in 0.068910 
2024-07-21 19:58:45,454 superfastpath.py [line:286] one_slot INFO 3pending block 14 in 0.069177 
2024-07-21 19:58:45,454 superfastpath.py [line:290] one_slot INFO delay block 13 in 0.133790 
2024-07-21 19:58:45,458 superfastpath.py [line:297] one_slot INFO Fast block at Node 12 for Epoch sidAFAST0 and Slot 13 has delay, TPS and TXs: 0.1337902545928955, 6000 
2024-07-21 19:58:45,458 superfastpath.py [line:299] one_slot INFO AVG TPS: 10660, running time 0.562814, weighted delay: 0.158089 
2024-07-21 19:58:45,458 superfastpath.py [line:304] one_slot INFO output block for slot 13 taking 0.137374 sec 
2024-07-21 19:58:45,458 superfastpath.py [line:308] one_slot INFO Leaving slot 14 
2024-07-21 19:58:45,459 superfastpath.py [line:234] one_slot INFO Entering slot 15 
2024-07-21 19:58:45,527 superfastpath.py [line:250] one_slot INFO pending block 15 in 0.068453 
2024-07-21 19:58:45,527 superfastpath.py [line:259] one_slot INFO 2pending block 15 in 0.068629 
2024-07-21 19:58:45,529 superfastpath.py [line:277] one_slot INFO read pending block 15 in 0.070295 
2024-07-21 19:58:45,529 superfastpath.py [line:286] one_slot INFO 3pending block 15 in 0.070814 
2024-07-21 19:58:45,529 superfastpath.py [line:290] one_slot INFO delay block 14 in 0.144833 
2024-07-21 19:58:45,532 superfastpath.py [line:297] one_slot INFO Fast block at Node 12 for Epoch sidAFAST0 and Slot 14 has delay, TPS and TXs: 0.14483308792114258, 7000 
2024-07-21 19:58:45,533 superfastpath.py [line:299] one_slot INFO AVG TPS: 10981, running time 0.637426, weighted delay: 0.156195 
2024-07-21 19:58:45,533 superfastpath.py [line:304] one_slot INFO output block for slot 14 taking 0.147993 sec 
2024-07-21 19:58:45,533 superfastpath.py [line:308] one_slot INFO Leaving slot 15 
2024-07-21 19:58:45,535 superfastpath.py [line:234] one_slot INFO Entering slot 16 
2024-07-21 19:58:45,608 superfastpath.py [line:250] one_slot INFO pending block 16 in 0.072962 
2024-07-21 19:58:45,609 superfastpath.py [line:259] one_slot INFO 2pending block 16 in 0.073132 
2024-07-21 19:58:45,609 superfastpath.py [line:277] one_slot INFO read pending block 16 in 0.073248 
2024-07-21 19:58:45,609 superfastpath.py [line:286] one_slot INFO 3pending block 16 in 0.073344 
2024-07-21 19:58:45,609 superfastpath.py [line:290] one_slot INFO delay block 15 in 0.150287 
2024-07-21 19:58:45,610 superfastpath.py [line:297] one_slot INFO Fast block at Node 12 for Epoch sidAFAST0 and Slot 15 has delay, TPS and TXs: 0.15028715133666992, 8000 
2024-07-21 19:58:45,611 superfastpath.py [line:299] one_slot INFO AVG TPS: 11180, running time 0.715515, weighted delay: 0.155457 
2024-07-21 19:58:45,611 superfastpath.py [line:304] one_slot INFO output block for slot 15 taking 0.152144 sec 
2024-07-21 19:58:45,611 superfastpath.py [line:308] one_slot INFO Leaving slot 16 
2024-07-21 19:58:45,611 superfastpath.py [line:373] sufastpath INFO Leaves fastpath at 17 slot 
2024-07-21 19:58:45,611 Superfast.py [line:310] wait_for_fastpath INFO Fastpath of epoch 0 completed 
2024-07-21 19:58:45,611 Superfast.py [line:339] _run_epoch INFO Fastpath tps: 11177 delay 0.155457 
2024-07-21 20:04:31,698 sufp_node.py [line:79] run INFO node 12's starts to run consensus on process id 3726 
2024-07-21 20:04:31,698 sufp_node.py [line:80] run INFO parameters: N=16, f=5, S=15, T=5, fast-batch=10000, acs-batch=62, K=1, O=0 
2024-07-21 20:04:31,698 sufp_node.py [line:62] prepare_bootstrap INFO node id 12 is inserting dummy payload TXs 
2024-07-21 20:04:31,699 sufp_node.py [line:70] prepare_bootstrap INFO node id 12 just inserts 50000 TXs 
2024-07-21 20:04:31,699 sufp_node.py [line:70] prepare_bootstrap INFO node id 12 just inserts 50000 TXs 
2024-07-21 20:04:31,699 sufp_node.py [line:74] prepare_bootstrap INFO node id 12 completed the loading of dummy TXs 
2024-07-21 20:04:31,699 Superfast.py [line:180] run_bft INFO Node 12 starts to run at time:1721563471.6994557 
2024-07-21 20:04:31,699 Superfast.py [line:233] _run_epoch INFO Node enters epoch 0 
2024-07-21 20:04:31,700 superfastpath.py [line:43] sufastpath INFO Entering fast path 
2024-07-21 20:04:31,700 superfastpath.py [line:234] one_slot INFO Entering slot 1 
2024-07-21 20:04:31,934 superfastpath.py [line:250] one_slot INFO pending block 1 in 0.233948 
2024-07-21 20:04:31,934 superfastpath.py [line:259] one_slot INFO 2pending block 1 in 0.234185 
2024-07-21 20:04:31,985 superfastpath.py [line:277] one_slot INFO read pending block 1 in 0.284707 
2024-07-21 20:04:31,985 superfastpath.py [line:308] one_slot INFO Leaving slot 1 
2024-07-21 20:04:31,985 superfastpath.py [line:234] one_slot INFO Entering slot 2 
2024-07-21 20:04:32,221 superfastpath.py [line:250] one_slot INFO pending block 2 in 0.235714 
2024-07-21 20:04:32,221 superfastpath.py [line:259] one_slot INFO 2pending block 2 in 0.235992 
2024-07-21 20:04:32,252 superfastpath.py [line:277] one_slot INFO read pending block 2 in 0.267062 
2024-07-21 20:04:32,253 superfastpath.py [line:308] one_slot INFO Leaving slot 2 
2024-07-21 20:04:32,253 superfastpath.py [line:234] one_slot INFO Entering slot 3 
2024-07-21 20:04:32,487 superfastpath.py [line:250] one_slot INFO pending block 3 in 0.233589 
2024-07-21 20:04:32,487 superfastpath.py [line:259] one_slot INFO 2pending block 3 in 0.234006 
2024-07-21 20:04:32,501 superfastpath.py [line:277] one_slot INFO read pending block 3 in 0.248271 
2024-07-21 20:04:32,502 superfastpath.py [line:308] one_slot INFO Leaving slot 3 
2024-07-21 20:04:32,502 superfastpath.py [line:234] one_slot INFO Entering slot 4 
2024-07-21 20:04:32,939 superfastpath.py [line:250] one_slot INFO pending block 4 in 0.437005 
2024-07-21 20:04:32,939 superfastpath.py [line:259] one_slot INFO 2pending block 4 in 0.437192 
2024-07-21 20:04:32,968 superfastpath.py [line:277] one_slot INFO read pending block 4 in 0.465442 
2024-07-21 20:04:32,968 superfastpath.py [line:308] one_slot INFO Leaving slot 4 
2024-07-21 20:04:32,968 superfastpath.py [line:234] one_slot INFO Entering slot 5 
2024-07-21 20:04:33,427 superfastpath.py [line:250] one_slot INFO pending block 5 in 0.458666 
2024-07-21 20:04:33,427 superfastpath.py [line:259] one_slot INFO 2pending block 5 in 0.458877 
2024-07-21 20:04:33,445 superfastpath.py [line:277] one_slot INFO read pending block 5 in 0.477203 
2024-07-21 20:04:33,446 superfastpath.py [line:308] one_slot INFO Leaving slot 5 
2024-07-21 20:04:33,446 superfastpath.py [line:234] one_slot INFO Entering slot 6 
2024-07-21 20:04:33,907 superfastpath.py [line:250] one_slot INFO pending block 6 in 0.461164 
2024-07-21 20:04:33,908 superfastpath.py [line:259] one_slot INFO 2pending block 6 in 0.461381 
2024-07-21 20:04:33,939 superfastpath.py [line:277] one_slot INFO read pending block 6 in 0.492530 
2024-07-21 20:04:33,939 superfastpath.py [line:308] one_slot INFO Leaving slot 6 
2024-07-21 20:04:33,939 superfastpath.py [line:234] one_slot INFO Entering slot 7 
2024-07-21 20:04:34,401 superfastpath.py [line:250] one_slot INFO pending block 7 in 0.461270 
2024-07-21 20:04:34,401 superfastpath.py [line:259] one_slot INFO 2pending block 7 in 0.461591 
2024-07-21 20:04:34,423 superfastpath.py [line:277] one_slot INFO read pending block 7 in 0.483108 
2024-07-21 20:04:34,423 superfastpath.py [line:308] one_slot INFO Leaving slot 7 
2024-07-21 20:04:34,423 superfastpath.py [line:234] one_slot INFO Entering slot 8 
2024-07-21 20:04:34,843 superfastpath.py [line:250] one_slot INFO pending block 8 in 0.419520 
2024-07-21 20:04:34,843 superfastpath.py [line:259] one_slot INFO 2pending block 8 in 0.419884 
2024-07-21 20:04:34,860 superfastpath.py [line:277] one_slot INFO read pending block 8 in 0.436891 
2024-07-21 20:04:34,860 superfastpath.py [line:308] one_slot INFO Leaving slot 8 
2024-07-21 20:04:34,861 superfastpath.py [line:234] one_slot INFO Entering slot 9 
2024-07-21 20:04:35,301 superfastpath.py [line:250] one_slot INFO pending block 9 in 0.439771 
2024-07-21 20:04:35,301 superfastpath.py [line:259] one_slot INFO 2pending block 9 in 0.439970 
2024-07-21 20:04:35,336 superfastpath.py [line:277] one_slot INFO read pending block 9 in 0.474816 
2024-07-21 20:04:35,336 superfastpath.py [line:286] one_slot INFO 3pending block 9 in 0.475273 
2024-07-21 20:04:35,336 superfastpath.py [line:290] one_slot INFO delay block 8 in 0.913058 
2024-07-21 20:04:35,379 superfastpath.py [line:297] one_slot INFO Fast block at Node 12 for Epoch sidAFAST0 and Slot 8 has delay, TPS and TXs: 0.913057804107666, 10000 
2024-07-21 20:04:35,379 superfastpath.py [line:299] one_slot INFO AVG TPS: 10457, running time 0.956291, weighted delay: 0.913058 
2024-07-21 20:04:35,379 superfastpath.py [line:304] one_slot INFO output block for slot 8 taking 0.956301 sec 
2024-07-21 20:04:35,382 superfastpath.py [line:308] one_slot INFO Leaving slot 9 
2024-07-21 20:04:35,384 superfastpath.py [line:234] one_slot INFO Entering slot 10 
2024-07-21 20:04:35,768 superfastpath.py [line:250] one_slot INFO pending block 10 in 0.383933 
2024-07-21 20:04:35,768 superfastpath.py [line:259] one_slot INFO 2pending block 10 in 0.384134 
2024-07-21 20:04:35,791 superfastpath.py [line:277] one_slot INFO read pending block 10 in 0.407525 
2024-07-21 20:04:35,792 superfastpath.py [line:286] one_slot INFO 3pending block 10 in 0.407779 
2024-07-21 20:04:35,792 superfastpath.py [line:290] one_slot INFO delay block 9 in 0.931053 
2024-07-21 20:04:35,813 superfastpath.py [line:297] one_slot INFO Fast block at Node 12 for Epoch sidAFAST0 and Slot 9 has delay, TPS and TXs: 0.9310534000396729, 20000 
2024-07-21 20:04:35,813 superfastpath.py [line:299] one_slot INFO AVG TPS: 14389, running time 1.389872, weighted delay: 0.922056 
2024-07-21 20:04:35,813 superfastpath.py [line:304] one_slot INFO output block for slot 9 taking 0.952197 sec 
2024-07-21 20:04:35,813 superfastpath.py [line:308] one_slot INFO Leaving slot 10 
2024-07-21 20:04:35,813 superfastpath.py [line:234] one_slot INFO Entering slot 11 
2024-07-21 20:04:36,299 superfastpath.py [line:250] one_slot INFO pending block 11 in 0.485284 
2024-07-21 20:04:36,299 superfastpath.py [line:259] one_slot INFO 2pending block 11 in 0.485529 
2024-07-21 20:04:36,315 superfastpath.py [line:277] one_slot INFO read pending block 11 in 0.501521 
2024-07-21 20:04:36,315 superfastpath.py [line:286] one_slot INFO 3pending block 11 in 0.501721 
2024-07-21 20:04:36,315 superfastpath.py [line:290] one_slot INFO delay block 10 in 0.931145 
2024-07-21 20:04:36,333 superfastpath.py [line:297] one_slot INFO Fast block at Node 12 for Epoch sidAFAST0 and Slot 10 has delay, TPS and TXs: 0.9311447143554688, 30000 
2024-07-21 20:04:36,333 superfastpath.py [line:299] one_slot INFO AVG TPS: 15703, running time 1.910370, weighted delay: 0.925085 
2024-07-21 20:04:36,334 superfastpath.py [line:304] one_slot INFO output block for slot 10 taking 0.949906 sec 
2024-07-21 20:04:36,334 superfastpath.py [line:308] one_slot INFO Leaving slot 11 
2024-07-21 20:04:36,334 superfastpath.py [line:234] one_slot INFO Entering slot 12 
2024-07-21 20:04:36,808 superfastpath.py [line:250] one_slot INFO pending block 12 in 0.473715 
2024-07-21 20:04:36,808 superfastpath.py [line:259] one_slot INFO 2pending block 12 in 0.473925 
2024-07-21 20:04:36,827 superfastpath.py [line:277] one_slot INFO read pending block 12 in 0.492750 
2024-07-21 20:04:36,827 superfastpath.py [line:286] one_slot INFO 3pending block 12 in 0.493101 
2024-07-21 20:04:36,827 superfastpath.py [line:290] one_slot INFO delay block 11 in 1.014129 
2024-07-21 20:04:36,843 superfastpath.py [line:297] one_slot INFO Fast block at Node 12 for Epoch sidAFAST0 and Slot 11 has delay, TPS and TXs: 1.0141289234161377, 40000 
2024-07-21 20:04:36,844 superfastpath.py [line:299] one_slot INFO AVG TPS: 16524, running time 2.420585, weighted delay: 0.947346 
2024-07-21 20:04:36,844 superfastpath.py [line:304] one_slot INFO output block for slot 11 taking 1.030425 sec 
2024-07-21 20:04:36,844 superfastpath.py [line:308] one_slot INFO Leaving slot 12 
2024-07-21 20:04:36,844 superfastpath.py [line:234] one_slot INFO Entering slot 13 
2024-07-21 20:04:37,295 superfastpath.py [line:250] one_slot INFO pending block 13 in 0.450963 
2024-07-21 20:04:37,295 superfastpath.py [line:259] one_slot INFO 2pending block 13 in 0.451155 
2024-07-21 20:04:37,318 superfastpath.py [line:277] one_slot INFO read pending block 13 in 0.474241 
2024-07-21 20:04:37,319 superfastpath.py [line:286] one_slot INFO 3pending block 13 in 0.474617 
2024-07-21 20:04:37,319 superfastpath.py [line:290] one_slot INFO delay block 12 in 0.984609 
2024-07-21 20:04:37,338 superfastpath.py [line:297] one_slot INFO Fast block at Node 12 for Epoch sidAFAST0 and Slot 12 has delay, TPS and TXs: 0.9846091270446777, 50000 
2024-07-21 20:04:37,338 superfastpath.py [line:299] one_slot INFO AVG TPS: 17152, running time 2.914969, weighted delay: 0.954799 
2024-07-21 20:04:37,338 superfastpath.py [line:304] one_slot INFO output block for slot 12 taking 1.003922 sec 
2024-07-21 20:04:37,338 superfastpath.py [line:308] one_slot INFO Leaving slot 13 
2024-07-21 20:04:37,338 superfastpath.py [line:234] one_slot INFO Entering slot 14 
2024-07-21 20:04:37,813 superfastpath.py [line:250] one_slot INFO pending block 14 in 0.474699 
2024-07-21 20:04:37,813 superfastpath.py [line:259] one_slot INFO 2pending block 14 in 0.475090 
2024-07-21 20:04:37,838 superfastpath.py [line:277] one_slot INFO read pending block 14 in 0.499561 
2024-07-21 20:04:37,838 superfastpath.py [line:286] one_slot INFO 3pending block 14 in 0.499820 
2024-07-21 20:04:37,838 superfastpath.py [line:290] one_slot INFO delay block 13 in 0.994311 
2024-07-21 20:04:37,864 superfastpath.py [line:297] one_slot INFO Fast block at Node 12 for Epoch sidAFAST0 and Slot 13 has delay, TPS and TXs: 0.9943106174468994, 60000 
2024-07-21 20:04:37,865 superfastpath.py [line:299] one_slot INFO AVG TPS: 17433, running time 3.441741, weighted delay: 0.961384 
2024-07-21 20:04:37,865 superfastpath.py [line:304] one_slot INFO output block for slot 13 taking 1.021433 sec 
2024-07-21 20:04:37,865 superfastpath.py [line:308] one_slot INFO Leaving slot 14 
2024-07-21 20:04:37,866 superfastpath.py [line:234] one_slot INFO Entering slot 15 
2024-07-21 20:04:38,377 superfastpath.py [line:250] one_slot INFO pending block 15 in 0.511279 
2024-07-21 20:04:38,377 superfastpath.py [line:259] one_slot INFO 2pending block 15 in 0.511509 
2024-07-21 20:04:38,393 superfastpath.py [line:277] one_slot INFO read pending block 15 in 0.527525 
2024-07-21 20:04:38,394 superfastpath.py [line:286] one_slot INFO 3pending block 15 in 0.527756 
2024-07-21 20:04:38,394 superfastpath.py [line:290] one_slot INFO delay block 14 in 1.055305 
2024-07-21 20:04:38,409 superfastpath.py [line:297] one_slot INFO Fast block at Node 12 for Epoch sidAFAST0 and Slot 14 has delay, TPS and TXs: 1.055305004119873, 70000 
2024-07-21 20:04:38,409 superfastpath.py [line:299] one_slot INFO AVG TPS: 17562, running time 3.985836, weighted delay: 0.974801 
2024-07-21 20:04:38,409 superfastpath.py [line:304] one_slot INFO output block for slot 14 taking 1.070589 sec 
2024-07-21 20:04:38,409 superfastpath.py [line:308] one_slot INFO Leaving slot 15 
2024-07-21 20:04:38,409 superfastpath.py [line:234] one_slot INFO Entering slot 16 
2024-07-21 20:04:38,677 superfastpath.py [line:250] one_slot INFO pending block 16 in 0.268102 
2024-07-21 20:04:38,678 superfastpath.py [line:259] one_slot INFO 2pending block 16 in 0.269015 
2024-07-21 20:04:38,679 superfastpath.py [line:277] one_slot INFO read pending block 16 in 0.269485 
2024-07-21 20:04:38,680 superfastpath.py [line:286] one_slot INFO 3pending block 16 in 0.270448 
2024-07-21 20:04:38,680 superfastpath.py [line:290] one_slot INFO delay block 15 in 0.813998 
2024-07-21 20:04:38,724 superfastpath.py [line:297] one_slot INFO Fast block at Node 12 for Epoch sidAFAST0 and Slot 15 has delay, TPS and TXs: 0.8139984607696533, 80000 
2024-07-21 20:04:38,724 superfastpath.py [line:299] one_slot INFO AVG TPS: 18597, running time 4.301541, weighted delay: 0.954701 
2024-07-21 20:04:38,725 superfastpath.py [line:304] one_slot INFO output block for slot 15 taking 0.858835 sec 
2024-07-21 20:04:38,726 superfastpath.py [line:308] one_slot INFO Leaving slot 16 
2024-07-21 20:04:38,726 superfastpath.py [line:373] sufastpath INFO Leaves fastpath at 17 slot 
2024-07-21 20:04:38,727 Superfast.py [line:310] wait_for_fastpath INFO Fastpath of epoch 0 completed 
2024-07-21 20:04:38,728 Superfast.py [line:339] _run_epoch INFO Fastpath tps: 18592 delay 0.954701 
2024-07-21 20:04:43,729 Superfast.py [line:210] run_bft INFO node 12 breaks in 12.029629 seconds in epoch 0 with total delivered Txs 0 and average delay 0.000000 
2024-07-21 20:59:43,602 sufp_node.py [line:79] run INFO node 12's starts to run consensus on process id 4577 
2024-07-21 20:59:43,602 sufp_node.py [line:80] run INFO parameters: N=16, f=5, S=15, T=5, fast-batch=10000, acs-batch=62, K=1, O=0 
2024-07-21 20:59:43,602 sufp_node.py [line:62] prepare_bootstrap INFO node id 12 is inserting dummy payload TXs 
2024-07-21 20:59:43,603 sufp_node.py [line:70] prepare_bootstrap INFO node id 12 just inserts 50000 TXs 
2024-07-21 20:59:43,603 sufp_node.py [line:70] prepare_bootstrap INFO node id 12 just inserts 50000 TXs 
2024-07-21 20:59:43,603 sufp_node.py [line:74] prepare_bootstrap INFO node id 12 completed the loading of dummy TXs 
2024-07-21 20:59:43,603 Superfast.py [line:180] run_bft INFO Node 12 starts to run at time:1721566783.6035337 
2024-07-21 20:59:43,603 Superfast.py [line:233] _run_epoch INFO Node enters epoch 0 
2024-07-21 20:59:43,604 superfastpath_3.py [line:43] sufastpath INFO Entering fast path 
2024-07-21 20:59:43,604 superfastpath_3.py [line:236] one_slot INFO Entering slot 1 
2024-07-21 20:59:44,397 superfastpath_3.py [line:252] one_slot INFO pending block 1 in 0.231806 
2024-07-21 20:59:44,397 superfastpath_3.py [line:261] one_slot INFO 2pending block 1 in 0.232032 
2024-07-21 20:59:44,420 superfastpath_3.py [line:279] one_slot INFO read pending block 1 in 0.254837 
2024-07-21 20:59:44,420 superfastpath_3.py [line:310] one_slot INFO Leaving slot 1 
2024-07-21 20:59:44,421 superfastpath_3.py [line:236] one_slot INFO Entering slot 2 
2024-07-21 20:59:44,666 superfastpath_3.py [line:252] one_slot INFO pending block 2 in 0.194200 
2024-07-21 20:59:44,666 superfastpath_3.py [line:261] one_slot INFO 2pending block 2 in 0.194390 
2024-07-21 20:59:44,683 superfastpath_3.py [line:279] one_slot INFO read pending block 2 in 0.211914 
2024-07-21 20:59:44,683 superfastpath_3.py [line:310] one_slot INFO Leaving slot 2 
2024-07-21 20:59:44,684 superfastpath_3.py [line:236] one_slot INFO Entering slot 3 
2024-07-21 20:59:44,844 superfastpath_3.py [line:252] one_slot INFO pending block 3 in 0.112063 
2024-07-21 20:59:44,845 superfastpath_3.py [line:261] one_slot INFO 2pending block 3 in 0.112377 
2024-07-21 20:59:44,864 superfastpath_3.py [line:279] one_slot INFO read pending block 3 in 0.131136 
2024-07-21 20:59:44,864 superfastpath_3.py [line:310] one_slot INFO Leaving slot 3 
2024-07-21 20:59:44,864 superfastpath_3.py [line:236] one_slot INFO Entering slot 4 
2024-07-21 20:59:45,307 superfastpath_3.py [line:252] one_slot INFO pending block 4 in 0.122143 
2024-07-21 20:59:45,308 superfastpath_3.py [line:261] one_slot INFO 2pending block 4 in 0.123458 
2024-07-21 20:59:45,344 superfastpath_3.py [line:279] one_slot INFO read pending block 4 in 0.158786 
2024-07-21 20:59:45,344 superfastpath_3.py [line:310] one_slot INFO Leaving slot 4 
2024-07-21 20:59:45,344 superfastpath_3.py [line:236] one_slot INFO Entering slot 5 
2024-07-21 20:59:45,778 superfastpath_3.py [line:252] one_slot INFO pending block 5 in 0.103012 
2024-07-21 20:59:45,778 superfastpath_3.py [line:261] one_slot INFO 2pending block 5 in 0.103238 
2024-07-21 20:59:45,794 superfastpath_3.py [line:279] one_slot INFO read pending block 5 in 0.119330 
2024-07-21 20:59:45,794 superfastpath_3.py [line:310] one_slot INFO Leaving slot 5 
2024-07-21 20:59:45,795 superfastpath_3.py [line:236] one_slot INFO Entering slot 6 
2024-07-21 20:59:46,248 superfastpath_3.py [line:252] one_slot INFO pending block 6 in 0.098266 
2024-07-21 20:59:46,248 superfastpath_3.py [line:261] one_slot INFO 2pending block 6 in 0.098936 
2024-07-21 20:59:46,268 superfastpath_3.py [line:279] one_slot INFO read pending block 6 in 0.118154 
2024-07-21 20:59:46,268 superfastpath_3.py [line:310] one_slot INFO Leaving slot 6 
2024-07-21 20:59:46,268 superfastpath_3.py [line:236] one_slot INFO Entering slot 7 
2024-07-21 20:59:46,732 superfastpath_3.py [line:252] one_slot INFO pending block 7 in 0.137197 
2024-07-21 20:59:46,732 superfastpath_3.py [line:261] one_slot INFO 2pending block 7 in 0.137577 
2024-07-21 20:59:46,752 superfastpath_3.py [line:279] one_slot INFO read pending block 7 in 0.157320 
2024-07-21 20:59:46,752 superfastpath_3.py [line:310] one_slot INFO Leaving slot 7 
2024-07-21 20:59:46,752 superfastpath_3.py [line:236] one_slot INFO Entering slot 8 
2024-07-21 20:59:47,231 superfastpath_3.py [line:252] one_slot INFO pending block 8 in 0.119943 
2024-07-21 20:59:47,231 superfastpath_3.py [line:261] one_slot INFO 2pending block 8 in 0.120309 
2024-07-21 20:59:47,265 superfastpath_3.py [line:279] one_slot INFO read pending block 8 in 0.154298 
2024-07-21 20:59:47,266 superfastpath_3.py [line:310] one_slot INFO Leaving slot 8 
2024-07-21 20:59:47,266 superfastpath_3.py [line:236] one_slot INFO Entering slot 9 
2024-07-21 20:59:47,729 superfastpath_3.py [line:252] one_slot INFO pending block 9 in 0.098941 
2024-07-21 20:59:47,729 superfastpath_3.py [line:261] one_slot INFO 2pending block 9 in 0.099144 
2024-07-21 20:59:47,742 superfastpath_3.py [line:279] one_slot INFO read pending block 9 in 0.112658 
2024-07-21 20:59:47,742 superfastpath_3.py [line:288] one_slot INFO 3pending block 9 in 0.112917 
2024-07-21 20:59:47,743 superfastpath_3.py [line:292] one_slot INFO delay block 8 in 0.631489 
2024-07-21 20:59:47,757 superfastpath_3.py [line:299] one_slot INFO Fast block at Node 12 for Epoch sidAFAST0 and Slot 8 has delay, TPS and TXs: 0.631488561630249, 10000 
2024-07-21 20:59:47,757 superfastpath_3.py [line:301] one_slot INFO AVG TPS: 9944, running time 1.005573, weighted delay: 0.631489 
2024-07-21 20:59:47,758 superfastpath_3.py [line:306] one_slot INFO output block for slot 8 taking 0.646472 sec 
2024-07-21 20:59:47,758 superfastpath_3.py [line:310] one_slot INFO Leaving slot 9 
2024-07-21 20:59:47,758 superfastpath_3.py [line:236] one_slot INFO Entering slot 10 
2024-07-21 20:59:48,239 superfastpath_3.py [line:252] one_slot INFO pending block 10 in 0.135688 
2024-07-21 20:59:48,239 superfastpath_3.py [line:261] one_slot INFO 2pending block 10 in 0.135912 
2024-07-21 20:59:48,262 superfastpath_3.py [line:279] one_slot INFO read pending block 10 in 0.158831 
2024-07-21 20:59:48,262 superfastpath_3.py [line:288] one_slot INFO 3pending block 10 in 0.159266 
2024-07-21 20:59:48,262 superfastpath_3.py [line:292] one_slot INFO delay block 9 in 0.632891 
2024-07-21 20:59:48,279 superfastpath_3.py [line:299] one_slot INFO Fast block at Node 12 for Epoch sidAFAST0 and Slot 9 has delay, TPS and TXs: 0.6328909397125244, 20000 
2024-07-21 20:59:48,279 superfastpath_3.py [line:301] one_slot INFO AVG TPS: 13097, running time 1.527051, weighted delay: 0.632190 
2024-07-21 20:59:48,279 superfastpath_3.py [line:306] one_slot INFO output block for slot 9 taking 0.649526 sec 
2024-07-21 20:59:48,279 superfastpath_3.py [line:310] one_slot INFO Leaving slot 10 
2024-07-21 20:59:48,279 superfastpath_3.py [line:236] one_slot INFO Entering slot 11 
2024-07-21 20:59:48,748 superfastpath_3.py [line:252] one_slot INFO pending block 11 in 0.098454 
2024-07-21 20:59:48,749 superfastpath_3.py [line:261] one_slot INFO 2pending block 11 in 0.098656 
2024-07-21 20:59:48,786 superfastpath_3.py [line:279] one_slot INFO read pending block 11 in 0.135729 
2024-07-21 20:59:48,786 superfastpath_3.py [line:288] one_slot INFO 3pending block 11 in 0.136044 
2024-07-21 20:59:48,786 superfastpath_3.py [line:292] one_slot INFO delay block 10 in 0.683133 
2024-07-21 20:59:48,804 superfastpath_3.py [line:299] one_slot INFO Fast block at Node 12 for Epoch sidAFAST0 and Slot 10 has delay, TPS and TXs: 0.6831331253051758, 30000 
2024-07-21 20:59:48,804 superfastpath_3.py [line:301] one_slot INFO AVG TPS: 14619, running time 2.052109, weighted delay: 0.649171 
2024-07-21 20:59:48,805 superfastpath_3.py [line:306] one_slot INFO output block for slot 10 taking 0.701771 sec 
2024-07-21 20:59:48,805 superfastpath_3.py [line:310] one_slot INFO Leaving slot 11 
2024-07-21 20:59:48,805 superfastpath_3.py [line:236] one_slot INFO Entering slot 12 
2024-07-21 20:59:49,278 superfastpath_3.py [line:252] one_slot INFO pending block 12 in 0.132410 
2024-07-21 20:59:49,278 superfastpath_3.py [line:261] one_slot INFO 2pending block 12 in 0.132641 
2024-07-21 20:59:49,302 superfastpath_3.py [line:279] one_slot INFO read pending block 12 in 0.156283 
2024-07-21 20:59:49,302 superfastpath_3.py [line:288] one_slot INFO 3pending block 12 in 0.156520 
2024-07-21 20:59:49,302 superfastpath_3.py [line:292] one_slot INFO delay block 11 in 0.651901 
2024-07-21 20:59:49,318 superfastpath_3.py [line:299] one_slot INFO Fast block at Node 12 for Epoch sidAFAST0 and Slot 11 has delay, TPS and TXs: 0.6519010066986084, 40000 
2024-07-21 20:59:49,318 superfastpath_3.py [line:301] one_slot INFO AVG TPS: 15586, running time 2.566376, weighted delay: 0.649853 
2024-07-21 20:59:49,318 superfastpath_3.py [line:306] one_slot INFO output block for slot 11 taking 0.668439 sec 
2024-07-21 20:59:49,318 superfastpath_3.py [line:310] one_slot INFO Leaving slot 12 
2024-07-21 20:59:49,319 superfastpath_3.py [line:236] one_slot INFO Entering slot 13 
2024-07-21 20:59:49,826 superfastpath_3.py [line:252] one_slot INFO pending block 13 in 0.118822 
2024-07-21 20:59:49,827 superfastpath_3.py [line:261] one_slot INFO 2pending block 13 in 0.120033 
2024-07-21 20:59:49,858 superfastpath_3.py [line:279] one_slot INFO read pending block 13 in 0.151376 
2024-07-21 20:59:49,859 superfastpath_3.py [line:288] one_slot INFO 3pending block 13 in 0.151789 
2024-07-21 20:59:49,859 superfastpath_3.py [line:292] one_slot INFO delay block 12 in 0.713407 
2024-07-21 20:59:49,879 superfastpath_3.py [line:299] one_slot INFO Fast block at Node 12 for Epoch sidAFAST0 and Slot 12 has delay, TPS and TXs: 0.713407039642334, 50000 
2024-07-21 20:59:49,879 superfastpath_3.py [line:301] one_slot INFO AVG TPS: 15989, running time 3.127035, weighted delay: 0.662564 
2024-07-21 20:59:49,879 superfastpath_3.py [line:306] one_slot INFO output block for slot 12 taking 0.733832 sec 
2024-07-21 20:59:49,879 superfastpath_3.py [line:310] one_slot INFO Leaving slot 13 
2024-07-21 20:59:49,879 superfastpath_3.py [line:236] one_slot INFO Entering slot 14 
2024-07-21 20:59:50,316 superfastpath_3.py [line:252] one_slot INFO pending block 14 in 0.124862 
2024-07-21 20:59:50,317 superfastpath_3.py [line:261] one_slot INFO 2pending block 14 in 0.125103 
2024-07-21 20:59:50,343 superfastpath_3.py [line:279] one_slot INFO read pending block 14 in 0.151541 
2024-07-21 20:59:50,343 superfastpath_3.py [line:288] one_slot INFO 3pending block 14 in 0.151777 
2024-07-21 20:59:50,343 superfastpath_3.py [line:292] one_slot INFO delay block 13 in 0.636584 
2024-07-21 20:59:50,362 superfastpath_3.py [line:299] one_slot INFO Fast block at Node 12 for Epoch sidAFAST0 and Slot 13 has delay, TPS and TXs: 0.6365842819213867, 60000 
2024-07-21 20:59:50,362 superfastpath_3.py [line:301] one_slot INFO AVG TPS: 16620, running time 3.610091, weighted delay: 0.658234 
2024-07-21 20:59:50,362 superfastpath_3.py [line:306] one_slot INFO output block for slot 13 taking 0.655363 sec 
2024-07-21 20:59:50,362 superfastpath_3.py [line:310] one_slot INFO Leaving slot 14 
2024-07-21 20:59:50,362 superfastpath_3.py [line:236] one_slot INFO Entering slot 15 
2024-07-21 20:59:50,801 superfastpath_3.py [line:252] one_slot INFO pending block 15 in 0.106813 
2024-07-21 20:59:50,802 superfastpath_3.py [line:261] one_slot INFO 2pending block 15 in 0.107510 
2024-07-21 20:59:50,831 superfastpath_3.py [line:279] one_slot INFO read pending block 15 in 0.136760 
2024-07-21 20:59:50,832 superfastpath_3.py [line:288] one_slot INFO 3pending block 15 in 0.136978 
2024-07-21 20:59:50,832 superfastpath_3.py [line:292] one_slot INFO delay block 14 in 0.640268 
2024-07-21 20:59:50,853 superfastpath_3.py [line:299] one_slot INFO Fast block at Node 12 for Epoch sidAFAST0 and Slot 14 has delay, TPS and TXs: 0.6402683258056641, 70000 
2024-07-21 20:59:50,853 superfastpath_3.py [line:301] one_slot INFO AVG TPS: 17069, running time 4.100920, weighted delay: 0.655668 
2024-07-21 20:59:50,853 superfastpath_3.py [line:306] one_slot INFO output block for slot 14 taking 0.661498 sec 
2024-07-21 20:59:50,853 superfastpath_3.py [line:310] one_slot INFO Leaving slot 15 
2024-07-21 20:59:50,853 superfastpath_3.py [line:236] one_slot INFO Entering slot 16 
2024-07-21 20:59:51,214 superfastpath_3.py [line:252] one_slot INFO pending block 16 in 0.010304 
2024-07-21 20:59:51,214 superfastpath_3.py [line:261] one_slot INFO 2pending block 16 in 0.010494 
2024-07-21 20:59:51,214 superfastpath_3.py [line:279] one_slot INFO read pending block 16 in 0.010632 
2024-07-21 20:59:51,214 superfastpath_3.py [line:288] one_slot INFO 3pending block 16 in 0.010719 
2024-07-21 20:59:51,214 superfastpath_3.py [line:292] one_slot INFO delay block 15 in 0.519399 
2024-07-21 20:59:51,247 superfastpath_3.py [line:299] one_slot INFO Fast block at Node 12 for Epoch sidAFAST0 and Slot 15 has delay, TPS and TXs: 0.5193991661071777, 80000 
2024-07-21 20:59:51,247 superfastpath_3.py [line:301] one_slot INFO AVG TPS: 17796, running time 4.495212, weighted delay: 0.638634 
2024-07-21 20:59:51,247 superfastpath_3.py [line:306] one_slot INFO output block for slot 15 taking 0.552578 sec 
2024-07-21 20:59:51,247 superfastpath_3.py [line:310] one_slot INFO Leaving slot 16 
2024-07-21 20:59:51,247 superfastpath_3.py [line:375] sufastpath INFO Leaves fastpath at 17 slot 
2024-07-21 20:59:51,248 Superfast.py [line:310] wait_for_fastpath INFO Fastpath of epoch 0 completed 
2024-07-21 20:59:51,248 Superfast.py [line:339] _run_epoch INFO Fastpath tps: 17796 delay 0.638634 
2024-07-22 15:44:15,408 bdt_node.py [line:79] run INFO node 12's starts to run consensus on process id 14898 
2024-07-22 15:44:15,409 bdt_node.py [line:80] run INFO parameters: N=16, f=5, S=15, T=5, fast-batch=10000, acs-batch=62, K=1, O=0 
2024-07-22 15:44:15,409 bdt_node.py [line:62] prepare_bootstrap INFO node id 12 is inserting dummy payload TXs 
2024-07-22 15:44:15,409 bdt_node.py [line:70] prepare_bootstrap INFO node id 12 just inserts 50000 TXs 
2024-07-22 15:44:15,409 bdt_node.py [line:70] prepare_bootstrap INFO node id 12 just inserts 50000 TXs 
2024-07-22 15:44:15,409 bdt_node.py [line:74] prepare_bootstrap INFO node id 12 completed the loading of dummy TXs 
2024-07-22 15:44:15,409 bdt.py [line:194] run_bft INFO Node 12 starts to run at time:1721634255.4099348 
2024-07-22 15:44:15,410 bdt.py [line:247] _run_epoch INFO Node enters epoch 0 
2024-07-22 15:44:15,411 hsfastpath.py [line:43] hsfastpath INFO Entering fast path 
2024-07-22 15:44:15,411 hsfastpath.py [line:212] one_slot INFO Entering slot 1 
2024-07-22 15:44:15,498 hsfastpath.py [line:263] one_slot INFO Leaving slot 1 
2024-07-22 15:44:15,498 hsfastpath.py [line:212] one_slot INFO Entering slot 2 
2024-07-22 15:44:15,670 hsfastpath.py [line:263] one_slot INFO Leaving slot 2 
2024-07-22 15:44:15,670 hsfastpath.py [line:212] one_slot INFO Entering slot 3 
2024-07-22 15:44:15,882 hsfastpath.py [line:252] one_slot INFO Fast block at Node 12 for Epoch sidAFAST0 and Slot 1 has delay and TXs: 0.42439961433410645, 10000 
2024-07-22 15:44:15,896 hsfastpath.py [line:263] one_slot INFO Leaving slot 3 
2024-07-22 15:44:15,896 hsfastpath.py [line:212] one_slot INFO Entering slot 4 
2024-07-22 15:44:16,116 hsfastpath.py [line:252] one_slot INFO Fast block at Node 12 for Epoch sidAFAST0 and Slot 2 has delay and TXs: 0.602137565612793, 10000 
2024-07-22 15:44:16,130 hsfastpath.py [line:263] one_slot INFO Leaving slot 4 
2024-07-22 15:44:16,131 hsfastpath.py [line:212] one_slot INFO Entering slot 5 
2024-07-22 15:44:16,317 hsfastpath.py [line:252] one_slot INFO Fast block at Node 12 for Epoch sidAFAST0 and Slot 3 has delay and TXs: 0.6340656280517578, 10000 
2024-07-22 15:44:16,327 hsfastpath.py [line:263] one_slot INFO Leaving slot 5 
2024-07-22 15:44:16,327 hsfastpath.py [line:212] one_slot INFO Entering slot 6 
2024-07-22 15:44:16,529 hsfastpath.py [line:252] one_slot INFO Fast block at Node 12 for Epoch sidAFAST0 and Slot 4 has delay and TXs: 0.6173217296600342, 10000 
2024-07-22 15:44:16,543 hsfastpath.py [line:263] one_slot INFO Leaving slot 6 
2024-07-22 15:44:16,543 hsfastpath.py [line:212] one_slot INFO Entering slot 7 
2024-07-22 15:44:16,747 hsfastpath.py [line:252] one_slot INFO Fast block at Node 12 for Epoch sidAFAST0 and Slot 5 has delay and TXs: 0.6028831005096436, 10000 
2024-07-22 15:44:16,763 hsfastpath.py [line:263] one_slot INFO Leaving slot 7 
2024-07-22 15:44:16,763 hsfastpath.py [line:212] one_slot INFO Entering slot 8 
2024-07-22 15:44:16,982 hsfastpath.py [line:252] one_slot INFO Fast block at Node 12 for Epoch sidAFAST0 and Slot 6 has delay and TXs: 0.6093010902404785, 10000 
2024-07-22 15:44:17,024 hsfastpath.py [line:263] one_slot INFO Leaving slot 8 
2024-07-22 15:44:17,024 hsfastpath.py [line:212] one_slot INFO Entering slot 9 
2024-07-22 15:44:17,180 hsfastpath.py [line:252] one_slot INFO Fast block at Node 12 for Epoch sidAFAST0 and Slot 7 has delay and TXs: 0.6025435924530029, 10000 
2024-07-22 15:44:17,203 hsfastpath.py [line:263] one_slot INFO Leaving slot 9 
2024-07-22 15:44:17,203 hsfastpath.py [line:212] one_slot INFO Entering slot 10 
2024-07-22 15:44:17,394 hsfastpath.py [line:252] one_slot INFO Fast block at Node 12 for Epoch sidAFAST0 and Slot 8 has delay and TXs: 0.613070011138916, 10000 
2024-07-22 15:44:17,403 hsfastpath.py [line:263] one_slot INFO Leaving slot 10 
2024-07-22 15:44:17,404 hsfastpath.py [line:212] one_slot INFO Entering slot 11 
2024-07-22 15:44:17,621 hsfastpath.py [line:252] one_slot INFO Fast block at Node 12 for Epoch sidAFAST0 and Slot 9 has delay and TXs: 0.5683164596557617, 10000 
2024-07-22 15:44:17,638 hsfastpath.py [line:263] one_slot INFO Leaving slot 11 
2024-07-22 15:44:17,638 hsfastpath.py [line:212] one_slot INFO Entering slot 12 
2024-07-22 15:44:17,786 hsfastpath.py [line:252] one_slot INFO Fast block at Node 12 for Epoch sidAFAST0 and Slot 10 has delay and TXs: 0.564838171005249, 10000 
2024-07-22 15:44:17,803 hsfastpath.py [line:263] one_slot INFO Leaving slot 12 
2024-07-22 15:44:17,803 hsfastpath.py [line:212] one_slot INFO Entering slot 13 
2024-07-22 15:44:17,982 hsfastpath.py [line:252] one_slot INFO Fast block at Node 12 for Epoch sidAFAST0 and Slot 11 has delay and TXs: 0.5608065128326416, 10000 
2024-07-22 15:44:18,023 hsfastpath.py [line:263] one_slot INFO Leaving slot 13 
2024-07-22 15:44:18,024 hsfastpath.py [line:212] one_slot INFO Entering slot 14 
2024-07-22 15:44:18,209 hsfastpath.py [line:252] one_slot INFO Fast block at Node 12 for Epoch sidAFAST0 and Slot 12 has delay and TXs: 0.5246539115905762, 10000 
2024-07-22 15:44:18,234 hsfastpath.py [line:263] one_slot INFO Leaving slot 14 
2024-07-22 15:44:18,234 hsfastpath.py [line:212] one_slot INFO Entering slot 15 
2024-07-22 15:44:18,441 hsfastpath.py [line:252] one_slot INFO Fast block at Node 12 for Epoch sidAFAST0 and Slot 13 has delay and TXs: 0.6209681034088135, 10000 
2024-07-22 15:44:18,463 hsfastpath.py [line:263] one_slot INFO Leaving slot 15 
2024-07-22 15:44:18,463 hsfastpath.py [line:212] one_slot INFO Entering slot 16 
2024-07-22 15:44:18,520 hsfastpath.py [line:252] one_slot INFO Fast block at Node 12 for Epoch sidAFAST0 and Slot 14 has delay and TXs: 0.46003079414367676, 10000 
2024-07-22 15:44:18,521 hsfastpath.py [line:263] one_slot INFO Leaving slot 16 
2024-07-22 15:44:18,521 hsfastpath.py [line:212] one_slot INFO Entering slot 17 
2024-07-22 15:44:18,568 hsfastpath.py [line:252] one_slot INFO Fast block at Node 12 for Epoch sidAFAST0 and Slot 15 has delay and TXs: 0.30182743072509766, 10000 
2024-07-22 15:44:18,570 hsfastpath.py [line:263] one_slot INFO Leaving slot 17 
2024-07-22 15:44:18,570 hsfastpath.py [line:326] hsfastpath INFO Leaves fastpath at 18 slot 
2024-07-22 15:44:18,571 bdt.py [line:413] wait_for_fastpath INFO Fastpath of epoch 0 completed 
2024-07-22 15:44:18,630 bdt.py [line:419] wait_for_vc_msg INFO VC messages of epoch 0 collected 
2024-07-22 15:44:21,407 bdt.py [line:467] _run_epoch INFO VIEW CHANGE costs time: 2.835863 
2024-07-22 15:44:21,408 bdt.py [line:224] run_bft INFO node 12 breaks in 5.999035 seconds in epoch 0 with total delivered Txs 150000 and average delay 0.553811 and average VC delay 2.835863 
2024-07-22 15:48:16,110 bdt_node.py [line:79] run INFO node 12's starts to run consensus on process id 15422 
2024-07-22 15:48:16,111 bdt_node.py [line:80] run INFO parameters: N=16, f=5, S=15, T=5, fast-batch=10000, acs-batch=62, K=1, O=0 
2024-07-22 15:48:16,111 bdt_node.py [line:62] prepare_bootstrap INFO node id 12 is inserting dummy payload TXs 
2024-07-22 15:48:16,111 bdt_node.py [line:70] prepare_bootstrap INFO node id 12 just inserts 50000 TXs 
2024-07-22 15:48:16,111 bdt_node.py [line:70] prepare_bootstrap INFO node id 12 just inserts 50000 TXs 
2024-07-22 15:48:16,111 bdt_node.py [line:74] prepare_bootstrap INFO node id 12 completed the loading of dummy TXs 
2024-07-22 15:48:16,111 bdt.py [line:194] run_bft INFO Node 12 starts to run at time:1721634496.1117232 
2024-07-22 15:48:16,111 bdt.py [line:247] _run_epoch INFO Node enters epoch 0 
2024-07-22 15:48:16,112 hsfastpath_3.py [line:43] hsfastpath INFO Entering fast path 
2024-07-22 15:48:16,113 hsfastpath_3.py [line:213] one_slot INFO Entering slot 1 
2024-07-22 15:48:17,135 hsfastpath_3.py [line:264] one_slot INFO Leaving slot 1 
2024-07-22 15:48:17,135 hsfastpath_3.py [line:213] one_slot INFO Entering slot 2 
2024-07-22 15:48:17,287 hsfastpath_3.py [line:264] one_slot INFO Leaving slot 2 
2024-07-22 15:48:17,288 hsfastpath_3.py [line:213] one_slot INFO Entering slot 3 
2024-07-22 15:48:17,518 hsfastpath_3.py [line:253] one_slot INFO Fast block at Node 12 for Epoch sidAFAST0 and Slot 1 has delay and TXs: 0.615229606628418, 10000 
2024-07-22 15:48:17,534 hsfastpath_3.py [line:264] one_slot INFO Leaving slot 3 
2024-07-22 15:48:17,535 hsfastpath_3.py [line:213] one_slot INFO Entering slot 4 
2024-07-22 15:48:17,714 hsfastpath_3.py [line:253] one_slot INFO Fast block at Node 12 for Epoch sidAFAST0 and Slot 2 has delay and TXs: 0.5572934150695801, 10000 
2024-07-22 15:48:17,742 hsfastpath_3.py [line:264] one_slot INFO Leaving slot 4 
2024-07-22 15:48:17,743 hsfastpath_3.py [line:213] one_slot INFO Entering slot 5 
2024-07-22 15:48:17,942 hsfastpath_3.py [line:253] one_slot INFO Fast block at Node 12 for Epoch sidAFAST0 and Slot 3 has delay and TXs: 0.6135509014129639, 10000 
2024-07-22 15:48:17,955 hsfastpath_3.py [line:264] one_slot INFO Leaving slot 5 
2024-07-22 15:48:17,955 hsfastpath_3.py [line:213] one_slot INFO Entering slot 6 
2024-07-22 15:48:18,175 hsfastpath_3.py [line:253] one_slot INFO Fast block at Node 12 for Epoch sidAFAST0 and Slot 4 has delay and TXs: 0.609729528427124, 10000 
2024-07-22 15:48:18,187 hsfastpath_3.py [line:264] one_slot INFO Leaving slot 6 
2024-07-22 15:48:18,187 hsfastpath_3.py [line:213] one_slot INFO Entering slot 7 
2024-07-22 15:48:18,361 hsfastpath_3.py [line:253] one_slot INFO Fast block at Node 12 for Epoch sidAFAST0 and Slot 5 has delay and TXs: 0.573631763458252, 10000 
2024-07-22 15:48:18,382 hsfastpath_3.py [line:264] one_slot INFO Leaving slot 7 
2024-07-22 15:48:18,382 hsfastpath_3.py [line:213] one_slot INFO Entering slot 8 
2024-07-22 15:48:18,582 hsfastpath_3.py [line:253] one_slot INFO Fast block at Node 12 for Epoch sidAFAST0 and Slot 6 has delay and TXs: 0.5466995239257812, 10000 
2024-07-22 15:48:18,591 hsfastpath_3.py [line:264] one_slot INFO Leaving slot 8 
2024-07-22 15:48:18,591 hsfastpath_3.py [line:213] one_slot INFO Entering slot 9 
2024-07-22 15:48:18,725 hsfastpath_3.py [line:253] one_slot INFO Fast block at Node 12 for Epoch sidAFAST0 and Slot 7 has delay and TXs: 0.5057826042175293, 10000 
2024-07-22 15:48:18,748 hsfastpath_3.py [line:264] one_slot INFO Leaving slot 9 
2024-07-22 15:48:18,748 hsfastpath_3.py [line:213] one_slot INFO Entering slot 10 
2024-07-22 15:48:19,001 hsfastpath_3.py [line:253] one_slot INFO Fast block at Node 12 for Epoch sidAFAST0 and Slot 8 has delay and TXs: 0.5832653045654297, 10000 
2024-07-22 15:48:19,014 hsfastpath_3.py [line:264] one_slot INFO Leaving slot 10 
2024-07-22 15:48:19,014 hsfastpath_3.py [line:213] one_slot INFO Entering slot 11 
2024-07-22 15:48:19,244 hsfastpath_3.py [line:253] one_slot INFO Fast block at Node 12 for Epoch sidAFAST0 and Slot 9 has delay and TXs: 0.6281790733337402, 10000 
2024-07-22 15:48:19,255 hsfastpath_3.py [line:264] one_slot INFO Leaving slot 11 
2024-07-22 15:48:19,255 hsfastpath_3.py [line:213] one_slot INFO Entering slot 12 
2024-07-22 15:48:19,426 hsfastpath_3.py [line:253] one_slot INFO Fast block at Node 12 for Epoch sidAFAST0 and Slot 10 has delay and TXs: 0.5951318740844727, 10000 
2024-07-22 15:48:19,438 hsfastpath_3.py [line:264] one_slot INFO Leaving slot 12 
2024-07-22 15:48:19,438 hsfastpath_3.py [line:213] one_slot INFO Entering slot 13 
2024-07-22 15:48:19,644 hsfastpath_3.py [line:253] one_slot INFO Fast block at Node 12 for Epoch sidAFAST0 and Slot 11 has delay and TXs: 0.5657532215118408, 10000 
2024-07-22 15:48:19,673 hsfastpath_3.py [line:264] one_slot INFO Leaving slot 13 
2024-07-22 15:48:19,673 hsfastpath_3.py [line:213] one_slot INFO Entering slot 14 
2024-07-22 15:48:19,852 hsfastpath_3.py [line:253] one_slot INFO Fast block at Node 12 for Epoch sidAFAST0 and Slot 12 has delay and TXs: 0.5418896675109863, 10000 
2024-07-22 15:48:19,866 hsfastpath_3.py [line:264] one_slot INFO Leaving slot 14 
2024-07-22 15:48:19,866 hsfastpath_3.py [line:213] one_slot INFO Entering slot 15 
2024-07-22 15:48:20,074 hsfastpath_3.py [line:253] one_slot INFO Fast block at Node 12 for Epoch sidAFAST0 and Slot 13 has delay and TXs: 0.5864107608795166, 10000 
2024-07-22 15:48:20,090 hsfastpath_3.py [line:264] one_slot INFO Leaving slot 15 
2024-07-22 15:48:20,090 hsfastpath_3.py [line:213] one_slot INFO Entering slot 16 
2024-07-22 15:48:20,137 hsfastpath_3.py [line:253] one_slot INFO Fast block at Node 12 for Epoch sidAFAST0 and Slot 14 has delay and TXs: 0.4448862075805664, 10000 
2024-07-22 15:48:20,137 hsfastpath_3.py [line:264] one_slot INFO Leaving slot 16 
2024-07-22 15:48:20,137 hsfastpath_3.py [line:213] one_slot INFO Entering slot 17 
2024-07-22 15:48:20,310 hsfastpath_3.py [line:253] one_slot INFO Fast block at Node 12 for Epoch sidAFAST0 and Slot 15 has delay and TXs: 0.2895314693450928, 10000 
2024-07-22 15:48:20,319 hsfastpath_3.py [line:264] one_slot INFO Leaving slot 17 
2024-07-22 15:48:20,319 hsfastpath_3.py [line:327] hsfastpath INFO Leaves fastpath at 18 slot 
2024-07-22 15:48:20,319 bdt.py [line:413] wait_for_fastpath INFO Fastpath of epoch 0 completed 
2024-07-22 15:48:20,373 bdt.py [line:419] wait_for_vc_msg INFO VC messages of epoch 0 collected 
