2022-07-13 04:05:34,695 socket_client_ng.py [line:156] run INFO node id 10 is running on pid 5110 
2022-07-13 04:05:34,695 socket_client_ng.py [line:47] _connect_and_send_forever INFO node 10's socket client starts to make outgoing connections on process id 5110 
2022-07-13 04:05:34,695 socket_client_ng.py [line:66] _connect INFO node 10's socket client starts to make outgoing connections to node 0 server 
2022-07-13 04:05:34,706 socket_client_ng.py [line:77] _connect INFO node 10's socket client fails to make connection to node 0 server 
2022-07-13 04:05:34,706 socket_client_ng.py [line:66] _connect INFO node 10's socket client starts to make outgoing connections to node 1 server 
2022-07-13 04:05:34,706 socket_client_ng.py [line:74] _connect INFO node 10's socket client made an outgoing connection to node 1 server 
2022-07-13 04:05:34,707 socket_client_ng.py [line:66] _connect INFO node 10's socket client starts to make outgoing connections to node 2 server 
2022-07-13 04:05:34,707 socket_client_ng.py [line:74] _connect INFO node 10's socket client made an outgoing connection to node 2 server 
2022-07-13 04:05:34,707 socket_client_ng.py [line:66] _connect INFO node 10's socket client starts to make outgoing connections to node 3 server 
2022-07-13 04:05:34,707 socket_client_ng.py [line:77] _connect INFO node 10's socket client fails to make connection to node 3 server 
2022-07-13 04:05:34,707 socket_client_ng.py [line:66] _connect INFO node 10's socket client starts to make outgoing connections to node 4 server 
2022-07-13 04:05:34,708 socket_client_ng.py [line:77] _connect INFO node 10's socket client fails to make connection to node 4 server 
2022-07-13 04:05:34,708 socket_client_ng.py [line:66] _connect INFO node 10's socket client starts to make outgoing connections to node 5 server 
2022-07-13 04:05:34,724 socket_client_ng.py [line:74] _connect INFO node 10's socket client made an outgoing connection to node 5 server 
2022-07-13 04:05:34,724 socket_client_ng.py [line:66] _connect INFO node 10's socket client starts to make outgoing connections to node 6 server 
2022-07-13 04:05:34,725 socket_client_ng.py [line:77] _connect INFO node 10's socket client fails to make connection to node 6 server 
2022-07-13 04:05:34,725 socket_client_ng.py [line:66] _connect INFO node 10's socket client starts to make outgoing connections to node 7 server 
2022-07-13 04:05:34,725 socket_client_ng.py [line:77] _connect INFO node 10's socket client fails to make connection to node 7 server 
2022-07-13 04:05:34,725 socket_client_ng.py [line:66] _connect INFO node 10's socket client starts to make outgoing connections to node 8 server 
2022-07-13 04:05:34,725 socket_client_ng.py [line:77] _connect INFO node 10's socket client fails to make connection to node 8 server 
2022-07-13 04:05:34,726 socket_client_ng.py [line:66] _connect INFO node 10's socket client starts to make outgoing connections to node 9 server 
2022-07-13 04:05:34,726 socket_client_ng.py [line:77] _connect INFO node 10's socket client fails to make connection to node 9 server 
2022-07-13 04:05:34,726 socket_client_ng.py [line:66] _connect INFO node 10's socket client starts to make outgoing connections to node 10 server 
2022-07-13 04:05:34,726 socket_client_ng.py [line:74] _connect INFO node 10's socket client made an outgoing connection to node 10 server 
2022-07-13 04:05:34,726 socket_client_ng.py [line:66] _connect INFO node 10's socket client starts to make outgoing connections to node 11 server 
2022-07-13 04:05:34,726 socket_client_ng.py [line:77] _connect INFO node 10's socket client fails to make connection to node 11 server 
2022-07-13 04:05:34,726 socket_client_ng.py [line:66] _connect INFO node 10's socket client starts to make outgoing connections to node 12 server 
2022-07-13 04:05:34,727 socket_client_ng.py [line:74] _connect INFO node 10's socket client made an outgoing connection to node 12 server 
2022-07-13 04:05:34,727 socket_client_ng.py [line:66] _connect INFO node 10's socket client starts to make outgoing connections to node 13 server 
2022-07-13 04:05:34,727 socket_client_ng.py [line:77] _connect INFO node 10's socket client fails to make connection to node 13 server 
2022-07-13 04:05:34,727 socket_client_ng.py [line:66] _connect INFO node 10's socket client starts to make outgoing connections to node 14 server 
2022-07-13 04:05:34,728 socket_client_ng.py [line:77] _connect INFO node 10's socket client fails to make connection to node 14 server 
2022-07-13 04:05:34,728 socket_client_ng.py [line:66] _connect INFO node 10's socket client starts to make outgoing connections to node 15 server 
2022-07-13 04:05:34,728 socket_client_ng.py [line:77] _connect INFO node 10's socket client fails to make connection to node 15 server 
2022-07-13 04:05:34,728 socket_client_ng.py [line:66] _connect INFO node 10's socket client starts to make outgoing connections to node 0 server 
2022-07-13 04:05:34,728 socket_client_ng.py [line:77] _connect INFO node 10's socket client fails to make connection to node 0 server 
2022-07-13 04:05:34,728 socket_client_ng.py [line:66] _connect INFO node 10's socket client starts to make outgoing connections to node 3 server 
2022-07-13 04:05:34,728 socket_client_ng.py [line:77] _connect INFO node 10's socket client fails to make connection to node 3 server 
2022-07-13 04:05:34,729 socket_client_ng.py [line:66] _connect INFO node 10's socket client starts to make outgoing connections to node 4 server 
2022-07-13 04:05:34,729 socket_client_ng.py [line:77] _connect INFO node 10's socket client fails to make connection to node 4 server 
2022-07-13 04:05:34,729 socket_client_ng.py [line:66] _connect INFO node 10's socket client starts to make outgoing connections to node 6 server 
2022-07-13 04:05:34,729 socket_client_ng.py [line:77] _connect INFO node 10's socket client fails to make connection to node 6 server 
2022-07-13 04:05:34,729 socket_client_ng.py [line:66] _connect INFO node 10's socket client starts to make outgoing connections to node 7 server 
2022-07-13 04:05:34,729 socket_client_ng.py [line:77] _connect INFO node 10's socket client fails to make connection to node 7 server 
2022-07-13 04:05:34,729 socket_client_ng.py [line:66] _connect INFO node 10's socket client starts to make outgoing connections to node 8 server 
2022-07-13 04:05:34,730 socket_client_ng.py [line:77] _connect INFO node 10's socket client fails to make connection to node 8 server 
2022-07-13 04:05:34,730 socket_client_ng.py [line:66] _connect INFO node 10's socket client starts to make outgoing connections to node 9 server 
2022-07-13 04:05:34,730 socket_client_ng.py [line:77] _connect INFO node 10's socket client fails to make connection to node 9 server 
2022-07-13 04:05:34,730 socket_client_ng.py [line:66] _connect INFO node 10's socket client starts to make outgoing connections to node 11 server 
2022-07-13 04:05:34,730 socket_client_ng.py [line:77] _connect INFO node 10's socket client fails to make connection to node 11 server 
2022-07-13 04:05:34,730 socket_client_ng.py [line:66] _connect INFO node 10's socket client starts to make outgoing connections to node 13 server 
2022-07-13 04:05:34,730 socket_client_ng.py [line:77] _connect INFO node 10's socket client fails to make connection to node 13 server 
2022-07-13 04:05:34,731 socket_client_ng.py [line:66] _connect INFO node 10's socket client starts to make outgoing connections to node 14 server 
2022-07-13 04:05:34,731 socket_client_ng.py [line:77] _connect INFO node 10's socket client fails to make connection to node 14 server 
2022-07-13 04:05:34,731 socket_client_ng.py [line:66] _connect INFO node 10's socket client starts to make outgoing connections to node 15 server 
2022-07-13 04:05:34,731 socket_client_ng.py [line:77] _connect INFO node 10's socket client fails to make connection to node 15 server 
2022-07-13 04:05:34,731 socket_client_ng.py [line:66] _connect INFO node 10's socket client starts to make outgoing connections to node 0 server 
2022-07-13 04:05:34,731 socket_client_ng.py [line:77] _connect INFO node 10's socket client fails to make connection to node 0 server 
2022-07-13 04:05:34,731 socket_client_ng.py [line:66] _connect INFO node 10's socket client starts to make outgoing connections to node 3 server 
2022-07-13 04:05:34,732 socket_client_ng.py [line:77] _connect INFO node 10's socket client fails to make connection to node 3 server 
2022-07-13 04:05:34,732 socket_client_ng.py [line:66] _connect INFO node 10's socket client starts to make outgoing connections to node 4 server 
2022-07-13 04:05:34,732 socket_client_ng.py [line:77] _connect INFO node 10's socket client fails to make connection to node 4 server 
2022-07-13 04:05:34,732 socket_client_ng.py [line:66] _connect INFO node 10's socket client starts to make outgoing connections to node 6 server 
2022-07-13 04:05:34,732 socket_client_ng.py [line:77] _connect INFO node 10's socket client fails to make connection to node 6 server 
2022-07-13 04:05:34,732 socket_client_ng.py [line:66] _connect INFO node 10's socket client starts to make outgoing connections to node 7 server 
2022-07-13 04:05:34,732 socket_client_ng.py [line:77] _connect INFO node 10's socket client fails to make connection to node 7 server 
2022-07-13 04:05:34,733 socket_client_ng.py [line:66] _connect INFO node 10's socket client starts to make outgoing connections to node 8 server 
2022-07-13 04:05:34,733 socket_client_ng.py [line:77] _connect INFO node 10's socket client fails to make connection to node 8 server 
2022-07-13 04:05:34,733 socket_client_ng.py [line:66] _connect INFO node 10's socket client starts to make outgoing connections to node 9 server 
2022-07-13 04:05:34,733 socket_client_ng.py [line:77] _connect INFO node 10's socket client fails to make connection to node 9 server 
2022-07-13 04:05:34,733 socket_client_ng.py [line:66] _connect INFO node 10's socket client starts to make outgoing connections to node 11 server 
2022-07-13 04:05:34,733 socket_client_ng.py [line:77] _connect INFO node 10's socket client fails to make connection to node 11 server 
2022-07-13 04:05:34,733 socket_client_ng.py [line:66] _connect INFO node 10's socket client starts to make outgoing connections to node 13 server 
2022-07-13 04:05:34,734 socket_client_ng.py [line:77] _connect INFO node 10's socket client fails to make connection to node 13 server 
2022-07-13 04:05:34,734 socket_client_ng.py [line:66] _connect INFO node 10's socket client starts to make outgoing connections to node 14 server 
2022-07-13 04:05:34,734 socket_client_ng.py [line:77] _connect INFO node 10's socket client fails to make connection to node 14 server 
2022-07-13 04:05:34,734 socket_client_ng.py [line:66] _connect INFO node 10's socket client starts to make outgoing connections to node 15 server 
2022-07-13 04:05:34,734 socket_client_ng.py [line:77] _connect INFO node 10's socket client fails to make connection to node 15 server 
2022-07-13 04:05:34,734 socket_client_ng.py [line:66] _connect INFO node 10's socket client starts to make outgoing connections to node 0 server 
2022-07-13 04:05:34,734 socket_client_ng.py [line:77] _connect INFO node 10's socket client fails to make connection to node 0 server 
2022-07-13 04:05:34,735 socket_client_ng.py [line:66] _connect INFO node 10's socket client starts to make outgoing connections to node 3 server 
2022-07-13 04:05:34,735 socket_client_ng.py [line:77] _connect INFO node 10's socket client fails to make connection to node 3 server 
2022-07-13 04:05:34,735 socket_client_ng.py [line:66] _connect INFO node 10's socket client starts to make outgoing connections to node 4 server 
2022-07-13 04:05:34,735 socket_client_ng.py [line:77] _connect INFO node 10's socket client fails to make connection to node 4 server 
2022-07-13 04:05:34,735 socket_client_ng.py [line:66] _connect INFO node 10's socket client starts to make outgoing connections to node 6 server 
2022-07-13 04:05:34,735 socket_client_ng.py [line:77] _connect INFO node 10's socket client fails to make connection to node 6 server 
2022-07-13 04:05:34,735 socket_client_ng.py [line:66] _connect INFO node 10's socket client starts to make outgoing connections to node 7 server 
2022-07-13 04:05:34,736 socket_client_ng.py [line:77] _connect INFO node 10's socket client fails to make connection to node 7 server 
2022-07-13 04:05:34,736 socket_client_ng.py [line:66] _connect INFO node 10's socket client starts to make outgoing connections to node 8 server 
2022-07-13 04:05:34,736 socket_client_ng.py [line:77] _connect INFO node 10's socket client fails to make connection to node 8 server 
2022-07-13 04:05:34,736 socket_client_ng.py [line:66] _connect INFO node 10's socket client starts to make outgoing connections to node 9 server 
2022-07-13 04:05:34,736 socket_client_ng.py [line:77] _connect INFO node 10's socket client fails to make connection to node 9 server 
2022-07-13 04:05:34,736 socket_client_ng.py [line:66] _connect INFO node 10's socket client starts to make outgoing connections to node 11 server 
2022-07-13 04:05:34,737 socket_client_ng.py [line:77] _connect INFO node 10's socket client fails to make connection to node 11 server 
2022-07-13 04:05:34,737 socket_client_ng.py [line:66] _connect INFO node 10's socket client starts to make outgoing connections to node 13 server 
2022-07-13 04:05:34,737 socket_client_ng.py [line:77] _connect INFO node 10's socket client fails to make connection to node 13 server 
2022-07-13 04:05:34,737 socket_client_ng.py [line:66] _connect INFO node 10's socket client starts to make outgoing connections to node 14 server 
2022-07-13 04:05:34,737 socket_client_ng.py [line:77] _connect INFO node 10's socket client fails to make connection to node 14 server 
2022-07-13 04:05:34,737 socket_client_ng.py [line:66] _connect INFO node 10's socket client starts to make outgoing connections to node 15 server 
2022-07-13 04:05:34,737 socket_client_ng.py [line:77] _connect INFO node 10's socket client fails to make connection to node 15 server 
2022-07-13 04:05:34,737 socket_client_ng.py [line:66] _connect INFO node 10's socket client starts to make outgoing connections to node 0 server 
2022-07-13 04:05:34,738 socket_client_ng.py [line:77] _connect INFO node 10's socket client fails to make connection to node 0 server 
2022-07-13 04:05:34,738 socket_client_ng.py [line:66] _connect INFO node 10's socket client starts to make outgoing connections to node 3 server 
2022-07-13 04:05:34,738 socket_client_ng.py [line:77] _connect INFO node 10's socket client fails to make connection to node 3 server 
2022-07-13 04:05:34,738 socket_client_ng.py [line:66] _connect INFO node 10's socket client starts to make outgoing connections to node 4 server 
2022-07-13 04:05:34,738 socket_client_ng.py [line:77] _connect INFO node 10's socket client fails to make connection to node 4 server 
2022-07-13 04:05:34,738 socket_client_ng.py [line:66] _connect INFO node 10's socket client starts to make outgoing connections to node 6 server 
2022-07-13 04:05:34,741 socket_client_ng.py [line:77] _connect INFO node 10's socket client fails to make connection to node 6 server 
2022-07-13 04:05:34,741 socket_client_ng.py [line:66] _connect INFO node 10's socket client starts to make outgoing connections to node 7 server 
2022-07-13 04:05:34,741 socket_client_ng.py [line:77] _connect INFO node 10's socket client fails to make connection to node 7 server 
2022-07-13 04:05:34,741 socket_client_ng.py [line:66] _connect INFO node 10's socket client starts to make outgoing connections to node 8 server 
2022-07-13 04:05:34,742 socket_client_ng.py [line:77] _connect INFO node 10's socket client fails to make connection to node 8 server 
2022-07-13 04:05:34,742 socket_client_ng.py [line:66] _connect INFO node 10's socket client starts to make outgoing connections to node 9 server 
2022-07-13 04:05:34,742 socket_client_ng.py [line:77] _connect INFO node 10's socket client fails to make connection to node 9 server 
2022-07-13 04:05:34,742 socket_client_ng.py [line:66] _connect INFO node 10's socket client starts to make outgoing connections to node 11 server 
2022-07-13 04:05:34,742 socket_client_ng.py [line:77] _connect INFO node 10's socket client fails to make connection to node 11 server 
2022-07-13 04:05:34,742 socket_client_ng.py [line:66] _connect INFO node 10's socket client starts to make outgoing connections to node 13 server 
2022-07-13 04:05:34,742 socket_client_ng.py [line:77] _connect INFO node 10's socket client fails to make connection to node 13 server 
2022-07-13 04:05:34,742 socket_client_ng.py [line:66] _connect INFO node 10's socket client starts to make outgoing connections to node 14 server 
2022-07-13 04:05:34,743 socket_client_ng.py [line:77] _connect INFO node 10's socket client fails to make connection to node 14 server 
2022-07-13 04:05:34,743 socket_client_ng.py [line:66] _connect INFO node 10's socket client starts to make outgoing connections to node 15 server 
2022-07-13 04:05:34,743 socket_client_ng.py [line:77] _connect INFO node 10's socket client fails to make connection to node 15 server 
2022-07-13 04:05:34,743 socket_client_ng.py [line:66] _connect INFO node 10's socket client starts to make outgoing connections to node 0 server 
2022-07-13 04:05:34,743 socket_client_ng.py [line:77] _connect INFO node 10's socket client fails to make connection to node 0 server 
2022-07-13 04:05:34,743 socket_client_ng.py [line:66] _connect INFO node 10's socket client starts to make outgoing connections to node 3 server 
2022-07-13 04:05:34,744 socket_client_ng.py [line:77] _connect INFO node 10's socket client fails to make connection to node 3 server 
2022-07-13 04:05:34,744 socket_client_ng.py [line:66] _connect INFO node 10's socket client starts to make outgoing connections to node 4 server 
2022-07-13 04:05:34,744 socket_client_ng.py [line:77] _connect INFO node 10's socket client fails to make connection to node 4 server 
2022-07-13 04:05:34,744 socket_client_ng.py [line:66] _connect INFO node 10's socket client starts to make outgoing connections to node 6 server 
2022-07-13 04:05:34,744 socket_client_ng.py [line:77] _connect INFO node 10's socket client fails to make connection to node 6 server 
2022-07-13 04:05:34,744 socket_client_ng.py [line:66] _connect INFO node 10's socket client starts to make outgoing connections to node 7 server 
2022-07-13 04:05:34,745 socket_client_ng.py [line:77] _connect INFO node 10's socket client fails to make connection to node 7 server 
2022-07-13 04:05:34,745 socket_client_ng.py [line:66] _connect INFO node 10's socket client starts to make outgoing connections to node 8 server 
2022-07-13 04:05:34,745 socket_client_ng.py [line:77] _connect INFO node 10's socket client fails to make connection to node 8 server 
2022-07-13 04:05:34,745 socket_client_ng.py [line:66] _connect INFO node 10's socket client starts to make outgoing connections to node 9 server 
2022-07-13 04:05:34,745 socket_client_ng.py [line:77] _connect INFO node 10's socket client fails to make connection to node 9 server 
2022-07-13 04:05:34,745 socket_client_ng.py [line:66] _connect INFO node 10's socket client starts to make outgoing connections to node 11 server 
2022-07-13 04:05:34,745 socket_client_ng.py [line:77] _connect INFO node 10's socket client fails to make connection to node 11 server 
2022-07-13 04:05:34,745 socket_client_ng.py [line:66] _connect INFO node 10's socket client starts to make outgoing connections to node 13 server 
2022-07-13 04:05:34,746 socket_client_ng.py [line:77] _connect INFO node 10's socket client fails to make connection to node 13 server 
2022-07-13 04:05:34,746 socket_client_ng.py [line:66] _connect INFO node 10's socket client starts to make outgoing connections to node 14 server 
2022-07-13 04:05:34,746 socket_client_ng.py [line:77] _connect INFO node 10's socket client fails to make connection to node 14 server 
2022-07-13 04:05:34,746 socket_client_ng.py [line:66] _connect INFO node 10's socket client starts to make outgoing connections to node 15 server 
2022-07-13 04:05:34,746 socket_client_ng.py [line:77] _connect INFO node 10's socket client fails to make connection to node 15 server 
2022-07-13 04:05:34,746 socket_client_ng.py [line:66] _connect INFO node 10's socket client starts to make outgoing connections to node 0 server 
2022-07-13 04:05:34,746 socket_client_ng.py [line:77] _connect INFO node 10's socket client fails to make connection to node 0 server 
2022-07-13 04:05:34,747 socket_client_ng.py [line:66] _connect INFO node 10's socket client starts to make outgoing connections to node 3 server 
2022-07-13 04:05:34,747 socket_client_ng.py [line:77] _connect INFO node 10's socket client fails to make connection to node 3 server 
2022-07-13 04:05:34,747 socket_client_ng.py [line:66] _connect INFO node 10's socket client starts to make outgoing connections to node 4 server 
2022-07-13 04:05:34,747 socket_client_ng.py [line:77] _connect INFO node 10's socket client fails to make connection to node 4 server 
2022-07-13 04:05:34,747 socket_client_ng.py [line:66] _connect INFO node 10's socket client starts to make outgoing connections to node 6 server 
2022-07-13 04:05:34,747 socket_client_ng.py [line:77] _connect INFO node 10's socket client fails to make connection to node 6 server 
2022-07-13 04:05:34,747 socket_client_ng.py [line:66] _connect INFO node 10's socket client starts to make outgoing connections to node 7 server 
2022-07-13 04:05:34,748 socket_client_ng.py [line:77] _connect INFO node 10's socket client fails to make connection to node 7 server 
2022-07-13 04:05:34,748 socket_client_ng.py [line:66] _connect INFO node 10's socket client starts to make outgoing connections to node 8 server 
2022-07-13 04:05:34,748 socket_client_ng.py [line:77] _connect INFO node 10's socket client fails to make connection to node 8 server 
2022-07-13 04:05:34,748 socket_client_ng.py [line:66] _connect INFO node 10's socket client starts to make outgoing connections to node 9 server 
2022-07-13 04:05:34,748 socket_client_ng.py [line:77] _connect INFO node 10's socket client fails to make connection to node 9 server 
2022-07-13 04:05:34,748 socket_client_ng.py [line:66] _connect INFO node 10's socket client starts to make outgoing connections to node 11 server 
2022-07-13 04:05:34,748 socket_client_ng.py [line:77] _connect INFO node 10's socket client fails to make connection to node 11 server 
2022-07-13 04:05:34,748 socket_client_ng.py [line:66] _connect INFO node 10's socket client starts to make outgoing connections to node 13 server 
2022-07-13 04:05:34,749 socket_client_ng.py [line:77] _connect INFO node 10's socket client fails to make connection to node 13 server 
2022-07-13 04:05:34,749 socket_client_ng.py [line:66] _connect INFO node 10's socket client starts to make outgoing connections to node 14 server 
2022-07-13 04:05:34,749 socket_client_ng.py [line:77] _connect INFO node 10's socket client fails to make connection to node 14 server 
2022-07-13 04:05:34,749 socket_client_ng.py [line:66] _connect INFO node 10's socket client starts to make outgoing connections to node 15 server 
2022-07-13 04:05:34,749 socket_client_ng.py [line:77] _connect INFO node 10's socket client fails to make connection to node 15 server 
2022-07-13 04:05:34,749 socket_client_ng.py [line:66] _connect INFO node 10's socket client starts to make outgoing connections to node 0 server 
2022-07-13 04:05:34,750 socket_client_ng.py [line:77] _connect INFO node 10's socket client fails to make connection to node 0 server 
2022-07-13 04:05:34,750 socket_client_ng.py [line:66] _connect INFO node 10's socket client starts to make outgoing connections to node 3 server 
2022-07-13 04:05:34,750 socket_client_ng.py [line:77] _connect INFO node 10's socket client fails to make connection to node 3 server 
2022-07-13 04:05:34,750 socket_client_ng.py [line:66] _connect INFO node 10's socket client starts to make outgoing connections to node 4 server 
2022-07-13 04:05:34,750 socket_client_ng.py [line:77] _connect INFO node 10's socket client fails to make connection to node 4 server 
2022-07-13 04:05:34,750 socket_client_ng.py [line:66] _connect INFO node 10's socket client starts to make outgoing connections to node 6 server 
2022-07-13 04:05:34,750 socket_client_ng.py [line:77] _connect INFO node 10's socket client fails to make connection to node 6 server 
2022-07-13 04:05:34,751 socket_client_ng.py [line:66] _connect INFO node 10's socket client starts to make outgoing connections to node 7 server 
2022-07-13 04:05:34,751 socket_client_ng.py [line:77] _connect INFO node 10's socket client fails to make connection to node 7 server 
2022-07-13 04:05:34,751 socket_client_ng.py [line:66] _connect INFO node 10's socket client starts to make outgoing connections to node 8 server 
2022-07-13 04:05:34,751 socket_client_ng.py [line:77] _connect INFO node 10's socket client fails to make connection to node 8 server 
2022-07-13 04:05:34,751 socket_client_ng.py [line:66] _connect INFO node 10's socket client starts to make outgoing connections to node 9 server 
2022-07-13 04:05:34,751 socket_client_ng.py [line:77] _connect INFO node 10's socket client fails to make connection to node 9 server 
2022-07-13 04:05:34,751 socket_client_ng.py [line:66] _connect INFO node 10's socket client starts to make outgoing connections to node 11 server 
2022-07-13 04:05:34,752 socket_client_ng.py [line:77] _connect INFO node 10's socket client fails to make connection to node 11 server 
2022-07-13 04:05:34,752 socket_client_ng.py [line:66] _connect INFO node 10's socket client starts to make outgoing connections to node 13 server 
2022-07-13 04:05:34,752 socket_client_ng.py [line:77] _connect INFO node 10's socket client fails to make connection to node 13 server 
2022-07-13 04:05:34,752 socket_client_ng.py [line:66] _connect INFO node 10's socket client starts to make outgoing connections to node 14 server 
2022-07-13 04:05:34,752 socket_client_ng.py [line:77] _connect INFO node 10's socket client fails to make connection to node 14 server 
2022-07-13 04:05:34,752 socket_client_ng.py [line:66] _connect INFO node 10's socket client starts to make outgoing connections to node 15 server 
2022-07-13 04:05:34,753 socket_client_ng.py [line:77] _connect INFO node 10's socket client fails to make connection to node 15 server 
2022-07-13 04:05:34,753 socket_client_ng.py [line:66] _connect INFO node 10's socket client starts to make outgoing connections to node 0 server 
2022-07-13 04:05:34,753 socket_client_ng.py [line:77] _connect INFO node 10's socket client fails to make connection to node 0 server 
2022-07-13 04:05:34,753 socket_client_ng.py [line:66] _connect INFO node 10's socket client starts to make outgoing connections to node 3 server 
2022-07-13 04:05:34,753 socket_client_ng.py [line:77] _connect INFO node 10's socket client fails to make connection to node 3 server 
2022-07-13 04:05:34,753 socket_client_ng.py [line:66] _connect INFO node 10's socket client starts to make outgoing connections to node 4 server 
2022-07-13 04:05:34,753 socket_client_ng.py [line:77] _connect INFO node 10's socket client fails to make connection to node 4 server 
2022-07-13 04:05:34,754 socket_client_ng.py [line:66] _connect INFO node 10's socket client starts to make outgoing connections to node 6 server 
2022-07-13 04:05:34,754 socket_client_ng.py [line:77] _connect INFO node 10's socket client fails to make connection to node 6 server 
2022-07-13 04:05:34,754 socket_client_ng.py [line:66] _connect INFO node 10's socket client starts to make outgoing connections to node 7 server 
2022-07-13 04:05:34,754 socket_client_ng.py [line:77] _connect INFO node 10's socket client fails to make connection to node 7 server 
2022-07-13 04:05:34,754 socket_client_ng.py [line:66] _connect INFO node 10's socket client starts to make outgoing connections to node 8 server 
2022-07-13 04:05:34,754 socket_client_ng.py [line:77] _connect INFO node 10's socket client fails to make connection to node 8 server 
2022-07-13 04:05:34,754 socket_client_ng.py [line:66] _connect INFO node 10's socket client starts to make outgoing connections to node 9 server 
2022-07-13 04:05:34,755 socket_client_ng.py [line:77] _connect INFO node 10's socket client fails to make connection to node 9 server 
2022-07-13 04:05:34,755 socket_client_ng.py [line:66] _connect INFO node 10's socket client starts to make outgoing connections to node 11 server 
2022-07-13 04:05:34,755 socket_client_ng.py [line:77] _connect INFO node 10's socket client fails to make connection to node 11 server 
2022-07-13 04:05:34,755 socket_client_ng.py [line:66] _connect INFO node 10's socket client starts to make outgoing connections to node 13 server 
2022-07-13 04:05:34,755 socket_client_ng.py [line:77] _connect INFO node 10's socket client fails to make connection to node 13 server 
2022-07-13 04:05:34,755 socket_client_ng.py [line:66] _connect INFO node 10's socket client starts to make outgoing connections to node 14 server 
2022-07-13 04:05:34,755 socket_client_ng.py [line:77] _connect INFO node 10's socket client fails to make connection to node 14 server 
2022-07-13 04:05:34,756 socket_client_ng.py [line:66] _connect INFO node 10's socket client starts to make outgoing connections to node 15 server 
2022-07-13 04:05:34,756 socket_client_ng.py [line:77] _connect INFO node 10's socket client fails to make connection to node 15 server 
2022-07-13 04:05:34,756 socket_client_ng.py [line:66] _connect INFO node 10's socket client starts to make outgoing connections to node 0 server 
2022-07-13 04:05:34,756 socket_client_ng.py [line:77] _connect INFO node 10's socket client fails to make connection to node 0 server 
2022-07-13 04:05:34,756 socket_client_ng.py [line:66] _connect INFO node 10's socket client starts to make outgoing connections to node 3 server 
2022-07-13 04:05:34,756 socket_client_ng.py [line:77] _connect INFO node 10's socket client fails to make connection to node 3 server 
2022-07-13 04:05:34,756 socket_client_ng.py [line:66] _connect INFO node 10's socket client starts to make outgoing connections to node 4 server 
2022-07-13 04:05:34,757 socket_client_ng.py [line:77] _connect INFO node 10's socket client fails to make connection to node 4 server 
2022-07-13 04:05:34,757 socket_client_ng.py [line:66] _connect INFO node 10's socket client starts to make outgoing connections to node 6 server 
2022-07-13 04:05:34,757 socket_client_ng.py [line:77] _connect INFO node 10's socket client fails to make connection to node 6 server 
2022-07-13 04:05:34,757 socket_client_ng.py [line:66] _connect INFO node 10's socket client starts to make outgoing connections to node 7 server 
2022-07-13 04:05:34,757 socket_client_ng.py [line:77] _connect INFO node 10's socket client fails to make connection to node 7 server 
2022-07-13 04:05:34,757 socket_client_ng.py [line:66] _connect INFO node 10's socket client starts to make outgoing connections to node 8 server 
2022-07-13 04:05:34,758 socket_client_ng.py [line:77] _connect INFO node 10's socket client fails to make connection to node 8 server 
2022-07-13 04:05:34,758 socket_client_ng.py [line:66] _connect INFO node 10's socket client starts to make outgoing connections to node 9 server 
2022-07-13 04:05:34,758 socket_client_ng.py [line:77] _connect INFO node 10's socket client fails to make connection to node 9 server 
2022-07-13 04:05:34,758 socket_client_ng.py [line:66] _connect INFO node 10's socket client starts to make outgoing connections to node 11 server 
2022-07-13 04:05:34,758 socket_client_ng.py [line:77] _connect INFO node 10's socket client fails to make connection to node 11 server 
2022-07-13 04:05:34,758 socket_client_ng.py [line:66] _connect INFO node 10's socket client starts to make outgoing connections to node 13 server 
2022-07-13 04:05:34,758 socket_client_ng.py [line:77] _connect INFO node 10's socket client fails to make connection to node 13 server 
2022-07-13 04:05:34,758 socket_client_ng.py [line:66] _connect INFO node 10's socket client starts to make outgoing connections to node 14 server 
2022-07-13 04:05:34,759 socket_client_ng.py [line:77] _connect INFO node 10's socket client fails to make connection to node 14 server 
2022-07-13 04:05:34,759 socket_client_ng.py [line:66] _connect INFO node 10's socket client starts to make outgoing connections to node 15 server 
2022-07-13 04:05:34,759 socket_client_ng.py [line:77] _connect INFO node 10's socket client fails to make connection to node 15 server 
2022-07-13 04:05:34,759 socket_client_ng.py [line:66] _connect INFO node 10's socket client starts to make outgoing connections to node 0 server 
2022-07-13 04:05:34,759 socket_client_ng.py [line:77] _connect INFO node 10's socket client fails to make connection to node 0 server 
2022-07-13 04:05:34,759 socket_client_ng.py [line:66] _connect INFO node 10's socket client starts to make outgoing connections to node 3 server 
2022-07-13 04:05:34,759 socket_client_ng.py [line:77] _connect INFO node 10's socket client fails to make connection to node 3 server 
2022-07-13 04:05:34,760 socket_client_ng.py [line:66] _connect INFO node 10's socket client starts to make outgoing connections to node 4 server 
2022-07-13 04:05:34,760 socket_client_ng.py [line:77] _connect INFO node 10's socket client fails to make connection to node 4 server 
2022-07-13 04:05:34,760 socket_client_ng.py [line:66] _connect INFO node 10's socket client starts to make outgoing connections to node 6 server 
2022-07-13 04:05:34,760 socket_client_ng.py [line:77] _connect INFO node 10's socket client fails to make connection to node 6 server 
2022-07-13 04:05:34,760 socket_client_ng.py [line:66] _connect INFO node 10's socket client starts to make outgoing connections to node 7 server 
2022-07-13 04:05:34,760 socket_client_ng.py [line:77] _connect INFO node 10's socket client fails to make connection to node 7 server 
2022-07-13 04:05:34,760 socket_client_ng.py [line:66] _connect INFO node 10's socket client starts to make outgoing connections to node 8 server 
2022-07-13 04:05:34,761 socket_client_ng.py [line:77] _connect INFO node 10's socket client fails to make connection to node 8 server 
2022-07-13 04:05:34,761 socket_client_ng.py [line:66] _connect INFO node 10's socket client starts to make outgoing connections to node 9 server 
2022-07-13 04:05:34,761 socket_client_ng.py [line:77] _connect INFO node 10's socket client fails to make connection to node 9 server 
2022-07-13 04:05:34,761 socket_client_ng.py [line:66] _connect INFO node 10's socket client starts to make outgoing connections to node 11 server 
2022-07-13 04:05:34,761 socket_client_ng.py [line:77] _connect INFO node 10's socket client fails to make connection to node 11 server 
2022-07-13 04:05:34,761 socket_client_ng.py [line:66] _connect INFO node 10's socket client starts to make outgoing connections to node 13 server 
2022-07-13 04:05:34,761 socket_client_ng.py [line:77] _connect INFO node 10's socket client fails to make connection to node 13 server 
2022-07-13 04:05:34,761 socket_client_ng.py [line:66] _connect INFO node 10's socket client starts to make outgoing connections to node 14 server 
2022-07-13 04:05:34,762 socket_client_ng.py [line:77] _connect INFO node 10's socket client fails to make connection to node 14 server 
2022-07-13 04:05:34,762 socket_client_ng.py [line:66] _connect INFO node 10's socket client starts to make outgoing connections to node 15 server 
2022-07-13 04:05:34,762 socket_client_ng.py [line:77] _connect INFO node 10's socket client fails to make connection to node 15 server 
2022-07-13 04:05:34,762 socket_client_ng.py [line:66] _connect INFO node 10's socket client starts to make outgoing connections to node 0 server 
2022-07-13 04:05:34,762 socket_client_ng.py [line:77] _connect INFO node 10's socket client fails to make connection to node 0 server 
2022-07-13 04:05:34,762 socket_client_ng.py [line:66] _connect INFO node 10's socket client starts to make outgoing connections to node 3 server 
2022-07-13 04:05:34,763 socket_client_ng.py [line:77] _connect INFO node 10's socket client fails to make connection to node 3 server 
2022-07-13 04:05:34,763 socket_client_ng.py [line:66] _connect INFO node 10's socket client starts to make outgoing connections to node 4 server 
2022-07-13 04:05:34,763 socket_client_ng.py [line:77] _connect INFO node 10's socket client fails to make connection to node 4 server 
2022-07-13 04:05:34,763 socket_client_ng.py [line:66] _connect INFO node 10's socket client starts to make outgoing connections to node 6 server 
2022-07-13 04:05:34,763 socket_client_ng.py [line:77] _connect INFO node 10's socket client fails to make connection to node 6 server 
2022-07-13 04:05:34,763 socket_client_ng.py [line:66] _connect INFO node 10's socket client starts to make outgoing connections to node 7 server 
2022-07-13 04:05:34,764 socket_client_ng.py [line:77] _connect INFO node 10's socket client fails to make connection to node 7 server 
2022-07-13 04:05:34,764 socket_client_ng.py [line:66] _connect INFO node 10's socket client starts to make outgoing connections to node 8 server 
2022-07-13 04:05:34,764 socket_client_ng.py [line:77] _connect INFO node 10's socket client fails to make connection to node 8 server 
2022-07-13 04:05:34,764 socket_client_ng.py [line:66] _connect INFO node 10's socket client starts to make outgoing connections to node 9 server 
2022-07-13 04:05:34,764 socket_client_ng.py [line:77] _connect INFO node 10's socket client fails to make connection to node 9 server 
2022-07-13 04:05:34,764 socket_client_ng.py [line:66] _connect INFO node 10's socket client starts to make outgoing connections to node 11 server 
2022-07-13 04:05:34,769 socket_client_ng.py [line:77] _connect INFO node 10's socket client fails to make connection to node 11 server 
2022-07-13 04:05:34,769 socket_client_ng.py [line:66] _connect INFO node 10's socket client starts to make outgoing connections to node 13 server 
2022-07-13 04:05:34,769 socket_client_ng.py [line:77] _connect INFO node 10's socket client fails to make connection to node 13 server 
2022-07-13 04:05:34,769 socket_client_ng.py [line:66] _connect INFO node 10's socket client starts to make outgoing connections to node 14 server 
2022-07-13 04:05:34,769 socket_client_ng.py [line:77] _connect INFO node 10's socket client fails to make connection to node 14 server 
2022-07-13 04:05:34,769 socket_client_ng.py [line:66] _connect INFO node 10's socket client starts to make outgoing connections to node 15 server 
2022-07-13 04:05:34,769 socket_client_ng.py [line:77] _connect INFO node 10's socket client fails to make connection to node 15 server 
2022-07-13 04:05:34,769 socket_client_ng.py [line:66] _connect INFO node 10's socket client starts to make outgoing connections to node 0 server 
2022-07-13 04:05:34,770 socket_client_ng.py [line:77] _connect INFO node 10's socket client fails to make connection to node 0 server 
2022-07-13 04:05:34,770 socket_client_ng.py [line:66] _connect INFO node 10's socket client starts to make outgoing connections to node 3 server 
2022-07-13 04:05:34,770 socket_client_ng.py [line:77] _connect INFO node 10's socket client fails to make connection to node 3 server 
2022-07-13 04:05:34,770 socket_client_ng.py [line:66] _connect INFO node 10's socket client starts to make outgoing connections to node 4 server 
2022-07-13 04:05:34,770 socket_client_ng.py [line:77] _connect INFO node 10's socket client fails to make connection to node 4 server 
2022-07-13 04:05:34,770 socket_client_ng.py [line:66] _connect INFO node 10's socket client starts to make outgoing connections to node 6 server 
2022-07-13 04:05:34,771 socket_client_ng.py [line:77] _connect INFO node 10's socket client fails to make connection to node 6 server 
2022-07-13 04:05:34,771 socket_client_ng.py [line:66] _connect INFO node 10's socket client starts to make outgoing connections to node 7 server 
2022-07-13 04:05:34,771 socket_client_ng.py [line:77] _connect INFO node 10's socket client fails to make connection to node 7 server 
2022-07-13 04:05:34,771 socket_client_ng.py [line:66] _connect INFO node 10's socket client starts to make outgoing connections to node 8 server 
2022-07-13 04:05:34,771 socket_client_ng.py [line:77] _connect INFO node 10's socket client fails to make connection to node 8 server 
2022-07-13 04:05:34,771 socket_client_ng.py [line:66] _connect INFO node 10's socket client starts to make outgoing connections to node 9 server 
2022-07-13 04:05:34,771 socket_client_ng.py [line:77] _connect INFO node 10's socket client fails to make connection to node 9 server 
2022-07-13 04:05:34,771 socket_client_ng.py [line:66] _connect INFO node 10's socket client starts to make outgoing connections to node 11 server 
2022-07-13 04:05:34,772 socket_client_ng.py [line:77] _connect INFO node 10's socket client fails to make connection to node 11 server 
2022-07-13 04:05:34,772 socket_client_ng.py [line:66] _connect INFO node 10's socket client starts to make outgoing connections to node 13 server 
2022-07-13 04:05:34,772 socket_client_ng.py [line:77] _connect INFO node 10's socket client fails to make connection to node 13 server 
2022-07-13 04:05:34,772 socket_client_ng.py [line:66] _connect INFO node 10's socket client starts to make outgoing connections to node 14 server 
2022-07-13 04:05:34,772 socket_client_ng.py [line:77] _connect INFO node 10's socket client fails to make connection to node 14 server 
2022-07-13 04:05:34,772 socket_client_ng.py [line:66] _connect INFO node 10's socket client starts to make outgoing connections to node 15 server 
2022-07-13 04:05:34,772 socket_client_ng.py [line:77] _connect INFO node 10's socket client fails to make connection to node 15 server 
2022-07-13 04:05:34,773 socket_client_ng.py [line:66] _connect INFO node 10's socket client starts to make outgoing connections to node 0 server 
2022-07-13 04:05:34,773 socket_client_ng.py [line:77] _connect INFO node 10's socket client fails to make connection to node 0 server 
2022-07-13 04:05:34,773 socket_client_ng.py [line:66] _connect INFO node 10's socket client starts to make outgoing connections to node 3 server 
2022-07-13 04:05:34,778 socket_client_ng.py [line:77] _connect INFO node 10's socket client fails to make connection to node 3 server 
2022-07-13 04:05:34,778 socket_client_ng.py [line:66] _connect INFO node 10's socket client starts to make outgoing connections to node 4 server 
2022-07-13 04:05:34,779 socket_client_ng.py [line:77] _connect INFO node 10's socket client fails to make connection to node 4 server 
2022-07-13 04:05:34,779 socket_client_ng.py [line:66] _connect INFO node 10's socket client starts to make outgoing connections to node 6 server 
2022-07-13 04:05:34,779 socket_client_ng.py [line:77] _connect INFO node 10's socket client fails to make connection to node 6 server 
2022-07-13 04:05:34,779 socket_client_ng.py [line:66] _connect INFO node 10's socket client starts to make outgoing connections to node 7 server 
2022-07-13 04:05:34,779 socket_client_ng.py [line:77] _connect INFO node 10's socket client fails to make connection to node 7 server 
2022-07-13 04:05:34,779 socket_client_ng.py [line:66] _connect INFO node 10's socket client starts to make outgoing connections to node 8 server 
2022-07-13 04:05:34,779 socket_client_ng.py [line:77] _connect INFO node 10's socket client fails to make connection to node 8 server 
2022-07-13 04:05:34,779 socket_client_ng.py [line:66] _connect INFO node 10's socket client starts to make outgoing connections to node 9 server 
2022-07-13 04:05:34,780 socket_client_ng.py [line:77] _connect INFO node 10's socket client fails to make connection to node 9 server 
2022-07-13 04:05:34,780 socket_client_ng.py [line:66] _connect INFO node 10's socket client starts to make outgoing connections to node 11 server 
2022-07-13 04:05:34,780 socket_client_ng.py [line:77] _connect INFO node 10's socket client fails to make connection to node 11 server 
2022-07-13 04:05:34,780 socket_client_ng.py [line:66] _connect INFO node 10's socket client starts to make outgoing connections to node 13 server 
2022-07-13 04:05:34,780 socket_client_ng.py [line:77] _connect INFO node 10's socket client fails to make connection to node 13 server 
2022-07-13 04:05:34,780 socket_client_ng.py [line:66] _connect INFO node 10's socket client starts to make outgoing connections to node 14 server 
2022-07-13 04:05:34,781 socket_client_ng.py [line:77] _connect INFO node 10's socket client fails to make connection to node 14 server 
2022-07-13 04:05:34,781 socket_client_ng.py [line:66] _connect INFO node 10's socket client starts to make outgoing connections to node 15 server 
2022-07-13 04:05:34,781 socket_client_ng.py [line:77] _connect INFO node 10's socket client fails to make connection to node 15 server 
2022-07-13 04:05:34,781 socket_client_ng.py [line:66] _connect INFO node 10's socket client starts to make outgoing connections to node 0 server 
2022-07-13 04:05:34,781 socket_client_ng.py [line:77] _connect INFO node 10's socket client fails to make connection to node 0 server 
2022-07-13 04:05:34,781 socket_client_ng.py [line:66] _connect INFO node 10's socket client starts to make outgoing connections to node 3 server 
2022-07-13 04:05:34,781 socket_client_ng.py [line:77] _connect INFO node 10's socket client fails to make connection to node 3 server 
2022-07-13 04:05:34,781 socket_client_ng.py [line:66] _connect INFO node 10's socket client starts to make outgoing connections to node 4 server 
2022-07-13 04:05:34,782 socket_client_ng.py [line:77] _connect INFO node 10's socket client fails to make connection to node 4 server 
2022-07-13 04:05:34,782 socket_client_ng.py [line:66] _connect INFO node 10's socket client starts to make outgoing connections to node 6 server 
2022-07-13 04:05:34,782 socket_client_ng.py [line:77] _connect INFO node 10's socket client fails to make connection to node 6 server 
2022-07-13 04:05:34,782 socket_client_ng.py [line:66] _connect INFO node 10's socket client starts to make outgoing connections to node 7 server 
2022-07-13 04:05:34,782 socket_client_ng.py [line:77] _connect INFO node 10's socket client fails to make connection to node 7 server 
2022-07-13 04:05:34,782 socket_client_ng.py [line:66] _connect INFO node 10's socket client starts to make outgoing connections to node 8 server 
2022-07-13 04:05:34,783 socket_client_ng.py [line:77] _connect INFO node 10's socket client fails to make connection to node 8 server 
2022-07-13 04:05:34,783 socket_client_ng.py [line:66] _connect INFO node 10's socket client starts to make outgoing connections to node 9 server 
2022-07-13 04:05:34,783 socket_client_ng.py [line:77] _connect INFO node 10's socket client fails to make connection to node 9 server 
2022-07-13 04:05:34,783 socket_client_ng.py [line:66] _connect INFO node 10's socket client starts to make outgoing connections to node 11 server 
2022-07-13 04:05:34,783 socket_client_ng.py [line:77] _connect INFO node 10's socket client fails to make connection to node 11 server 
2022-07-13 04:05:34,783 socket_client_ng.py [line:66] _connect INFO node 10's socket client starts to make outgoing connections to node 13 server 
2022-07-13 04:05:34,783 socket_client_ng.py [line:77] _connect INFO node 10's socket client fails to make connection to node 13 server 
2022-07-13 04:05:34,783 socket_client_ng.py [line:66] _connect INFO node 10's socket client starts to make outgoing connections to node 14 server 
2022-07-13 04:05:34,789 socket_client_ng.py [line:77] _connect INFO node 10's socket client fails to make connection to node 14 server 
2022-07-13 04:05:34,789 socket_client_ng.py [line:66] _connect INFO node 10's socket client starts to make outgoing connections to node 15 server 
2022-07-13 04:05:34,789 socket_client_ng.py [line:77] _connect INFO node 10's socket client fails to make connection to node 15 server 
2022-07-13 04:05:34,789 socket_client_ng.py [line:66] _connect INFO node 10's socket client starts to make outgoing connections to node 0 server 
2022-07-13 04:05:34,789 socket_client_ng.py [line:77] _connect INFO node 10's socket client fails to make connection to node 0 server 
2022-07-13 04:05:34,789 socket_client_ng.py [line:66] _connect INFO node 10's socket client starts to make outgoing connections to node 3 server 
2022-07-13 04:05:34,790 socket_client_ng.py [line:77] _connect INFO node 10's socket client fails to make connection to node 3 server 
2022-07-13 04:05:34,790 socket_client_ng.py [line:66] _connect INFO node 10's socket client starts to make outgoing connections to node 4 server 
2022-07-13 04:05:34,790 socket_client_ng.py [line:77] _connect INFO node 10's socket client fails to make connection to node 4 server 
2022-07-13 04:05:34,790 socket_client_ng.py [line:66] _connect INFO node 10's socket client starts to make outgoing connections to node 6 server 
2022-07-13 04:05:34,790 socket_client_ng.py [line:77] _connect INFO node 10's socket client fails to make connection to node 6 server 
2022-07-13 04:05:34,790 socket_client_ng.py [line:66] _connect INFO node 10's socket client starts to make outgoing connections to node 7 server 
2022-07-13 04:05:34,791 socket_client_ng.py [line:77] _connect INFO node 10's socket client fails to make connection to node 7 server 
2022-07-13 04:05:34,791 socket_client_ng.py [line:66] _connect INFO node 10's socket client starts to make outgoing connections to node 8 server 
2022-07-13 04:05:34,791 socket_client_ng.py [line:77] _connect INFO node 10's socket client fails to make connection to node 8 server 
2022-07-13 04:05:34,791 socket_client_ng.py [line:66] _connect INFO node 10's socket client starts to make outgoing connections to node 9 server 
2022-07-13 04:05:34,791 socket_client_ng.py [line:77] _connect INFO node 10's socket client fails to make connection to node 9 server 
2022-07-13 04:05:34,791 socket_client_ng.py [line:66] _connect INFO node 10's socket client starts to make outgoing connections to node 11 server 
2022-07-13 04:05:34,791 socket_client_ng.py [line:77] _connect INFO node 10's socket client fails to make connection to node 11 server 
2022-07-13 04:05:34,792 socket_client_ng.py [line:66] _connect INFO node 10's socket client starts to make outgoing connections to node 13 server 
2022-07-13 04:05:34,792 socket_client_ng.py [line:77] _connect INFO node 10's socket client fails to make connection to node 13 server 
2022-07-13 04:05:34,792 socket_client_ng.py [line:66] _connect INFO node 10's socket client starts to make outgoing connections to node 14 server 
2022-07-13 04:05:34,792 socket_client_ng.py [line:77] _connect INFO node 10's socket client fails to make connection to node 14 server 
2022-07-13 04:05:34,792 socket_client_ng.py [line:66] _connect INFO node 10's socket client starts to make outgoing connections to node 15 server 
2022-07-13 04:05:34,792 socket_client_ng.py [line:77] _connect INFO node 10's socket client fails to make connection to node 15 server 
2022-07-13 04:05:34,792 socket_client_ng.py [line:66] _connect INFO node 10's socket client starts to make outgoing connections to node 0 server 
2022-07-13 04:05:34,793 socket_client_ng.py [line:77] _connect INFO node 10's socket client fails to make connection to node 0 server 
2022-07-13 04:05:34,793 socket_client_ng.py [line:66] _connect INFO node 10's socket client starts to make outgoing connections to node 3 server 
2022-07-13 04:05:34,793 socket_client_ng.py [line:77] _connect INFO node 10's socket client fails to make connection to node 3 server 
2022-07-13 04:05:34,793 socket_client_ng.py [line:66] _connect INFO node 10's socket client starts to make outgoing connections to node 4 server 
2022-07-13 04:05:34,793 socket_client_ng.py [line:77] _connect INFO node 10's socket client fails to make connection to node 4 server 
2022-07-13 04:05:34,793 socket_client_ng.py [line:66] _connect INFO node 10's socket client starts to make outgoing connections to node 6 server 
2022-07-13 04:05:34,793 socket_client_ng.py [line:77] _connect INFO node 10's socket client fails to make connection to node 6 server 
2022-07-13 04:05:34,794 socket_client_ng.py [line:66] _connect INFO node 10's socket client starts to make outgoing connections to node 7 server 
2022-07-13 04:05:34,794 socket_client_ng.py [line:77] _connect INFO node 10's socket client fails to make connection to node 7 server 
2022-07-13 04:05:34,794 socket_client_ng.py [line:66] _connect INFO node 10's socket client starts to make outgoing connections to node 8 server 
2022-07-13 04:05:34,799 socket_client_ng.py [line:77] _connect INFO node 10's socket client fails to make connection to node 8 server 
2022-07-13 04:05:34,799 socket_client_ng.py [line:66] _connect INFO node 10's socket client starts to make outgoing connections to node 9 server 
2022-07-13 04:05:34,800 socket_client_ng.py [line:77] _connect INFO node 10's socket client fails to make connection to node 9 server 
2022-07-13 04:05:34,800 socket_client_ng.py [line:66] _connect INFO node 10's socket client starts to make outgoing connections to node 11 server 
2022-07-13 04:05:34,800 socket_client_ng.py [line:77] _connect INFO node 10's socket client fails to make connection to node 11 server 
2022-07-13 04:05:34,800 socket_client_ng.py [line:66] _connect INFO node 10's socket client starts to make outgoing connections to node 13 server 
2022-07-13 04:05:34,800 socket_client_ng.py [line:77] _connect INFO node 10's socket client fails to make connection to node 13 server 
2022-07-13 04:05:34,800 socket_client_ng.py [line:66] _connect INFO node 10's socket client starts to make outgoing connections to node 14 server 
2022-07-13 04:05:34,800 socket_client_ng.py [line:77] _connect INFO node 10's socket client fails to make connection to node 14 server 
2022-07-13 04:05:34,800 socket_client_ng.py [line:66] _connect INFO node 10's socket client starts to make outgoing connections to node 15 server 
2022-07-13 04:05:34,801 socket_client_ng.py [line:77] _connect INFO node 10's socket client fails to make connection to node 15 server 
2022-07-13 04:05:34,801 socket_client_ng.py [line:66] _connect INFO node 10's socket client starts to make outgoing connections to node 0 server 
2022-07-13 04:05:34,801 socket_client_ng.py [line:77] _connect INFO node 10's socket client fails to make connection to node 0 server 
2022-07-13 04:05:34,801 socket_client_ng.py [line:66] _connect INFO node 10's socket client starts to make outgoing connections to node 3 server 
2022-07-13 04:05:34,801 socket_client_ng.py [line:77] _connect INFO node 10's socket client fails to make connection to node 3 server 
2022-07-13 04:05:34,801 socket_client_ng.py [line:66] _connect INFO node 10's socket client starts to make outgoing connections to node 4 server 
2022-07-13 04:05:34,802 socket_client_ng.py [line:77] _connect INFO node 10's socket client fails to make connection to node 4 server 
2022-07-13 04:05:34,802 socket_client_ng.py [line:66] _connect INFO node 10's socket client starts to make outgoing connections to node 6 server 
2022-07-13 04:05:34,802 socket_client_ng.py [line:77] _connect INFO node 10's socket client fails to make connection to node 6 server 
2022-07-13 04:05:34,802 socket_client_ng.py [line:66] _connect INFO node 10's socket client starts to make outgoing connections to node 7 server 
2022-07-13 04:05:34,802 socket_client_ng.py [line:77] _connect INFO node 10's socket client fails to make connection to node 7 server 
2022-07-13 04:05:34,802 socket_client_ng.py [line:66] _connect INFO node 10's socket client starts to make outgoing connections to node 8 server 
2022-07-13 04:05:34,802 socket_client_ng.py [line:77] _connect INFO node 10's socket client fails to make connection to node 8 server 
2022-07-13 04:05:34,802 socket_client_ng.py [line:66] _connect INFO node 10's socket client starts to make outgoing connections to node 9 server 
2022-07-13 04:05:34,803 socket_client_ng.py [line:77] _connect INFO node 10's socket client fails to make connection to node 9 server 
2022-07-13 04:05:34,803 socket_client_ng.py [line:66] _connect INFO node 10's socket client starts to make outgoing connections to node 11 server 
2022-07-13 04:05:34,803 socket_client_ng.py [line:77] _connect INFO node 10's socket client fails to make connection to node 11 server 
2022-07-13 04:05:34,803 socket_client_ng.py [line:66] _connect INFO node 10's socket client starts to make outgoing connections to node 13 server 
2022-07-13 04:05:34,803 socket_client_ng.py [line:77] _connect INFO node 10's socket client fails to make connection to node 13 server 
2022-07-13 04:05:34,803 socket_client_ng.py [line:66] _connect INFO node 10's socket client starts to make outgoing connections to node 14 server 
2022-07-13 04:05:34,803 socket_client_ng.py [line:77] _connect INFO node 10's socket client fails to make connection to node 14 server 
2022-07-13 04:05:34,803 socket_client_ng.py [line:66] _connect INFO node 10's socket client starts to make outgoing connections to node 15 server 
2022-07-13 04:05:34,804 socket_client_ng.py [line:77] _connect INFO node 10's socket client fails to make connection to node 15 server 
2022-07-13 04:05:34,804 socket_client_ng.py [line:66] _connect INFO node 10's socket client starts to make outgoing connections to node 0 server 
2022-07-13 04:05:34,804 socket_client_ng.py [line:77] _connect INFO node 10's socket client fails to make connection to node 0 server 
2022-07-13 04:05:34,804 socket_client_ng.py [line:66] _connect INFO node 10's socket client starts to make outgoing connections to node 3 server 
2022-07-13 04:05:34,804 socket_client_ng.py [line:77] _connect INFO node 10's socket client fails to make connection to node 3 server 
2022-07-13 04:05:34,804 socket_client_ng.py [line:66] _connect INFO node 10's socket client starts to make outgoing connections to node 4 server 
2022-07-13 04:05:34,810 socket_client_ng.py [line:77] _connect INFO node 10's socket client fails to make connection to node 4 server 
2022-07-13 04:05:34,810 socket_client_ng.py [line:66] _connect INFO node 10's socket client starts to make outgoing connections to node 6 server 
2022-07-13 04:05:34,810 socket_client_ng.py [line:77] _connect INFO node 10's socket client fails to make connection to node 6 server 
2022-07-13 04:05:34,810 socket_client_ng.py [line:66] _connect INFO node 10's socket client starts to make outgoing connections to node 7 server 
2022-07-13 04:05:34,810 socket_client_ng.py [line:77] _connect INFO node 10's socket client fails to make connection to node 7 server 
2022-07-13 04:05:34,810 socket_client_ng.py [line:66] _connect INFO node 10's socket client starts to make outgoing connections to node 8 server 
2022-07-13 04:05:34,811 socket_client_ng.py [line:77] _connect INFO node 10's socket client fails to make connection to node 8 server 
2022-07-13 04:05:34,811 socket_client_ng.py [line:66] _connect INFO node 10's socket client starts to make outgoing connections to node 9 server 
2022-07-13 04:05:34,811 socket_client_ng.py [line:77] _connect INFO node 10's socket client fails to make connection to node 9 server 
2022-07-13 04:05:34,811 socket_client_ng.py [line:66] _connect INFO node 10's socket client starts to make outgoing connections to node 11 server 
2022-07-13 04:05:34,811 socket_client_ng.py [line:77] _connect INFO node 10's socket client fails to make connection to node 11 server 
2022-07-13 04:05:34,811 socket_client_ng.py [line:66] _connect INFO node 10's socket client starts to make outgoing connections to node 13 server 
2022-07-13 04:05:34,811 socket_client_ng.py [line:77] _connect INFO node 10's socket client fails to make connection to node 13 server 
2022-07-13 04:05:34,811 socket_client_ng.py [line:66] _connect INFO node 10's socket client starts to make outgoing connections to node 14 server 
2022-07-13 04:05:34,812 socket_client_ng.py [line:77] _connect INFO node 10's socket client fails to make connection to node 14 server 
2022-07-13 04:05:34,812 socket_client_ng.py [line:66] _connect INFO node 10's socket client starts to make outgoing connections to node 15 server 
2022-07-13 04:05:34,812 socket_client_ng.py [line:77] _connect INFO node 10's socket client fails to make connection to node 15 server 
2022-07-13 04:05:34,812 socket_client_ng.py [line:66] _connect INFO node 10's socket client starts to make outgoing connections to node 0 server 
2022-07-13 04:05:34,812 socket_client_ng.py [line:77] _connect INFO node 10's socket client fails to make connection to node 0 server 
2022-07-13 04:05:34,812 socket_client_ng.py [line:66] _connect INFO node 10's socket client starts to make outgoing connections to node 3 server 
2022-07-13 04:05:34,813 socket_client_ng.py [line:77] _connect INFO node 10's socket client fails to make connection to node 3 server 
2022-07-13 04:05:34,813 socket_client_ng.py [line:66] _connect INFO node 10's socket client starts to make outgoing connections to node 4 server 
2022-07-13 04:05:34,813 socket_client_ng.py [line:77] _connect INFO node 10's socket client fails to make connection to node 4 server 
2022-07-13 04:05:34,813 socket_client_ng.py [line:66] _connect INFO node 10's socket client starts to make outgoing connections to node 6 server 
2022-07-13 04:05:34,813 socket_client_ng.py [line:77] _connect INFO node 10's socket client fails to make connection to node 6 server 
2022-07-13 04:05:34,813 socket_client_ng.py [line:66] _connect INFO node 10's socket client starts to make outgoing connections to node 7 server 
2022-07-13 04:05:34,813 socket_client_ng.py [line:77] _connect INFO node 10's socket client fails to make connection to node 7 server 
2022-07-13 04:05:34,814 socket_client_ng.py [line:66] _connect INFO node 10's socket client starts to make outgoing connections to node 8 server 
2022-07-13 04:05:34,814 socket_client_ng.py [line:77] _connect INFO node 10's socket client fails to make connection to node 8 server 
2022-07-13 04:05:34,814 socket_client_ng.py [line:66] _connect INFO node 10's socket client starts to make outgoing connections to node 9 server 
2022-07-13 04:05:34,814 socket_client_ng.py [line:77] _connect INFO node 10's socket client fails to make connection to node 9 server 
2022-07-13 04:05:34,814 socket_client_ng.py [line:66] _connect INFO node 10's socket client starts to make outgoing connections to node 11 server 
2022-07-13 04:05:34,814 socket_client_ng.py [line:77] _connect INFO node 10's socket client fails to make connection to node 11 server 
2022-07-13 04:05:34,814 socket_client_ng.py [line:66] _connect INFO node 10's socket client starts to make outgoing connections to node 13 server 
2022-07-13 04:05:34,815 socket_client_ng.py [line:77] _connect INFO node 10's socket client fails to make connection to node 13 server 
2022-07-13 04:05:34,815 socket_client_ng.py [line:66] _connect INFO node 10's socket client starts to make outgoing connections to node 14 server 
2022-07-13 04:05:34,815 socket_client_ng.py [line:77] _connect INFO node 10's socket client fails to make connection to node 14 server 
2022-07-13 04:05:34,815 socket_client_ng.py [line:66] _connect INFO node 10's socket client starts to make outgoing connections to node 15 server 
2022-07-13 04:05:34,815 socket_client_ng.py [line:77] _connect INFO node 10's socket client fails to make connection to node 15 server 
2022-07-13 04:05:34,815 socket_client_ng.py [line:66] _connect INFO node 10's socket client starts to make outgoing connections to node 0 server 
2022-07-13 04:05:34,821 socket_client_ng.py [line:77] _connect INFO node 10's socket client fails to make connection to node 0 server 
2022-07-13 04:05:34,821 socket_client_ng.py [line:66] _connect INFO node 10's socket client starts to make outgoing connections to node 3 server 
2022-07-13 04:05:34,821 socket_client_ng.py [line:77] _connect INFO node 10's socket client fails to make connection to node 3 server 
2022-07-13 04:05:34,821 socket_client_ng.py [line:66] _connect INFO node 10's socket client starts to make outgoing connections to node 4 server 
2022-07-13 04:05:34,821 socket_client_ng.py [line:77] _connect INFO node 10's socket client fails to make connection to node 4 server 
2022-07-13 04:05:34,821 socket_client_ng.py [line:66] _connect INFO node 10's socket client starts to make outgoing connections to node 6 server 
2022-07-13 04:05:34,822 socket_client_ng.py [line:74] _connect INFO node 10's socket client made an outgoing connection to node 6 server 
2022-07-13 04:05:34,822 socket_client_ng.py [line:66] _connect INFO node 10's socket client starts to make outgoing connections to node 7 server 
2022-07-13 04:05:34,822 socket_client_ng.py [line:77] _connect INFO node 10's socket client fails to make connection to node 7 server 
2022-07-13 04:05:34,822 socket_client_ng.py [line:66] _connect INFO node 10's socket client starts to make outgoing connections to node 8 server 
2022-07-13 04:05:34,822 socket_client_ng.py [line:77] _connect INFO node 10's socket client fails to make connection to node 8 server 
2022-07-13 04:05:34,822 socket_client_ng.py [line:66] _connect INFO node 10's socket client starts to make outgoing connections to node 9 server 
2022-07-13 04:05:34,822 socket_client_ng.py [line:77] _connect INFO node 10's socket client fails to make connection to node 9 server 
2022-07-13 04:05:34,823 socket_client_ng.py [line:66] _connect INFO node 10's socket client starts to make outgoing connections to node 11 server 
2022-07-13 04:05:34,823 socket_client_ng.py [line:77] _connect INFO node 10's socket client fails to make connection to node 11 server 
2022-07-13 04:05:34,823 socket_client_ng.py [line:66] _connect INFO node 10's socket client starts to make outgoing connections to node 13 server 
2022-07-13 04:05:34,823 socket_client_ng.py [line:77] _connect INFO node 10's socket client fails to make connection to node 13 server 
2022-07-13 04:05:34,823 socket_client_ng.py [line:66] _connect INFO node 10's socket client starts to make outgoing connections to node 14 server 
2022-07-13 04:05:34,823 socket_client_ng.py [line:77] _connect INFO node 10's socket client fails to make connection to node 14 server 
2022-07-13 04:05:34,823 socket_client_ng.py [line:66] _connect INFO node 10's socket client starts to make outgoing connections to node 15 server 
2022-07-13 04:05:34,824 socket_client_ng.py [line:77] _connect INFO node 10's socket client fails to make connection to node 15 server 
2022-07-13 04:05:34,824 socket_client_ng.py [line:66] _connect INFO node 10's socket client starts to make outgoing connections to node 0 server 
2022-07-13 04:05:34,824 socket_client_ng.py [line:77] _connect INFO node 10's socket client fails to make connection to node 0 server 
2022-07-13 04:05:34,824 socket_client_ng.py [line:66] _connect INFO node 10's socket client starts to make outgoing connections to node 3 server 
2022-07-13 04:05:34,824 socket_client_ng.py [line:77] _connect INFO node 10's socket client fails to make connection to node 3 server 
2022-07-13 04:05:34,824 socket_client_ng.py [line:66] _connect INFO node 10's socket client starts to make outgoing connections to node 4 server 
2022-07-13 04:05:34,825 socket_client_ng.py [line:77] _connect INFO node 10's socket client fails to make connection to node 4 server 
2022-07-13 04:05:34,825 socket_client_ng.py [line:66] _connect INFO node 10's socket client starts to make outgoing connections to node 7 server 
2022-07-13 04:05:34,825 socket_client_ng.py [line:77] _connect INFO node 10's socket client fails to make connection to node 7 server 
2022-07-13 04:05:34,825 socket_client_ng.py [line:66] _connect INFO node 10's socket client starts to make outgoing connections to node 8 server 
2022-07-13 04:05:34,825 socket_client_ng.py [line:77] _connect INFO node 10's socket client fails to make connection to node 8 server 
2022-07-13 04:05:34,825 socket_client_ng.py [line:66] _connect INFO node 10's socket client starts to make outgoing connections to node 9 server 
2022-07-13 04:05:34,825 socket_client_ng.py [line:77] _connect INFO node 10's socket client fails to make connection to node 9 server 
2022-07-13 04:05:34,826 socket_client_ng.py [line:66] _connect INFO node 10's socket client starts to make outgoing connections to node 11 server 
2022-07-13 04:05:34,826 socket_client_ng.py [line:77] _connect INFO node 10's socket client fails to make connection to node 11 server 
2022-07-13 04:05:34,826 socket_client_ng.py [line:66] _connect INFO node 10's socket client starts to make outgoing connections to node 13 server 
2022-07-13 04:05:34,831 socket_client_ng.py [line:77] _connect INFO node 10's socket client fails to make connection to node 13 server 
2022-07-13 04:05:34,831 socket_client_ng.py [line:66] _connect INFO node 10's socket client starts to make outgoing connections to node 14 server 
2022-07-13 04:05:34,832 socket_client_ng.py [line:77] _connect INFO node 10's socket client fails to make connection to node 14 server 
2022-07-13 04:05:34,832 socket_client_ng.py [line:66] _connect INFO node 10's socket client starts to make outgoing connections to node 15 server 
2022-07-13 04:05:34,832 socket_client_ng.py [line:77] _connect INFO node 10's socket client fails to make connection to node 15 server 
2022-07-13 04:05:34,832 socket_client_ng.py [line:66] _connect INFO node 10's socket client starts to make outgoing connections to node 0 server 
2022-07-13 04:05:34,832 socket_client_ng.py [line:77] _connect INFO node 10's socket client fails to make connection to node 0 server 
2022-07-13 04:05:34,832 socket_client_ng.py [line:66] _connect INFO node 10's socket client starts to make outgoing connections to node 3 server 
2022-07-13 04:05:34,832 socket_client_ng.py [line:77] _connect INFO node 10's socket client fails to make connection to node 3 server 
2022-07-13 04:05:34,833 socket_client_ng.py [line:66] _connect INFO node 10's socket client starts to make outgoing connections to node 4 server 
2022-07-13 04:05:34,833 socket_client_ng.py [line:77] _connect INFO node 10's socket client fails to make connection to node 4 server 
2022-07-13 04:05:34,833 socket_client_ng.py [line:66] _connect INFO node 10's socket client starts to make outgoing connections to node 7 server 
2022-07-13 04:05:34,833 socket_client_ng.py [line:77] _connect INFO node 10's socket client fails to make connection to node 7 server 
2022-07-13 04:05:34,833 socket_client_ng.py [line:66] _connect INFO node 10's socket client starts to make outgoing connections to node 8 server 
2022-07-13 04:05:34,833 socket_client_ng.py [line:77] _connect INFO node 10's socket client fails to make connection to node 8 server 
2022-07-13 04:05:34,833 socket_client_ng.py [line:66] _connect INFO node 10's socket client starts to make outgoing connections to node 9 server 
2022-07-13 04:05:34,834 socket_client_ng.py [line:77] _connect INFO node 10's socket client fails to make connection to node 9 server 
2022-07-13 04:05:34,834 socket_client_ng.py [line:66] _connect INFO node 10's socket client starts to make outgoing connections to node 11 server 
2022-07-13 04:05:34,834 socket_client_ng.py [line:77] _connect INFO node 10's socket client fails to make connection to node 11 server 
2022-07-13 04:05:34,834 socket_client_ng.py [line:66] _connect INFO node 10's socket client starts to make outgoing connections to node 13 server 
2022-07-13 04:05:34,834 socket_client_ng.py [line:77] _connect INFO node 10's socket client fails to make connection to node 13 server 
2022-07-13 04:05:34,834 socket_client_ng.py [line:66] _connect INFO node 10's socket client starts to make outgoing connections to node 14 server 
2022-07-13 04:05:34,834 socket_client_ng.py [line:77] _connect INFO node 10's socket client fails to make connection to node 14 server 
2022-07-13 04:05:34,835 socket_client_ng.py [line:66] _connect INFO node 10's socket client starts to make outgoing connections to node 15 server 
2022-07-13 04:05:34,835 socket_client_ng.py [line:77] _connect INFO node 10's socket client fails to make connection to node 15 server 
2022-07-13 04:05:34,835 socket_client_ng.py [line:66] _connect INFO node 10's socket client starts to make outgoing connections to node 0 server 
2022-07-13 04:05:34,835 socket_client_ng.py [line:77] _connect INFO node 10's socket client fails to make connection to node 0 server 
2022-07-13 04:05:34,835 socket_client_ng.py [line:66] _connect INFO node 10's socket client starts to make outgoing connections to node 3 server 
2022-07-13 04:05:34,835 socket_client_ng.py [line:77] _connect INFO node 10's socket client fails to make connection to node 3 server 
2022-07-13 04:05:34,835 socket_client_ng.py [line:66] _connect INFO node 10's socket client starts to make outgoing connections to node 4 server 
2022-07-13 04:05:34,836 socket_client_ng.py [line:77] _connect INFO node 10's socket client fails to make connection to node 4 server 
2022-07-13 04:05:34,836 socket_client_ng.py [line:66] _connect INFO node 10's socket client starts to make outgoing connections to node 7 server 
2022-07-13 04:05:34,836 socket_client_ng.py [line:77] _connect INFO node 10's socket client fails to make connection to node 7 server 
2022-07-13 04:05:34,836 socket_client_ng.py [line:66] _connect INFO node 10's socket client starts to make outgoing connections to node 8 server 
2022-07-13 04:05:34,836 socket_client_ng.py [line:77] _connect INFO node 10's socket client fails to make connection to node 8 server 
2022-07-13 04:05:34,836 socket_client_ng.py [line:66] _connect INFO node 10's socket client starts to make outgoing connections to node 9 server 
2022-07-13 04:05:34,837 socket_client_ng.py [line:77] _connect INFO node 10's socket client fails to make connection to node 9 server 
2022-07-13 04:05:34,837 socket_client_ng.py [line:66] _connect INFO node 10's socket client starts to make outgoing connections to node 11 server 
2022-07-13 04:05:34,839 socket_client_ng.py [line:77] _connect INFO node 10's socket client fails to make connection to node 11 server 
2022-07-13 04:05:34,839 socket_client_ng.py [line:66] _connect INFO node 10's socket client starts to make outgoing connections to node 13 server 
2022-07-13 04:05:34,840 socket_client_ng.py [line:77] _connect INFO node 10's socket client fails to make connection to node 13 server 
2022-07-13 04:05:34,840 socket_client_ng.py [line:66] _connect INFO node 10's socket client starts to make outgoing connections to node 14 server 
2022-07-13 04:05:34,840 socket_client_ng.py [line:77] _connect INFO node 10's socket client fails to make connection to node 14 server 
2022-07-13 04:05:34,840 socket_client_ng.py [line:66] _connect INFO node 10's socket client starts to make outgoing connections to node 15 server 
2022-07-13 04:05:34,840 socket_client_ng.py [line:77] _connect INFO node 10's socket client fails to make connection to node 15 server 
2022-07-13 04:05:34,840 socket_client_ng.py [line:66] _connect INFO node 10's socket client starts to make outgoing connections to node 0 server 
2022-07-13 04:05:34,844 socket_client_ng.py [line:74] _connect INFO node 10's socket client made an outgoing connection to node 0 server 
2022-07-13 04:05:34,844 socket_client_ng.py [line:66] _connect INFO node 10's socket client starts to make outgoing connections to node 3 server 
2022-07-13 04:05:34,844 socket_client_ng.py [line:77] _connect INFO node 10's socket client fails to make connection to node 3 server 
2022-07-13 04:05:34,844 socket_client_ng.py [line:66] _connect INFO node 10's socket client starts to make outgoing connections to node 4 server 
2022-07-13 04:05:34,844 socket_client_ng.py [line:77] _connect INFO node 10's socket client fails to make connection to node 4 server 
2022-07-13 04:05:34,844 socket_client_ng.py [line:66] _connect INFO node 10's socket client starts to make outgoing connections to node 7 server 
2022-07-13 04:05:34,845 socket_client_ng.py [line:77] _connect INFO node 10's socket client fails to make connection to node 7 server 
2022-07-13 04:05:34,845 socket_client_ng.py [line:66] _connect INFO node 10's socket client starts to make outgoing connections to node 8 server 
2022-07-13 04:05:34,845 socket_client_ng.py [line:77] _connect INFO node 10's socket client fails to make connection to node 8 server 
2022-07-13 04:05:34,845 socket_client_ng.py [line:66] _connect INFO node 10's socket client starts to make outgoing connections to node 9 server 
2022-07-13 04:05:34,845 socket_client_ng.py [line:77] _connect INFO node 10's socket client fails to make connection to node 9 server 
2022-07-13 04:05:34,845 socket_client_ng.py [line:66] _connect INFO node 10's socket client starts to make outgoing connections to node 11 server 
2022-07-13 04:05:34,846 socket_client_ng.py [line:77] _connect INFO node 10's socket client fails to make connection to node 11 server 
2022-07-13 04:05:34,846 socket_client_ng.py [line:66] _connect INFO node 10's socket client starts to make outgoing connections to node 13 server 
2022-07-13 04:05:34,846 socket_client_ng.py [line:77] _connect INFO node 10's socket client fails to make connection to node 13 server 
2022-07-13 04:05:34,846 socket_client_ng.py [line:66] _connect INFO node 10's socket client starts to make outgoing connections to node 14 server 
2022-07-13 04:05:34,851 socket_client_ng.py [line:77] _connect INFO node 10's socket client fails to make connection to node 14 server 
2022-07-13 04:05:34,852 socket_client_ng.py [line:66] _connect INFO node 10's socket client starts to make outgoing connections to node 15 server 
2022-07-13 04:05:34,852 socket_client_ng.py [line:77] _connect INFO node 10's socket client fails to make connection to node 15 server 
2022-07-13 04:05:34,852 socket_client_ng.py [line:66] _connect INFO node 10's socket client starts to make outgoing connections to node 3 server 
2022-07-13 04:05:34,852 socket_client_ng.py [line:77] _connect INFO node 10's socket client fails to make connection to node 3 server 
2022-07-13 04:05:34,852 socket_client_ng.py [line:66] _connect INFO node 10's socket client starts to make outgoing connections to node 4 server 
2022-07-13 04:05:34,852 socket_client_ng.py [line:77] _connect INFO node 10's socket client fails to make connection to node 4 server 
2022-07-13 04:05:34,853 socket_client_ng.py [line:66] _connect INFO node 10's socket client starts to make outgoing connections to node 7 server 
2022-07-13 04:05:34,853 socket_client_ng.py [line:77] _connect INFO node 10's socket client fails to make connection to node 7 server 
2022-07-13 04:05:34,853 socket_client_ng.py [line:66] _connect INFO node 10's socket client starts to make outgoing connections to node 8 server 
2022-07-13 04:05:34,853 socket_client_ng.py [line:77] _connect INFO node 10's socket client fails to make connection to node 8 server 
2022-07-13 04:05:34,853 socket_client_ng.py [line:66] _connect INFO node 10's socket client starts to make outgoing connections to node 9 server 
2022-07-13 04:05:34,853 socket_client_ng.py [line:77] _connect INFO node 10's socket client fails to make connection to node 9 server 
2022-07-13 04:05:34,854 socket_client_ng.py [line:66] _connect INFO node 10's socket client starts to make outgoing connections to node 11 server 
2022-07-13 04:05:34,854 socket_client_ng.py [line:77] _connect INFO node 10's socket client fails to make connection to node 11 server 
2022-07-13 04:05:34,854 socket_client_ng.py [line:66] _connect INFO node 10's socket client starts to make outgoing connections to node 13 server 
2022-07-13 04:05:34,854 socket_client_ng.py [line:77] _connect INFO node 10's socket client fails to make connection to node 13 server 
2022-07-13 04:05:34,854 socket_client_ng.py [line:66] _connect INFO node 10's socket client starts to make outgoing connections to node 14 server 
2022-07-13 04:05:34,854 socket_client_ng.py [line:77] _connect INFO node 10's socket client fails to make connection to node 14 server 
2022-07-13 04:05:34,855 socket_client_ng.py [line:66] _connect INFO node 10's socket client starts to make outgoing connections to node 15 server 
2022-07-13 04:05:34,855 socket_client_ng.py [line:77] _connect INFO node 10's socket client fails to make connection to node 15 server 
2022-07-13 04:05:34,855 socket_client_ng.py [line:66] _connect INFO node 10's socket client starts to make outgoing connections to node 3 server 
2022-07-13 04:05:34,855 socket_client_ng.py [line:77] _connect INFO node 10's socket client fails to make connection to node 3 server 
2022-07-13 04:05:34,855 socket_client_ng.py [line:66] _connect INFO node 10's socket client starts to make outgoing connections to node 4 server 
2022-07-13 04:05:34,855 socket_client_ng.py [line:77] _connect INFO node 10's socket client fails to make connection to node 4 server 
2022-07-13 04:05:34,855 socket_client_ng.py [line:66] _connect INFO node 10's socket client starts to make outgoing connections to node 7 server 
2022-07-13 04:05:34,856 socket_client_ng.py [line:77] _connect INFO node 10's socket client fails to make connection to node 7 server 
2022-07-13 04:05:34,856 socket_client_ng.py [line:66] _connect INFO node 10's socket client starts to make outgoing connections to node 8 server 
2022-07-13 04:05:34,856 socket_client_ng.py [line:77] _connect INFO node 10's socket client fails to make connection to node 8 server 
2022-07-13 04:05:34,856 socket_client_ng.py [line:66] _connect INFO node 10's socket client starts to make outgoing connections to node 9 server 
2022-07-13 04:05:34,856 socket_client_ng.py [line:77] _connect INFO node 10's socket client fails to make connection to node 9 server 
2022-07-13 04:05:34,856 socket_client_ng.py [line:66] _connect INFO node 10's socket client starts to make outgoing connections to node 11 server 
2022-07-13 04:05:34,857 socket_client_ng.py [line:77] _connect INFO node 10's socket client fails to make connection to node 11 server 
2022-07-13 04:05:34,857 socket_client_ng.py [line:66] _connect INFO node 10's socket client starts to make outgoing connections to node 13 server 
2022-07-13 04:05:34,857 socket_client_ng.py [line:77] _connect INFO node 10's socket client fails to make connection to node 13 server 
2022-07-13 04:05:34,857 socket_client_ng.py [line:66] _connect INFO node 10's socket client starts to make outgoing connections to node 14 server 
2022-07-13 04:05:34,863 socket_client_ng.py [line:77] _connect INFO node 10's socket client fails to make connection to node 14 server 
2022-07-13 04:05:34,863 socket_client_ng.py [line:66] _connect INFO node 10's socket client starts to make outgoing connections to node 15 server 
2022-07-13 04:05:34,863 socket_client_ng.py [line:77] _connect INFO node 10's socket client fails to make connection to node 15 server 
2022-07-13 04:05:34,863 socket_client_ng.py [line:66] _connect INFO node 10's socket client starts to make outgoing connections to node 3 server 
2022-07-13 04:05:34,864 socket_client_ng.py [line:77] _connect INFO node 10's socket client fails to make connection to node 3 server 
2022-07-13 04:05:34,864 socket_client_ng.py [line:66] _connect INFO node 10's socket client starts to make outgoing connections to node 4 server 
2022-07-13 04:05:34,864 socket_client_ng.py [line:77] _connect INFO node 10's socket client fails to make connection to node 4 server 
2022-07-13 04:05:34,864 socket_client_ng.py [line:66] _connect INFO node 10's socket client starts to make outgoing connections to node 7 server 
2022-07-13 04:05:34,865 socket_client_ng.py [line:77] _connect INFO node 10's socket client fails to make connection to node 7 server 
2022-07-13 04:05:34,865 socket_client_ng.py [line:66] _connect INFO node 10's socket client starts to make outgoing connections to node 8 server 
2022-07-13 04:05:34,865 socket_client_ng.py [line:77] _connect INFO node 10's socket client fails to make connection to node 8 server 
2022-07-13 04:05:34,865 socket_client_ng.py [line:66] _connect INFO node 10's socket client starts to make outgoing connections to node 9 server 
2022-07-13 04:05:34,865 socket_client_ng.py [line:77] _connect INFO node 10's socket client fails to make connection to node 9 server 
2022-07-13 04:05:34,865 socket_client_ng.py [line:66] _connect INFO node 10's socket client starts to make outgoing connections to node 11 server 
2022-07-13 04:05:34,866 socket_client_ng.py [line:77] _connect INFO node 10's socket client fails to make connection to node 11 server 
2022-07-13 04:05:34,866 socket_client_ng.py [line:66] _connect INFO node 10's socket client starts to make outgoing connections to node 13 server 
2022-07-13 04:05:34,866 socket_client_ng.py [line:77] _connect INFO node 10's socket client fails to make connection to node 13 server 
2022-07-13 04:05:34,866 socket_client_ng.py [line:66] _connect INFO node 10's socket client starts to make outgoing connections to node 14 server 
2022-07-13 04:05:34,867 socket_client_ng.py [line:77] _connect INFO node 10's socket client fails to make connection to node 14 server 
2022-07-13 04:05:34,867 socket_client_ng.py [line:66] _connect INFO node 10's socket client starts to make outgoing connections to node 15 server 
2022-07-13 04:05:34,867 socket_client_ng.py [line:77] _connect INFO node 10's socket client fails to make connection to node 15 server 
2022-07-13 04:05:34,867 socket_client_ng.py [line:66] _connect INFO node 10's socket client starts to make outgoing connections to node 3 server 
2022-07-13 04:05:34,867 socket_client_ng.py [line:77] _connect INFO node 10's socket client fails to make connection to node 3 server 
2022-07-13 04:05:34,867 socket_client_ng.py [line:66] _connect INFO node 10's socket client starts to make outgoing connections to node 4 server 
2022-07-13 04:05:34,867 socket_client_ng.py [line:77] _connect INFO node 10's socket client fails to make connection to node 4 server 
2022-07-13 04:05:34,867 socket_client_ng.py [line:66] _connect INFO node 10's socket client starts to make outgoing connections to node 7 server 
2022-07-13 04:05:34,868 socket_client_ng.py [line:77] _connect INFO node 10's socket client fails to make connection to node 7 server 
2022-07-13 04:05:34,868 socket_client_ng.py [line:66] _connect INFO node 10's socket client starts to make outgoing connections to node 8 server 
2022-07-13 04:05:34,868 socket_client_ng.py [line:77] _connect INFO node 10's socket client fails to make connection to node 8 server 
2022-07-13 04:05:34,868 socket_client_ng.py [line:66] _connect INFO node 10's socket client starts to make outgoing connections to node 9 server 
2022-07-13 04:05:34,868 socket_client_ng.py [line:77] _connect INFO node 10's socket client fails to make connection to node 9 server 
2022-07-13 04:05:34,868 socket_client_ng.py [line:66] _connect INFO node 10's socket client starts to make outgoing connections to node 11 server 
2022-07-13 04:05:34,874 socket_client_ng.py [line:77] _connect INFO node 10's socket client fails to make connection to node 11 server 
2022-07-13 04:05:34,874 socket_client_ng.py [line:66] _connect INFO node 10's socket client starts to make outgoing connections to node 13 server 
2022-07-13 04:05:34,874 socket_client_ng.py [line:77] _connect INFO node 10's socket client fails to make connection to node 13 server 
2022-07-13 04:05:34,874 socket_client_ng.py [line:66] _connect INFO node 10's socket client starts to make outgoing connections to node 14 server 
2022-07-13 04:05:34,875 socket_client_ng.py [line:77] _connect INFO node 10's socket client fails to make connection to node 14 server 
2022-07-13 04:05:34,875 socket_client_ng.py [line:66] _connect INFO node 10's socket client starts to make outgoing connections to node 15 server 
2022-07-13 04:05:34,875 socket_client_ng.py [line:77] _connect INFO node 10's socket client fails to make connection to node 15 server 
2022-07-13 04:05:34,875 socket_client_ng.py [line:66] _connect INFO node 10's socket client starts to make outgoing connections to node 3 server 
2022-07-13 04:05:34,875 socket_client_ng.py [line:77] _connect INFO node 10's socket client fails to make connection to node 3 server 
2022-07-13 04:05:34,875 socket_client_ng.py [line:66] _connect INFO node 10's socket client starts to make outgoing connections to node 4 server 
2022-07-13 04:05:34,876 socket_client_ng.py [line:77] _connect INFO node 10's socket client fails to make connection to node 4 server 
2022-07-13 04:05:34,876 socket_client_ng.py [line:66] _connect INFO node 10's socket client starts to make outgoing connections to node 7 server 
2022-07-13 04:05:34,876 socket_client_ng.py [line:77] _connect INFO node 10's socket client fails to make connection to node 7 server 
2022-07-13 04:05:34,876 socket_client_ng.py [line:66] _connect INFO node 10's socket client starts to make outgoing connections to node 8 server 
2022-07-13 04:05:34,876 socket_client_ng.py [line:77] _connect INFO node 10's socket client fails to make connection to node 8 server 
2022-07-13 04:05:34,876 socket_client_ng.py [line:66] _connect INFO node 10's socket client starts to make outgoing connections to node 9 server 
2022-07-13 04:05:34,877 socket_client_ng.py [line:77] _connect INFO node 10's socket client fails to make connection to node 9 server 
2022-07-13 04:05:34,877 socket_client_ng.py [line:66] _connect INFO node 10's socket client starts to make outgoing connections to node 11 server 
2022-07-13 04:05:34,877 socket_client_ng.py [line:77] _connect INFO node 10's socket client fails to make connection to node 11 server 
2022-07-13 04:05:34,877 socket_client_ng.py [line:66] _connect INFO node 10's socket client starts to make outgoing connections to node 13 server 
2022-07-13 04:05:34,877 socket_client_ng.py [line:77] _connect INFO node 10's socket client fails to make connection to node 13 server 
2022-07-13 04:05:34,877 socket_client_ng.py [line:66] _connect INFO node 10's socket client starts to make outgoing connections to node 14 server 
2022-07-13 04:05:34,878 socket_client_ng.py [line:77] _connect INFO node 10's socket client fails to make connection to node 14 server 
2022-07-13 04:05:34,878 socket_client_ng.py [line:66] _connect INFO node 10's socket client starts to make outgoing connections to node 15 server 
2022-07-13 04:05:34,878 socket_client_ng.py [line:77] _connect INFO node 10's socket client fails to make connection to node 15 server 
2022-07-13 04:05:34,878 socket_client_ng.py [line:66] _connect INFO node 10's socket client starts to make outgoing connections to node 3 server 
2022-07-13 04:05:34,878 socket_client_ng.py [line:77] _connect INFO node 10's socket client fails to make connection to node 3 server 
2022-07-13 04:05:34,878 socket_client_ng.py [line:66] _connect INFO node 10's socket client starts to make outgoing connections to node 4 server 
2022-07-13 04:05:34,878 socket_client_ng.py [line:77] _connect INFO node 10's socket client fails to make connection to node 4 server 
2022-07-13 04:05:34,879 socket_client_ng.py [line:66] _connect INFO node 10's socket client starts to make outgoing connections to node 7 server 
2022-07-13 04:05:34,879 socket_client_ng.py [line:77] _connect INFO node 10's socket client fails to make connection to node 7 server 
2022-07-13 04:05:34,879 socket_client_ng.py [line:66] _connect INFO node 10's socket client starts to make outgoing connections to node 8 server 
2022-07-13 04:05:34,884 socket_client_ng.py [line:77] _connect INFO node 10's socket client fails to make connection to node 8 server 
2022-07-13 04:05:34,884 socket_client_ng.py [line:66] _connect INFO node 10's socket client starts to make outgoing connections to node 9 server 
2022-07-13 04:05:34,885 socket_client_ng.py [line:77] _connect INFO node 10's socket client fails to make connection to node 9 server 
2022-07-13 04:05:34,885 socket_client_ng.py [line:66] _connect INFO node 10's socket client starts to make outgoing connections to node 11 server 
2022-07-13 04:05:34,885 socket_client_ng.py [line:77] _connect INFO node 10's socket client fails to make connection to node 11 server 
2022-07-13 04:05:34,885 socket_client_ng.py [line:66] _connect INFO node 10's socket client starts to make outgoing connections to node 13 server 
2022-07-13 04:05:34,885 socket_client_ng.py [line:77] _connect INFO node 10's socket client fails to make connection to node 13 server 
2022-07-13 04:05:34,885 socket_client_ng.py [line:66] _connect INFO node 10's socket client starts to make outgoing connections to node 14 server 
2022-07-13 04:05:34,885 socket_client_ng.py [line:77] _connect INFO node 10's socket client fails to make connection to node 14 server 
2022-07-13 04:05:34,886 socket_client_ng.py [line:66] _connect INFO node 10's socket client starts to make outgoing connections to node 15 server 
2022-07-13 04:05:34,886 socket_client_ng.py [line:77] _connect INFO node 10's socket client fails to make connection to node 15 server 
2022-07-13 04:05:34,886 socket_client_ng.py [line:66] _connect INFO node 10's socket client starts to make outgoing connections to node 3 server 
2022-07-13 04:05:34,886 socket_client_ng.py [line:77] _connect INFO node 10's socket client fails to make connection to node 3 server 
2022-07-13 04:05:34,886 socket_client_ng.py [line:66] _connect INFO node 10's socket client starts to make outgoing connections to node 4 server 
2022-07-13 04:05:34,886 socket_client_ng.py [line:77] _connect INFO node 10's socket client fails to make connection to node 4 server 
2022-07-13 04:05:34,886 socket_client_ng.py [line:66] _connect INFO node 10's socket client starts to make outgoing connections to node 7 server 
2022-07-13 04:05:34,887 socket_client_ng.py [line:77] _connect INFO node 10's socket client fails to make connection to node 7 server 
2022-07-13 04:05:34,887 socket_client_ng.py [line:66] _connect INFO node 10's socket client starts to make outgoing connections to node 8 server 
2022-07-13 04:05:34,887 socket_client_ng.py [line:77] _connect INFO node 10's socket client fails to make connection to node 8 server 
2022-07-13 04:05:34,887 socket_client_ng.py [line:66] _connect INFO node 10's socket client starts to make outgoing connections to node 9 server 
2022-07-13 04:05:34,887 socket_client_ng.py [line:77] _connect INFO node 10's socket client fails to make connection to node 9 server 
2022-07-13 04:05:34,887 socket_client_ng.py [line:66] _connect INFO node 10's socket client starts to make outgoing connections to node 11 server 
2022-07-13 04:05:34,887 socket_client_ng.py [line:77] _connect INFO node 10's socket client fails to make connection to node 11 server 
2022-07-13 04:05:34,888 socket_client_ng.py [line:66] _connect INFO node 10's socket client starts to make outgoing connections to node 13 server 
2022-07-13 04:05:34,888 socket_client_ng.py [line:77] _connect INFO node 10's socket client fails to make connection to node 13 server 
2022-07-13 04:05:34,888 socket_client_ng.py [line:66] _connect INFO node 10's socket client starts to make outgoing connections to node 14 server 
2022-07-13 04:05:34,888 socket_client_ng.py [line:77] _connect INFO node 10's socket client fails to make connection to node 14 server 
2022-07-13 04:05:34,888 socket_client_ng.py [line:66] _connect INFO node 10's socket client starts to make outgoing connections to node 15 server 
2022-07-13 04:05:34,888 socket_client_ng.py [line:77] _connect INFO node 10's socket client fails to make connection to node 15 server 
2022-07-13 04:05:34,888 socket_client_ng.py [line:66] _connect INFO node 10's socket client starts to make outgoing connections to node 3 server 
2022-07-13 04:05:34,889 socket_client_ng.py [line:77] _connect INFO node 10's socket client fails to make connection to node 3 server 
2022-07-13 04:05:34,889 socket_client_ng.py [line:66] _connect INFO node 10's socket client starts to make outgoing connections to node 4 server 
2022-07-13 04:05:34,889 socket_client_ng.py [line:77] _connect INFO node 10's socket client fails to make connection to node 4 server 
2022-07-13 04:05:34,889 socket_client_ng.py [line:66] _connect INFO node 10's socket client starts to make outgoing connections to node 7 server 
2022-07-13 04:05:34,889 socket_client_ng.py [line:77] _connect INFO node 10's socket client fails to make connection to node 7 server 
2022-07-13 04:05:34,889 socket_client_ng.py [line:66] _connect INFO node 10's socket client starts to make outgoing connections to node 8 server 
2022-07-13 04:05:34,889 socket_client_ng.py [line:77] _connect INFO node 10's socket client fails to make connection to node 8 server 
2022-07-13 04:05:34,889 socket_client_ng.py [line:66] _connect INFO node 10's socket client starts to make outgoing connections to node 9 server 
2022-07-13 04:05:34,890 socket_client_ng.py [line:77] _connect INFO node 10's socket client fails to make connection to node 9 server 
2022-07-13 04:05:34,890 socket_client_ng.py [line:66] _connect INFO node 10's socket client starts to make outgoing connections to node 11 server 
2022-07-13 04:05:34,895 socket_client_ng.py [line:77] _connect INFO node 10's socket client fails to make connection to node 11 server 
2022-07-13 04:05:34,895 socket_client_ng.py [line:66] _connect INFO node 10's socket client starts to make outgoing connections to node 13 server 
2022-07-13 04:05:34,896 socket_client_ng.py [line:77] _connect INFO node 10's socket client fails to make connection to node 13 server 
2022-07-13 04:05:34,896 socket_client_ng.py [line:66] _connect INFO node 10's socket client starts to make outgoing connections to node 14 server 
2022-07-13 04:05:34,896 socket_client_ng.py [line:77] _connect INFO node 10's socket client fails to make connection to node 14 server 
2022-07-13 04:05:34,896 socket_client_ng.py [line:66] _connect INFO node 10's socket client starts to make outgoing connections to node 15 server 
2022-07-13 04:05:34,896 socket_client_ng.py [line:77] _connect INFO node 10's socket client fails to make connection to node 15 server 
2022-07-13 04:05:34,896 socket_client_ng.py [line:66] _connect INFO node 10's socket client starts to make outgoing connections to node 3 server 
2022-07-13 04:05:34,897 socket_client_ng.py [line:74] _connect INFO node 10's socket client made an outgoing connection to node 3 server 
2022-07-13 04:05:34,897 socket_client_ng.py [line:66] _connect INFO node 10's socket client starts to make outgoing connections to node 4 server 
2022-07-13 04:05:34,897 socket_client_ng.py [line:77] _connect INFO node 10's socket client fails to make connection to node 4 server 
2022-07-13 04:05:34,897 socket_client_ng.py [line:66] _connect INFO node 10's socket client starts to make outgoing connections to node 7 server 
2022-07-13 04:05:34,897 socket_client_ng.py [line:77] _connect INFO node 10's socket client fails to make connection to node 7 server 
2022-07-13 04:05:34,897 socket_client_ng.py [line:66] _connect INFO node 10's socket client starts to make outgoing connections to node 8 server 
2022-07-13 04:05:34,897 socket_client_ng.py [line:77] _connect INFO node 10's socket client fails to make connection to node 8 server 
2022-07-13 04:05:34,898 socket_client_ng.py [line:66] _connect INFO node 10's socket client starts to make outgoing connections to node 9 server 
2022-07-13 04:05:34,898 socket_client_ng.py [line:77] _connect INFO node 10's socket client fails to make connection to node 9 server 
2022-07-13 04:05:34,898 socket_client_ng.py [line:66] _connect INFO node 10's socket client starts to make outgoing connections to node 11 server 
2022-07-13 04:05:34,898 socket_client_ng.py [line:77] _connect INFO node 10's socket client fails to make connection to node 11 server 
2022-07-13 04:05:34,898 socket_client_ng.py [line:66] _connect INFO node 10's socket client starts to make outgoing connections to node 13 server 
2022-07-13 04:05:34,898 socket_client_ng.py [line:77] _connect INFO node 10's socket client fails to make connection to node 13 server 
2022-07-13 04:05:34,899 socket_client_ng.py [line:66] _connect INFO node 10's socket client starts to make outgoing connections to node 14 server 
2022-07-13 04:05:34,899 socket_client_ng.py [line:77] _connect INFO node 10's socket client fails to make connection to node 14 server 
2022-07-13 04:05:34,899 socket_client_ng.py [line:66] _connect INFO node 10's socket client starts to make outgoing connections to node 15 server 
2022-07-13 04:05:34,899 socket_client_ng.py [line:77] _connect INFO node 10's socket client fails to make connection to node 15 server 
2022-07-13 04:05:34,899 socket_client_ng.py [line:66] _connect INFO node 10's socket client starts to make outgoing connections to node 4 server 
2022-07-13 04:05:34,899 socket_client_ng.py [line:77] _connect INFO node 10's socket client fails to make connection to node 4 server 
2022-07-13 04:05:34,900 socket_client_ng.py [line:66] _connect INFO node 10's socket client starts to make outgoing connections to node 7 server 
2022-07-13 04:05:34,900 socket_client_ng.py [line:77] _connect INFO node 10's socket client fails to make connection to node 7 server 
2022-07-13 04:05:34,900 socket_client_ng.py [line:66] _connect INFO node 10's socket client starts to make outgoing connections to node 8 server 
2022-07-13 04:05:34,900 socket_client_ng.py [line:77] _connect INFO node 10's socket client fails to make connection to node 8 server 
2022-07-13 04:05:34,900 socket_client_ng.py [line:66] _connect INFO node 10's socket client starts to make outgoing connections to node 9 server 
2022-07-13 04:05:34,900 socket_client_ng.py [line:77] _connect INFO node 10's socket client fails to make connection to node 9 server 
2022-07-13 04:05:34,900 socket_client_ng.py [line:66] _connect INFO node 10's socket client starts to make outgoing connections to node 11 server 
2022-07-13 04:05:34,906 socket_client_ng.py [line:77] _connect INFO node 10's socket client fails to make connection to node 11 server 
2022-07-13 04:05:34,906 socket_client_ng.py [line:66] _connect INFO node 10's socket client starts to make outgoing connections to node 13 server 
2022-07-13 04:05:34,906 socket_client_ng.py [line:77] _connect INFO node 10's socket client fails to make connection to node 13 server 
2022-07-13 04:05:34,907 socket_client_ng.py [line:66] _connect INFO node 10's socket client starts to make outgoing connections to node 14 server 
2022-07-13 04:05:34,907 socket_client_ng.py [line:77] _connect INFO node 10's socket client fails to make connection to node 14 server 
2022-07-13 04:05:34,907 socket_client_ng.py [line:66] _connect INFO node 10's socket client starts to make outgoing connections to node 15 server 
2022-07-13 04:05:34,912 socket_client_ng.py [line:77] _connect INFO node 10's socket client fails to make connection to node 15 server 
2022-07-13 04:05:34,912 socket_client_ng.py [line:66] _connect INFO node 10's socket client starts to make outgoing connections to node 4 server 
2022-07-13 04:05:34,913 socket_client_ng.py [line:77] _connect INFO node 10's socket client fails to make connection to node 4 server 
2022-07-13 04:05:34,913 socket_client_ng.py [line:66] _connect INFO node 10's socket client starts to make outgoing connections to node 7 server 
2022-07-13 04:05:34,913 socket_client_ng.py [line:77] _connect INFO node 10's socket client fails to make connection to node 7 server 
2022-07-13 04:05:34,913 socket_client_ng.py [line:66] _connect INFO node 10's socket client starts to make outgoing connections to node 8 server 
2022-07-13 04:05:34,913 socket_client_ng.py [line:77] _connect INFO node 10's socket client fails to make connection to node 8 server 
2022-07-13 04:05:34,914 socket_client_ng.py [line:66] _connect INFO node 10's socket client starts to make outgoing connections to node 9 server 
2022-07-13 04:05:34,914 socket_client_ng.py [line:77] _connect INFO node 10's socket client fails to make connection to node 9 server 
2022-07-13 04:05:34,914 socket_client_ng.py [line:66] _connect INFO node 10's socket client starts to make outgoing connections to node 11 server 
2022-07-13 04:05:34,914 socket_client_ng.py [line:77] _connect INFO node 10's socket client fails to make connection to node 11 server 
2022-07-13 04:05:34,914 socket_client_ng.py [line:66] _connect INFO node 10's socket client starts to make outgoing connections to node 13 server 
2022-07-13 04:05:34,914 socket_client_ng.py [line:77] _connect INFO node 10's socket client fails to make connection to node 13 server 
2022-07-13 04:05:34,915 socket_client_ng.py [line:66] _connect INFO node 10's socket client starts to make outgoing connections to node 14 server 
2022-07-13 04:05:34,915 socket_client_ng.py [line:77] _connect INFO node 10's socket client fails to make connection to node 14 server 
2022-07-13 04:05:34,915 socket_client_ng.py [line:66] _connect INFO node 10's socket client starts to make outgoing connections to node 15 server 
2022-07-13 04:05:34,915 socket_client_ng.py [line:77] _connect INFO node 10's socket client fails to make connection to node 15 server 
2022-07-13 04:05:34,915 socket_client_ng.py [line:66] _connect INFO node 10's socket client starts to make outgoing connections to node 4 server 
2022-07-13 04:05:34,915 socket_client_ng.py [line:77] _connect INFO node 10's socket client fails to make connection to node 4 server 
2022-07-13 04:05:34,916 socket_client_ng.py [line:66] _connect INFO node 10's socket client starts to make outgoing connections to node 7 server 
2022-07-13 04:05:34,916 socket_client_ng.py [line:77] _connect INFO node 10's socket client fails to make connection to node 7 server 
2022-07-13 04:05:34,916 socket_client_ng.py [line:66] _connect INFO node 10's socket client starts to make outgoing connections to node 8 server 
2022-07-13 04:05:34,916 socket_client_ng.py [line:77] _connect INFO node 10's socket client fails to make connection to node 8 server 
2022-07-13 04:05:34,916 socket_client_ng.py [line:66] _connect INFO node 10's socket client starts to make outgoing connections to node 9 server 
2022-07-13 04:05:34,916 socket_client_ng.py [line:77] _connect INFO node 10's socket client fails to make connection to node 9 server 
2022-07-13 04:05:34,917 socket_client_ng.py [line:66] _connect INFO node 10's socket client starts to make outgoing connections to node 11 server 
2022-07-13 04:05:34,921 socket_client_ng.py [line:77] _connect INFO node 10's socket client fails to make connection to node 11 server 
2022-07-13 04:05:34,921 socket_client_ng.py [line:66] _connect INFO node 10's socket client starts to make outgoing connections to node 13 server 
2022-07-13 04:05:34,921 socket_client_ng.py [line:77] _connect INFO node 10's socket client fails to make connection to node 13 server 
2022-07-13 04:05:34,921 socket_client_ng.py [line:66] _connect INFO node 10's socket client starts to make outgoing connections to node 14 server 
2022-07-13 04:05:34,921 socket_client_ng.py [line:77] _connect INFO node 10's socket client fails to make connection to node 14 server 
2022-07-13 04:05:34,921 socket_client_ng.py [line:66] _connect INFO node 10's socket client starts to make outgoing connections to node 15 server 
2022-07-13 04:05:34,927 socket_client_ng.py [line:77] _connect INFO node 10's socket client fails to make connection to node 15 server 
2022-07-13 04:05:34,927 socket_client_ng.py [line:66] _connect INFO node 10's socket client starts to make outgoing connections to node 4 server 
2022-07-13 04:05:34,927 socket_client_ng.py [line:77] _connect INFO node 10's socket client fails to make connection to node 4 server 
2022-07-13 04:05:34,927 socket_client_ng.py [line:66] _connect INFO node 10's socket client starts to make outgoing connections to node 7 server 
2022-07-13 04:05:34,927 socket_client_ng.py [line:77] _connect INFO node 10's socket client fails to make connection to node 7 server 
2022-07-13 04:05:34,928 socket_client_ng.py [line:66] _connect INFO node 10's socket client starts to make outgoing connections to node 8 server 
2022-07-13 04:05:34,928 socket_client_ng.py [line:77] _connect INFO node 10's socket client fails to make connection to node 8 server 
2022-07-13 04:05:34,928 socket_client_ng.py [line:66] _connect INFO node 10's socket client starts to make outgoing connections to node 9 server 
2022-07-13 04:05:34,928 socket_client_ng.py [line:77] _connect INFO node 10's socket client fails to make connection to node 9 server 
2022-07-13 04:05:34,928 socket_client_ng.py [line:66] _connect INFO node 10's socket client starts to make outgoing connections to node 11 server 
2022-07-13 04:05:34,928 socket_client_ng.py [line:77] _connect INFO node 10's socket client fails to make connection to node 11 server 
2022-07-13 04:05:34,928 socket_client_ng.py [line:66] _connect INFO node 10's socket client starts to make outgoing connections to node 13 server 
2022-07-13 04:05:34,929 socket_client_ng.py [line:77] _connect INFO node 10's socket client fails to make connection to node 13 server 
2022-07-13 04:05:34,929 socket_client_ng.py [line:66] _connect INFO node 10's socket client starts to make outgoing connections to node 14 server 
2022-07-13 04:05:34,929 socket_client_ng.py [line:77] _connect INFO node 10's socket client fails to make connection to node 14 server 
2022-07-13 04:05:34,929 socket_client_ng.py [line:66] _connect INFO node 10's socket client starts to make outgoing connections to node 15 server 
2022-07-13 04:05:34,929 socket_client_ng.py [line:77] _connect INFO node 10's socket client fails to make connection to node 15 server 
2022-07-13 04:05:34,929 socket_client_ng.py [line:66] _connect INFO node 10's socket client starts to make outgoing connections to node 4 server 
2022-07-13 04:05:34,935 socket_client_ng.py [line:77] _connect INFO node 10's socket client fails to make connection to node 4 server 
2022-07-13 04:05:34,935 socket_client_ng.py [line:66] _connect INFO node 10's socket client starts to make outgoing connections to node 7 server 
2022-07-13 04:05:34,935 socket_client_ng.py [line:77] _connect INFO node 10's socket client fails to make connection to node 7 server 
2022-07-13 04:05:34,935 socket_client_ng.py [line:66] _connect INFO node 10's socket client starts to make outgoing connections to node 8 server 
2022-07-13 04:05:34,936 socket_client_ng.py [line:77] _connect INFO node 10's socket client fails to make connection to node 8 server 
2022-07-13 04:05:34,936 socket_client_ng.py [line:66] _connect INFO node 10's socket client starts to make outgoing connections to node 9 server 
2022-07-13 04:05:34,936 socket_client_ng.py [line:77] _connect INFO node 10's socket client fails to make connection to node 9 server 
2022-07-13 04:05:34,936 socket_client_ng.py [line:66] _connect INFO node 10's socket client starts to make outgoing connections to node 11 server 
2022-07-13 04:05:34,936 socket_client_ng.py [line:77] _connect INFO node 10's socket client fails to make connection to node 11 server 
2022-07-13 04:05:34,936 socket_client_ng.py [line:66] _connect INFO node 10's socket client starts to make outgoing connections to node 13 server 
2022-07-13 04:05:34,936 socket_client_ng.py [line:77] _connect INFO node 10's socket client fails to make connection to node 13 server 
2022-07-13 04:05:34,937 socket_client_ng.py [line:66] _connect INFO node 10's socket client starts to make outgoing connections to node 14 server 
2022-07-13 04:05:34,937 socket_client_ng.py [line:77] _connect INFO node 10's socket client fails to make connection to node 14 server 
2022-07-13 04:05:34,937 socket_client_ng.py [line:66] _connect INFO node 10's socket client starts to make outgoing connections to node 15 server 
2022-07-13 04:05:34,937 socket_client_ng.py [line:74] _connect INFO node 10's socket client made an outgoing connection to node 15 server 
2022-07-13 04:05:34,937 socket_client_ng.py [line:66] _connect INFO node 10's socket client starts to make outgoing connections to node 4 server 
2022-07-13 04:05:34,943 socket_client_ng.py [line:77] _connect INFO node 10's socket client fails to make connection to node 4 server 
2022-07-13 04:05:34,943 socket_client_ng.py [line:66] _connect INFO node 10's socket client starts to make outgoing connections to node 7 server 
2022-07-13 04:05:34,943 socket_client_ng.py [line:77] _connect INFO node 10's socket client fails to make connection to node 7 server 
2022-07-13 04:05:34,943 socket_client_ng.py [line:66] _connect INFO node 10's socket client starts to make outgoing connections to node 8 server 
2022-07-13 04:05:34,944 socket_client_ng.py [line:77] _connect INFO node 10's socket client fails to make connection to node 8 server 
2022-07-13 04:05:34,944 socket_client_ng.py [line:66] _connect INFO node 10's socket client starts to make outgoing connections to node 9 server 
2022-07-13 04:05:34,944 socket_client_ng.py [line:77] _connect INFO node 10's socket client fails to make connection to node 9 server 
2022-07-13 04:05:34,944 socket_client_ng.py [line:66] _connect INFO node 10's socket client starts to make outgoing connections to node 11 server 
2022-07-13 04:05:34,944 socket_client_ng.py [line:77] _connect INFO node 10's socket client fails to make connection to node 11 server 
2022-07-13 04:05:34,944 socket_client_ng.py [line:66] _connect INFO node 10's socket client starts to make outgoing connections to node 13 server 
2022-07-13 04:05:34,945 socket_client_ng.py [line:77] _connect INFO node 10's socket client fails to make connection to node 13 server 
2022-07-13 04:05:34,945 socket_client_ng.py [line:66] _connect INFO node 10's socket client starts to make outgoing connections to node 14 server 
2022-07-13 04:05:34,945 socket_client_ng.py [line:77] _connect INFO node 10's socket client fails to make connection to node 14 server 
2022-07-13 04:05:34,945 socket_client_ng.py [line:66] _connect INFO node 10's socket client starts to make outgoing connections to node 4 server 
2022-07-13 04:05:34,950 socket_client_ng.py [line:77] _connect INFO node 10's socket client fails to make connection to node 4 server 
2022-07-13 04:05:34,951 socket_client_ng.py [line:66] _connect INFO node 10's socket client starts to make outgoing connections to node 7 server 
2022-07-13 04:05:34,951 socket_client_ng.py [line:74] _connect INFO node 10's socket client made an outgoing connection to node 7 server 
2022-07-13 04:05:34,951 socket_client_ng.py [line:66] _connect INFO node 10's socket client starts to make outgoing connections to node 8 server 
2022-07-13 04:05:34,951 socket_client_ng.py [line:77] _connect INFO node 10's socket client fails to make connection to node 8 server 
2022-07-13 04:05:34,951 socket_client_ng.py [line:66] _connect INFO node 10's socket client starts to make outgoing connections to node 9 server 
2022-07-13 04:05:34,951 socket_client_ng.py [line:77] _connect INFO node 10's socket client fails to make connection to node 9 server 
2022-07-13 04:05:34,952 socket_client_ng.py [line:66] _connect INFO node 10's socket client starts to make outgoing connections to node 11 server 
2022-07-13 04:05:34,952 socket_client_ng.py [line:77] _connect INFO node 10's socket client fails to make connection to node 11 server 
2022-07-13 04:05:34,952 socket_client_ng.py [line:66] _connect INFO node 10's socket client starts to make outgoing connections to node 13 server 
2022-07-13 04:05:34,952 socket_client_ng.py [line:77] _connect INFO node 10's socket client fails to make connection to node 13 server 
2022-07-13 04:05:34,952 socket_client_ng.py [line:66] _connect INFO node 10's socket client starts to make outgoing connections to node 14 server 
2022-07-13 04:05:34,952 socket_client_ng.py [line:77] _connect INFO node 10's socket client fails to make connection to node 14 server 
2022-07-13 04:05:34,952 socket_client_ng.py [line:66] _connect INFO node 10's socket client starts to make outgoing connections to node 4 server 
2022-07-13 04:05:34,953 socket_client_ng.py [line:77] _connect INFO node 10's socket client fails to make connection to node 4 server 
2022-07-13 04:05:34,953 socket_client_ng.py [line:66] _connect INFO node 10's socket client starts to make outgoing connections to node 8 server 
2022-07-13 04:05:34,953 socket_client_ng.py [line:77] _connect INFO node 10's socket client fails to make connection to node 8 server 
2022-07-13 04:05:34,953 socket_client_ng.py [line:66] _connect INFO node 10's socket client starts to make outgoing connections to node 9 server 
2022-07-13 04:05:34,959 socket_client_ng.py [line:77] _connect INFO node 10's socket client fails to make connection to node 9 server 
2022-07-13 04:05:34,959 socket_client_ng.py [line:66] _connect INFO node 10's socket client starts to make outgoing connections to node 11 server 
2022-07-13 04:05:34,959 socket_client_ng.py [line:77] _connect INFO node 10's socket client fails to make connection to node 11 server 
2022-07-13 04:05:34,959 socket_client_ng.py [line:66] _connect INFO node 10's socket client starts to make outgoing connections to node 13 server 
2022-07-13 04:05:34,959 socket_client_ng.py [line:77] _connect INFO node 10's socket client fails to make connection to node 13 server 
2022-07-13 04:05:34,959 socket_client_ng.py [line:66] _connect INFO node 10's socket client starts to make outgoing connections to node 14 server 
2022-07-13 04:05:34,960 socket_client_ng.py [line:77] _connect INFO node 10's socket client fails to make connection to node 14 server 
2022-07-13 04:05:34,960 socket_client_ng.py [line:66] _connect INFO node 10's socket client starts to make outgoing connections to node 4 server 
2022-07-13 04:05:34,960 socket_client_ng.py [line:77] _connect INFO node 10's socket client fails to make connection to node 4 server 
2022-07-13 04:05:34,960 socket_client_ng.py [line:66] _connect INFO node 10's socket client starts to make outgoing connections to node 8 server 
2022-07-13 04:05:34,960 socket_client_ng.py [line:77] _connect INFO node 10's socket client fails to make connection to node 8 server 
2022-07-13 04:05:34,960 socket_client_ng.py [line:66] _connect INFO node 10's socket client starts to make outgoing connections to node 9 server 
2022-07-13 04:05:34,961 socket_client_ng.py [line:77] _connect INFO node 10's socket client fails to make connection to node 9 server 
2022-07-13 04:05:34,961 socket_client_ng.py [line:66] _connect INFO node 10's socket client starts to make outgoing connections to node 11 server 
2022-07-13 04:05:34,966 socket_client_ng.py [line:77] _connect INFO node 10's socket client fails to make connection to node 11 server 
2022-07-13 04:05:34,966 socket_client_ng.py [line:66] _connect INFO node 10's socket client starts to make outgoing connections to node 13 server 
2022-07-13 04:05:34,967 socket_client_ng.py [line:77] _connect INFO node 10's socket client fails to make connection to node 13 server 
2022-07-13 04:05:34,967 socket_client_ng.py [line:66] _connect INFO node 10's socket client starts to make outgoing connections to node 14 server 
2022-07-13 04:05:34,967 socket_client_ng.py [line:77] _connect INFO node 10's socket client fails to make connection to node 14 server 
2022-07-13 04:05:34,967 socket_client_ng.py [line:66] _connect INFO node 10's socket client starts to make outgoing connections to node 4 server 
2022-07-13 04:05:34,967 socket_client_ng.py [line:77] _connect INFO node 10's socket client fails to make connection to node 4 server 
2022-07-13 04:05:34,967 socket_client_ng.py [line:66] _connect INFO node 10's socket client starts to make outgoing connections to node 8 server 
2022-07-13 04:05:34,968 socket_client_ng.py [line:77] _connect INFO node 10's socket client fails to make connection to node 8 server 
2022-07-13 04:05:34,968 socket_client_ng.py [line:66] _connect INFO node 10's socket client starts to make outgoing connections to node 9 server 
2022-07-13 04:05:34,968 socket_client_ng.py [line:77] _connect INFO node 10's socket client fails to make connection to node 9 server 
2022-07-13 04:05:34,968 socket_client_ng.py [line:66] _connect INFO node 10's socket client starts to make outgoing connections to node 11 server 
2022-07-13 04:05:34,968 socket_client_ng.py [line:77] _connect INFO node 10's socket client fails to make connection to node 11 server 
2022-07-13 04:05:34,968 socket_client_ng.py [line:66] _connect INFO node 10's socket client starts to make outgoing connections to node 13 server 
2022-07-13 04:05:34,969 socket_client_ng.py [line:77] _connect INFO node 10's socket client fails to make connection to node 13 server 
2022-07-13 04:05:34,969 socket_client_ng.py [line:66] _connect INFO node 10's socket client starts to make outgoing connections to node 14 server 
2022-07-13 04:05:34,980 socket_client_ng.py [line:77] _connect INFO node 10's socket client fails to make connection to node 14 server 
2022-07-13 04:05:34,980 socket_client_ng.py [line:66] _connect INFO node 10's socket client starts to make outgoing connections to node 4 server 
2022-07-13 04:05:34,981 socket_client_ng.py [line:77] _connect INFO node 10's socket client fails to make connection to node 4 server 
2022-07-13 04:05:34,981 socket_client_ng.py [line:66] _connect INFO node 10's socket client starts to make outgoing connections to node 8 server 
2022-07-13 04:05:34,981 socket_client_ng.py [line:77] _connect INFO node 10's socket client fails to make connection to node 8 server 
2022-07-13 04:05:34,981 socket_client_ng.py [line:66] _connect INFO node 10's socket client starts to make outgoing connections to node 9 server 
2022-07-13 04:05:34,981 socket_client_ng.py [line:77] _connect INFO node 10's socket client fails to make connection to node 9 server 
2022-07-13 04:05:34,981 socket_client_ng.py [line:66] _connect INFO node 10's socket client starts to make outgoing connections to node 11 server 
2022-07-13 04:05:34,982 socket_client_ng.py [line:77] _connect INFO node 10's socket client fails to make connection to node 11 server 
2022-07-13 04:05:34,982 socket_client_ng.py [line:66] _connect INFO node 10's socket client starts to make outgoing connections to node 13 server 
2022-07-13 04:05:34,982 socket_client_ng.py [line:74] _connect INFO node 10's socket client made an outgoing connection to node 13 server 
2022-07-13 04:05:34,982 socket_client_ng.py [line:66] _connect INFO node 10's socket client starts to make outgoing connections to node 14 server 
2022-07-13 04:05:34,982 socket_client_ng.py [line:77] _connect INFO node 10's socket client fails to make connection to node 14 server 
2022-07-13 04:05:34,982 socket_client_ng.py [line:66] _connect INFO node 10's socket client starts to make outgoing connections to node 4 server 
2022-07-13 04:05:34,983 socket_client_ng.py [line:77] _connect INFO node 10's socket client fails to make connection to node 4 server 
2022-07-13 04:05:34,983 socket_client_ng.py [line:66] _connect INFO node 10's socket client starts to make outgoing connections to node 8 server 
2022-07-13 04:05:34,988 socket_client_ng.py [line:77] _connect INFO node 10's socket client fails to make connection to node 8 server 
2022-07-13 04:05:34,988 socket_client_ng.py [line:66] _connect INFO node 10's socket client starts to make outgoing connections to node 9 server 
2022-07-13 04:05:34,989 socket_client_ng.py [line:77] _connect INFO node 10's socket client fails to make connection to node 9 server 
2022-07-13 04:05:34,989 socket_client_ng.py [line:66] _connect INFO node 10's socket client starts to make outgoing connections to node 11 server 
2022-07-13 04:05:34,989 socket_client_ng.py [line:77] _connect INFO node 10's socket client fails to make connection to node 11 server 
2022-07-13 04:05:34,989 socket_client_ng.py [line:66] _connect INFO node 10's socket client starts to make outgoing connections to node 14 server 
2022-07-13 04:05:34,989 socket_client_ng.py [line:77] _connect INFO node 10's socket client fails to make connection to node 14 server 
2022-07-13 04:05:34,989 socket_client_ng.py [line:66] _connect INFO node 10's socket client starts to make outgoing connections to node 4 server 
2022-07-13 04:05:34,990 socket_client_ng.py [line:77] _connect INFO node 10's socket client fails to make connection to node 4 server 
2022-07-13 04:05:34,990 socket_client_ng.py [line:66] _connect INFO node 10's socket client starts to make outgoing connections to node 8 server 
2022-07-13 04:05:34,990 socket_client_ng.py [line:77] _connect INFO node 10's socket client fails to make connection to node 8 server 
2022-07-13 04:05:34,990 socket_client_ng.py [line:66] _connect INFO node 10's socket client starts to make outgoing connections to node 9 server 
2022-07-13 04:05:34,990 socket_client_ng.py [line:77] _connect INFO node 10's socket client fails to make connection to node 9 server 
2022-07-13 04:05:34,990 socket_client_ng.py [line:66] _connect INFO node 10's socket client starts to make outgoing connections to node 11 server 
2022-07-13 04:05:34,991 socket_client_ng.py [line:77] _connect INFO node 10's socket client fails to make connection to node 11 server 
2022-07-13 04:05:34,991 socket_client_ng.py [line:66] _connect INFO node 10's socket client starts to make outgoing connections to node 14 server 
2022-07-13 04:05:34,991 socket_client_ng.py [line:77] _connect INFO node 10's socket client fails to make connection to node 14 server 
2022-07-13 04:05:34,991 socket_client_ng.py [line:66] _connect INFO node 10's socket client starts to make outgoing connections to node 4 server 
2022-07-13 04:05:34,991 socket_client_ng.py [line:77] _connect INFO node 10's socket client fails to make connection to node 4 server 
2022-07-13 04:05:34,991 socket_client_ng.py [line:66] _connect INFO node 10's socket client starts to make outgoing connections to node 8 server 
2022-07-13 04:05:34,992 socket_client_ng.py [line:77] _connect INFO node 10's socket client fails to make connection to node 8 server 
2022-07-13 04:05:34,992 socket_client_ng.py [line:66] _connect INFO node 10's socket client starts to make outgoing connections to node 9 server 
2022-07-13 04:05:34,992 socket_client_ng.py [line:77] _connect INFO node 10's socket client fails to make connection to node 9 server 
2022-07-13 04:05:34,992 socket_client_ng.py [line:66] _connect INFO node 10's socket client starts to make outgoing connections to node 11 server 
2022-07-13 04:05:34,992 socket_client_ng.py [line:77] _connect INFO node 10's socket client fails to make connection to node 11 server 
2022-07-13 04:05:34,992 socket_client_ng.py [line:66] _connect INFO node 10's socket client starts to make outgoing connections to node 14 server 
2022-07-13 04:05:34,993 socket_client_ng.py [line:77] _connect INFO node 10's socket client fails to make connection to node 14 server 
2022-07-13 04:05:34,993 socket_client_ng.py [line:66] _connect INFO node 10's socket client starts to make outgoing connections to node 4 server 
2022-07-13 04:05:34,993 socket_client_ng.py [line:77] _connect INFO node 10's socket client fails to make connection to node 4 server 
2022-07-13 04:05:34,993 socket_client_ng.py [line:66] _connect INFO node 10's socket client starts to make outgoing connections to node 8 server 
2022-07-13 04:05:34,993 socket_client_ng.py [line:77] _connect INFO node 10's socket client fails to make connection to node 8 server 
2022-07-13 04:05:34,993 socket_client_ng.py [line:66] _connect INFO node 10's socket client starts to make outgoing connections to node 9 server 
2022-07-13 04:05:34,993 socket_client_ng.py [line:77] _connect INFO node 10's socket client fails to make connection to node 9 server 
2022-07-13 04:05:34,994 socket_client_ng.py [line:66] _connect INFO node 10's socket client starts to make outgoing connections to node 11 server 
2022-07-13 04:05:34,999 socket_client_ng.py [line:77] _connect INFO node 10's socket client fails to make connection to node 11 server 
2022-07-13 04:05:34,999 socket_client_ng.py [line:66] _connect INFO node 10's socket client starts to make outgoing connections to node 14 server 
2022-07-13 04:05:34,999 socket_client_ng.py [line:77] _connect INFO node 10's socket client fails to make connection to node 14 server 
2022-07-13 04:05:34,999 socket_client_ng.py [line:66] _connect INFO node 10's socket client starts to make outgoing connections to node 4 server 
2022-07-13 04:05:35,000 socket_client_ng.py [line:77] _connect INFO node 10's socket client fails to make connection to node 4 server 
2022-07-13 04:05:35,000 socket_client_ng.py [line:66] _connect INFO node 10's socket client starts to make outgoing connections to node 8 server 
2022-07-13 04:05:35,000 socket_client_ng.py [line:77] _connect INFO node 10's socket client fails to make connection to node 8 server 
2022-07-13 04:05:35,000 socket_client_ng.py [line:66] _connect INFO node 10's socket client starts to make outgoing connections to node 9 server 
2022-07-13 04:05:35,001 socket_client_ng.py [line:77] _connect INFO node 10's socket client fails to make connection to node 9 server 
2022-07-13 04:05:35,001 socket_client_ng.py [line:66] _connect INFO node 10's socket client starts to make outgoing connections to node 11 server 
2022-07-13 04:05:35,001 socket_client_ng.py [line:77] _connect INFO node 10's socket client fails to make connection to node 11 server 
2022-07-13 04:05:35,001 socket_client_ng.py [line:66] _connect INFO node 10's socket client starts to make outgoing connections to node 14 server 
2022-07-13 04:05:35,001 socket_client_ng.py [line:77] _connect INFO node 10's socket client fails to make connection to node 14 server 
2022-07-13 04:05:35,001 socket_client_ng.py [line:66] _connect INFO node 10's socket client starts to make outgoing connections to node 4 server 
2022-07-13 04:05:35,002 socket_client_ng.py [line:77] _connect INFO node 10's socket client fails to make connection to node 4 server 
2022-07-13 04:05:35,002 socket_client_ng.py [line:66] _connect INFO node 10's socket client starts to make outgoing connections to node 8 server 
2022-07-13 04:05:35,002 socket_client_ng.py [line:77] _connect INFO node 10's socket client fails to make connection to node 8 server 
2022-07-13 04:05:35,002 socket_client_ng.py [line:66] _connect INFO node 10's socket client starts to make outgoing connections to node 9 server 
2022-07-13 04:05:35,002 socket_client_ng.py [line:77] _connect INFO node 10's socket client fails to make connection to node 9 server 
2022-07-13 04:05:35,002 socket_client_ng.py [line:66] _connect INFO node 10's socket client starts to make outgoing connections to node 11 server 
2022-07-13 04:05:35,003 socket_client_ng.py [line:77] _connect INFO node 10's socket client fails to make connection to node 11 server 
2022-07-13 04:05:35,003 socket_client_ng.py [line:66] _connect INFO node 10's socket client starts to make outgoing connections to node 14 server 
2022-07-13 04:05:35,003 socket_client_ng.py [line:77] _connect INFO node 10's socket client fails to make connection to node 14 server 
2022-07-13 04:05:35,003 socket_client_ng.py [line:66] _connect INFO node 10's socket client starts to make outgoing connections to node 4 server 
2022-07-13 04:05:35,003 socket_client_ng.py [line:77] _connect INFO node 10's socket client fails to make connection to node 4 server 
2022-07-13 04:05:35,003 socket_client_ng.py [line:66] _connect INFO node 10's socket client starts to make outgoing connections to node 8 server 
2022-07-13 04:05:35,004 socket_client_ng.py [line:77] _connect INFO node 10's socket client fails to make connection to node 8 server 
2022-07-13 04:05:35,004 socket_client_ng.py [line:66] _connect INFO node 10's socket client starts to make outgoing connections to node 9 server 
2022-07-13 04:05:35,004 socket_client_ng.py [line:77] _connect INFO node 10's socket client fails to make connection to node 9 server 
2022-07-13 04:05:35,004 socket_client_ng.py [line:66] _connect INFO node 10's socket client starts to make outgoing connections to node 11 server 
2022-07-13 04:05:35,004 socket_client_ng.py [line:77] _connect INFO node 10's socket client fails to make connection to node 11 server 
2022-07-13 04:05:35,004 socket_client_ng.py [line:66] _connect INFO node 10's socket client starts to make outgoing connections to node 14 server 
2022-07-13 04:05:35,009 socket_client_ng.py [line:77] _connect INFO node 10's socket client fails to make connection to node 14 server 
2022-07-13 04:05:35,009 socket_client_ng.py [line:66] _connect INFO node 10's socket client starts to make outgoing connections to node 4 server 
2022-07-13 04:05:35,011 socket_client_ng.py [line:77] _connect INFO node 10's socket client fails to make connection to node 4 server 
2022-07-13 04:05:35,011 socket_client_ng.py [line:66] _connect INFO node 10's socket client starts to make outgoing connections to node 8 server 
2022-07-13 04:05:35,011 socket_client_ng.py [line:77] _connect INFO node 10's socket client fails to make connection to node 8 server 
2022-07-13 04:05:35,012 socket_client_ng.py [line:66] _connect INFO node 10's socket client starts to make outgoing connections to node 9 server 
2022-07-13 04:05:35,013 socket_client_ng.py [line:77] _connect INFO node 10's socket client fails to make connection to node 9 server 
2022-07-13 04:05:35,013 socket_client_ng.py [line:66] _connect INFO node 10's socket client starts to make outgoing connections to node 11 server 
2022-07-13 04:05:35,015 socket_client_ng.py [line:77] _connect INFO node 10's socket client fails to make connection to node 11 server 
2022-07-13 04:05:35,015 socket_client_ng.py [line:66] _connect INFO node 10's socket client starts to make outgoing connections to node 14 server 
2022-07-13 04:05:35,015 socket_client_ng.py [line:77] _connect INFO node 10's socket client fails to make connection to node 14 server 
2022-07-13 04:05:35,016 socket_client_ng.py [line:66] _connect INFO node 10's socket client starts to make outgoing connections to node 4 server 
2022-07-13 04:05:35,016 socket_client_ng.py [line:77] _connect INFO node 10's socket client fails to make connection to node 4 server 
2022-07-13 04:05:35,016 socket_client_ng.py [line:66] _connect INFO node 10's socket client starts to make outgoing connections to node 8 server 
2022-07-13 04:05:35,017 socket_client_ng.py [line:77] _connect INFO node 10's socket client fails to make connection to node 8 server 
2022-07-13 04:05:35,018 socket_client_ng.py [line:66] _connect INFO node 10's socket client starts to make outgoing connections to node 9 server 
2022-07-13 04:05:35,019 socket_client_ng.py [line:77] _connect INFO node 10's socket client fails to make connection to node 9 server 
2022-07-13 04:05:35,019 socket_client_ng.py [line:66] _connect INFO node 10's socket client starts to make outgoing connections to node 11 server 
2022-07-13 04:05:35,025 socket_client_ng.py [line:77] _connect INFO node 10's socket client fails to make connection to node 11 server 
2022-07-13 04:05:35,025 socket_client_ng.py [line:66] _connect INFO node 10's socket client starts to make outgoing connections to node 14 server 
2022-07-13 04:05:35,026 socket_client_ng.py [line:74] _connect INFO node 10's socket client made an outgoing connection to node 14 server 
2022-07-13 04:05:35,026 socket_client_ng.py [line:66] _connect INFO node 10's socket client starts to make outgoing connections to node 4 server 
2022-07-13 04:05:35,026 socket_client_ng.py [line:77] _connect INFO node 10's socket client fails to make connection to node 4 server 
2022-07-13 04:05:35,026 socket_client_ng.py [line:66] _connect INFO node 10's socket client starts to make outgoing connections to node 8 server 
2022-07-13 04:05:35,027 socket_client_ng.py [line:77] _connect INFO node 10's socket client fails to make connection to node 8 server 
2022-07-13 04:05:35,027 socket_client_ng.py [line:66] _connect INFO node 10's socket client starts to make outgoing connections to node 9 server 
2022-07-13 04:05:35,028 socket_client_ng.py [line:77] _connect INFO node 10's socket client fails to make connection to node 9 server 
2022-07-13 04:05:35,028 socket_client_ng.py [line:66] _connect INFO node 10's socket client starts to make outgoing connections to node 11 server 
2022-07-13 04:05:35,029 socket_client_ng.py [line:77] _connect INFO node 10's socket client fails to make connection to node 11 server 
2022-07-13 04:05:35,029 socket_client_ng.py [line:66] _connect INFO node 10's socket client starts to make outgoing connections to node 4 server 
2022-07-13 04:05:35,029 socket_client_ng.py [line:77] _connect INFO node 10's socket client fails to make connection to node 4 server 
2022-07-13 04:05:35,029 socket_client_ng.py [line:66] _connect INFO node 10's socket client starts to make outgoing connections to node 8 server 
2022-07-13 04:05:35,030 socket_client_ng.py [line:77] _connect INFO node 10's socket client fails to make connection to node 8 server 
2022-07-13 04:05:35,030 socket_client_ng.py [line:66] _connect INFO node 10's socket client starts to make outgoing connections to node 9 server 
2022-07-13 04:05:35,031 socket_client_ng.py [line:77] _connect INFO node 10's socket client fails to make connection to node 9 server 
2022-07-13 04:05:35,031 socket_client_ng.py [line:66] _connect INFO node 10's socket client starts to make outgoing connections to node 11 server 
2022-07-13 04:05:35,031 socket_client_ng.py [line:77] _connect INFO node 10's socket client fails to make connection to node 11 server 
2022-07-13 04:05:35,032 socket_client_ng.py [line:66] _connect INFO node 10's socket client starts to make outgoing connections to node 4 server 
2022-07-13 04:05:35,032 socket_client_ng.py [line:77] _connect INFO node 10's socket client fails to make connection to node 4 server 
2022-07-13 04:05:35,032 socket_client_ng.py [line:66] _connect INFO node 10's socket client starts to make outgoing connections to node 8 server 
2022-07-13 04:05:35,033 socket_client_ng.py [line:77] _connect INFO node 10's socket client fails to make connection to node 8 server 
2022-07-13 04:05:35,033 socket_client_ng.py [line:66] _connect INFO node 10's socket client starts to make outgoing connections to node 9 server 
2022-07-13 04:05:35,034 socket_client_ng.py [line:77] _connect INFO node 10's socket client fails to make connection to node 9 server 
2022-07-13 04:05:35,034 socket_client_ng.py [line:66] _connect INFO node 10's socket client starts to make outgoing connections to node 11 server 
2022-07-13 04:05:35,034 socket_client_ng.py [line:77] _connect INFO node 10's socket client fails to make connection to node 11 server 
2022-07-13 04:05:35,035 socket_client_ng.py [line:66] _connect INFO node 10's socket client starts to make outgoing connections to node 4 server 
2022-07-13 04:05:35,041 socket_client_ng.py [line:77] _connect INFO node 10's socket client fails to make connection to node 4 server 
2022-07-13 04:05:35,041 socket_client_ng.py [line:66] _connect INFO node 10's socket client starts to make outgoing connections to node 8 server 
2022-07-13 04:05:35,041 socket_client_ng.py [line:77] _connect INFO node 10's socket client fails to make connection to node 8 server 
2022-07-13 04:05:35,041 socket_client_ng.py [line:66] _connect INFO node 10's socket client starts to make outgoing connections to node 9 server 
2022-07-13 04:05:35,042 socket_client_ng.py [line:77] _connect INFO node 10's socket client fails to make connection to node 9 server 
2022-07-13 04:05:35,043 socket_client_ng.py [line:66] _connect INFO node 10's socket client starts to make outgoing connections to node 11 server 
2022-07-13 04:05:35,043 socket_client_ng.py [line:77] _connect INFO node 10's socket client fails to make connection to node 11 server 
2022-07-13 04:05:35,044 socket_client_ng.py [line:66] _connect INFO node 10's socket client starts to make outgoing connections to node 4 server 
2022-07-13 04:05:35,044 socket_client_ng.py [line:77] _connect INFO node 10's socket client fails to make connection to node 4 server 
2022-07-13 04:05:35,044 socket_client_ng.py [line:66] _connect INFO node 10's socket client starts to make outgoing connections to node 8 server 
2022-07-13 04:05:35,046 socket_client_ng.py [line:77] _connect INFO node 10's socket client fails to make connection to node 8 server 
2022-07-13 04:05:35,046 socket_client_ng.py [line:66] _connect INFO node 10's socket client starts to make outgoing connections to node 9 server 
2022-07-13 04:05:35,047 socket_client_ng.py [line:77] _connect INFO node 10's socket client fails to make connection to node 9 server 
2022-07-13 04:05:35,047 socket_client_ng.py [line:66] _connect INFO node 10's socket client starts to make outgoing connections to node 11 server 
2022-07-13 04:05:35,048 socket_client_ng.py [line:77] _connect INFO node 10's socket client fails to make connection to node 11 server 
2022-07-13 04:05:35,048 socket_client_ng.py [line:66] _connect INFO node 10's socket client starts to make outgoing connections to node 4 server 
2022-07-13 04:05:35,048 socket_client_ng.py [line:77] _connect INFO node 10's socket client fails to make connection to node 4 server 
2022-07-13 04:05:35,049 socket_client_ng.py [line:66] _connect INFO node 10's socket client starts to make outgoing connections to node 8 server 
2022-07-13 04:05:35,049 socket_client_ng.py [line:77] _connect INFO node 10's socket client fails to make connection to node 8 server 
2022-07-13 04:05:35,049 socket_client_ng.py [line:66] _connect INFO node 10's socket client starts to make outgoing connections to node 9 server 
2022-07-13 04:05:35,050 socket_client_ng.py [line:77] _connect INFO node 10's socket client fails to make connection to node 9 server 
2022-07-13 04:05:35,050 socket_client_ng.py [line:66] _connect INFO node 10's socket client starts to make outgoing connections to node 11 server 
2022-07-13 04:05:35,056 socket_client_ng.py [line:77] _connect INFO node 10's socket client fails to make connection to node 11 server 
2022-07-13 04:05:35,056 socket_client_ng.py [line:66] _connect INFO node 10's socket client starts to make outgoing connections to node 4 server 
2022-07-13 04:05:35,057 socket_client_ng.py [line:77] _connect INFO node 10's socket client fails to make connection to node 4 server 
2022-07-13 04:05:35,058 socket_client_ng.py [line:66] _connect INFO node 10's socket client starts to make outgoing connections to node 8 server 
2022-07-13 04:05:35,058 socket_client_ng.py [line:77] _connect INFO node 10's socket client fails to make connection to node 8 server 
2022-07-13 04:05:35,058 socket_client_ng.py [line:66] _connect INFO node 10's socket client starts to make outgoing connections to node 9 server 
2022-07-13 04:05:35,059 socket_client_ng.py [line:77] _connect INFO node 10's socket client fails to make connection to node 9 server 
2022-07-13 04:05:35,059 socket_client_ng.py [line:66] _connect INFO node 10's socket client starts to make outgoing connections to node 11 server 
2022-07-13 04:05:35,060 socket_client_ng.py [line:77] _connect INFO node 10's socket client fails to make connection to node 11 server 
2022-07-13 04:05:35,060 socket_client_ng.py [line:66] _connect INFO node 10's socket client starts to make outgoing connections to node 4 server 
2022-07-13 04:05:35,061 socket_client_ng.py [line:77] _connect INFO node 10's socket client fails to make connection to node 4 server 
2022-07-13 04:05:35,061 socket_client_ng.py [line:66] _connect INFO node 10's socket client starts to make outgoing connections to node 8 server 
2022-07-13 04:05:35,062 socket_client_ng.py [line:77] _connect INFO node 10's socket client fails to make connection to node 8 server 
2022-07-13 04:05:35,062 socket_client_ng.py [line:66] _connect INFO node 10's socket client starts to make outgoing connections to node 9 server 
2022-07-13 04:05:35,063 socket_client_ng.py [line:77] _connect INFO node 10's socket client fails to make connection to node 9 server 
2022-07-13 04:05:35,063 socket_client_ng.py [line:66] _connect INFO node 10's socket client starts to make outgoing connections to node 11 server 
2022-07-13 04:05:35,063 socket_client_ng.py [line:77] _connect INFO node 10's socket client fails to make connection to node 11 server 
2022-07-13 04:05:35,064 socket_client_ng.py [line:66] _connect INFO node 10's socket client starts to make outgoing connections to node 4 server 
2022-07-13 04:05:35,064 socket_client_ng.py [line:77] _connect INFO node 10's socket client fails to make connection to node 4 server 
2022-07-13 04:05:35,064 socket_client_ng.py [line:66] _connect INFO node 10's socket client starts to make outgoing connections to node 8 server 
2022-07-13 04:05:35,065 socket_client_ng.py [line:77] _connect INFO node 10's socket client fails to make connection to node 8 server 
2022-07-13 04:05:35,065 socket_client_ng.py [line:66] _connect INFO node 10's socket client starts to make outgoing connections to node 9 server 
2022-07-13 04:05:35,066 socket_client_ng.py [line:77] _connect INFO node 10's socket client fails to make connection to node 9 server 
2022-07-13 04:05:35,066 socket_client_ng.py [line:66] _connect INFO node 10's socket client starts to make outgoing connections to node 11 server 
2022-07-13 04:05:35,072 socket_client_ng.py [line:77] _connect INFO node 10's socket client fails to make connection to node 11 server 
2022-07-13 04:05:35,072 socket_client_ng.py [line:66] _connect INFO node 10's socket client starts to make outgoing connections to node 4 server 
2022-07-13 04:05:35,073 socket_client_ng.py [line:77] _connect INFO node 10's socket client fails to make connection to node 4 server 
2022-07-13 04:05:35,073 socket_client_ng.py [line:66] _connect INFO node 10's socket client starts to make outgoing connections to node 8 server 
2022-07-13 04:05:35,074 socket_client_ng.py [line:77] _connect INFO node 10's socket client fails to make connection to node 8 server 
2022-07-13 04:05:35,074 socket_client_ng.py [line:66] _connect INFO node 10's socket client starts to make outgoing connections to node 9 server 
2022-07-13 04:05:35,075 socket_client_ng.py [line:77] _connect INFO node 10's socket client fails to make connection to node 9 server 
2022-07-13 04:05:35,075 socket_client_ng.py [line:66] _connect INFO node 10's socket client starts to make outgoing connections to node 11 server 
2022-07-13 04:05:35,076 socket_client_ng.py [line:77] _connect INFO node 10's socket client fails to make connection to node 11 server 
2022-07-13 04:05:35,076 socket_client_ng.py [line:66] _connect INFO node 10's socket client starts to make outgoing connections to node 4 server 
2022-07-13 04:05:35,077 socket_client_ng.py [line:77] _connect INFO node 10's socket client fails to make connection to node 4 server 
2022-07-13 04:05:35,077 socket_client_ng.py [line:66] _connect INFO node 10's socket client starts to make outgoing connections to node 8 server 
2022-07-13 04:05:35,078 socket_client_ng.py [line:77] _connect INFO node 10's socket client fails to make connection to node 8 server 
2022-07-13 04:05:35,078 socket_client_ng.py [line:66] _connect INFO node 10's socket client starts to make outgoing connections to node 9 server 
2022-07-13 04:05:35,079 socket_client_ng.py [line:77] _connect INFO node 10's socket client fails to make connection to node 9 server 
2022-07-13 04:05:35,079 socket_client_ng.py [line:66] _connect INFO node 10's socket client starts to make outgoing connections to node 11 server 
2022-07-13 04:05:35,079 socket_client_ng.py [line:77] _connect INFO node 10's socket client fails to make connection to node 11 server 
2022-07-13 04:05:35,080 socket_client_ng.py [line:66] _connect INFO node 10's socket client starts to make outgoing connections to node 4 server 
2022-07-13 04:05:35,080 socket_client_ng.py [line:77] _connect INFO node 10's socket client fails to make connection to node 4 server 
2022-07-13 04:05:35,080 socket_client_ng.py [line:66] _connect INFO node 10's socket client starts to make outgoing connections to node 8 server 
2022-07-13 04:05:35,081 socket_client_ng.py [line:77] _connect INFO node 10's socket client fails to make connection to node 8 server 
2022-07-13 04:05:35,081 socket_client_ng.py [line:66] _connect INFO node 10's socket client starts to make outgoing connections to node 9 server 
2022-07-13 04:05:35,082 socket_client_ng.py [line:77] _connect INFO node 10's socket client fails to make connection to node 9 server 
2022-07-13 04:05:35,082 socket_client_ng.py [line:66] _connect INFO node 10's socket client starts to make outgoing connections to node 11 server 
2022-07-13 04:05:35,085 socket_client_ng.py [line:77] _connect INFO node 10's socket client fails to make connection to node 11 server 
2022-07-13 04:05:35,085 socket_client_ng.py [line:66] _connect INFO node 10's socket client starts to make outgoing connections to node 4 server 
2022-07-13 04:05:35,086 socket_client_ng.py [line:77] _connect INFO node 10's socket client fails to make connection to node 4 server 
2022-07-13 04:05:35,086 socket_client_ng.py [line:66] _connect INFO node 10's socket client starts to make outgoing connections to node 8 server 
2022-07-13 04:05:35,087 socket_client_ng.py [line:77] _connect INFO node 10's socket client fails to make connection to node 8 server 
2022-07-13 04:05:35,087 socket_client_ng.py [line:66] _connect INFO node 10's socket client starts to make outgoing connections to node 9 server 
2022-07-13 04:05:35,088 socket_client_ng.py [line:77] _connect INFO node 10's socket client fails to make connection to node 9 server 
2022-07-13 04:05:35,088 socket_client_ng.py [line:66] _connect INFO node 10's socket client starts to make outgoing connections to node 11 server 
2022-07-13 04:05:35,094 socket_client_ng.py [line:77] _connect INFO node 10's socket client fails to make connection to node 11 server 
2022-07-13 04:05:35,094 socket_client_ng.py [line:66] _connect INFO node 10's socket client starts to make outgoing connections to node 4 server 
2022-07-13 04:05:35,095 socket_client_ng.py [line:74] _connect INFO node 10's socket client made an outgoing connection to node 4 server 
2022-07-13 04:05:35,095 socket_client_ng.py [line:66] _connect INFO node 10's socket client starts to make outgoing connections to node 8 server 
2022-07-13 04:05:35,096 socket_client_ng.py [line:77] _connect INFO node 10's socket client fails to make connection to node 8 server 
2022-07-13 04:05:35,096 socket_client_ng.py [line:66] _connect INFO node 10's socket client starts to make outgoing connections to node 9 server 
2022-07-13 04:05:35,097 socket_client_ng.py [line:77] _connect INFO node 10's socket client fails to make connection to node 9 server 
2022-07-13 04:05:35,097 socket_client_ng.py [line:66] _connect INFO node 10's socket client starts to make outgoing connections to node 11 server 
2022-07-13 04:05:35,098 socket_client_ng.py [line:77] _connect INFO node 10's socket client fails to make connection to node 11 server 
2022-07-13 04:05:35,098 socket_client_ng.py [line:66] _connect INFO node 10's socket client starts to make outgoing connections to node 8 server 
2022-07-13 04:05:35,099 socket_client_ng.py [line:77] _connect INFO node 10's socket client fails to make connection to node 8 server 
2022-07-13 04:05:35,099 socket_client_ng.py [line:66] _connect INFO node 10's socket client starts to make outgoing connections to node 9 server 
2022-07-13 04:05:35,100 socket_client_ng.py [line:77] _connect INFO node 10's socket client fails to make connection to node 9 server 
2022-07-13 04:05:35,100 socket_client_ng.py [line:66] _connect INFO node 10's socket client starts to make outgoing connections to node 11 server 
2022-07-13 04:05:35,100 socket_client_ng.py [line:77] _connect INFO node 10's socket client fails to make connection to node 11 server 
2022-07-13 04:05:35,101 socket_client_ng.py [line:66] _connect INFO node 10's socket client starts to make outgoing connections to node 8 server 
2022-07-13 04:05:35,101 socket_client_ng.py [line:77] _connect INFO node 10's socket client fails to make connection to node 8 server 
2022-07-13 04:05:35,102 socket_client_ng.py [line:66] _connect INFO node 10's socket client starts to make outgoing connections to node 9 server 
2022-07-13 04:05:35,102 socket_client_ng.py [line:77] _connect INFO node 10's socket client fails to make connection to node 9 server 
2022-07-13 04:05:35,102 socket_client_ng.py [line:66] _connect INFO node 10's socket client starts to make outgoing connections to node 11 server 
2022-07-13 04:05:35,103 socket_client_ng.py [line:77] _connect INFO node 10's socket client fails to make connection to node 11 server 
2022-07-13 04:05:35,103 socket_client_ng.py [line:66] _connect INFO node 10's socket client starts to make outgoing connections to node 8 server 
2022-07-13 04:05:35,105 socket_client_ng.py [line:77] _connect INFO node 10's socket client fails to make connection to node 8 server 
2022-07-13 04:05:35,105 socket_client_ng.py [line:66] _connect INFO node 10's socket client starts to make outgoing connections to node 9 server 
2022-07-13 04:05:35,105 socket_client_ng.py [line:77] _connect INFO node 10's socket client fails to make connection to node 9 server 
2022-07-13 04:05:35,105 socket_client_ng.py [line:66] _connect INFO node 10's socket client starts to make outgoing connections to node 11 server 
2022-07-13 04:05:35,106 socket_client_ng.py [line:77] _connect INFO node 10's socket client fails to make connection to node 11 server 
2022-07-13 04:05:35,106 socket_client_ng.py [line:66] _connect INFO node 10's socket client starts to make outgoing connections to node 8 server 
2022-07-13 04:05:35,107 socket_client_ng.py [line:77] _connect INFO node 10's socket client fails to make connection to node 8 server 
2022-07-13 04:05:35,107 socket_client_ng.py [line:66] _connect INFO node 10's socket client starts to make outgoing connections to node 9 server 
2022-07-13 04:05:35,108 socket_client_ng.py [line:77] _connect INFO node 10's socket client fails to make connection to node 9 server 
2022-07-13 04:05:35,108 socket_client_ng.py [line:66] _connect INFO node 10's socket client starts to make outgoing connections to node 11 server 
2022-07-13 04:05:35,109 socket_client_ng.py [line:77] _connect INFO node 10's socket client fails to make connection to node 11 server 
2022-07-13 04:05:35,109 socket_client_ng.py [line:66] _connect INFO node 10's socket client starts to make outgoing connections to node 8 server 
2022-07-13 04:05:35,110 socket_client_ng.py [line:77] _connect INFO node 10's socket client fails to make connection to node 8 server 
2022-07-13 04:05:35,110 socket_client_ng.py [line:66] _connect INFO node 10's socket client starts to make outgoing connections to node 9 server 
2022-07-13 04:05:35,111 socket_client_ng.py [line:77] _connect INFO node 10's socket client fails to make connection to node 9 server 
2022-07-13 04:05:35,111 socket_client_ng.py [line:66] _connect INFO node 10's socket client starts to make outgoing connections to node 11 server 
2022-07-13 04:05:35,111 socket_client_ng.py [line:77] _connect INFO node 10's socket client fails to make connection to node 11 server 
2022-07-13 04:05:35,111 socket_client_ng.py [line:66] _connect INFO node 10's socket client starts to make outgoing connections to node 8 server 
2022-07-13 04:05:35,112 socket_client_ng.py [line:77] _connect INFO node 10's socket client fails to make connection to node 8 server 
2022-07-13 04:05:35,112 socket_client_ng.py [line:66] _connect INFO node 10's socket client starts to make outgoing connections to node 9 server 
2022-07-13 04:05:35,113 socket_client_ng.py [line:77] _connect INFO node 10's socket client fails to make connection to node 9 server 
2022-07-13 04:05:35,113 socket_client_ng.py [line:66] _connect INFO node 10's socket client starts to make outgoing connections to node 11 server 
2022-07-13 04:05:35,114 socket_client_ng.py [line:77] _connect INFO node 10's socket client fails to make connection to node 11 server 
2022-07-13 04:05:35,114 socket_client_ng.py [line:66] _connect INFO node 10's socket client starts to make outgoing connections to node 8 server 
2022-07-13 04:05:35,115 socket_client_ng.py [line:77] _connect INFO node 10's socket client fails to make connection to node 8 server 
2022-07-13 04:05:35,115 socket_client_ng.py [line:66] _connect INFO node 10's socket client starts to make outgoing connections to node 9 server 
2022-07-13 04:05:35,115 socket_client_ng.py [line:77] _connect INFO node 10's socket client fails to make connection to node 9 server 
2022-07-13 04:05:35,116 socket_client_ng.py [line:66] _connect INFO node 10's socket client starts to make outgoing connections to node 11 server 
2022-07-13 04:05:35,116 socket_client_ng.py [line:77] _connect INFO node 10's socket client fails to make connection to node 11 server 
2022-07-13 04:05:35,116 socket_client_ng.py [line:66] _connect INFO node 10's socket client starts to make outgoing connections to node 8 server 
2022-07-13 04:05:35,117 socket_client_ng.py [line:77] _connect INFO node 10's socket client fails to make connection to node 8 server 
2022-07-13 04:05:35,117 socket_client_ng.py [line:66] _connect INFO node 10's socket client starts to make outgoing connections to node 9 server 
2022-07-13 04:05:35,118 socket_client_ng.py [line:77] _connect INFO node 10's socket client fails to make connection to node 9 server 
2022-07-13 04:05:35,118 socket_client_ng.py [line:66] _connect INFO node 10's socket client starts to make outgoing connections to node 11 server 
2022-07-13 04:05:35,119 socket_client_ng.py [line:77] _connect INFO node 10's socket client fails to make connection to node 11 server 
2022-07-13 04:05:35,119 socket_client_ng.py [line:66] _connect INFO node 10's socket client starts to make outgoing connections to node 8 server 
2022-07-13 04:05:35,120 socket_client_ng.py [line:77] _connect INFO node 10's socket client fails to make connection to node 8 server 
2022-07-13 04:05:35,120 socket_client_ng.py [line:66] _connect INFO node 10's socket client starts to make outgoing connections to node 9 server 
2022-07-13 04:05:35,121 socket_client_ng.py [line:77] _connect INFO node 10's socket client fails to make connection to node 9 server 
2022-07-13 04:05:35,121 socket_client_ng.py [line:66] _connect INFO node 10's socket client starts to make outgoing connections to node 11 server 
2022-07-13 04:05:35,121 socket_client_ng.py [line:77] _connect INFO node 10's socket client fails to make connection to node 11 server 
2022-07-13 04:05:35,121 socket_client_ng.py [line:66] _connect INFO node 10's socket client starts to make outgoing connections to node 8 server 
2022-07-13 04:05:35,122 socket_client_ng.py [line:77] _connect INFO node 10's socket client fails to make connection to node 8 server 
2022-07-13 04:05:35,122 socket_client_ng.py [line:66] _connect INFO node 10's socket client starts to make outgoing connections to node 9 server 
2022-07-13 04:05:35,123 socket_client_ng.py [line:77] _connect INFO node 10's socket client fails to make connection to node 9 server 
2022-07-13 04:05:35,123 socket_client_ng.py [line:66] _connect INFO node 10's socket client starts to make outgoing connections to node 11 server 
2022-07-13 04:05:35,124 socket_client_ng.py [line:77] _connect INFO node 10's socket client fails to make connection to node 11 server 
2022-07-13 04:05:35,124 socket_client_ng.py [line:66] _connect INFO node 10's socket client starts to make outgoing connections to node 8 server 
2022-07-13 04:05:35,125 socket_client_ng.py [line:77] _connect INFO node 10's socket client fails to make connection to node 8 server 
2022-07-13 04:05:35,125 socket_client_ng.py [line:66] _connect INFO node 10's socket client starts to make outgoing connections to node 9 server 
2022-07-13 04:05:35,125 socket_client_ng.py [line:77] _connect INFO node 10's socket client fails to make connection to node 9 server 
2022-07-13 04:05:35,126 socket_client_ng.py [line:66] _connect INFO node 10's socket client starts to make outgoing connections to node 11 server 
2022-07-13 04:05:35,126 socket_client_ng.py [line:77] _connect INFO node 10's socket client fails to make connection to node 11 server 
2022-07-13 04:05:35,126 socket_client_ng.py [line:66] _connect INFO node 10's socket client starts to make outgoing connections to node 8 server 
2022-07-13 04:05:35,127 socket_client_ng.py [line:77] _connect INFO node 10's socket client fails to make connection to node 8 server 
2022-07-13 04:05:35,127 socket_client_ng.py [line:66] _connect INFO node 10's socket client starts to make outgoing connections to node 9 server 
2022-07-13 04:05:35,128 socket_client_ng.py [line:77] _connect INFO node 10's socket client fails to make connection to node 9 server 
2022-07-13 04:05:35,128 socket_client_ng.py [line:66] _connect INFO node 10's socket client starts to make outgoing connections to node 11 server 
2022-07-13 04:05:35,129 socket_client_ng.py [line:77] _connect INFO node 10's socket client fails to make connection to node 11 server 
2022-07-13 04:05:35,129 socket_client_ng.py [line:66] _connect INFO node 10's socket client starts to make outgoing connections to node 8 server 
2022-07-13 04:05:35,130 socket_client_ng.py [line:77] _connect INFO node 10's socket client fails to make connection to node 8 server 
2022-07-13 04:05:35,130 socket_client_ng.py [line:66] _connect INFO node 10's socket client starts to make outgoing connections to node 9 server 
2022-07-13 04:05:35,131 socket_client_ng.py [line:77] _connect INFO node 10's socket client fails to make connection to node 9 server 
2022-07-13 04:05:35,131 socket_client_ng.py [line:66] _connect INFO node 10's socket client starts to make outgoing connections to node 11 server 
2022-07-13 04:05:35,132 socket_client_ng.py [line:77] _connect INFO node 10's socket client fails to make connection to node 11 server 
2022-07-13 04:05:35,132 socket_client_ng.py [line:66] _connect INFO node 10's socket client starts to make outgoing connections to node 8 server 
2022-07-13 04:05:35,132 socket_client_ng.py [line:77] _connect INFO node 10's socket client fails to make connection to node 8 server 
2022-07-13 04:05:35,133 socket_client_ng.py [line:66] _connect INFO node 10's socket client starts to make outgoing connections to node 9 server 
2022-07-13 04:05:35,134 socket_client_ng.py [line:77] _connect INFO node 10's socket client fails to make connection to node 9 server 
2022-07-13 04:05:35,134 socket_client_ng.py [line:66] _connect INFO node 10's socket client starts to make outgoing connections to node 11 server 
2022-07-13 04:05:35,135 socket_client_ng.py [line:77] _connect INFO node 10's socket client fails to make connection to node 11 server 
2022-07-13 04:05:35,135 socket_client_ng.py [line:66] _connect INFO node 10's socket client starts to make outgoing connections to node 8 server 
2022-07-13 04:05:35,136 socket_client_ng.py [line:77] _connect INFO node 10's socket client fails to make connection to node 8 server 
2022-07-13 04:05:35,136 socket_client_ng.py [line:66] _connect INFO node 10's socket client starts to make outgoing connections to node 9 server 
2022-07-13 04:05:35,137 socket_client_ng.py [line:77] _connect INFO node 10's socket client fails to make connection to node 9 server 
2022-07-13 04:05:35,137 socket_client_ng.py [line:66] _connect INFO node 10's socket client starts to make outgoing connections to node 11 server 
2022-07-13 04:05:35,138 socket_client_ng.py [line:77] _connect INFO node 10's socket client fails to make connection to node 11 server 
2022-07-13 04:05:35,138 socket_client_ng.py [line:66] _connect INFO node 10's socket client starts to make outgoing connections to node 8 server 
2022-07-13 04:05:35,139 socket_client_ng.py [line:77] _connect INFO node 10's socket client fails to make connection to node 8 server 
2022-07-13 04:05:35,139 socket_client_ng.py [line:66] _connect INFO node 10's socket client starts to make outgoing connections to node 9 server 
2022-07-13 04:05:35,139 socket_client_ng.py [line:77] _connect INFO node 10's socket client fails to make connection to node 9 server 
2022-07-13 04:05:35,140 socket_client_ng.py [line:66] _connect INFO node 10's socket client starts to make outgoing connections to node 11 server 
2022-07-13 04:05:35,140 socket_client_ng.py [line:77] _connect INFO node 10's socket client fails to make connection to node 11 server 
2022-07-13 04:05:35,141 socket_client_ng.py [line:66] _connect INFO node 10's socket client starts to make outgoing connections to node 8 server 
2022-07-13 04:05:35,141 socket_client_ng.py [line:77] _connect INFO node 10's socket client fails to make connection to node 8 server 
2022-07-13 04:05:35,142 socket_client_ng.py [line:66] _connect INFO node 10's socket client starts to make outgoing connections to node 9 server 
2022-07-13 04:05:35,142 socket_client_ng.py [line:77] _connect INFO node 10's socket client fails to make connection to node 9 server 
2022-07-13 04:05:35,142 socket_client_ng.py [line:66] _connect INFO node 10's socket client starts to make outgoing connections to node 11 server 
2022-07-13 04:05:35,143 socket_client_ng.py [line:77] _connect INFO node 10's socket client fails to make connection to node 11 server 
2022-07-13 04:05:35,143 socket_client_ng.py [line:66] _connect INFO node 10's socket client starts to make outgoing connections to node 8 server 
2022-07-13 04:05:35,144 socket_client_ng.py [line:77] _connect INFO node 10's socket client fails to make connection to node 8 server 
2022-07-13 04:05:35,144 socket_client_ng.py [line:66] _connect INFO node 10's socket client starts to make outgoing connections to node 9 server 
2022-07-13 04:05:35,145 socket_client_ng.py [line:77] _connect INFO node 10's socket client fails to make connection to node 9 server 
2022-07-13 04:05:35,145 socket_client_ng.py [line:66] _connect INFO node 10's socket client starts to make outgoing connections to node 11 server 
2022-07-13 04:05:35,147 socket_client_ng.py [line:77] _connect INFO node 10's socket client fails to make connection to node 11 server 
2022-07-13 04:05:35,147 socket_client_ng.py [line:66] _connect INFO node 10's socket client starts to make outgoing connections to node 8 server 
2022-07-13 04:05:35,148 socket_client_ng.py [line:77] _connect INFO node 10's socket client fails to make connection to node 8 server 
2022-07-13 04:05:35,148 socket_client_ng.py [line:66] _connect INFO node 10's socket client starts to make outgoing connections to node 9 server 
2022-07-13 04:05:35,149 socket_client_ng.py [line:77] _connect INFO node 10's socket client fails to make connection to node 9 server 
2022-07-13 04:05:35,149 socket_client_ng.py [line:66] _connect INFO node 10's socket client starts to make outgoing connections to node 11 server 
2022-07-13 04:05:35,150 socket_client_ng.py [line:77] _connect INFO node 10's socket client fails to make connection to node 11 server 
2022-07-13 04:05:35,150 socket_client_ng.py [line:66] _connect INFO node 10's socket client starts to make outgoing connections to node 8 server 
2022-07-13 04:05:35,151 socket_client_ng.py [line:77] _connect INFO node 10's socket client fails to make connection to node 8 server 
2022-07-13 04:05:35,151 socket_client_ng.py [line:66] _connect INFO node 10's socket client starts to make outgoing connections to node 9 server 
2022-07-13 04:05:35,151 socket_client_ng.py [line:77] _connect INFO node 10's socket client fails to make connection to node 9 server 
2022-07-13 04:05:35,152 socket_client_ng.py [line:66] _connect INFO node 10's socket client starts to make outgoing connections to node 11 server 
2022-07-13 04:05:35,152 socket_client_ng.py [line:77] _connect INFO node 10's socket client fails to make connection to node 11 server 
2022-07-13 04:05:35,153 socket_client_ng.py [line:66] _connect INFO node 10's socket client starts to make outgoing connections to node 8 server 
2022-07-13 04:05:35,153 socket_client_ng.py [line:77] _connect INFO node 10's socket client fails to make connection to node 8 server 
2022-07-13 04:05:35,153 socket_client_ng.py [line:66] _connect INFO node 10's socket client starts to make outgoing connections to node 9 server 
2022-07-13 04:05:35,154 socket_client_ng.py [line:77] _connect INFO node 10's socket client fails to make connection to node 9 server 
2022-07-13 04:05:35,154 socket_client_ng.py [line:66] _connect INFO node 10's socket client starts to make outgoing connections to node 11 server 
2022-07-13 04:05:35,155 socket_client_ng.py [line:77] _connect INFO node 10's socket client fails to make connection to node 11 server 
2022-07-13 04:05:35,155 socket_client_ng.py [line:66] _connect INFO node 10's socket client starts to make outgoing connections to node 8 server 
2022-07-13 04:05:35,156 socket_client_ng.py [line:77] _connect INFO node 10's socket client fails to make connection to node 8 server 
2022-07-13 04:05:35,157 socket_client_ng.py [line:66] _connect INFO node 10's socket client starts to make outgoing connections to node 9 server 
2022-07-13 04:05:35,157 socket_client_ng.py [line:77] _connect INFO node 10's socket client fails to make connection to node 9 server 
2022-07-13 04:05:35,157 socket_client_ng.py [line:66] _connect INFO node 10's socket client starts to make outgoing connections to node 11 server 
2022-07-13 04:05:35,158 socket_client_ng.py [line:77] _connect INFO node 10's socket client fails to make connection to node 11 server 
2022-07-13 04:05:35,158 socket_client_ng.py [line:66] _connect INFO node 10's socket client starts to make outgoing connections to node 8 server 
2022-07-13 04:05:35,159 socket_client_ng.py [line:77] _connect INFO node 10's socket client fails to make connection to node 8 server 
2022-07-13 04:05:35,159 socket_client_ng.py [line:66] _connect INFO node 10's socket client starts to make outgoing connections to node 9 server 
2022-07-13 04:05:35,160 socket_client_ng.py [line:77] _connect INFO node 10's socket client fails to make connection to node 9 server 
2022-07-13 04:05:35,160 socket_client_ng.py [line:66] _connect INFO node 10's socket client starts to make outgoing connections to node 11 server 
2022-07-13 04:05:35,161 socket_client_ng.py [line:77] _connect INFO node 10's socket client fails to make connection to node 11 server 
2022-07-13 04:05:35,161 socket_client_ng.py [line:66] _connect INFO node 10's socket client starts to make outgoing connections to node 8 server 
2022-07-13 04:05:35,162 socket_client_ng.py [line:77] _connect INFO node 10's socket client fails to make connection to node 8 server 
2022-07-13 04:05:35,162 socket_client_ng.py [line:66] _connect INFO node 10's socket client starts to make outgoing connections to node 9 server 
2022-07-13 04:05:35,163 socket_client_ng.py [line:77] _connect INFO node 10's socket client fails to make connection to node 9 server 
2022-07-13 04:05:35,163 socket_client_ng.py [line:66] _connect INFO node 10's socket client starts to make outgoing connections to node 11 server 
2022-07-13 04:05:35,164 socket_client_ng.py [line:77] _connect INFO node 10's socket client fails to make connection to node 11 server 
2022-07-13 04:05:35,164 socket_client_ng.py [line:66] _connect INFO node 10's socket client starts to make outgoing connections to node 8 server 
2022-07-13 04:05:35,165 socket_client_ng.py [line:77] _connect INFO node 10's socket client fails to make connection to node 8 server 
2022-07-13 04:05:35,165 socket_client_ng.py [line:66] _connect INFO node 10's socket client starts to make outgoing connections to node 9 server 
2022-07-13 04:05:35,166 socket_client_ng.py [line:77] _connect INFO node 10's socket client fails to make connection to node 9 server 
2022-07-13 04:05:35,166 socket_client_ng.py [line:66] _connect INFO node 10's socket client starts to make outgoing connections to node 11 server 
2022-07-13 04:05:35,167 socket_client_ng.py [line:77] _connect INFO node 10's socket client fails to make connection to node 11 server 
2022-07-13 04:05:35,167 socket_client_ng.py [line:66] _connect INFO node 10's socket client starts to make outgoing connections to node 8 server 
2022-07-13 04:05:35,168 socket_client_ng.py [line:77] _connect INFO node 10's socket client fails to make connection to node 8 server 
2022-07-13 04:05:35,168 socket_client_ng.py [line:66] _connect INFO node 10's socket client starts to make outgoing connections to node 9 server 
2022-07-13 04:05:35,169 socket_client_ng.py [line:77] _connect INFO node 10's socket client fails to make connection to node 9 server 
2022-07-13 04:05:35,169 socket_client_ng.py [line:66] _connect INFO node 10's socket client starts to make outgoing connections to node 11 server 
2022-07-13 04:05:35,170 socket_client_ng.py [line:77] _connect INFO node 10's socket client fails to make connection to node 11 server 
2022-07-13 04:05:35,170 socket_client_ng.py [line:66] _connect INFO node 10's socket client starts to make outgoing connections to node 8 server 
2022-07-13 04:05:35,171 socket_client_ng.py [line:77] _connect INFO node 10's socket client fails to make connection to node 8 server 
2022-07-13 04:05:35,171 socket_client_ng.py [line:66] _connect INFO node 10's socket client starts to make outgoing connections to node 9 server 
2022-07-13 04:05:35,172 socket_client_ng.py [line:77] _connect INFO node 10's socket client fails to make connection to node 9 server 
2022-07-13 04:05:35,172 socket_client_ng.py [line:66] _connect INFO node 10's socket client starts to make outgoing connections to node 11 server 
2022-07-13 04:05:35,172 socket_client_ng.py [line:77] _connect INFO node 10's socket client fails to make connection to node 11 server 
2022-07-13 04:05:35,173 socket_client_ng.py [line:66] _connect INFO node 10's socket client starts to make outgoing connections to node 8 server 
2022-07-13 04:05:35,173 socket_client_ng.py [line:77] _connect INFO node 10's socket client fails to make connection to node 8 server 
2022-07-13 04:05:35,174 socket_client_ng.py [line:66] _connect INFO node 10's socket client starts to make outgoing connections to node 9 server 
2022-07-13 04:05:35,174 socket_client_ng.py [line:77] _connect INFO node 10's socket client fails to make connection to node 9 server 
2022-07-13 04:05:35,175 socket_client_ng.py [line:66] _connect INFO node 10's socket client starts to make outgoing connections to node 11 server 
2022-07-13 04:05:35,175 socket_client_ng.py [line:77] _connect INFO node 10's socket client fails to make connection to node 11 server 
2022-07-13 04:05:35,175 socket_client_ng.py [line:66] _connect INFO node 10's socket client starts to make outgoing connections to node 8 server 
2022-07-13 04:05:35,176 socket_client_ng.py [line:77] _connect INFO node 10's socket client fails to make connection to node 8 server 
2022-07-13 04:05:35,176 socket_client_ng.py [line:66] _connect INFO node 10's socket client starts to make outgoing connections to node 9 server 
2022-07-13 04:05:35,177 socket_client_ng.py [line:77] _connect INFO node 10's socket client fails to make connection to node 9 server 
2022-07-13 04:05:35,177 socket_client_ng.py [line:66] _connect INFO node 10's socket client starts to make outgoing connections to node 11 server 
2022-07-13 04:05:35,178 socket_client_ng.py [line:77] _connect INFO node 10's socket client fails to make connection to node 11 server 
2022-07-13 04:05:35,178 socket_client_ng.py [line:66] _connect INFO node 10's socket client starts to make outgoing connections to node 8 server 
2022-07-13 04:05:35,179 socket_client_ng.py [line:77] _connect INFO node 10's socket client fails to make connection to node 8 server 
2022-07-13 04:05:35,179 socket_client_ng.py [line:66] _connect INFO node 10's socket client starts to make outgoing connections to node 9 server 
2022-07-13 04:05:35,180 socket_client_ng.py [line:77] _connect INFO node 10's socket client fails to make connection to node 9 server 
2022-07-13 04:05:35,180 socket_client_ng.py [line:66] _connect INFO node 10's socket client starts to make outgoing connections to node 11 server 
2022-07-13 04:05:35,181 socket_client_ng.py [line:77] _connect INFO node 10's socket client fails to make connection to node 11 server 
2022-07-13 04:05:35,181 socket_client_ng.py [line:66] _connect INFO node 10's socket client starts to make outgoing connections to node 8 server 
2022-07-13 04:05:35,182 socket_client_ng.py [line:77] _connect INFO node 10's socket client fails to make connection to node 8 server 
2022-07-13 04:05:35,182 socket_client_ng.py [line:66] _connect INFO node 10's socket client starts to make outgoing connections to node 9 server 
2022-07-13 04:05:35,183 socket_client_ng.py [line:77] _connect INFO node 10's socket client fails to make connection to node 9 server 
2022-07-13 04:05:35,183 socket_client_ng.py [line:66] _connect INFO node 10's socket client starts to make outgoing connections to node 11 server 
2022-07-13 04:05:35,184 socket_client_ng.py [line:77] _connect INFO node 10's socket client fails to make connection to node 11 server 
2022-07-13 04:05:35,184 socket_client_ng.py [line:66] _connect INFO node 10's socket client starts to make outgoing connections to node 8 server 
2022-07-13 04:05:35,185 socket_client_ng.py [line:77] _connect INFO node 10's socket client fails to make connection to node 8 server 
2022-07-13 04:05:35,185 socket_client_ng.py [line:66] _connect INFO node 10's socket client starts to make outgoing connections to node 9 server 
2022-07-13 04:05:35,185 socket_client_ng.py [line:77] _connect INFO node 10's socket client fails to make connection to node 9 server 
2022-07-13 04:05:35,186 socket_client_ng.py [line:66] _connect INFO node 10's socket client starts to make outgoing connections to node 11 server 
2022-07-13 04:05:35,186 socket_client_ng.py [line:77] _connect INFO node 10's socket client fails to make connection to node 11 server 
2022-07-13 04:05:35,187 socket_client_ng.py [line:66] _connect INFO node 10's socket client starts to make outgoing connections to node 8 server 
2022-07-13 04:05:35,187 socket_client_ng.py [line:77] _connect INFO node 10's socket client fails to make connection to node 8 server 
2022-07-13 04:05:35,188 socket_client_ng.py [line:66] _connect INFO node 10's socket client starts to make outgoing connections to node 9 server 
2022-07-13 04:05:35,193 socket_client_ng.py [line:77] _connect INFO node 10's socket client fails to make connection to node 9 server 
2022-07-13 04:05:35,193 socket_client_ng.py [line:66] _connect INFO node 10's socket client starts to make outgoing connections to node 11 server 
2022-07-13 04:05:35,194 socket_client_ng.py [line:74] _connect INFO node 10's socket client made an outgoing connection to node 11 server 
2022-07-13 04:05:35,194 socket_client_ng.py [line:66] _connect INFO node 10's socket client starts to make outgoing connections to node 8 server 
2022-07-13 04:05:35,195 socket_client_ng.py [line:77] _connect INFO node 10's socket client fails to make connection to node 8 server 
2022-07-13 04:05:35,195 socket_client_ng.py [line:66] _connect INFO node 10's socket client starts to make outgoing connections to node 9 server 
2022-07-13 04:05:35,196 socket_client_ng.py [line:77] _connect INFO node 10's socket client fails to make connection to node 9 server 
2022-07-13 04:05:35,196 socket_client_ng.py [line:66] _connect INFO node 10's socket client starts to make outgoing connections to node 8 server 
2022-07-13 04:05:35,197 socket_client_ng.py [line:77] _connect INFO node 10's socket client fails to make connection to node 8 server 
2022-07-13 04:05:35,197 socket_client_ng.py [line:66] _connect INFO node 10's socket client starts to make outgoing connections to node 9 server 
2022-07-13 04:05:35,198 socket_client_ng.py [line:77] _connect INFO node 10's socket client fails to make connection to node 9 server 
2022-07-13 04:05:35,198 socket_client_ng.py [line:66] _connect INFO node 10's socket client starts to make outgoing connections to node 8 server 
2022-07-13 04:05:35,199 socket_client_ng.py [line:77] _connect INFO node 10's socket client fails to make connection to node 8 server 
2022-07-13 04:05:35,199 socket_client_ng.py [line:66] _connect INFO node 10's socket client starts to make outgoing connections to node 9 server 
2022-07-13 04:05:35,200 socket_client_ng.py [line:77] _connect INFO node 10's socket client fails to make connection to node 9 server 
2022-07-13 04:05:35,200 socket_client_ng.py [line:66] _connect INFO node 10's socket client starts to make outgoing connections to node 8 server 
2022-07-13 04:05:35,201 socket_client_ng.py [line:77] _connect INFO node 10's socket client fails to make connection to node 8 server 
2022-07-13 04:05:35,201 socket_client_ng.py [line:66] _connect INFO node 10's socket client starts to make outgoing connections to node 9 server 
2022-07-13 04:05:35,207 socket_client_ng.py [line:77] _connect INFO node 10's socket client fails to make connection to node 9 server 
2022-07-13 04:05:35,208 socket_client_ng.py [line:66] _connect INFO node 10's socket client starts to make outgoing connections to node 8 server 
2022-07-13 04:05:35,209 socket_client_ng.py [line:77] _connect INFO node 10's socket client fails to make connection to node 8 server 
2022-07-13 04:05:35,209 socket_client_ng.py [line:66] _connect INFO node 10's socket client starts to make outgoing connections to node 9 server 
2022-07-13 04:05:35,210 socket_client_ng.py [line:77] _connect INFO node 10's socket client fails to make connection to node 9 server 
2022-07-13 04:05:35,210 socket_client_ng.py [line:66] _connect INFO node 10's socket client starts to make outgoing connections to node 8 server 
2022-07-13 04:05:35,211 socket_client_ng.py [line:77] _connect INFO node 10's socket client fails to make connection to node 8 server 
2022-07-13 04:05:35,211 socket_client_ng.py [line:66] _connect INFO node 10's socket client starts to make outgoing connections to node 9 server 
2022-07-13 04:05:35,212 socket_client_ng.py [line:77] _connect INFO node 10's socket client fails to make connection to node 9 server 
2022-07-13 04:05:35,212 socket_client_ng.py [line:66] _connect INFO node 10's socket client starts to make outgoing connections to node 8 server 
2022-07-13 04:05:35,213 socket_client_ng.py [line:77] _connect INFO node 10's socket client fails to make connection to node 8 server 
2022-07-13 04:05:35,213 socket_client_ng.py [line:66] _connect INFO node 10's socket client starts to make outgoing connections to node 9 server 
2022-07-13 04:05:35,214 socket_client_ng.py [line:77] _connect INFO node 10's socket client fails to make connection to node 9 server 
2022-07-13 04:05:35,215 socket_client_ng.py [line:66] _connect INFO node 10's socket client starts to make outgoing connections to node 8 server 
2022-07-13 04:05:35,215 socket_client_ng.py [line:77] _connect INFO node 10's socket client fails to make connection to node 8 server 
2022-07-13 04:05:35,216 socket_client_ng.py [line:66] _connect INFO node 10's socket client starts to make outgoing connections to node 9 server 
2022-07-13 04:05:35,219 socket_client_ng.py [line:77] _connect INFO node 10's socket client fails to make connection to node 9 server 
2022-07-13 04:05:35,220 socket_client_ng.py [line:66] _connect INFO node 10's socket client starts to make outgoing connections to node 8 server 
2022-07-13 04:05:35,221 socket_client_ng.py [line:77] _connect INFO node 10's socket client fails to make connection to node 8 server 
2022-07-13 04:05:35,221 socket_client_ng.py [line:66] _connect INFO node 10's socket client starts to make outgoing connections to node 9 server 
2022-07-13 04:05:35,222 socket_client_ng.py [line:77] _connect INFO node 10's socket client fails to make connection to node 9 server 
2022-07-13 04:05:35,222 socket_client_ng.py [line:66] _connect INFO node 10's socket client starts to make outgoing connections to node 8 server 
2022-07-13 04:05:35,223 socket_client_ng.py [line:77] _connect INFO node 10's socket client fails to make connection to node 8 server 
2022-07-13 04:05:35,223 socket_client_ng.py [line:66] _connect INFO node 10's socket client starts to make outgoing connections to node 9 server 
2022-07-13 04:05:35,224 socket_client_ng.py [line:77] _connect INFO node 10's socket client fails to make connection to node 9 server 
2022-07-13 04:05:35,224 socket_client_ng.py [line:66] _connect INFO node 10's socket client starts to make outgoing connections to node 8 server 
2022-07-13 04:05:35,225 socket_client_ng.py [line:77] _connect INFO node 10's socket client fails to make connection to node 8 server 
2022-07-13 04:05:35,225 socket_client_ng.py [line:66] _connect INFO node 10's socket client starts to make outgoing connections to node 9 server 
2022-07-13 04:05:35,231 socket_client_ng.py [line:77] _connect INFO node 10's socket client fails to make connection to node 9 server 
2022-07-13 04:05:35,231 socket_client_ng.py [line:66] _connect INFO node 10's socket client starts to make outgoing connections to node 8 server 
2022-07-13 04:05:35,232 socket_client_ng.py [line:77] _connect INFO node 10's socket client fails to make connection to node 8 server 
2022-07-13 04:05:35,232 socket_client_ng.py [line:66] _connect INFO node 10's socket client starts to make outgoing connections to node 9 server 
2022-07-13 04:05:35,233 socket_client_ng.py [line:77] _connect INFO node 10's socket client fails to make connection to node 9 server 
2022-07-13 04:05:35,233 socket_client_ng.py [line:66] _connect INFO node 10's socket client starts to make outgoing connections to node 8 server 
2022-07-13 04:05:35,234 socket_client_ng.py [line:77] _connect INFO node 10's socket client fails to make connection to node 8 server 
2022-07-13 04:05:35,234 socket_client_ng.py [line:66] _connect INFO node 10's socket client starts to make outgoing connections to node 9 server 
2022-07-13 04:05:35,235 socket_client_ng.py [line:77] _connect INFO node 10's socket client fails to make connection to node 9 server 
2022-07-13 04:05:35,235 socket_client_ng.py [line:66] _connect INFO node 10's socket client starts to make outgoing connections to node 8 server 
2022-07-13 04:05:35,236 socket_client_ng.py [line:77] _connect INFO node 10's socket client fails to make connection to node 8 server 
2022-07-13 04:05:35,236 socket_client_ng.py [line:66] _connect INFO node 10's socket client starts to make outgoing connections to node 9 server 
2022-07-13 04:05:35,237 socket_client_ng.py [line:77] _connect INFO node 10's socket client fails to make connection to node 9 server 
2022-07-13 04:05:35,237 socket_client_ng.py [line:66] _connect INFO node 10's socket client starts to make outgoing connections to node 8 server 
2022-07-13 04:05:35,238 socket_client_ng.py [line:77] _connect INFO node 10's socket client fails to make connection to node 8 server 
2022-07-13 04:05:35,238 socket_client_ng.py [line:66] _connect INFO node 10's socket client starts to make outgoing connections to node 9 server 
2022-07-13 04:05:35,239 socket_client_ng.py [line:77] _connect INFO node 10's socket client fails to make connection to node 9 server 
2022-07-13 04:05:35,239 socket_client_ng.py [line:66] _connect INFO node 10's socket client starts to make outgoing connections to node 8 server 
2022-07-13 04:05:35,245 socket_client_ng.py [line:77] _connect INFO node 10's socket client fails to make connection to node 8 server 
2022-07-13 04:05:35,245 socket_client_ng.py [line:66] _connect INFO node 10's socket client starts to make outgoing connections to node 9 server 
2022-07-13 04:05:35,245 socket_client_ng.py [line:77] _connect INFO node 10's socket client fails to make connection to node 9 server 
2022-07-13 04:05:35,245 socket_client_ng.py [line:66] _connect INFO node 10's socket client starts to make outgoing connections to node 8 server 
2022-07-13 04:05:35,247 socket_client_ng.py [line:74] _connect INFO node 10's socket client made an outgoing connection to node 8 server 
2022-07-13 04:05:35,247 socket_client_ng.py [line:66] _connect INFO node 10's socket client starts to make outgoing connections to node 9 server 
2022-07-13 04:05:35,248 socket_client_ng.py [line:77] _connect INFO node 10's socket client fails to make connection to node 9 server 
2022-07-13 04:05:35,248 socket_client_ng.py [line:66] _connect INFO node 10's socket client starts to make outgoing connections to node 9 server 
2022-07-13 04:05:35,249 socket_client_ng.py [line:77] _connect INFO node 10's socket client fails to make connection to node 9 server 
2022-07-13 04:05:35,249 socket_client_ng.py [line:66] _connect INFO node 10's socket client starts to make outgoing connections to node 9 server 
2022-07-13 04:05:35,250 socket_client_ng.py [line:77] _connect INFO node 10's socket client fails to make connection to node 9 server 
2022-07-13 04:05:35,250 socket_client_ng.py [line:66] _connect INFO node 10's socket client starts to make outgoing connections to node 9 server 
2022-07-13 04:05:35,251 socket_client_ng.py [line:77] _connect INFO node 10's socket client fails to make connection to node 9 server 
2022-07-13 04:05:35,251 socket_client_ng.py [line:66] _connect INFO node 10's socket client starts to make outgoing connections to node 9 server 
2022-07-13 04:05:35,252 socket_client_ng.py [line:77] _connect INFO node 10's socket client fails to make connection to node 9 server 
2022-07-13 04:05:35,252 socket_client_ng.py [line:66] _connect INFO node 10's socket client starts to make outgoing connections to node 9 server 
2022-07-13 04:05:35,258 socket_client_ng.py [line:77] _connect INFO node 10's socket client fails to make connection to node 9 server 
2022-07-13 04:05:35,259 socket_client_ng.py [line:66] _connect INFO node 10's socket client starts to make outgoing connections to node 9 server 
2022-07-13 04:05:35,260 socket_client_ng.py [line:77] _connect INFO node 10's socket client fails to make connection to node 9 server 
2022-07-13 04:05:35,260 socket_client_ng.py [line:66] _connect INFO node 10's socket client starts to make outgoing connections to node 9 server 
2022-07-13 04:05:35,261 socket_client_ng.py [line:77] _connect INFO node 10's socket client fails to make connection to node 9 server 
2022-07-13 04:05:35,261 socket_client_ng.py [line:66] _connect INFO node 10's socket client starts to make outgoing connections to node 9 server 
2022-07-13 04:05:35,262 socket_client_ng.py [line:77] _connect INFO node 10's socket client fails to make connection to node 9 server 
2022-07-13 04:05:35,262 socket_client_ng.py [line:66] _connect INFO node 10's socket client starts to make outgoing connections to node 9 server 
2022-07-13 04:05:35,263 socket_client_ng.py [line:77] _connect INFO node 10's socket client fails to make connection to node 9 server 
2022-07-13 04:05:35,263 socket_client_ng.py [line:66] _connect INFO node 10's socket client starts to make outgoing connections to node 9 server 
2022-07-13 04:05:35,264 socket_client_ng.py [line:77] _connect INFO node 10's socket client fails to make connection to node 9 server 
2022-07-13 04:05:35,265 socket_client_ng.py [line:66] _connect INFO node 10's socket client starts to make outgoing connections to node 9 server 
2022-07-13 04:05:35,266 socket_client_ng.py [line:77] _connect INFO node 10's socket client fails to make connection to node 9 server 
2022-07-13 04:05:35,266 socket_client_ng.py [line:66] _connect INFO node 10's socket client starts to make outgoing connections to node 9 server 
2022-07-13 04:05:35,267 socket_client_ng.py [line:77] _connect INFO node 10's socket client fails to make connection to node 9 server 
2022-07-13 04:05:35,267 socket_client_ng.py [line:66] _connect INFO node 10's socket client starts to make outgoing connections to node 9 server 
2022-07-13 04:05:35,269 socket_client_ng.py [line:77] _connect INFO node 10's socket client fails to make connection to node 9 server 
2022-07-13 04:05:35,270 socket_client_ng.py [line:66] _connect INFO node 10's socket client starts to make outgoing connections to node 9 server 
2022-07-13 04:05:35,271 socket_client_ng.py [line:77] _connect INFO node 10's socket client fails to make connection to node 9 server 
2022-07-13 04:05:35,271 socket_client_ng.py [line:66] _connect INFO node 10's socket client starts to make outgoing connections to node 9 server 
2022-07-13 04:05:35,276 socket_client_ng.py [line:77] _connect INFO node 10's socket client fails to make connection to node 9 server 
2022-07-13 04:05:35,276 socket_client_ng.py [line:66] _connect INFO node 10's socket client starts to make outgoing connections to node 9 server 
2022-07-13 04:05:35,277 socket_client_ng.py [line:77] _connect INFO node 10's socket client fails to make connection to node 9 server 
2022-07-13 04:05:35,277 socket_client_ng.py [line:66] _connect INFO node 10's socket client starts to make outgoing connections to node 9 server 
2022-07-13 04:05:35,278 socket_client_ng.py [line:77] _connect INFO node 10's socket client fails to make connection to node 9 server 
2022-07-13 04:05:35,278 socket_client_ng.py [line:66] _connect INFO node 10's socket client starts to make outgoing connections to node 9 server 
2022-07-13 04:05:35,279 socket_client_ng.py [line:77] _connect INFO node 10's socket client fails to make connection to node 9 server 
2022-07-13 04:05:35,279 socket_client_ng.py [line:66] _connect INFO node 10's socket client starts to make outgoing connections to node 9 server 
2022-07-13 04:05:35,280 socket_client_ng.py [line:77] _connect INFO node 10's socket client fails to make connection to node 9 server 
2022-07-13 04:05:35,280 socket_client_ng.py [line:66] _connect INFO node 10's socket client starts to make outgoing connections to node 9 server 
2022-07-13 04:05:35,281 socket_client_ng.py [line:77] _connect INFO node 10's socket client fails to make connection to node 9 server 
2022-07-13 04:05:35,281 socket_client_ng.py [line:66] _connect INFO node 10's socket client starts to make outgoing connections to node 9 server 
2022-07-13 04:05:35,282 socket_client_ng.py [line:77] _connect INFO node 10's socket client fails to make connection to node 9 server 
2022-07-13 04:05:35,282 socket_client_ng.py [line:66] _connect INFO node 10's socket client starts to make outgoing connections to node 9 server 
2022-07-13 04:05:35,284 socket_client_ng.py [line:77] _connect INFO node 10's socket client fails to make connection to node 9 server 
2022-07-13 04:05:35,284 socket_client_ng.py [line:66] _connect INFO node 10's socket client starts to make outgoing connections to node 9 server 
2022-07-13 04:05:35,287 socket_client_ng.py [line:74] _connect INFO node 10's socket client made an outgoing connection to node 9 server 
2024-07-12 16:53:47,152 socket_client.py [line:157] run INFO node id 10 is running on pid 28763 
2024-07-12 16:53:47,152 socket_client.py [line:44] _connect_and_send_forever INFO node 10's socket client starts to make outgoing connections on process id 28763 
