2022-07-06 16:49:00,627 socket_client_ng.py [line:156] run INFO node id 3 is running on pid 3978 
2022-07-06 16:49:00,628 socket_client_ng.py [line:47] _connect_and_send_forever INFO node 3's socket client starts to make outgoing connections on process id 3978 
2022-07-06 16:49:00,628 socket_client_ng.py [line:66] _connect INFO node 3's socket client starts to make outgoing connections to node 0 server 
2022-07-06 16:49:00,633 socket_client_ng.py [line:74] _connect INFO node 3's socket client made an outgoing connection to node 0 server 
2022-07-06 16:49:00,633 socket_client_ng.py [line:66] _connect INFO node 3's socket client starts to make outgoing connections to node 1 server 
2022-07-06 16:49:00,634 socket_client_ng.py [line:74] _connect INFO node 3's socket client made an outgoing connection to node 1 server 
2022-07-06 16:49:00,634 socket_client_ng.py [line:66] _connect INFO node 3's socket client starts to make outgoing connections to node 2 server 
2022-07-06 16:49:00,634 socket_client_ng.py [line:77] _connect INFO node 3's socket client fails to make connection to node 2 server 
2022-07-06 16:49:00,634 socket_client_ng.py [line:66] _connect INFO node 3's socket client starts to make outgoing connections to node 3 server 
2022-07-06 16:49:00,634 socket_client_ng.py [line:74] _connect INFO node 3's socket client made an outgoing connection to node 3 server 
2022-07-06 16:49:00,634 socket_client_ng.py [line:66] _connect INFO node 3's socket client starts to make outgoing connections to node 2 server 
2022-07-06 16:49:00,634 socket_client_ng.py [line:77] _connect INFO node 3's socket client fails to make connection to node 2 server 
2022-07-06 16:49:00,634 socket_client_ng.py [line:66] _connect INFO node 3's socket client starts to make outgoing connections to node 2 server 
2022-07-06 16:49:00,635 socket_client_ng.py [line:77] _connect INFO node 3's socket client fails to make connection to node 2 server 
2022-07-06 16:49:00,635 socket_client_ng.py [line:66] _connect INFO node 3's socket client starts to make outgoing connections to node 2 server 
2022-07-06 16:49:00,635 socket_client_ng.py [line:77] _connect INFO node 3's socket client fails to make connection to node 2 server 
2022-07-06 16:49:00,635 socket_client_ng.py [line:66] _connect INFO node 3's socket client starts to make outgoing connections to node 2 server 
2022-07-06 16:49:00,635 socket_client_ng.py [line:77] _connect INFO node 3's socket client fails to make connection to node 2 server 
2022-07-06 16:49:00,635 socket_client_ng.py [line:66] _connect INFO node 3's socket client starts to make outgoing connections to node 2 server 
2022-07-06 16:49:00,635 socket_client_ng.py [line:77] _connect INFO node 3's socket client fails to make connection to node 2 server 
2022-07-06 16:49:00,635 socket_client_ng.py [line:66] _connect INFO node 3's socket client starts to make outgoing connections to node 2 server 
2022-07-06 16:49:00,636 socket_client_ng.py [line:77] _connect INFO node 3's socket client fails to make connection to node 2 server 
2022-07-06 16:49:00,636 socket_client_ng.py [line:66] _connect INFO node 3's socket client starts to make outgoing connections to node 2 server 
2022-07-06 16:49:00,636 socket_client_ng.py [line:77] _connect INFO node 3's socket client fails to make connection to node 2 server 
2022-07-06 16:49:00,636 socket_client_ng.py [line:66] _connect INFO node 3's socket client starts to make outgoing connections to node 2 server 
2022-07-06 16:49:00,636 socket_client_ng.py [line:77] _connect INFO node 3's socket client fails to make connection to node 2 server 
2022-07-06 16:49:00,636 socket_client_ng.py [line:66] _connect INFO node 3's socket client starts to make outgoing connections to node 2 server 
2022-07-06 16:49:00,636 socket_client_ng.py [line:77] _connect INFO node 3's socket client fails to make connection to node 2 server 
2022-07-06 16:49:00,636 socket_client_ng.py [line:66] _connect INFO node 3's socket client starts to make outgoing connections to node 2 server 
2022-07-06 16:49:00,637 socket_client_ng.py [line:77] _connect INFO node 3's socket client fails to make connection to node 2 server 
2022-07-06 16:49:00,637 socket_client_ng.py [line:66] _connect INFO node 3's socket client starts to make outgoing connections to node 2 server 
2022-07-06 16:49:00,637 socket_client_ng.py [line:77] _connect INFO node 3's socket client fails to make connection to node 2 server 
2022-07-06 16:49:00,637 socket_client_ng.py [line:66] _connect INFO node 3's socket client starts to make outgoing connections to node 2 server 
2022-07-06 16:49:00,637 socket_client_ng.py [line:77] _connect INFO node 3's socket client fails to make connection to node 2 server 
2022-07-06 16:49:00,637 socket_client_ng.py [line:66] _connect INFO node 3's socket client starts to make outgoing connections to node 2 server 
2022-07-06 16:49:00,638 socket_client_ng.py [line:77] _connect INFO node 3's socket client fails to make connection to node 2 server 
2022-07-06 16:49:00,638 socket_client_ng.py [line:66] _connect INFO node 3's socket client starts to make outgoing connections to node 2 server 
2022-07-06 16:49:00,638 socket_client_ng.py [line:77] _connect INFO node 3's socket client fails to make connection to node 2 server 
2022-07-06 16:49:00,638 socket_client_ng.py [line:66] _connect INFO node 3's socket client starts to make outgoing connections to node 2 server 
2022-07-06 16:49:00,638 socket_client_ng.py [line:77] _connect INFO node 3's socket client fails to make connection to node 2 server 
2022-07-06 16:49:00,638 socket_client_ng.py [line:66] _connect INFO node 3's socket client starts to make outgoing connections to node 2 server 
2022-07-06 16:49:00,638 socket_client_ng.py [line:77] _connect INFO node 3's socket client fails to make connection to node 2 server 
2022-07-06 16:49:00,638 socket_client_ng.py [line:66] _connect INFO node 3's socket client starts to make outgoing connections to node 2 server 
2022-07-06 16:49:00,639 socket_client_ng.py [line:77] _connect INFO node 3's socket client fails to make connection to node 2 server 
2022-07-06 16:49:00,639 socket_client_ng.py [line:66] _connect INFO node 3's socket client starts to make outgoing connections to node 2 server 
2022-07-06 16:49:00,639 socket_client_ng.py [line:77] _connect INFO node 3's socket client fails to make connection to node 2 server 
2022-07-06 16:49:00,639 socket_client_ng.py [line:66] _connect INFO node 3's socket client starts to make outgoing connections to node 2 server 
2022-07-06 16:49:00,639 socket_client_ng.py [line:77] _connect INFO node 3's socket client fails to make connection to node 2 server 
2022-07-06 16:49:00,639 socket_client_ng.py [line:66] _connect INFO node 3's socket client starts to make outgoing connections to node 2 server 
2022-07-06 16:49:00,640 socket_client_ng.py [line:77] _connect INFO node 3's socket client fails to make connection to node 2 server 
2022-07-06 16:49:00,640 socket_client_ng.py [line:66] _connect INFO node 3's socket client starts to make outgoing connections to node 2 server 
2022-07-06 16:49:00,640 socket_client_ng.py [line:77] _connect INFO node 3's socket client fails to make connection to node 2 server 
2022-07-06 16:49:00,640 socket_client_ng.py [line:66] _connect INFO node 3's socket client starts to make outgoing connections to node 2 server 
2022-07-06 16:49:00,640 socket_client_ng.py [line:77] _connect INFO node 3's socket client fails to make connection to node 2 server 
2022-07-06 16:49:00,640 socket_client_ng.py [line:66] _connect INFO node 3's socket client starts to make outgoing connections to node 2 server 
2022-07-06 16:49:00,640 socket_client_ng.py [line:77] _connect INFO node 3's socket client fails to make connection to node 2 server 
2022-07-06 16:49:00,640 socket_client_ng.py [line:66] _connect INFO node 3's socket client starts to make outgoing connections to node 2 server 
2022-07-06 16:49:00,640 socket_client_ng.py [line:77] _connect INFO node 3's socket client fails to make connection to node 2 server 
2022-07-06 16:49:00,640 socket_client_ng.py [line:66] _connect INFO node 3's socket client starts to make outgoing connections to node 2 server 
2022-07-06 16:49:00,641 socket_client_ng.py [line:77] _connect INFO node 3's socket client fails to make connection to node 2 server 
2022-07-06 16:49:00,641 socket_client_ng.py [line:66] _connect INFO node 3's socket client starts to make outgoing connections to node 2 server 
2022-07-06 16:49:00,641 socket_client_ng.py [line:77] _connect INFO node 3's socket client fails to make connection to node 2 server 
2022-07-06 16:49:00,641 socket_client_ng.py [line:66] _connect INFO node 3's socket client starts to make outgoing connections to node 2 server 
2022-07-06 16:49:00,641 socket_client_ng.py [line:77] _connect INFO node 3's socket client fails to make connection to node 2 server 
2022-07-06 16:49:00,641 socket_client_ng.py [line:66] _connect INFO node 3's socket client starts to make outgoing connections to node 2 server 
2022-07-06 16:49:00,641 socket_client_ng.py [line:77] _connect INFO node 3's socket client fails to make connection to node 2 server 
2022-07-06 16:49:00,641 socket_client_ng.py [line:66] _connect INFO node 3's socket client starts to make outgoing connections to node 2 server 
2022-07-06 16:49:00,641 socket_client_ng.py [line:77] _connect INFO node 3's socket client fails to make connection to node 2 server 
2022-07-06 16:49:00,642 socket_client_ng.py [line:66] _connect INFO node 3's socket client starts to make outgoing connections to node 2 server 
2022-07-06 16:49:00,642 socket_client_ng.py [line:77] _connect INFO node 3's socket client fails to make connection to node 2 server 
2022-07-06 16:49:00,642 socket_client_ng.py [line:66] _connect INFO node 3's socket client starts to make outgoing connections to node 2 server 
2022-07-06 16:49:00,642 socket_client_ng.py [line:77] _connect INFO node 3's socket client fails to make connection to node 2 server 
2022-07-06 16:49:00,642 socket_client_ng.py [line:66] _connect INFO node 3's socket client starts to make outgoing connections to node 2 server 
2022-07-06 16:49:00,642 socket_client_ng.py [line:77] _connect INFO node 3's socket client fails to make connection to node 2 server 
2022-07-06 16:49:00,642 socket_client_ng.py [line:66] _connect INFO node 3's socket client starts to make outgoing connections to node 2 server 
2022-07-06 16:49:00,642 socket_client_ng.py [line:77] _connect INFO node 3's socket client fails to make connection to node 2 server 
2022-07-06 16:49:00,642 socket_client_ng.py [line:66] _connect INFO node 3's socket client starts to make outgoing connections to node 2 server 
2022-07-06 16:49:00,643 socket_client_ng.py [line:77] _connect INFO node 3's socket client fails to make connection to node 2 server 
2022-07-06 16:49:00,643 socket_client_ng.py [line:66] _connect INFO node 3's socket client starts to make outgoing connections to node 2 server 
2022-07-06 16:49:00,643 socket_client_ng.py [line:77] _connect INFO node 3's socket client fails to make connection to node 2 server 
2022-07-06 16:49:00,643 socket_client_ng.py [line:66] _connect INFO node 3's socket client starts to make outgoing connections to node 2 server 
2022-07-06 16:49:00,643 socket_client_ng.py [line:77] _connect INFO node 3's socket client fails to make connection to node 2 server 
2022-07-06 16:49:00,643 socket_client_ng.py [line:66] _connect INFO node 3's socket client starts to make outgoing connections to node 2 server 
2022-07-06 16:49:00,643 socket_client_ng.py [line:77] _connect INFO node 3's socket client fails to make connection to node 2 server 
2022-07-06 16:49:00,643 socket_client_ng.py [line:66] _connect INFO node 3's socket client starts to make outgoing connections to node 2 server 
2022-07-06 16:49:00,643 socket_client_ng.py [line:77] _connect INFO node 3's socket client fails to make connection to node 2 server 
2022-07-06 16:49:00,643 socket_client_ng.py [line:66] _connect INFO node 3's socket client starts to make outgoing connections to node 2 server 
2022-07-06 16:49:00,644 socket_client_ng.py [line:77] _connect INFO node 3's socket client fails to make connection to node 2 server 
2022-07-06 16:49:00,644 socket_client_ng.py [line:66] _connect INFO node 3's socket client starts to make outgoing connections to node 2 server 
2022-07-06 16:49:00,644 socket_client_ng.py [line:77] _connect INFO node 3's socket client fails to make connection to node 2 server 
2022-07-06 16:49:00,644 socket_client_ng.py [line:66] _connect INFO node 3's socket client starts to make outgoing connections to node 2 server 
2022-07-06 16:49:00,644 socket_client_ng.py [line:77] _connect INFO node 3's socket client fails to make connection to node 2 server 
2022-07-06 16:49:00,644 socket_client_ng.py [line:66] _connect INFO node 3's socket client starts to make outgoing connections to node 2 server 
2022-07-06 16:49:00,644 socket_client_ng.py [line:77] _connect INFO node 3's socket client fails to make connection to node 2 server 
2022-07-06 16:49:00,644 socket_client_ng.py [line:66] _connect INFO node 3's socket client starts to make outgoing connections to node 2 server 
2022-07-06 16:49:00,644 socket_client_ng.py [line:77] _connect INFO node 3's socket client fails to make connection to node 2 server 
2022-07-06 16:49:00,644 socket_client_ng.py [line:66] _connect INFO node 3's socket client starts to make outgoing connections to node 2 server 
2022-07-06 16:49:00,645 socket_client_ng.py [line:77] _connect INFO node 3's socket client fails to make connection to node 2 server 
2022-07-06 16:49:00,645 socket_client_ng.py [line:66] _connect INFO node 3's socket client starts to make outgoing connections to node 2 server 
2022-07-06 16:49:00,645 socket_client_ng.py [line:77] _connect INFO node 3's socket client fails to make connection to node 2 server 
2022-07-06 16:49:00,645 socket_client_ng.py [line:66] _connect INFO node 3's socket client starts to make outgoing connections to node 2 server 
2022-07-06 16:49:00,645 socket_client_ng.py [line:77] _connect INFO node 3's socket client fails to make connection to node 2 server 
2022-07-06 16:49:00,645 socket_client_ng.py [line:66] _connect INFO node 3's socket client starts to make outgoing connections to node 2 server 
2022-07-06 16:49:00,645 socket_client_ng.py [line:77] _connect INFO node 3's socket client fails to make connection to node 2 server 
2022-07-06 16:49:00,645 socket_client_ng.py [line:66] _connect INFO node 3's socket client starts to make outgoing connections to node 2 server 
2022-07-06 16:49:00,645 socket_client_ng.py [line:77] _connect INFO node 3's socket client fails to make connection to node 2 server 
2022-07-06 16:49:00,645 socket_client_ng.py [line:66] _connect INFO node 3's socket client starts to make outgoing connections to node 2 server 
2022-07-06 16:49:00,646 socket_client_ng.py [line:77] _connect INFO node 3's socket client fails to make connection to node 2 server 
2022-07-06 16:49:00,646 socket_client_ng.py [line:66] _connect INFO node 3's socket client starts to make outgoing connections to node 2 server 
2022-07-06 16:49:00,646 socket_client_ng.py [line:77] _connect INFO node 3's socket client fails to make connection to node 2 server 
2022-07-06 16:49:00,646 socket_client_ng.py [line:66] _connect INFO node 3's socket client starts to make outgoing connections to node 2 server 
2022-07-06 16:49:00,646 socket_client_ng.py [line:77] _connect INFO node 3's socket client fails to make connection to node 2 server 
2022-07-06 16:49:00,646 socket_client_ng.py [line:66] _connect INFO node 3's socket client starts to make outgoing connections to node 2 server 
2022-07-06 16:49:00,646 socket_client_ng.py [line:77] _connect INFO node 3's socket client fails to make connection to node 2 server 
2022-07-06 16:49:00,646 socket_client_ng.py [line:66] _connect INFO node 3's socket client starts to make outgoing connections to node 2 server 
2022-07-06 16:49:00,646 socket_client_ng.py [line:77] _connect INFO node 3's socket client fails to make connection to node 2 server 
2022-07-06 16:49:00,646 socket_client_ng.py [line:66] _connect INFO node 3's socket client starts to make outgoing connections to node 2 server 
2022-07-06 16:49:00,647 socket_client_ng.py [line:77] _connect INFO node 3's socket client fails to make connection to node 2 server 
2022-07-06 16:49:00,647 socket_client_ng.py [line:66] _connect INFO node 3's socket client starts to make outgoing connections to node 2 server 
2022-07-06 16:49:00,647 socket_client_ng.py [line:77] _connect INFO node 3's socket client fails to make connection to node 2 server 
2022-07-06 16:49:00,647 socket_client_ng.py [line:66] _connect INFO node 3's socket client starts to make outgoing connections to node 2 server 
2022-07-06 16:49:00,647 socket_client_ng.py [line:77] _connect INFO node 3's socket client fails to make connection to node 2 server 
2022-07-06 16:49:00,647 socket_client_ng.py [line:66] _connect INFO node 3's socket client starts to make outgoing connections to node 2 server 
2022-07-06 16:49:00,647 socket_client_ng.py [line:77] _connect INFO node 3's socket client fails to make connection to node 2 server 
2022-07-06 16:49:00,647 socket_client_ng.py [line:66] _connect INFO node 3's socket client starts to make outgoing connections to node 2 server 
2022-07-06 16:49:00,647 socket_client_ng.py [line:77] _connect INFO node 3's socket client fails to make connection to node 2 server 
2022-07-06 16:49:00,647 socket_client_ng.py [line:66] _connect INFO node 3's socket client starts to make outgoing connections to node 2 server 
2022-07-06 16:49:00,648 socket_client_ng.py [line:77] _connect INFO node 3's socket client fails to make connection to node 2 server 
2022-07-06 16:49:00,648 socket_client_ng.py [line:66] _connect INFO node 3's socket client starts to make outgoing connections to node 2 server 
2022-07-06 16:49:00,648 socket_client_ng.py [line:77] _connect INFO node 3's socket client fails to make connection to node 2 server 
2022-07-06 16:49:00,648 socket_client_ng.py [line:66] _connect INFO node 3's socket client starts to make outgoing connections to node 2 server 
2022-07-06 16:49:00,648 socket_client_ng.py [line:77] _connect INFO node 3's socket client fails to make connection to node 2 server 
2022-07-06 16:49:00,648 socket_client_ng.py [line:66] _connect INFO node 3's socket client starts to make outgoing connections to node 2 server 
2022-07-06 16:49:00,648 socket_client_ng.py [line:77] _connect INFO node 3's socket client fails to make connection to node 2 server 
2022-07-06 16:49:00,648 socket_client_ng.py [line:66] _connect INFO node 3's socket client starts to make outgoing connections to node 2 server 
2022-07-06 16:49:00,648 socket_client_ng.py [line:77] _connect INFO node 3's socket client fails to make connection to node 2 server 
2022-07-06 16:49:00,648 socket_client_ng.py [line:66] _connect INFO node 3's socket client starts to make outgoing connections to node 2 server 
2022-07-06 16:49:00,649 socket_client_ng.py [line:77] _connect INFO node 3's socket client fails to make connection to node 2 server 
2022-07-06 16:49:00,649 socket_client_ng.py [line:66] _connect INFO node 3's socket client starts to make outgoing connections to node 2 server 
2022-07-06 16:49:00,649 socket_client_ng.py [line:77] _connect INFO node 3's socket client fails to make connection to node 2 server 
2022-07-06 16:49:00,649 socket_client_ng.py [line:66] _connect INFO node 3's socket client starts to make outgoing connections to node 2 server 
2022-07-06 16:49:00,649 socket_client_ng.py [line:77] _connect INFO node 3's socket client fails to make connection to node 2 server 
2022-07-06 16:49:00,649 socket_client_ng.py [line:66] _connect INFO node 3's socket client starts to make outgoing connections to node 2 server 
2022-07-06 16:49:00,649 socket_client_ng.py [line:77] _connect INFO node 3's socket client fails to make connection to node 2 server 
2022-07-06 16:49:00,649 socket_client_ng.py [line:66] _connect INFO node 3's socket client starts to make outgoing connections to node 2 server 
2022-07-06 16:49:00,649 socket_client_ng.py [line:77] _connect INFO node 3's socket client fails to make connection to node 2 server 
2022-07-06 16:49:00,649 socket_client_ng.py [line:66] _connect INFO node 3's socket client starts to make outgoing connections to node 2 server 
2022-07-06 16:49:00,650 socket_client_ng.py [line:77] _connect INFO node 3's socket client fails to make connection to node 2 server 
2022-07-06 16:49:00,650 socket_client_ng.py [line:66] _connect INFO node 3's socket client starts to make outgoing connections to node 2 server 
2022-07-06 16:49:00,650 socket_client_ng.py [line:77] _connect INFO node 3's socket client fails to make connection to node 2 server 
2022-07-06 16:49:00,650 socket_client_ng.py [line:66] _connect INFO node 3's socket client starts to make outgoing connections to node 2 server 
2022-07-06 16:49:00,650 socket_client_ng.py [line:77] _connect INFO node 3's socket client fails to make connection to node 2 server 
2022-07-06 16:49:00,650 socket_client_ng.py [line:66] _connect INFO node 3's socket client starts to make outgoing connections to node 2 server 
2022-07-06 16:49:00,650 socket_client_ng.py [line:77] _connect INFO node 3's socket client fails to make connection to node 2 server 
2022-07-06 16:49:00,650 socket_client_ng.py [line:66] _connect INFO node 3's socket client starts to make outgoing connections to node 2 server 
2022-07-06 16:49:00,650 socket_client_ng.py [line:77] _connect INFO node 3's socket client fails to make connection to node 2 server 
2022-07-06 16:49:00,651 socket_client_ng.py [line:66] _connect INFO node 3's socket client starts to make outgoing connections to node 2 server 
2022-07-06 16:49:00,651 socket_client_ng.py [line:77] _connect INFO node 3's socket client fails to make connection to node 2 server 
2022-07-06 16:49:00,651 socket_client_ng.py [line:66] _connect INFO node 3's socket client starts to make outgoing connections to node 2 server 
2022-07-06 16:49:00,651 socket_client_ng.py [line:77] _connect INFO node 3's socket client fails to make connection to node 2 server 
2022-07-06 16:49:00,651 socket_client_ng.py [line:66] _connect INFO node 3's socket client starts to make outgoing connections to node 2 server 
2022-07-06 16:49:00,651 socket_client_ng.py [line:77] _connect INFO node 3's socket client fails to make connection to node 2 server 
2022-07-06 16:49:00,652 socket_client_ng.py [line:66] _connect INFO node 3's socket client starts to make outgoing connections to node 2 server 
2022-07-06 16:49:00,652 socket_client_ng.py [line:77] _connect INFO node 3's socket client fails to make connection to node 2 server 
2022-07-06 16:49:00,652 socket_client_ng.py [line:66] _connect INFO node 3's socket client starts to make outgoing connections to node 2 server 
2022-07-06 16:49:00,652 socket_client_ng.py [line:77] _connect INFO node 3's socket client fails to make connection to node 2 server 
2022-07-06 16:49:00,652 socket_client_ng.py [line:66] _connect INFO node 3's socket client starts to make outgoing connections to node 2 server 
2022-07-06 16:49:00,652 socket_client_ng.py [line:77] _connect INFO node 3's socket client fails to make connection to node 2 server 
2022-07-06 16:49:00,652 socket_client_ng.py [line:66] _connect INFO node 3's socket client starts to make outgoing connections to node 2 server 
2022-07-06 16:49:00,652 socket_client_ng.py [line:77] _connect INFO node 3's socket client fails to make connection to node 2 server 
2022-07-06 16:49:00,652 socket_client_ng.py [line:66] _connect INFO node 3's socket client starts to make outgoing connections to node 2 server 
2022-07-06 16:49:00,653 socket_client_ng.py [line:77] _connect INFO node 3's socket client fails to make connection to node 2 server 
2022-07-06 16:49:00,653 socket_client_ng.py [line:66] _connect INFO node 3's socket client starts to make outgoing connections to node 2 server 
2022-07-06 16:49:00,653 socket_client_ng.py [line:77] _connect INFO node 3's socket client fails to make connection to node 2 server 
2022-07-06 16:49:00,653 socket_client_ng.py [line:66] _connect INFO node 3's socket client starts to make outgoing connections to node 2 server 
2022-07-06 16:49:00,653 socket_client_ng.py [line:77] _connect INFO node 3's socket client fails to make connection to node 2 server 
2022-07-06 16:49:00,653 socket_client_ng.py [line:66] _connect INFO node 3's socket client starts to make outgoing connections to node 2 server 
2022-07-06 16:49:00,653 socket_client_ng.py [line:77] _connect INFO node 3's socket client fails to make connection to node 2 server 
2022-07-06 16:49:00,653 socket_client_ng.py [line:66] _connect INFO node 3's socket client starts to make outgoing connections to node 2 server 
2022-07-06 16:49:00,654 socket_client_ng.py [line:77] _connect INFO node 3's socket client fails to make connection to node 2 server 
2022-07-06 16:49:00,654 socket_client_ng.py [line:66] _connect INFO node 3's socket client starts to make outgoing connections to node 2 server 
2022-07-06 16:49:00,654 socket_client_ng.py [line:77] _connect INFO node 3's socket client fails to make connection to node 2 server 
2022-07-06 16:49:00,654 socket_client_ng.py [line:66] _connect INFO node 3's socket client starts to make outgoing connections to node 2 server 
2022-07-06 16:49:00,654 socket_client_ng.py [line:77] _connect INFO node 3's socket client fails to make connection to node 2 server 
2022-07-06 16:49:00,654 socket_client_ng.py [line:66] _connect INFO node 3's socket client starts to make outgoing connections to node 2 server 
2022-07-06 16:49:00,654 socket_client_ng.py [line:77] _connect INFO node 3's socket client fails to make connection to node 2 server 
2022-07-06 16:49:00,654 socket_client_ng.py [line:66] _connect INFO node 3's socket client starts to make outgoing connections to node 2 server 
2022-07-06 16:49:00,654 socket_client_ng.py [line:77] _connect INFO node 3's socket client fails to make connection to node 2 server 
2022-07-06 16:49:00,654 socket_client_ng.py [line:66] _connect INFO node 3's socket client starts to make outgoing connections to node 2 server 
2022-07-06 16:49:00,654 socket_client_ng.py [line:77] _connect INFO node 3's socket client fails to make connection to node 2 server 
2022-07-06 16:49:00,655 socket_client_ng.py [line:66] _connect INFO node 3's socket client starts to make outgoing connections to node 2 server 
2022-07-06 16:49:00,655 socket_client_ng.py [line:77] _connect INFO node 3's socket client fails to make connection to node 2 server 
2022-07-06 16:49:00,655 socket_client_ng.py [line:66] _connect INFO node 3's socket client starts to make outgoing connections to node 2 server 
2022-07-06 16:49:00,655 socket_client_ng.py [line:77] _connect INFO node 3's socket client fails to make connection to node 2 server 
2022-07-06 16:49:00,655 socket_client_ng.py [line:66] _connect INFO node 3's socket client starts to make outgoing connections to node 2 server 
2022-07-06 16:49:00,655 socket_client_ng.py [line:77] _connect INFO node 3's socket client fails to make connection to node 2 server 
2022-07-06 16:49:00,655 socket_client_ng.py [line:66] _connect INFO node 3's socket client starts to make outgoing connections to node 2 server 
2022-07-06 16:49:00,655 socket_client_ng.py [line:77] _connect INFO node 3's socket client fails to make connection to node 2 server 
2022-07-06 16:49:00,655 socket_client_ng.py [line:66] _connect INFO node 3's socket client starts to make outgoing connections to node 2 server 
2022-07-06 16:49:00,655 socket_client_ng.py [line:77] _connect INFO node 3's socket client fails to make connection to node 2 server 
2022-07-06 16:49:00,656 socket_client_ng.py [line:66] _connect INFO node 3's socket client starts to make outgoing connections to node 2 server 
2022-07-06 16:49:00,656 socket_client_ng.py [line:77] _connect INFO node 3's socket client fails to make connection to node 2 server 
2022-07-06 16:49:00,656 socket_client_ng.py [line:66] _connect INFO node 3's socket client starts to make outgoing connections to node 2 server 
2022-07-06 16:49:00,656 socket_client_ng.py [line:77] _connect INFO node 3's socket client fails to make connection to node 2 server 
2022-07-06 16:49:00,656 socket_client_ng.py [line:66] _connect INFO node 3's socket client starts to make outgoing connections to node 2 server 
2022-07-06 16:49:00,656 socket_client_ng.py [line:77] _connect INFO node 3's socket client fails to make connection to node 2 server 
2022-07-06 16:49:00,656 socket_client_ng.py [line:66] _connect INFO node 3's socket client starts to make outgoing connections to node 2 server 
2022-07-06 16:49:00,656 socket_client_ng.py [line:77] _connect INFO node 3's socket client fails to make connection to node 2 server 
2022-07-06 16:49:00,656 socket_client_ng.py [line:66] _connect INFO node 3's socket client starts to make outgoing connections to node 2 server 
2022-07-06 16:49:00,656 socket_client_ng.py [line:77] _connect INFO node 3's socket client fails to make connection to node 2 server 
2022-07-06 16:49:00,657 socket_client_ng.py [line:66] _connect INFO node 3's socket client starts to make outgoing connections to node 2 server 
2022-07-06 16:49:00,657 socket_client_ng.py [line:77] _connect INFO node 3's socket client fails to make connection to node 2 server 
2022-07-06 16:49:00,657 socket_client_ng.py [line:66] _connect INFO node 3's socket client starts to make outgoing connections to node 2 server 
2022-07-06 16:49:00,657 socket_client_ng.py [line:77] _connect INFO node 3's socket client fails to make connection to node 2 server 
2022-07-06 16:49:00,657 socket_client_ng.py [line:66] _connect INFO node 3's socket client starts to make outgoing connections to node 2 server 
2022-07-06 16:49:00,657 socket_client_ng.py [line:77] _connect INFO node 3's socket client fails to make connection to node 2 server 
2022-07-06 16:49:00,657 socket_client_ng.py [line:66] _connect INFO node 3's socket client starts to make outgoing connections to node 2 server 
2022-07-06 16:49:00,657 socket_client_ng.py [line:77] _connect INFO node 3's socket client fails to make connection to node 2 server 
2022-07-06 16:49:00,657 socket_client_ng.py [line:66] _connect INFO node 3's socket client starts to make outgoing connections to node 2 server 
2022-07-06 16:49:00,657 socket_client_ng.py [line:77] _connect INFO node 3's socket client fails to make connection to node 2 server 
2022-07-06 16:49:00,658 socket_client_ng.py [line:66] _connect INFO node 3's socket client starts to make outgoing connections to node 2 server 
2022-07-06 16:49:00,658 socket_client_ng.py [line:77] _connect INFO node 3's socket client fails to make connection to node 2 server 
2022-07-06 16:49:00,658 socket_client_ng.py [line:66] _connect INFO node 3's socket client starts to make outgoing connections to node 2 server 
2022-07-06 16:49:00,658 socket_client_ng.py [line:77] _connect INFO node 3's socket client fails to make connection to node 2 server 
2022-07-06 16:49:00,658 socket_client_ng.py [line:66] _connect INFO node 3's socket client starts to make outgoing connections to node 2 server 
2022-07-06 16:49:00,658 socket_client_ng.py [line:77] _connect INFO node 3's socket client fails to make connection to node 2 server 
2022-07-06 16:49:00,658 socket_client_ng.py [line:66] _connect INFO node 3's socket client starts to make outgoing connections to node 2 server 
2022-07-06 16:49:00,658 socket_client_ng.py [line:77] _connect INFO node 3's socket client fails to make connection to node 2 server 
2022-07-06 16:49:00,658 socket_client_ng.py [line:66] _connect INFO node 3's socket client starts to make outgoing connections to node 2 server 
2022-07-06 16:49:00,658 socket_client_ng.py [line:77] _connect INFO node 3's socket client fails to make connection to node 2 server 
2022-07-06 16:49:00,658 socket_client_ng.py [line:66] _connect INFO node 3's socket client starts to make outgoing connections to node 2 server 
2022-07-06 16:49:00,659 socket_client_ng.py [line:77] _connect INFO node 3's socket client fails to make connection to node 2 server 
2022-07-06 16:49:00,659 socket_client_ng.py [line:66] _connect INFO node 3's socket client starts to make outgoing connections to node 2 server 
2022-07-06 16:49:00,659 socket_client_ng.py [line:77] _connect INFO node 3's socket client fails to make connection to node 2 server 
2022-07-06 16:49:00,659 socket_client_ng.py [line:66] _connect INFO node 3's socket client starts to make outgoing connections to node 2 server 
2022-07-06 16:49:00,659 socket_client_ng.py [line:77] _connect INFO node 3's socket client fails to make connection to node 2 server 
2022-07-06 16:49:00,659 socket_client_ng.py [line:66] _connect INFO node 3's socket client starts to make outgoing connections to node 2 server 
2022-07-06 16:49:00,659 socket_client_ng.py [line:77] _connect INFO node 3's socket client fails to make connection to node 2 server 
2022-07-06 16:49:00,659 socket_client_ng.py [line:66] _connect INFO node 3's socket client starts to make outgoing connections to node 2 server 
2022-07-06 16:49:00,659 socket_client_ng.py [line:77] _connect INFO node 3's socket client fails to make connection to node 2 server 
2022-07-06 16:49:00,659 socket_client_ng.py [line:66] _connect INFO node 3's socket client starts to make outgoing connections to node 2 server 
2022-07-06 16:49:00,660 socket_client_ng.py [line:77] _connect INFO node 3's socket client fails to make connection to node 2 server 
2022-07-06 16:49:00,660 socket_client_ng.py [line:66] _connect INFO node 3's socket client starts to make outgoing connections to node 2 server 
2022-07-06 16:49:00,660 socket_client_ng.py [line:77] _connect INFO node 3's socket client fails to make connection to node 2 server 
2022-07-06 16:49:00,660 socket_client_ng.py [line:66] _connect INFO node 3's socket client starts to make outgoing connections to node 2 server 
2022-07-06 16:49:00,660 socket_client_ng.py [line:77] _connect INFO node 3's socket client fails to make connection to node 2 server 
2022-07-06 16:49:00,660 socket_client_ng.py [line:66] _connect INFO node 3's socket client starts to make outgoing connections to node 2 server 
2022-07-06 16:49:00,660 socket_client_ng.py [line:77] _connect INFO node 3's socket client fails to make connection to node 2 server 
2022-07-06 16:49:00,660 socket_client_ng.py [line:66] _connect INFO node 3's socket client starts to make outgoing connections to node 2 server 
2022-07-06 16:49:00,660 socket_client_ng.py [line:77] _connect INFO node 3's socket client fails to make connection to node 2 server 
2022-07-06 16:49:00,660 socket_client_ng.py [line:66] _connect INFO node 3's socket client starts to make outgoing connections to node 2 server 
2022-07-06 16:49:00,661 socket_client_ng.py [line:77] _connect INFO node 3's socket client fails to make connection to node 2 server 
2022-07-06 16:49:00,661 socket_client_ng.py [line:66] _connect INFO node 3's socket client starts to make outgoing connections to node 2 server 
2022-07-06 16:49:00,661 socket_client_ng.py [line:77] _connect INFO node 3's socket client fails to make connection to node 2 server 
2022-07-06 16:49:00,661 socket_client_ng.py [line:66] _connect INFO node 3's socket client starts to make outgoing connections to node 2 server 
2022-07-06 16:49:00,661 socket_client_ng.py [line:77] _connect INFO node 3's socket client fails to make connection to node 2 server 
2022-07-06 16:49:00,661 socket_client_ng.py [line:66] _connect INFO node 3's socket client starts to make outgoing connections to node 2 server 
2022-07-06 16:49:00,661 socket_client_ng.py [line:77] _connect INFO node 3's socket client fails to make connection to node 2 server 
2022-07-06 16:49:00,661 socket_client_ng.py [line:66] _connect INFO node 3's socket client starts to make outgoing connections to node 2 server 
2022-07-06 16:49:00,661 socket_client_ng.py [line:77] _connect INFO node 3's socket client fails to make connection to node 2 server 
2022-07-06 16:49:00,661 socket_client_ng.py [line:66] _connect INFO node 3's socket client starts to make outgoing connections to node 2 server 
2022-07-06 16:49:00,662 socket_client_ng.py [line:77] _connect INFO node 3's socket client fails to make connection to node 2 server 
2022-07-06 16:49:00,662 socket_client_ng.py [line:66] _connect INFO node 3's socket client starts to make outgoing connections to node 2 server 
2022-07-06 16:49:00,662 socket_client_ng.py [line:77] _connect INFO node 3's socket client fails to make connection to node 2 server 
2022-07-06 16:49:00,662 socket_client_ng.py [line:66] _connect INFO node 3's socket client starts to make outgoing connections to node 2 server 
2022-07-06 16:49:00,662 socket_client_ng.py [line:77] _connect INFO node 3's socket client fails to make connection to node 2 server 
2022-07-06 16:49:00,662 socket_client_ng.py [line:66] _connect INFO node 3's socket client starts to make outgoing connections to node 2 server 
2022-07-06 16:49:00,662 socket_client_ng.py [line:77] _connect INFO node 3's socket client fails to make connection to node 2 server 
2022-07-06 16:49:00,662 socket_client_ng.py [line:66] _connect INFO node 3's socket client starts to make outgoing connections to node 2 server 
2022-07-06 16:49:00,662 socket_client_ng.py [line:77] _connect INFO node 3's socket client fails to make connection to node 2 server 
2022-07-06 16:49:00,662 socket_client_ng.py [line:66] _connect INFO node 3's socket client starts to make outgoing connections to node 2 server 
2022-07-06 16:49:00,663 socket_client_ng.py [line:77] _connect INFO node 3's socket client fails to make connection to node 2 server 
2022-07-06 16:49:00,663 socket_client_ng.py [line:66] _connect INFO node 3's socket client starts to make outgoing connections to node 2 server 
2022-07-06 16:49:00,663 socket_client_ng.py [line:77] _connect INFO node 3's socket client fails to make connection to node 2 server 
2022-07-06 16:49:00,663 socket_client_ng.py [line:66] _connect INFO node 3's socket client starts to make outgoing connections to node 2 server 
2022-07-06 16:49:00,663 socket_client_ng.py [line:77] _connect INFO node 3's socket client fails to make connection to node 2 server 
2022-07-06 16:49:00,663 socket_client_ng.py [line:66] _connect INFO node 3's socket client starts to make outgoing connections to node 2 server 
2022-07-06 16:49:00,663 socket_client_ng.py [line:77] _connect INFO node 3's socket client fails to make connection to node 2 server 
2022-07-06 16:49:00,663 socket_client_ng.py [line:66] _connect INFO node 3's socket client starts to make outgoing connections to node 2 server 
2022-07-06 16:49:00,663 socket_client_ng.py [line:77] _connect INFO node 3's socket client fails to make connection to node 2 server 
2022-07-06 16:49:00,663 socket_client_ng.py [line:66] _connect INFO node 3's socket client starts to make outgoing connections to node 2 server 
2022-07-06 16:49:00,664 socket_client_ng.py [line:77] _connect INFO node 3's socket client fails to make connection to node 2 server 
2022-07-06 16:49:00,664 socket_client_ng.py [line:66] _connect INFO node 3's socket client starts to make outgoing connections to node 2 server 
2022-07-06 16:49:00,664 socket_client_ng.py [line:77] _connect INFO node 3's socket client fails to make connection to node 2 server 
2022-07-06 16:49:00,664 socket_client_ng.py [line:66] _connect INFO node 3's socket client starts to make outgoing connections to node 2 server 
2022-07-06 16:49:00,664 socket_client_ng.py [line:77] _connect INFO node 3's socket client fails to make connection to node 2 server 
2022-07-06 16:49:00,664 socket_client_ng.py [line:66] _connect INFO node 3's socket client starts to make outgoing connections to node 2 server 
2022-07-06 16:49:00,664 socket_client_ng.py [line:77] _connect INFO node 3's socket client fails to make connection to node 2 server 
2022-07-06 16:49:00,664 socket_client_ng.py [line:66] _connect INFO node 3's socket client starts to make outgoing connections to node 2 server 
2022-07-06 16:49:00,664 socket_client_ng.py [line:77] _connect INFO node 3's socket client fails to make connection to node 2 server 
2022-07-06 16:49:00,665 socket_client_ng.py [line:66] _connect INFO node 3's socket client starts to make outgoing connections to node 2 server 
2022-07-06 16:49:00,665 socket_client_ng.py [line:77] _connect INFO node 3's socket client fails to make connection to node 2 server 
2022-07-06 16:49:00,665 socket_client_ng.py [line:66] _connect INFO node 3's socket client starts to make outgoing connections to node 2 server 
2022-07-06 16:49:00,665 socket_client_ng.py [line:77] _connect INFO node 3's socket client fails to make connection to node 2 server 
2022-07-06 16:49:00,665 socket_client_ng.py [line:66] _connect INFO node 3's socket client starts to make outgoing connections to node 2 server 
2022-07-06 16:49:00,665 socket_client_ng.py [line:77] _connect INFO node 3's socket client fails to make connection to node 2 server 
2022-07-06 16:49:00,665 socket_client_ng.py [line:66] _connect INFO node 3's socket client starts to make outgoing connections to node 2 server 
2022-07-06 16:49:00,665 socket_client_ng.py [line:77] _connect INFO node 3's socket client fails to make connection to node 2 server 
2022-07-06 16:49:00,665 socket_client_ng.py [line:66] _connect INFO node 3's socket client starts to make outgoing connections to node 2 server 
2022-07-06 16:49:00,665 socket_client_ng.py [line:77] _connect INFO node 3's socket client fails to make connection to node 2 server 
2022-07-06 16:49:00,666 socket_client_ng.py [line:66] _connect INFO node 3's socket client starts to make outgoing connections to node 2 server 
2022-07-06 16:49:00,666 socket_client_ng.py [line:77] _connect INFO node 3's socket client fails to make connection to node 2 server 
2022-07-06 16:49:00,666 socket_client_ng.py [line:66] _connect INFO node 3's socket client starts to make outgoing connections to node 2 server 
2022-07-06 16:49:00,666 socket_client_ng.py [line:77] _connect INFO node 3's socket client fails to make connection to node 2 server 
2022-07-06 16:49:00,666 socket_client_ng.py [line:66] _connect INFO node 3's socket client starts to make outgoing connections to node 2 server 
2022-07-06 16:49:00,666 socket_client_ng.py [line:77] _connect INFO node 3's socket client fails to make connection to node 2 server 
2022-07-06 16:49:00,666 socket_client_ng.py [line:66] _connect INFO node 3's socket client starts to make outgoing connections to node 2 server 
2022-07-06 16:49:00,666 socket_client_ng.py [line:77] _connect INFO node 3's socket client fails to make connection to node 2 server 
2022-07-06 16:49:00,666 socket_client_ng.py [line:66] _connect INFO node 3's socket client starts to make outgoing connections to node 2 server 
2022-07-06 16:49:00,666 socket_client_ng.py [line:77] _connect INFO node 3's socket client fails to make connection to node 2 server 
2022-07-06 16:49:00,667 socket_client_ng.py [line:66] _connect INFO node 3's socket client starts to make outgoing connections to node 2 server 
2022-07-06 16:49:00,667 socket_client_ng.py [line:77] _connect INFO node 3's socket client fails to make connection to node 2 server 
2022-07-06 16:49:00,667 socket_client_ng.py [line:66] _connect INFO node 3's socket client starts to make outgoing connections to node 2 server 
2022-07-06 16:49:00,667 socket_client_ng.py [line:77] _connect INFO node 3's socket client fails to make connection to node 2 server 
2022-07-06 16:49:00,667 socket_client_ng.py [line:66] _connect INFO node 3's socket client starts to make outgoing connections to node 2 server 
2022-07-06 16:49:00,667 socket_client_ng.py [line:77] _connect INFO node 3's socket client fails to make connection to node 2 server 
2022-07-06 16:49:00,667 socket_client_ng.py [line:66] _connect INFO node 3's socket client starts to make outgoing connections to node 2 server 
2022-07-06 16:49:00,667 socket_client_ng.py [line:77] _connect INFO node 3's socket client fails to make connection to node 2 server 
2022-07-06 16:49:00,667 socket_client_ng.py [line:66] _connect INFO node 3's socket client starts to make outgoing connections to node 2 server 
2022-07-06 16:49:00,668 socket_client_ng.py [line:77] _connect INFO node 3's socket client fails to make connection to node 2 server 
2022-07-06 16:49:00,668 socket_client_ng.py [line:66] _connect INFO node 3's socket client starts to make outgoing connections to node 2 server 
2022-07-06 16:49:00,668 socket_client_ng.py [line:77] _connect INFO node 3's socket client fails to make connection to node 2 server 
2022-07-06 16:49:00,668 socket_client_ng.py [line:66] _connect INFO node 3's socket client starts to make outgoing connections to node 2 server 
2022-07-06 16:49:00,668 socket_client_ng.py [line:77] _connect INFO node 3's socket client fails to make connection to node 2 server 
2022-07-06 16:49:00,668 socket_client_ng.py [line:66] _connect INFO node 3's socket client starts to make outgoing connections to node 2 server 
2022-07-06 16:49:00,668 socket_client_ng.py [line:77] _connect INFO node 3's socket client fails to make connection to node 2 server 
2022-07-06 16:49:00,668 socket_client_ng.py [line:66] _connect INFO node 3's socket client starts to make outgoing connections to node 2 server 
2022-07-06 16:49:00,668 socket_client_ng.py [line:77] _connect INFO node 3's socket client fails to make connection to node 2 server 
2022-07-06 16:49:00,668 socket_client_ng.py [line:66] _connect INFO node 3's socket client starts to make outgoing connections to node 2 server 
2022-07-06 16:49:00,669 socket_client_ng.py [line:77] _connect INFO node 3's socket client fails to make connection to node 2 server 
2022-07-06 16:49:00,669 socket_client_ng.py [line:66] _connect INFO node 3's socket client starts to make outgoing connections to node 2 server 
2022-07-06 16:49:00,669 socket_client_ng.py [line:77] _connect INFO node 3's socket client fails to make connection to node 2 server 
2022-07-06 16:49:00,669 socket_client_ng.py [line:66] _connect INFO node 3's socket client starts to make outgoing connections to node 2 server 
2022-07-06 16:49:00,669 socket_client_ng.py [line:77] _connect INFO node 3's socket client fails to make connection to node 2 server 
2022-07-06 16:49:00,669 socket_client_ng.py [line:66] _connect INFO node 3's socket client starts to make outgoing connections to node 2 server 
2022-07-06 16:49:00,669 socket_client_ng.py [line:77] _connect INFO node 3's socket client fails to make connection to node 2 server 
2022-07-06 16:49:00,669 socket_client_ng.py [line:66] _connect INFO node 3's socket client starts to make outgoing connections to node 2 server 
2022-07-06 16:49:00,669 socket_client_ng.py [line:77] _connect INFO node 3's socket client fails to make connection to node 2 server 
2022-07-06 16:49:00,669 socket_client_ng.py [line:66] _connect INFO node 3's socket client starts to make outgoing connections to node 2 server 
2022-07-06 16:49:00,670 socket_client_ng.py [line:77] _connect INFO node 3's socket client fails to make connection to node 2 server 
2022-07-06 16:49:00,670 socket_client_ng.py [line:66] _connect INFO node 3's socket client starts to make outgoing connections to node 2 server 
2022-07-06 16:49:00,670 socket_client_ng.py [line:77] _connect INFO node 3's socket client fails to make connection to node 2 server 
2022-07-06 16:49:00,670 socket_client_ng.py [line:66] _connect INFO node 3's socket client starts to make outgoing connections to node 2 server 
2022-07-06 16:49:00,670 socket_client_ng.py [line:77] _connect INFO node 3's socket client fails to make connection to node 2 server 
2022-07-06 16:49:00,670 socket_client_ng.py [line:66] _connect INFO node 3's socket client starts to make outgoing connections to node 2 server 
2022-07-06 16:49:00,670 socket_client_ng.py [line:77] _connect INFO node 3's socket client fails to make connection to node 2 server 
2022-07-06 16:49:00,670 socket_client_ng.py [line:66] _connect INFO node 3's socket client starts to make outgoing connections to node 2 server 
2022-07-06 16:49:00,670 socket_client_ng.py [line:77] _connect INFO node 3's socket client fails to make connection to node 2 server 
2022-07-06 16:49:00,670 socket_client_ng.py [line:66] _connect INFO node 3's socket client starts to make outgoing connections to node 2 server 
2022-07-06 16:49:00,671 socket_client_ng.py [line:77] _connect INFO node 3's socket client fails to make connection to node 2 server 
2022-07-06 16:49:00,671 socket_client_ng.py [line:66] _connect INFO node 3's socket client starts to make outgoing connections to node 2 server 
2022-07-06 16:49:00,671 socket_client_ng.py [line:77] _connect INFO node 3's socket client fails to make connection to node 2 server 
2022-07-06 16:49:00,671 socket_client_ng.py [line:66] _connect INFO node 3's socket client starts to make outgoing connections to node 2 server 
2022-07-06 16:49:00,671 socket_client_ng.py [line:77] _connect INFO node 3's socket client fails to make connection to node 2 server 
2022-07-06 16:49:00,671 socket_client_ng.py [line:66] _connect INFO node 3's socket client starts to make outgoing connections to node 2 server 
2022-07-06 16:49:00,671 socket_client_ng.py [line:77] _connect INFO node 3's socket client fails to make connection to node 2 server 
2022-07-06 16:49:00,671 socket_client_ng.py [line:66] _connect INFO node 3's socket client starts to make outgoing connections to node 2 server 
2022-07-06 16:49:00,671 socket_client_ng.py [line:77] _connect INFO node 3's socket client fails to make connection to node 2 server 
2022-07-06 16:49:00,671 socket_client_ng.py [line:66] _connect INFO node 3's socket client starts to make outgoing connections to node 2 server 
2022-07-06 16:49:00,672 socket_client_ng.py [line:77] _connect INFO node 3's socket client fails to make connection to node 2 server 
2022-07-06 16:49:00,672 socket_client_ng.py [line:66] _connect INFO node 3's socket client starts to make outgoing connections to node 2 server 
2022-07-06 16:49:00,672 socket_client_ng.py [line:77] _connect INFO node 3's socket client fails to make connection to node 2 server 
2022-07-06 16:49:00,672 socket_client_ng.py [line:66] _connect INFO node 3's socket client starts to make outgoing connections to node 2 server 
2022-07-06 16:49:00,672 socket_client_ng.py [line:77] _connect INFO node 3's socket client fails to make connection to node 2 server 
2022-07-06 16:49:00,672 socket_client_ng.py [line:66] _connect INFO node 3's socket client starts to make outgoing connections to node 2 server 
2022-07-06 16:49:00,672 socket_client_ng.py [line:77] _connect INFO node 3's socket client fails to make connection to node 2 server 
2022-07-06 16:49:00,672 socket_client_ng.py [line:66] _connect INFO node 3's socket client starts to make outgoing connections to node 2 server 
2022-07-06 16:49:00,672 socket_client_ng.py [line:77] _connect INFO node 3's socket client fails to make connection to node 2 server 
2022-07-06 16:49:00,672 socket_client_ng.py [line:66] _connect INFO node 3's socket client starts to make outgoing connections to node 2 server 
2022-07-06 16:49:00,673 socket_client_ng.py [line:77] _connect INFO node 3's socket client fails to make connection to node 2 server 
2022-07-06 16:49:00,673 socket_client_ng.py [line:66] _connect INFO node 3's socket client starts to make outgoing connections to node 2 server 
2022-07-06 16:49:00,673 socket_client_ng.py [line:77] _connect INFO node 3's socket client fails to make connection to node 2 server 
2022-07-06 16:49:00,673 socket_client_ng.py [line:66] _connect INFO node 3's socket client starts to make outgoing connections to node 2 server 
2022-07-06 16:49:00,673 socket_client_ng.py [line:77] _connect INFO node 3's socket client fails to make connection to node 2 server 
2022-07-06 16:49:00,673 socket_client_ng.py [line:66] _connect INFO node 3's socket client starts to make outgoing connections to node 2 server 
2022-07-06 16:49:00,673 socket_client_ng.py [line:77] _connect INFO node 3's socket client fails to make connection to node 2 server 
2022-07-06 16:49:00,673 socket_client_ng.py [line:66] _connect INFO node 3's socket client starts to make outgoing connections to node 2 server 
2022-07-06 16:49:00,673 socket_client_ng.py [line:77] _connect INFO node 3's socket client fails to make connection to node 2 server 
2022-07-06 16:49:00,673 socket_client_ng.py [line:66] _connect INFO node 3's socket client starts to make outgoing connections to node 2 server 
2022-07-06 16:49:00,674 socket_client_ng.py [line:77] _connect INFO node 3's socket client fails to make connection to node 2 server 
2022-07-06 16:49:00,674 socket_client_ng.py [line:66] _connect INFO node 3's socket client starts to make outgoing connections to node 2 server 
2022-07-06 16:49:00,674 socket_client_ng.py [line:77] _connect INFO node 3's socket client fails to make connection to node 2 server 
2022-07-06 16:49:00,674 socket_client_ng.py [line:66] _connect INFO node 3's socket client starts to make outgoing connections to node 2 server 
2022-07-06 16:49:00,674 socket_client_ng.py [line:77] _connect INFO node 3's socket client fails to make connection to node 2 server 
2022-07-06 16:49:00,674 socket_client_ng.py [line:66] _connect INFO node 3's socket client starts to make outgoing connections to node 2 server 
2022-07-06 16:49:00,674 socket_client_ng.py [line:77] _connect INFO node 3's socket client fails to make connection to node 2 server 
2022-07-06 16:49:00,674 socket_client_ng.py [line:66] _connect INFO node 3's socket client starts to make outgoing connections to node 2 server 
2022-07-06 16:49:00,674 socket_client_ng.py [line:77] _connect INFO node 3's socket client fails to make connection to node 2 server 
2022-07-06 16:49:00,674 socket_client_ng.py [line:66] _connect INFO node 3's socket client starts to make outgoing connections to node 2 server 
2022-07-06 16:49:00,675 socket_client_ng.py [line:77] _connect INFO node 3's socket client fails to make connection to node 2 server 
2022-07-06 16:49:00,675 socket_client_ng.py [line:66] _connect INFO node 3's socket client starts to make outgoing connections to node 2 server 
2022-07-06 16:49:00,675 socket_client_ng.py [line:77] _connect INFO node 3's socket client fails to make connection to node 2 server 
2022-07-06 16:49:00,675 socket_client_ng.py [line:66] _connect INFO node 3's socket client starts to make outgoing connections to node 2 server 
2022-07-06 16:49:00,675 socket_client_ng.py [line:77] _connect INFO node 3's socket client fails to make connection to node 2 server 
2022-07-06 16:49:00,675 socket_client_ng.py [line:66] _connect INFO node 3's socket client starts to make outgoing connections to node 2 server 
2022-07-06 16:49:00,675 socket_client_ng.py [line:77] _connect INFO node 3's socket client fails to make connection to node 2 server 
2022-07-06 16:49:00,675 socket_client_ng.py [line:66] _connect INFO node 3's socket client starts to make outgoing connections to node 2 server 
2022-07-06 16:49:00,675 socket_client_ng.py [line:77] _connect INFO node 3's socket client fails to make connection to node 2 server 
2022-07-06 16:49:00,675 socket_client_ng.py [line:66] _connect INFO node 3's socket client starts to make outgoing connections to node 2 server 
2022-07-06 16:49:00,676 socket_client_ng.py [line:77] _connect INFO node 3's socket client fails to make connection to node 2 server 
2022-07-06 16:49:00,676 socket_client_ng.py [line:66] _connect INFO node 3's socket client starts to make outgoing connections to node 2 server 
2022-07-06 16:49:00,676 socket_client_ng.py [line:77] _connect INFO node 3's socket client fails to make connection to node 2 server 
2022-07-06 16:49:00,676 socket_client_ng.py [line:66] _connect INFO node 3's socket client starts to make outgoing connections to node 2 server 
2022-07-06 16:49:00,676 socket_client_ng.py [line:77] _connect INFO node 3's socket client fails to make connection to node 2 server 
2022-07-06 16:49:00,676 socket_client_ng.py [line:66] _connect INFO node 3's socket client starts to make outgoing connections to node 2 server 
2022-07-06 16:49:00,676 socket_client_ng.py [line:77] _connect INFO node 3's socket client fails to make connection to node 2 server 
2022-07-06 16:49:00,676 socket_client_ng.py [line:66] _connect INFO node 3's socket client starts to make outgoing connections to node 2 server 
2022-07-06 16:49:00,676 socket_client_ng.py [line:77] _connect INFO node 3's socket client fails to make connection to node 2 server 
2022-07-06 16:49:00,676 socket_client_ng.py [line:66] _connect INFO node 3's socket client starts to make outgoing connections to node 2 server 
2022-07-06 16:49:00,677 socket_client_ng.py [line:77] _connect INFO node 3's socket client fails to make connection to node 2 server 
2022-07-06 16:49:00,677 socket_client_ng.py [line:66] _connect INFO node 3's socket client starts to make outgoing connections to node 2 server 
2022-07-06 16:49:00,677 socket_client_ng.py [line:77] _connect INFO node 3's socket client fails to make connection to node 2 server 
2022-07-06 16:49:00,677 socket_client_ng.py [line:66] _connect INFO node 3's socket client starts to make outgoing connections to node 2 server 
2022-07-06 16:49:00,677 socket_client_ng.py [line:77] _connect INFO node 3's socket client fails to make connection to node 2 server 
2022-07-06 16:49:00,677 socket_client_ng.py [line:66] _connect INFO node 3's socket client starts to make outgoing connections to node 2 server 
2022-07-06 16:49:00,677 socket_client_ng.py [line:77] _connect INFO node 3's socket client fails to make connection to node 2 server 
2022-07-06 16:49:00,677 socket_client_ng.py [line:66] _connect INFO node 3's socket client starts to make outgoing connections to node 2 server 
2022-07-06 16:49:00,677 socket_client_ng.py [line:77] _connect INFO node 3's socket client fails to make connection to node 2 server 
2022-07-06 16:49:00,677 socket_client_ng.py [line:66] _connect INFO node 3's socket client starts to make outgoing connections to node 2 server 
2022-07-06 16:49:00,678 socket_client_ng.py [line:77] _connect INFO node 3's socket client fails to make connection to node 2 server 
2022-07-06 16:49:00,678 socket_client_ng.py [line:66] _connect INFO node 3's socket client starts to make outgoing connections to node 2 server 
2022-07-06 16:49:00,678 socket_client_ng.py [line:77] _connect INFO node 3's socket client fails to make connection to node 2 server 
2022-07-06 16:49:00,678 socket_client_ng.py [line:66] _connect INFO node 3's socket client starts to make outgoing connections to node 2 server 
2022-07-06 16:49:00,678 socket_client_ng.py [line:77] _connect INFO node 3's socket client fails to make connection to node 2 server 
2022-07-06 16:49:00,678 socket_client_ng.py [line:66] _connect INFO node 3's socket client starts to make outgoing connections to node 2 server 
2022-07-06 16:49:00,678 socket_client_ng.py [line:77] _connect INFO node 3's socket client fails to make connection to node 2 server 
2022-07-06 16:49:00,678 socket_client_ng.py [line:66] _connect INFO node 3's socket client starts to make outgoing connections to node 2 server 
2022-07-06 16:49:00,678 socket_client_ng.py [line:77] _connect INFO node 3's socket client fails to make connection to node 2 server 
2022-07-06 16:49:00,678 socket_client_ng.py [line:66] _connect INFO node 3's socket client starts to make outgoing connections to node 2 server 
2022-07-06 16:49:00,679 socket_client_ng.py [line:77] _connect INFO node 3's socket client fails to make connection to node 2 server 
2022-07-06 16:49:00,679 socket_client_ng.py [line:66] _connect INFO node 3's socket client starts to make outgoing connections to node 2 server 
2022-07-06 16:49:00,679 socket_client_ng.py [line:77] _connect INFO node 3's socket client fails to make connection to node 2 server 
2022-07-06 16:49:00,679 socket_client_ng.py [line:66] _connect INFO node 3's socket client starts to make outgoing connections to node 2 server 
2022-07-06 16:49:00,679 socket_client_ng.py [line:77] _connect INFO node 3's socket client fails to make connection to node 2 server 
2022-07-06 16:49:00,679 socket_client_ng.py [line:66] _connect INFO node 3's socket client starts to make outgoing connections to node 2 server 
2022-07-06 16:49:00,679 socket_client_ng.py [line:77] _connect INFO node 3's socket client fails to make connection to node 2 server 
2022-07-06 16:49:00,679 socket_client_ng.py [line:66] _connect INFO node 3's socket client starts to make outgoing connections to node 2 server 
2022-07-06 16:49:00,679 socket_client_ng.py [line:77] _connect INFO node 3's socket client fails to make connection to node 2 server 
2022-07-06 16:49:00,679 socket_client_ng.py [line:66] _connect INFO node 3's socket client starts to make outgoing connections to node 2 server 
2022-07-06 16:49:00,680 socket_client_ng.py [line:77] _connect INFO node 3's socket client fails to make connection to node 2 server 
2022-07-06 16:49:00,680 socket_client_ng.py [line:66] _connect INFO node 3's socket client starts to make outgoing connections to node 2 server 
2022-07-06 16:49:00,680 socket_client_ng.py [line:77] _connect INFO node 3's socket client fails to make connection to node 2 server 
2022-07-06 16:49:00,680 socket_client_ng.py [line:66] _connect INFO node 3's socket client starts to make outgoing connections to node 2 server 
2022-07-06 16:49:00,680 socket_client_ng.py [line:77] _connect INFO node 3's socket client fails to make connection to node 2 server 
2022-07-06 16:49:00,680 socket_client_ng.py [line:66] _connect INFO node 3's socket client starts to make outgoing connections to node 2 server 
2022-07-06 16:49:00,680 socket_client_ng.py [line:77] _connect INFO node 3's socket client fails to make connection to node 2 server 
2022-07-06 16:49:00,680 socket_client_ng.py [line:66] _connect INFO node 3's socket client starts to make outgoing connections to node 2 server 
2022-07-06 16:49:00,680 socket_client_ng.py [line:77] _connect INFO node 3's socket client fails to make connection to node 2 server 
2022-07-06 16:49:00,680 socket_client_ng.py [line:66] _connect INFO node 3's socket client starts to make outgoing connections to node 2 server 
2022-07-06 16:49:00,681 socket_client_ng.py [line:77] _connect INFO node 3's socket client fails to make connection to node 2 server 
2022-07-06 16:49:00,681 socket_client_ng.py [line:66] _connect INFO node 3's socket client starts to make outgoing connections to node 2 server 
2022-07-06 16:49:00,681 socket_client_ng.py [line:77] _connect INFO node 3's socket client fails to make connection to node 2 server 
2022-07-06 16:49:00,681 socket_client_ng.py [line:66] _connect INFO node 3's socket client starts to make outgoing connections to node 2 server 
2022-07-06 16:49:00,681 socket_client_ng.py [line:77] _connect INFO node 3's socket client fails to make connection to node 2 server 
2022-07-06 16:49:00,681 socket_client_ng.py [line:66] _connect INFO node 3's socket client starts to make outgoing connections to node 2 server 
2022-07-06 16:49:00,681 socket_client_ng.py [line:77] _connect INFO node 3's socket client fails to make connection to node 2 server 
2022-07-06 16:49:00,681 socket_client_ng.py [line:66] _connect INFO node 3's socket client starts to make outgoing connections to node 2 server 
2022-07-06 16:49:00,681 socket_client_ng.py [line:77] _connect INFO node 3's socket client fails to make connection to node 2 server 
2022-07-06 16:49:00,681 socket_client_ng.py [line:66] _connect INFO node 3's socket client starts to make outgoing connections to node 2 server 
2022-07-06 16:49:00,681 socket_client_ng.py [line:77] _connect INFO node 3's socket client fails to make connection to node 2 server 
2022-07-06 16:49:00,682 socket_client_ng.py [line:66] _connect INFO node 3's socket client starts to make outgoing connections to node 2 server 
2022-07-06 16:49:00,682 socket_client_ng.py [line:77] _connect INFO node 3's socket client fails to make connection to node 2 server 
2022-07-06 16:49:00,682 socket_client_ng.py [line:66] _connect INFO node 3's socket client starts to make outgoing connections to node 2 server 
2022-07-06 16:49:00,682 socket_client_ng.py [line:77] _connect INFO node 3's socket client fails to make connection to node 2 server 
2022-07-06 16:49:00,682 socket_client_ng.py [line:66] _connect INFO node 3's socket client starts to make outgoing connections to node 2 server 
2022-07-06 16:49:00,682 socket_client_ng.py [line:77] _connect INFO node 3's socket client fails to make connection to node 2 server 
2022-07-06 16:49:00,682 socket_client_ng.py [line:66] _connect INFO node 3's socket client starts to make outgoing connections to node 2 server 
2022-07-06 16:49:00,682 socket_client_ng.py [line:77] _connect INFO node 3's socket client fails to make connection to node 2 server 
2022-07-06 16:49:00,682 socket_client_ng.py [line:66] _connect INFO node 3's socket client starts to make outgoing connections to node 2 server 
2022-07-06 16:49:00,682 socket_client_ng.py [line:77] _connect INFO node 3's socket client fails to make connection to node 2 server 
2022-07-06 16:49:00,682 socket_client_ng.py [line:66] _connect INFO node 3's socket client starts to make outgoing connections to node 2 server 
2022-07-06 16:49:00,683 socket_client_ng.py [line:77] _connect INFO node 3's socket client fails to make connection to node 2 server 
2022-07-06 16:49:00,683 socket_client_ng.py [line:66] _connect INFO node 3's socket client starts to make outgoing connections to node 2 server 
2022-07-06 16:49:00,683 socket_client_ng.py [line:77] _connect INFO node 3's socket client fails to make connection to node 2 server 
2022-07-06 16:49:00,683 socket_client_ng.py [line:66] _connect INFO node 3's socket client starts to make outgoing connections to node 2 server 
2022-07-06 16:49:00,683 socket_client_ng.py [line:77] _connect INFO node 3's socket client fails to make connection to node 2 server 
2022-07-06 16:49:00,683 socket_client_ng.py [line:66] _connect INFO node 3's socket client starts to make outgoing connections to node 2 server 
2022-07-06 16:49:00,683 socket_client_ng.py [line:77] _connect INFO node 3's socket client fails to make connection to node 2 server 
2022-07-06 16:49:00,683 socket_client_ng.py [line:66] _connect INFO node 3's socket client starts to make outgoing connections to node 2 server 
2022-07-06 16:49:00,683 socket_client_ng.py [line:77] _connect INFO node 3's socket client fails to make connection to node 2 server 
2022-07-06 16:49:00,683 socket_client_ng.py [line:66] _connect INFO node 3's socket client starts to make outgoing connections to node 2 server 
2022-07-06 16:49:00,684 socket_client_ng.py [line:77] _connect INFO node 3's socket client fails to make connection to node 2 server 
2022-07-06 16:49:00,684 socket_client_ng.py [line:66] _connect INFO node 3's socket client starts to make outgoing connections to node 2 server 
2022-07-06 16:49:00,684 socket_client_ng.py [line:77] _connect INFO node 3's socket client fails to make connection to node 2 server 
2022-07-06 16:49:00,684 socket_client_ng.py [line:66] _connect INFO node 3's socket client starts to make outgoing connections to node 2 server 
2022-07-06 16:49:00,684 socket_client_ng.py [line:77] _connect INFO node 3's socket client fails to make connection to node 2 server 
2022-07-06 16:49:00,684 socket_client_ng.py [line:66] _connect INFO node 3's socket client starts to make outgoing connections to node 2 server 
2022-07-06 16:49:00,684 socket_client_ng.py [line:77] _connect INFO node 3's socket client fails to make connection to node 2 server 
2022-07-06 16:49:00,684 socket_client_ng.py [line:66] _connect INFO node 3's socket client starts to make outgoing connections to node 2 server 
2022-07-06 16:49:00,684 socket_client_ng.py [line:77] _connect INFO node 3's socket client fails to make connection to node 2 server 
2022-07-06 16:49:00,684 socket_client_ng.py [line:66] _connect INFO node 3's socket client starts to make outgoing connections to node 2 server 
2022-07-06 16:49:00,685 socket_client_ng.py [line:77] _connect INFO node 3's socket client fails to make connection to node 2 server 
2022-07-06 16:49:00,685 socket_client_ng.py [line:66] _connect INFO node 3's socket client starts to make outgoing connections to node 2 server 
2022-07-06 16:49:00,685 socket_client_ng.py [line:77] _connect INFO node 3's socket client fails to make connection to node 2 server 
2022-07-06 16:49:00,685 socket_client_ng.py [line:66] _connect INFO node 3's socket client starts to make outgoing connections to node 2 server 
2022-07-06 16:49:00,685 socket_client_ng.py [line:77] _connect INFO node 3's socket client fails to make connection to node 2 server 
2022-07-06 16:49:00,685 socket_client_ng.py [line:66] _connect INFO node 3's socket client starts to make outgoing connections to node 2 server 
2022-07-06 16:49:00,685 socket_client_ng.py [line:77] _connect INFO node 3's socket client fails to make connection to node 2 server 
2022-07-06 16:49:00,685 socket_client_ng.py [line:66] _connect INFO node 3's socket client starts to make outgoing connections to node 2 server 
2022-07-06 16:49:00,685 socket_client_ng.py [line:77] _connect INFO node 3's socket client fails to make connection to node 2 server 
2022-07-06 16:49:00,685 socket_client_ng.py [line:66] _connect INFO node 3's socket client starts to make outgoing connections to node 2 server 
2022-07-06 16:49:00,686 socket_client_ng.py [line:77] _connect INFO node 3's socket client fails to make connection to node 2 server 
2022-07-06 16:49:00,686 socket_client_ng.py [line:66] _connect INFO node 3's socket client starts to make outgoing connections to node 2 server 
2022-07-06 16:49:00,686 socket_client_ng.py [line:77] _connect INFO node 3's socket client fails to make connection to node 2 server 
2022-07-06 16:49:00,686 socket_client_ng.py [line:66] _connect INFO node 3's socket client starts to make outgoing connections to node 2 server 
2022-07-06 16:49:00,686 socket_client_ng.py [line:77] _connect INFO node 3's socket client fails to make connection to node 2 server 
2022-07-06 16:49:00,686 socket_client_ng.py [line:66] _connect INFO node 3's socket client starts to make outgoing connections to node 2 server 
2022-07-06 16:49:00,686 socket_client_ng.py [line:77] _connect INFO node 3's socket client fails to make connection to node 2 server 
2022-07-06 16:49:00,686 socket_client_ng.py [line:66] _connect INFO node 3's socket client starts to make outgoing connections to node 2 server 
2022-07-06 16:49:00,686 socket_client_ng.py [line:77] _connect INFO node 3's socket client fails to make connection to node 2 server 
2022-07-06 16:49:00,686 socket_client_ng.py [line:66] _connect INFO node 3's socket client starts to make outgoing connections to node 2 server 
2022-07-06 16:49:00,687 socket_client_ng.py [line:77] _connect INFO node 3's socket client fails to make connection to node 2 server 
2022-07-06 16:49:00,687 socket_client_ng.py [line:66] _connect INFO node 3's socket client starts to make outgoing connections to node 2 server 
2022-07-06 16:49:00,687 socket_client_ng.py [line:77] _connect INFO node 3's socket client fails to make connection to node 2 server 
2022-07-06 16:49:00,687 socket_client_ng.py [line:66] _connect INFO node 3's socket client starts to make outgoing connections to node 2 server 
2022-07-06 16:49:00,687 socket_client_ng.py [line:77] _connect INFO node 3's socket client fails to make connection to node 2 server 
2022-07-06 16:49:00,687 socket_client_ng.py [line:66] _connect INFO node 3's socket client starts to make outgoing connections to node 2 server 
2022-07-06 16:49:00,687 socket_client_ng.py [line:77] _connect INFO node 3's socket client fails to make connection to node 2 server 
2022-07-06 16:49:00,687 socket_client_ng.py [line:66] _connect INFO node 3's socket client starts to make outgoing connections to node 2 server 
2022-07-06 16:49:00,688 socket_client_ng.py [line:77] _connect INFO node 3's socket client fails to make connection to node 2 server 
2022-07-06 16:49:00,688 socket_client_ng.py [line:66] _connect INFO node 3's socket client starts to make outgoing connections to node 2 server 
2022-07-06 16:49:00,688 socket_client_ng.py [line:77] _connect INFO node 3's socket client fails to make connection to node 2 server 
2022-07-06 16:49:00,688 socket_client_ng.py [line:66] _connect INFO node 3's socket client starts to make outgoing connections to node 2 server 
2022-07-06 16:49:00,688 socket_client_ng.py [line:77] _connect INFO node 3's socket client fails to make connection to node 2 server 
2022-07-06 16:49:00,688 socket_client_ng.py [line:66] _connect INFO node 3's socket client starts to make outgoing connections to node 2 server 
2022-07-06 16:49:00,688 socket_client_ng.py [line:77] _connect INFO node 3's socket client fails to make connection to node 2 server 
2022-07-06 16:49:00,688 socket_client_ng.py [line:66] _connect INFO node 3's socket client starts to make outgoing connections to node 2 server 
2022-07-06 16:49:00,689 socket_client_ng.py [line:77] _connect INFO node 3's socket client fails to make connection to node 2 server 
2022-07-06 16:49:00,689 socket_client_ng.py [line:66] _connect INFO node 3's socket client starts to make outgoing connections to node 2 server 
2022-07-06 16:49:00,689 socket_client_ng.py [line:77] _connect INFO node 3's socket client fails to make connection to node 2 server 
2022-07-06 16:49:00,689 socket_client_ng.py [line:66] _connect INFO node 3's socket client starts to make outgoing connections to node 2 server 
2022-07-06 16:49:00,689 socket_client_ng.py [line:77] _connect INFO node 3's socket client fails to make connection to node 2 server 
2022-07-06 16:49:00,689 socket_client_ng.py [line:66] _connect INFO node 3's socket client starts to make outgoing connections to node 2 server 
2022-07-06 16:49:00,689 socket_client_ng.py [line:77] _connect INFO node 3's socket client fails to make connection to node 2 server 
2022-07-06 16:49:00,689 socket_client_ng.py [line:66] _connect INFO node 3's socket client starts to make outgoing connections to node 2 server 
2022-07-06 16:49:00,689 socket_client_ng.py [line:77] _connect INFO node 3's socket client fails to make connection to node 2 server 
2022-07-06 16:49:00,690 socket_client_ng.py [line:66] _connect INFO node 3's socket client starts to make outgoing connections to node 2 server 
2022-07-06 16:49:00,690 socket_client_ng.py [line:77] _connect INFO node 3's socket client fails to make connection to node 2 server 
2022-07-06 16:49:00,690 socket_client_ng.py [line:66] _connect INFO node 3's socket client starts to make outgoing connections to node 2 server 
2022-07-06 16:49:00,690 socket_client_ng.py [line:77] _connect INFO node 3's socket client fails to make connection to node 2 server 
2022-07-06 16:49:00,690 socket_client_ng.py [line:66] _connect INFO node 3's socket client starts to make outgoing connections to node 2 server 
2022-07-06 16:49:00,690 socket_client_ng.py [line:77] _connect INFO node 3's socket client fails to make connection to node 2 server 
2022-07-06 16:49:00,690 socket_client_ng.py [line:66] _connect INFO node 3's socket client starts to make outgoing connections to node 2 server 
2022-07-06 16:49:00,691 socket_client_ng.py [line:77] _connect INFO node 3's socket client fails to make connection to node 2 server 
2022-07-06 16:49:00,691 socket_client_ng.py [line:66] _connect INFO node 3's socket client starts to make outgoing connections to node 2 server 
2022-07-06 16:49:00,691 socket_client_ng.py [line:77] _connect INFO node 3's socket client fails to make connection to node 2 server 
2022-07-06 16:49:00,691 socket_client_ng.py [line:66] _connect INFO node 3's socket client starts to make outgoing connections to node 2 server 
2022-07-06 16:49:00,691 socket_client_ng.py [line:77] _connect INFO node 3's socket client fails to make connection to node 2 server 
2022-07-06 16:49:00,691 socket_client_ng.py [line:66] _connect INFO node 3's socket client starts to make outgoing connections to node 2 server 
2022-07-06 16:49:00,694 socket_client_ng.py [line:77] _connect INFO node 3's socket client fails to make connection to node 2 server 
2022-07-06 16:49:00,695 socket_client_ng.py [line:66] _connect INFO node 3's socket client starts to make outgoing connections to node 2 server 
2022-07-06 16:49:00,696 socket_client_ng.py [line:77] _connect INFO node 3's socket client fails to make connection to node 2 server 
2022-07-06 16:49:00,696 socket_client_ng.py [line:66] _connect INFO node 3's socket client starts to make outgoing connections to node 2 server 
2022-07-06 16:49:00,696 socket_client_ng.py [line:77] _connect INFO node 3's socket client fails to make connection to node 2 server 
2022-07-06 16:49:00,696 socket_client_ng.py [line:66] _connect INFO node 3's socket client starts to make outgoing connections to node 2 server 
2022-07-06 16:49:00,696 socket_client_ng.py [line:77] _connect INFO node 3's socket client fails to make connection to node 2 server 
2022-07-06 16:49:00,696 socket_client_ng.py [line:66] _connect INFO node 3's socket client starts to make outgoing connections to node 2 server 
2022-07-06 16:49:00,697 socket_client_ng.py [line:77] _connect INFO node 3's socket client fails to make connection to node 2 server 
2022-07-06 16:49:00,697 socket_client_ng.py [line:66] _connect INFO node 3's socket client starts to make outgoing connections to node 2 server 
2022-07-06 16:49:00,697 socket_client_ng.py [line:77] _connect INFO node 3's socket client fails to make connection to node 2 server 
2022-07-06 16:49:00,697 socket_client_ng.py [line:66] _connect INFO node 3's socket client starts to make outgoing connections to node 2 server 
2022-07-06 16:49:00,697 socket_client_ng.py [line:77] _connect INFO node 3's socket client fails to make connection to node 2 server 
2022-07-06 16:49:00,697 socket_client_ng.py [line:66] _connect INFO node 3's socket client starts to make outgoing connections to node 2 server 
2022-07-06 16:49:00,697 socket_client_ng.py [line:77] _connect INFO node 3's socket client fails to make connection to node 2 server 
2022-07-06 16:49:00,697 socket_client_ng.py [line:66] _connect INFO node 3's socket client starts to make outgoing connections to node 2 server 
2022-07-06 16:49:00,697 socket_client_ng.py [line:77] _connect INFO node 3's socket client fails to make connection to node 2 server 
2022-07-06 16:49:00,697 socket_client_ng.py [line:66] _connect INFO node 3's socket client starts to make outgoing connections to node 2 server 
2022-07-06 16:49:00,698 socket_client_ng.py [line:77] _connect INFO node 3's socket client fails to make connection to node 2 server 
2022-07-06 16:49:00,698 socket_client_ng.py [line:66] _connect INFO node 3's socket client starts to make outgoing connections to node 2 server 
2022-07-06 16:49:00,698 socket_client_ng.py [line:77] _connect INFO node 3's socket client fails to make connection to node 2 server 
2022-07-06 16:49:00,698 socket_client_ng.py [line:66] _connect INFO node 3's socket client starts to make outgoing connections to node 2 server 
2022-07-06 16:49:00,698 socket_client_ng.py [line:77] _connect INFO node 3's socket client fails to make connection to node 2 server 
2022-07-06 16:49:00,698 socket_client_ng.py [line:66] _connect INFO node 3's socket client starts to make outgoing connections to node 2 server 
2022-07-06 16:49:00,698 socket_client_ng.py [line:77] _connect INFO node 3's socket client fails to make connection to node 2 server 
2022-07-06 16:49:00,698 socket_client_ng.py [line:66] _connect INFO node 3's socket client starts to make outgoing connections to node 2 server 
2022-07-06 16:49:00,698 socket_client_ng.py [line:77] _connect INFO node 3's socket client fails to make connection to node 2 server 
2022-07-06 16:49:00,698 socket_client_ng.py [line:66] _connect INFO node 3's socket client starts to make outgoing connections to node 2 server 
2022-07-06 16:49:00,699 socket_client_ng.py [line:77] _connect INFO node 3's socket client fails to make connection to node 2 server 
2022-07-06 16:49:00,699 socket_client_ng.py [line:66] _connect INFO node 3's socket client starts to make outgoing connections to node 2 server 
2022-07-06 16:49:00,699 socket_client_ng.py [line:77] _connect INFO node 3's socket client fails to make connection to node 2 server 
2022-07-06 16:49:00,699 socket_client_ng.py [line:66] _connect INFO node 3's socket client starts to make outgoing connections to node 2 server 
2022-07-06 16:49:00,699 socket_client_ng.py [line:77] _connect INFO node 3's socket client fails to make connection to node 2 server 
2022-07-06 16:49:00,699 socket_client_ng.py [line:66] _connect INFO node 3's socket client starts to make outgoing connections to node 2 server 
2022-07-06 16:49:00,699 socket_client_ng.py [line:77] _connect INFO node 3's socket client fails to make connection to node 2 server 
2022-07-06 16:49:00,699 socket_client_ng.py [line:66] _connect INFO node 3's socket client starts to make outgoing connections to node 2 server 
2022-07-06 16:49:00,699 socket_client_ng.py [line:77] _connect INFO node 3's socket client fails to make connection to node 2 server 
2022-07-06 16:49:00,699 socket_client_ng.py [line:66] _connect INFO node 3's socket client starts to make outgoing connections to node 2 server 
2022-07-06 16:49:00,700 socket_client_ng.py [line:77] _connect INFO node 3's socket client fails to make connection to node 2 server 
2022-07-06 16:49:00,700 socket_client_ng.py [line:66] _connect INFO node 3's socket client starts to make outgoing connections to node 2 server 
2022-07-06 16:49:00,700 socket_client_ng.py [line:77] _connect INFO node 3's socket client fails to make connection to node 2 server 
2022-07-06 16:49:00,700 socket_client_ng.py [line:66] _connect INFO node 3's socket client starts to make outgoing connections to node 2 server 
2022-07-06 16:49:00,700 socket_client_ng.py [line:77] _connect INFO node 3's socket client fails to make connection to node 2 server 
2022-07-06 16:49:00,700 socket_client_ng.py [line:66] _connect INFO node 3's socket client starts to make outgoing connections to node 2 server 
2022-07-06 16:49:00,700 socket_client_ng.py [line:77] _connect INFO node 3's socket client fails to make connection to node 2 server 
2022-07-06 16:49:00,700 socket_client_ng.py [line:66] _connect INFO node 3's socket client starts to make outgoing connections to node 2 server 
2022-07-06 16:49:00,700 socket_client_ng.py [line:77] _connect INFO node 3's socket client fails to make connection to node 2 server 
2022-07-06 16:49:00,701 socket_client_ng.py [line:66] _connect INFO node 3's socket client starts to make outgoing connections to node 2 server 
2022-07-06 16:49:00,701 socket_client_ng.py [line:77] _connect INFO node 3's socket client fails to make connection to node 2 server 
2022-07-06 16:49:00,701 socket_client_ng.py [line:66] _connect INFO node 3's socket client starts to make outgoing connections to node 2 server 
2022-07-06 16:49:00,701 socket_client_ng.py [line:77] _connect INFO node 3's socket client fails to make connection to node 2 server 
2022-07-06 16:49:00,701 socket_client_ng.py [line:66] _connect INFO node 3's socket client starts to make outgoing connections to node 2 server 
2022-07-06 16:49:00,701 socket_client_ng.py [line:77] _connect INFO node 3's socket client fails to make connection to node 2 server 
2022-07-06 16:49:00,701 socket_client_ng.py [line:66] _connect INFO node 3's socket client starts to make outgoing connections to node 2 server 
2022-07-06 16:49:00,701 socket_client_ng.py [line:77] _connect INFO node 3's socket client fails to make connection to node 2 server 
2022-07-06 16:49:00,701 socket_client_ng.py [line:66] _connect INFO node 3's socket client starts to make outgoing connections to node 2 server 
2022-07-06 16:49:00,701 socket_client_ng.py [line:77] _connect INFO node 3's socket client fails to make connection to node 2 server 
2022-07-06 16:49:00,702 socket_client_ng.py [line:66] _connect INFO node 3's socket client starts to make outgoing connections to node 2 server 
2022-07-06 16:49:00,702 socket_client_ng.py [line:77] _connect INFO node 3's socket client fails to make connection to node 2 server 
2022-07-06 16:49:00,702 socket_client_ng.py [line:66] _connect INFO node 3's socket client starts to make outgoing connections to node 2 server 
2022-07-06 16:49:00,702 socket_client_ng.py [line:77] _connect INFO node 3's socket client fails to make connection to node 2 server 
2022-07-06 16:49:00,702 socket_client_ng.py [line:66] _connect INFO node 3's socket client starts to make outgoing connections to node 2 server 
2022-07-06 16:49:00,702 socket_client_ng.py [line:77] _connect INFO node 3's socket client fails to make connection to node 2 server 
2022-07-06 16:49:00,702 socket_client_ng.py [line:66] _connect INFO node 3's socket client starts to make outgoing connections to node 2 server 
2022-07-06 16:49:00,702 socket_client_ng.py [line:77] _connect INFO node 3's socket client fails to make connection to node 2 server 
2022-07-06 16:49:00,702 socket_client_ng.py [line:66] _connect INFO node 3's socket client starts to make outgoing connections to node 2 server 
2022-07-06 16:49:00,703 socket_client_ng.py [line:77] _connect INFO node 3's socket client fails to make connection to node 2 server 
2022-07-06 16:49:00,703 socket_client_ng.py [line:66] _connect INFO node 3's socket client starts to make outgoing connections to node 2 server 
2022-07-06 16:49:00,703 socket_client_ng.py [line:77] _connect INFO node 3's socket client fails to make connection to node 2 server 
2022-07-06 16:49:00,703 socket_client_ng.py [line:66] _connect INFO node 3's socket client starts to make outgoing connections to node 2 server 
2022-07-06 16:49:00,703 socket_client_ng.py [line:77] _connect INFO node 3's socket client fails to make connection to node 2 server 
2022-07-06 16:49:00,703 socket_client_ng.py [line:66] _connect INFO node 3's socket client starts to make outgoing connections to node 2 server 
2022-07-06 16:49:00,703 socket_client_ng.py [line:77] _connect INFO node 3's socket client fails to make connection to node 2 server 
2022-07-06 16:49:00,703 socket_client_ng.py [line:66] _connect INFO node 3's socket client starts to make outgoing connections to node 2 server 
2022-07-06 16:49:00,703 socket_client_ng.py [line:77] _connect INFO node 3's socket client fails to make connection to node 2 server 
2022-07-06 16:49:00,704 socket_client_ng.py [line:66] _connect INFO node 3's socket client starts to make outgoing connections to node 2 server 
2022-07-06 16:49:00,704 socket_client_ng.py [line:77] _connect INFO node 3's socket client fails to make connection to node 2 server 
2022-07-06 16:49:00,704 socket_client_ng.py [line:66] _connect INFO node 3's socket client starts to make outgoing connections to node 2 server 
2022-07-06 16:49:00,704 socket_client_ng.py [line:77] _connect INFO node 3's socket client fails to make connection to node 2 server 
2022-07-06 16:49:00,704 socket_client_ng.py [line:66] _connect INFO node 3's socket client starts to make outgoing connections to node 2 server 
2022-07-06 16:49:00,704 socket_client_ng.py [line:77] _connect INFO node 3's socket client fails to make connection to node 2 server 
2022-07-06 16:49:00,704 socket_client_ng.py [line:66] _connect INFO node 3's socket client starts to make outgoing connections to node 2 server 
2022-07-06 16:49:00,704 socket_client_ng.py [line:77] _connect INFO node 3's socket client fails to make connection to node 2 server 
2022-07-06 16:49:00,704 socket_client_ng.py [line:66] _connect INFO node 3's socket client starts to make outgoing connections to node 2 server 
2022-07-06 16:49:00,705 socket_client_ng.py [line:77] _connect INFO node 3's socket client fails to make connection to node 2 server 
2022-07-06 16:49:00,705 socket_client_ng.py [line:66] _connect INFO node 3's socket client starts to make outgoing connections to node 2 server 
2022-07-06 16:49:00,705 socket_client_ng.py [line:77] _connect INFO node 3's socket client fails to make connection to node 2 server 
2022-07-06 16:49:00,705 socket_client_ng.py [line:66] _connect INFO node 3's socket client starts to make outgoing connections to node 2 server 
2022-07-06 16:49:00,705 socket_client_ng.py [line:77] _connect INFO node 3's socket client fails to make connection to node 2 server 
2022-07-06 16:49:00,705 socket_client_ng.py [line:66] _connect INFO node 3's socket client starts to make outgoing connections to node 2 server 
2022-07-06 16:49:00,705 socket_client_ng.py [line:77] _connect INFO node 3's socket client fails to make connection to node 2 server 
2022-07-06 16:49:00,705 socket_client_ng.py [line:66] _connect INFO node 3's socket client starts to make outgoing connections to node 2 server 
2022-07-06 16:49:00,705 socket_client_ng.py [line:77] _connect INFO node 3's socket client fails to make connection to node 2 server 
2022-07-06 16:49:00,705 socket_client_ng.py [line:66] _connect INFO node 3's socket client starts to make outgoing connections to node 2 server 
2022-07-06 16:49:00,706 socket_client_ng.py [line:77] _connect INFO node 3's socket client fails to make connection to node 2 server 
2022-07-06 16:49:00,706 socket_client_ng.py [line:66] _connect INFO node 3's socket client starts to make outgoing connections to node 2 server 
2022-07-06 16:49:00,706 socket_client_ng.py [line:77] _connect INFO node 3's socket client fails to make connection to node 2 server 
2022-07-06 16:49:00,706 socket_client_ng.py [line:66] _connect INFO node 3's socket client starts to make outgoing connections to node 2 server 
2022-07-06 16:49:00,706 socket_client_ng.py [line:77] _connect INFO node 3's socket client fails to make connection to node 2 server 
2022-07-06 16:49:00,706 socket_client_ng.py [line:66] _connect INFO node 3's socket client starts to make outgoing connections to node 2 server 
2022-07-06 16:49:00,706 socket_client_ng.py [line:77] _connect INFO node 3's socket client fails to make connection to node 2 server 
2022-07-06 16:49:00,706 socket_client_ng.py [line:66] _connect INFO node 3's socket client starts to make outgoing connections to node 2 server 
2022-07-06 16:49:00,706 socket_client_ng.py [line:77] _connect INFO node 3's socket client fails to make connection to node 2 server 
2022-07-06 16:49:00,706 socket_client_ng.py [line:66] _connect INFO node 3's socket client starts to make outgoing connections to node 2 server 
2022-07-06 16:49:00,707 socket_client_ng.py [line:77] _connect INFO node 3's socket client fails to make connection to node 2 server 
2022-07-06 16:49:00,707 socket_client_ng.py [line:66] _connect INFO node 3's socket client starts to make outgoing connections to node 2 server 
2022-07-06 16:49:00,707 socket_client_ng.py [line:77] _connect INFO node 3's socket client fails to make connection to node 2 server 
2022-07-06 16:49:00,707 socket_client_ng.py [line:66] _connect INFO node 3's socket client starts to make outgoing connections to node 2 server 
2022-07-06 16:49:00,707 socket_client_ng.py [line:77] _connect INFO node 3's socket client fails to make connection to node 2 server 
2022-07-06 16:49:00,707 socket_client_ng.py [line:66] _connect INFO node 3's socket client starts to make outgoing connections to node 2 server 
2022-07-06 16:49:00,707 socket_client_ng.py [line:77] _connect INFO node 3's socket client fails to make connection to node 2 server 
2022-07-06 16:49:00,707 socket_client_ng.py [line:66] _connect INFO node 3's socket client starts to make outgoing connections to node 2 server 
2022-07-06 16:49:00,708 socket_client_ng.py [line:77] _connect INFO node 3's socket client fails to make connection to node 2 server 
2022-07-06 16:49:00,708 socket_client_ng.py [line:66] _connect INFO node 3's socket client starts to make outgoing connections to node 2 server 
2022-07-06 16:49:00,708 socket_client_ng.py [line:77] _connect INFO node 3's socket client fails to make connection to node 2 server 
2022-07-06 16:49:00,708 socket_client_ng.py [line:66] _connect INFO node 3's socket client starts to make outgoing connections to node 2 server 
2022-07-06 16:49:00,708 socket_client_ng.py [line:77] _connect INFO node 3's socket client fails to make connection to node 2 server 
2022-07-06 16:49:00,708 socket_client_ng.py [line:66] _connect INFO node 3's socket client starts to make outgoing connections to node 2 server 
2022-07-06 16:49:00,708 socket_client_ng.py [line:77] _connect INFO node 3's socket client fails to make connection to node 2 server 
2022-07-06 16:49:00,708 socket_client_ng.py [line:66] _connect INFO node 3's socket client starts to make outgoing connections to node 2 server 
2022-07-06 16:49:00,708 socket_client_ng.py [line:77] _connect INFO node 3's socket client fails to make connection to node 2 server 
2022-07-06 16:49:00,708 socket_client_ng.py [line:66] _connect INFO node 3's socket client starts to make outgoing connections to node 2 server 
2022-07-06 16:49:00,709 socket_client_ng.py [line:77] _connect INFO node 3's socket client fails to make connection to node 2 server 
2022-07-06 16:49:00,709 socket_client_ng.py [line:66] _connect INFO node 3's socket client starts to make outgoing connections to node 2 server 
2022-07-06 16:49:00,709 socket_client_ng.py [line:77] _connect INFO node 3's socket client fails to make connection to node 2 server 
2022-07-06 16:49:00,709 socket_client_ng.py [line:66] _connect INFO node 3's socket client starts to make outgoing connections to node 2 server 
2022-07-06 16:49:00,709 socket_client_ng.py [line:77] _connect INFO node 3's socket client fails to make connection to node 2 server 
2022-07-06 16:49:00,709 socket_client_ng.py [line:66] _connect INFO node 3's socket client starts to make outgoing connections to node 2 server 
2022-07-06 16:49:00,709 socket_client_ng.py [line:77] _connect INFO node 3's socket client fails to make connection to node 2 server 
2022-07-06 16:49:00,709 socket_client_ng.py [line:66] _connect INFO node 3's socket client starts to make outgoing connections to node 2 server 
2022-07-06 16:49:00,709 socket_client_ng.py [line:77] _connect INFO node 3's socket client fails to make connection to node 2 server 
2022-07-06 16:49:00,710 socket_client_ng.py [line:66] _connect INFO node 3's socket client starts to make outgoing connections to node 2 server 
2022-07-06 16:49:00,710 socket_client_ng.py [line:77] _connect INFO node 3's socket client fails to make connection to node 2 server 
2022-07-06 16:49:00,710 socket_client_ng.py [line:66] _connect INFO node 3's socket client starts to make outgoing connections to node 2 server 
2022-07-06 16:49:00,710 socket_client_ng.py [line:77] _connect INFO node 3's socket client fails to make connection to node 2 server 
2022-07-06 16:49:00,710 socket_client_ng.py [line:66] _connect INFO node 3's socket client starts to make outgoing connections to node 2 server 
2022-07-06 16:49:00,710 socket_client_ng.py [line:77] _connect INFO node 3's socket client fails to make connection to node 2 server 
2022-07-06 16:49:00,710 socket_client_ng.py [line:66] _connect INFO node 3's socket client starts to make outgoing connections to node 2 server 
2022-07-06 16:49:00,710 socket_client_ng.py [line:77] _connect INFO node 3's socket client fails to make connection to node 2 server 
2022-07-06 16:49:00,710 socket_client_ng.py [line:66] _connect INFO node 3's socket client starts to make outgoing connections to node 2 server 
2022-07-06 16:49:00,711 socket_client_ng.py [line:77] _connect INFO node 3's socket client fails to make connection to node 2 server 
2022-07-06 16:49:00,711 socket_client_ng.py [line:66] _connect INFO node 3's socket client starts to make outgoing connections to node 2 server 
2022-07-06 16:49:00,711 socket_client_ng.py [line:77] _connect INFO node 3's socket client fails to make connection to node 2 server 
2022-07-06 16:49:00,711 socket_client_ng.py [line:66] _connect INFO node 3's socket client starts to make outgoing connections to node 2 server 
2022-07-06 16:49:00,711 socket_client_ng.py [line:77] _connect INFO node 3's socket client fails to make connection to node 2 server 
2022-07-06 16:49:00,711 socket_client_ng.py [line:66] _connect INFO node 3's socket client starts to make outgoing connections to node 2 server 
2022-07-06 16:49:00,711 socket_client_ng.py [line:77] _connect INFO node 3's socket client fails to make connection to node 2 server 
2022-07-06 16:49:00,711 socket_client_ng.py [line:66] _connect INFO node 3's socket client starts to make outgoing connections to node 2 server 
2022-07-06 16:49:00,711 socket_client_ng.py [line:77] _connect INFO node 3's socket client fails to make connection to node 2 server 
2022-07-06 16:49:00,711 socket_client_ng.py [line:66] _connect INFO node 3's socket client starts to make outgoing connections to node 2 server 
2022-07-06 16:49:00,712 socket_client_ng.py [line:77] _connect INFO node 3's socket client fails to make connection to node 2 server 
2022-07-06 16:49:00,712 socket_client_ng.py [line:66] _connect INFO node 3's socket client starts to make outgoing connections to node 2 server 
2022-07-06 16:49:00,712 socket_client_ng.py [line:77] _connect INFO node 3's socket client fails to make connection to node 2 server 
2022-07-06 16:49:00,712 socket_client_ng.py [line:66] _connect INFO node 3's socket client starts to make outgoing connections to node 2 server 
2022-07-06 16:49:00,712 socket_client_ng.py [line:77] _connect INFO node 3's socket client fails to make connection to node 2 server 
2022-07-06 16:49:00,712 socket_client_ng.py [line:66] _connect INFO node 3's socket client starts to make outgoing connections to node 2 server 
2022-07-06 16:49:00,712 socket_client_ng.py [line:77] _connect INFO node 3's socket client fails to make connection to node 2 server 
2022-07-06 16:49:00,712 socket_client_ng.py [line:66] _connect INFO node 3's socket client starts to make outgoing connections to node 2 server 
2022-07-06 16:49:00,712 socket_client_ng.py [line:77] _connect INFO node 3's socket client fails to make connection to node 2 server 
2022-07-06 16:49:00,713 socket_client_ng.py [line:66] _connect INFO node 3's socket client starts to make outgoing connections to node 2 server 
2022-07-06 16:49:00,713 socket_client_ng.py [line:77] _connect INFO node 3's socket client fails to make connection to node 2 server 
2022-07-06 16:49:00,713 socket_client_ng.py [line:66] _connect INFO node 3's socket client starts to make outgoing connections to node 2 server 
2022-07-06 16:49:00,713 socket_client_ng.py [line:77] _connect INFO node 3's socket client fails to make connection to node 2 server 
2022-07-06 16:49:00,713 socket_client_ng.py [line:66] _connect INFO node 3's socket client starts to make outgoing connections to node 2 server 
2022-07-06 16:49:00,713 socket_client_ng.py [line:77] _connect INFO node 3's socket client fails to make connection to node 2 server 
2022-07-06 16:49:00,713 socket_client_ng.py [line:66] _connect INFO node 3's socket client starts to make outgoing connections to node 2 server 
2022-07-06 16:49:00,713 socket_client_ng.py [line:77] _connect INFO node 3's socket client fails to make connection to node 2 server 
2022-07-06 16:49:00,713 socket_client_ng.py [line:66] _connect INFO node 3's socket client starts to make outgoing connections to node 2 server 
2022-07-06 16:49:00,714 socket_client_ng.py [line:77] _connect INFO node 3's socket client fails to make connection to node 2 server 
2022-07-06 16:49:00,714 socket_client_ng.py [line:66] _connect INFO node 3's socket client starts to make outgoing connections to node 2 server 
2022-07-06 16:49:00,714 socket_client_ng.py [line:77] _connect INFO node 3's socket client fails to make connection to node 2 server 
2022-07-06 16:49:00,714 socket_client_ng.py [line:66] _connect INFO node 3's socket client starts to make outgoing connections to node 2 server 
2022-07-06 16:49:00,714 socket_client_ng.py [line:77] _connect INFO node 3's socket client fails to make connection to node 2 server 
2022-07-06 16:49:00,714 socket_client_ng.py [line:66] _connect INFO node 3's socket client starts to make outgoing connections to node 2 server 
2022-07-06 16:49:00,714 socket_client_ng.py [line:77] _connect INFO node 3's socket client fails to make connection to node 2 server 
2022-07-06 16:49:00,714 socket_client_ng.py [line:66] _connect INFO node 3's socket client starts to make outgoing connections to node 2 server 
2022-07-06 16:49:00,714 socket_client_ng.py [line:77] _connect INFO node 3's socket client fails to make connection to node 2 server 
2022-07-06 16:49:00,714 socket_client_ng.py [line:66] _connect INFO node 3's socket client starts to make outgoing connections to node 2 server 
2022-07-06 16:49:00,715 socket_client_ng.py [line:77] _connect INFO node 3's socket client fails to make connection to node 2 server 
2022-07-06 16:49:00,715 socket_client_ng.py [line:66] _connect INFO node 3's socket client starts to make outgoing connections to node 2 server 
2022-07-06 16:49:00,715 socket_client_ng.py [line:77] _connect INFO node 3's socket client fails to make connection to node 2 server 
2022-07-06 16:49:00,715 socket_client_ng.py [line:66] _connect INFO node 3's socket client starts to make outgoing connections to node 2 server 
2022-07-06 16:49:00,715 socket_client_ng.py [line:77] _connect INFO node 3's socket client fails to make connection to node 2 server 
2022-07-06 16:49:00,715 socket_client_ng.py [line:66] _connect INFO node 3's socket client starts to make outgoing connections to node 2 server 
2022-07-06 16:49:00,715 socket_client_ng.py [line:77] _connect INFO node 3's socket client fails to make connection to node 2 server 
2022-07-06 16:49:00,715 socket_client_ng.py [line:66] _connect INFO node 3's socket client starts to make outgoing connections to node 2 server 
2022-07-06 16:49:00,715 socket_client_ng.py [line:77] _connect INFO node 3's socket client fails to make connection to node 2 server 
2022-07-06 16:49:00,716 socket_client_ng.py [line:66] _connect INFO node 3's socket client starts to make outgoing connections to node 2 server 
2022-07-06 16:49:00,716 socket_client_ng.py [line:77] _connect INFO node 3's socket client fails to make connection to node 2 server 
2022-07-06 16:49:00,716 socket_client_ng.py [line:66] _connect INFO node 3's socket client starts to make outgoing connections to node 2 server 
2022-07-06 16:49:00,716 socket_client_ng.py [line:77] _connect INFO node 3's socket client fails to make connection to node 2 server 
2022-07-06 16:49:00,716 socket_client_ng.py [line:66] _connect INFO node 3's socket client starts to make outgoing connections to node 2 server 
2022-07-06 16:49:00,716 socket_client_ng.py [line:77] _connect INFO node 3's socket client fails to make connection to node 2 server 
2022-07-06 16:49:00,716 socket_client_ng.py [line:66] _connect INFO node 3's socket client starts to make outgoing connections to node 2 server 
2022-07-06 16:49:00,716 socket_client_ng.py [line:77] _connect INFO node 3's socket client fails to make connection to node 2 server 
2022-07-06 16:49:00,716 socket_client_ng.py [line:66] _connect INFO node 3's socket client starts to make outgoing connections to node 2 server 
2022-07-06 16:49:00,717 socket_client_ng.py [line:77] _connect INFO node 3's socket client fails to make connection to node 2 server 
2022-07-06 16:49:00,717 socket_client_ng.py [line:66] _connect INFO node 3's socket client starts to make outgoing connections to node 2 server 
2022-07-06 16:49:00,717 socket_client_ng.py [line:77] _connect INFO node 3's socket client fails to make connection to node 2 server 
2022-07-06 16:49:00,717 socket_client_ng.py [line:66] _connect INFO node 3's socket client starts to make outgoing connections to node 2 server 
2022-07-06 16:49:00,717 socket_client_ng.py [line:77] _connect INFO node 3's socket client fails to make connection to node 2 server 
2022-07-06 16:49:00,717 socket_client_ng.py [line:66] _connect INFO node 3's socket client starts to make outgoing connections to node 2 server 
2022-07-06 16:49:00,717 socket_client_ng.py [line:77] _connect INFO node 3's socket client fails to make connection to node 2 server 
2022-07-06 16:49:00,717 socket_client_ng.py [line:66] _connect INFO node 3's socket client starts to make outgoing connections to node 2 server 
2022-07-06 16:49:00,717 socket_client_ng.py [line:77] _connect INFO node 3's socket client fails to make connection to node 2 server 
2022-07-06 16:49:00,717 socket_client_ng.py [line:66] _connect INFO node 3's socket client starts to make outgoing connections to node 2 server 
2022-07-06 16:49:00,718 socket_client_ng.py [line:77] _connect INFO node 3's socket client fails to make connection to node 2 server 
2022-07-06 16:49:00,718 socket_client_ng.py [line:66] _connect INFO node 3's socket client starts to make outgoing connections to node 2 server 
2022-07-06 16:49:00,718 socket_client_ng.py [line:77] _connect INFO node 3's socket client fails to make connection to node 2 server 
2022-07-06 16:49:00,718 socket_client_ng.py [line:66] _connect INFO node 3's socket client starts to make outgoing connections to node 2 server 
2022-07-06 16:49:00,718 socket_client_ng.py [line:77] _connect INFO node 3's socket client fails to make connection to node 2 server 
2022-07-06 16:49:00,718 socket_client_ng.py [line:66] _connect INFO node 3's socket client starts to make outgoing connections to node 2 server 
2022-07-06 16:49:00,718 socket_client_ng.py [line:77] _connect INFO node 3's socket client fails to make connection to node 2 server 
2022-07-06 16:49:00,718 socket_client_ng.py [line:66] _connect INFO node 3's socket client starts to make outgoing connections to node 2 server 
2022-07-06 16:49:00,718 socket_client_ng.py [line:77] _connect INFO node 3's socket client fails to make connection to node 2 server 
2022-07-06 16:49:00,719 socket_client_ng.py [line:66] _connect INFO node 3's socket client starts to make outgoing connections to node 2 server 
2022-07-06 16:49:00,719 socket_client_ng.py [line:77] _connect INFO node 3's socket client fails to make connection to node 2 server 
2022-07-06 16:49:00,719 socket_client_ng.py [line:66] _connect INFO node 3's socket client starts to make outgoing connections to node 2 server 
2022-07-06 16:49:00,719 socket_client_ng.py [line:77] _connect INFO node 3's socket client fails to make connection to node 2 server 
2022-07-06 16:49:00,719 socket_client_ng.py [line:66] _connect INFO node 3's socket client starts to make outgoing connections to node 2 server 
2022-07-06 16:49:00,719 socket_client_ng.py [line:77] _connect INFO node 3's socket client fails to make connection to node 2 server 
2022-07-06 16:49:00,719 socket_client_ng.py [line:66] _connect INFO node 3's socket client starts to make outgoing connections to node 2 server 
2022-07-06 16:49:00,719 socket_client_ng.py [line:77] _connect INFO node 3's socket client fails to make connection to node 2 server 
2022-07-06 16:49:00,719 socket_client_ng.py [line:66] _connect INFO node 3's socket client starts to make outgoing connections to node 2 server 
2022-07-06 16:49:00,719 socket_client_ng.py [line:77] _connect INFO node 3's socket client fails to make connection to node 2 server 
2022-07-06 16:49:00,720 socket_client_ng.py [line:66] _connect INFO node 3's socket client starts to make outgoing connections to node 2 server 
2022-07-06 16:49:00,720 socket_client_ng.py [line:77] _connect INFO node 3's socket client fails to make connection to node 2 server 
2022-07-06 16:49:00,720 socket_client_ng.py [line:66] _connect INFO node 3's socket client starts to make outgoing connections to node 2 server 
2022-07-06 16:49:00,720 socket_client_ng.py [line:77] _connect INFO node 3's socket client fails to make connection to node 2 server 
2022-07-06 16:49:00,720 socket_client_ng.py [line:66] _connect INFO node 3's socket client starts to make outgoing connections to node 2 server 
2022-07-06 16:49:00,720 socket_client_ng.py [line:77] _connect INFO node 3's socket client fails to make connection to node 2 server 
2022-07-06 16:49:00,720 socket_client_ng.py [line:66] _connect INFO node 3's socket client starts to make outgoing connections to node 2 server 
2022-07-06 16:49:00,720 socket_client_ng.py [line:77] _connect INFO node 3's socket client fails to make connection to node 2 server 
2022-07-06 16:49:00,720 socket_client_ng.py [line:66] _connect INFO node 3's socket client starts to make outgoing connections to node 2 server 
2022-07-06 16:49:00,720 socket_client_ng.py [line:77] _connect INFO node 3's socket client fails to make connection to node 2 server 
2022-07-06 16:49:00,721 socket_client_ng.py [line:66] _connect INFO node 3's socket client starts to make outgoing connections to node 2 server 
2022-07-06 16:49:00,721 socket_client_ng.py [line:77] _connect INFO node 3's socket client fails to make connection to node 2 server 
2022-07-06 16:49:00,721 socket_client_ng.py [line:66] _connect INFO node 3's socket client starts to make outgoing connections to node 2 server 
2022-07-06 16:49:00,721 socket_client_ng.py [line:77] _connect INFO node 3's socket client fails to make connection to node 2 server 
2022-07-06 16:49:00,721 socket_client_ng.py [line:66] _connect INFO node 3's socket client starts to make outgoing connections to node 2 server 
2022-07-06 16:49:00,721 socket_client_ng.py [line:77] _connect INFO node 3's socket client fails to make connection to node 2 server 
2022-07-06 16:49:00,721 socket_client_ng.py [line:66] _connect INFO node 3's socket client starts to make outgoing connections to node 2 server 
2022-07-06 16:49:00,721 socket_client_ng.py [line:77] _connect INFO node 3's socket client fails to make connection to node 2 server 
2022-07-06 16:49:00,721 socket_client_ng.py [line:66] _connect INFO node 3's socket client starts to make outgoing connections to node 2 server 
2022-07-06 16:49:00,722 socket_client_ng.py [line:77] _connect INFO node 3's socket client fails to make connection to node 2 server 
2022-07-06 16:49:00,722 socket_client_ng.py [line:66] _connect INFO node 3's socket client starts to make outgoing connections to node 2 server 
2022-07-06 16:49:00,722 socket_client_ng.py [line:77] _connect INFO node 3's socket client fails to make connection to node 2 server 
2022-07-06 16:49:00,722 socket_client_ng.py [line:66] _connect INFO node 3's socket client starts to make outgoing connections to node 2 server 
2022-07-06 16:49:00,722 socket_client_ng.py [line:77] _connect INFO node 3's socket client fails to make connection to node 2 server 
2022-07-06 16:49:00,722 socket_client_ng.py [line:66] _connect INFO node 3's socket client starts to make outgoing connections to node 2 server 
2022-07-06 16:49:00,722 socket_client_ng.py [line:77] _connect INFO node 3's socket client fails to make connection to node 2 server 
2022-07-06 16:49:00,722 socket_client_ng.py [line:66] _connect INFO node 3's socket client starts to make outgoing connections to node 2 server 
2022-07-06 16:49:00,722 socket_client_ng.py [line:77] _connect INFO node 3's socket client fails to make connection to node 2 server 
2022-07-06 16:49:00,722 socket_client_ng.py [line:66] _connect INFO node 3's socket client starts to make outgoing connections to node 2 server 
2022-07-06 16:49:00,723 socket_client_ng.py [line:77] _connect INFO node 3's socket client fails to make connection to node 2 server 
2022-07-06 16:49:00,723 socket_client_ng.py [line:66] _connect INFO node 3's socket client starts to make outgoing connections to node 2 server 
2022-07-06 16:49:00,723 socket_client_ng.py [line:77] _connect INFO node 3's socket client fails to make connection to node 2 server 
2022-07-06 16:49:00,723 socket_client_ng.py [line:66] _connect INFO node 3's socket client starts to make outgoing connections to node 2 server 
2022-07-06 16:49:00,723 socket_client_ng.py [line:77] _connect INFO node 3's socket client fails to make connection to node 2 server 
2022-07-06 16:49:00,723 socket_client_ng.py [line:66] _connect INFO node 3's socket client starts to make outgoing connections to node 2 server 
2022-07-06 16:49:00,723 socket_client_ng.py [line:77] _connect INFO node 3's socket client fails to make connection to node 2 server 
2022-07-06 16:49:00,723 socket_client_ng.py [line:66] _connect INFO node 3's socket client starts to make outgoing connections to node 2 server 
2022-07-06 16:49:00,723 socket_client_ng.py [line:77] _connect INFO node 3's socket client fails to make connection to node 2 server 
2022-07-06 16:49:00,723 socket_client_ng.py [line:66] _connect INFO node 3's socket client starts to make outgoing connections to node 2 server 
2022-07-06 16:49:00,724 socket_client_ng.py [line:77] _connect INFO node 3's socket client fails to make connection to node 2 server 
2022-07-06 16:49:00,724 socket_client_ng.py [line:66] _connect INFO node 3's socket client starts to make outgoing connections to node 2 server 
2022-07-06 16:49:00,724 socket_client_ng.py [line:77] _connect INFO node 3's socket client fails to make connection to node 2 server 
2022-07-06 16:49:00,724 socket_client_ng.py [line:66] _connect INFO node 3's socket client starts to make outgoing connections to node 2 server 
2022-07-06 16:49:00,724 socket_client_ng.py [line:77] _connect INFO node 3's socket client fails to make connection to node 2 server 
2022-07-06 16:49:00,724 socket_client_ng.py [line:66] _connect INFO node 3's socket client starts to make outgoing connections to node 2 server 
2022-07-06 16:49:00,724 socket_client_ng.py [line:77] _connect INFO node 3's socket client fails to make connection to node 2 server 
2022-07-06 16:49:00,724 socket_client_ng.py [line:66] _connect INFO node 3's socket client starts to make outgoing connections to node 2 server 
2022-07-06 16:49:00,724 socket_client_ng.py [line:77] _connect INFO node 3's socket client fails to make connection to node 2 server 
2022-07-06 16:49:00,724 socket_client_ng.py [line:66] _connect INFO node 3's socket client starts to make outgoing connections to node 2 server 
2022-07-06 16:49:00,725 socket_client_ng.py [line:77] _connect INFO node 3's socket client fails to make connection to node 2 server 
2022-07-06 16:49:00,725 socket_client_ng.py [line:66] _connect INFO node 3's socket client starts to make outgoing connections to node 2 server 
2022-07-06 16:49:00,725 socket_client_ng.py [line:77] _connect INFO node 3's socket client fails to make connection to node 2 server 
2022-07-06 16:49:00,725 socket_client_ng.py [line:66] _connect INFO node 3's socket client starts to make outgoing connections to node 2 server 
2022-07-06 16:49:00,725 socket_client_ng.py [line:77] _connect INFO node 3's socket client fails to make connection to node 2 server 
2022-07-06 16:49:00,725 socket_client_ng.py [line:66] _connect INFO node 3's socket client starts to make outgoing connections to node 2 server 
2022-07-06 16:49:00,725 socket_client_ng.py [line:77] _connect INFO node 3's socket client fails to make connection to node 2 server 
2022-07-06 16:49:00,725 socket_client_ng.py [line:66] _connect INFO node 3's socket client starts to make outgoing connections to node 2 server 
2022-07-06 16:49:00,725 socket_client_ng.py [line:77] _connect INFO node 3's socket client fails to make connection to node 2 server 
2022-07-06 16:49:00,725 socket_client_ng.py [line:66] _connect INFO node 3's socket client starts to make outgoing connections to node 2 server 
2022-07-06 16:49:00,726 socket_client_ng.py [line:77] _connect INFO node 3's socket client fails to make connection to node 2 server 
2022-07-06 16:49:00,726 socket_client_ng.py [line:66] _connect INFO node 3's socket client starts to make outgoing connections to node 2 server 
2022-07-06 16:49:00,726 socket_client_ng.py [line:77] _connect INFO node 3's socket client fails to make connection to node 2 server 
2022-07-06 16:49:00,726 socket_client_ng.py [line:66] _connect INFO node 3's socket client starts to make outgoing connections to node 2 server 
2022-07-06 16:49:00,726 socket_client_ng.py [line:77] _connect INFO node 3's socket client fails to make connection to node 2 server 
2022-07-06 16:49:00,726 socket_client_ng.py [line:66] _connect INFO node 3's socket client starts to make outgoing connections to node 2 server 
2022-07-06 16:49:00,726 socket_client_ng.py [line:77] _connect INFO node 3's socket client fails to make connection to node 2 server 
2022-07-06 16:49:00,726 socket_client_ng.py [line:66] _connect INFO node 3's socket client starts to make outgoing connections to node 2 server 
2022-07-06 16:49:00,726 socket_client_ng.py [line:77] _connect INFO node 3's socket client fails to make connection to node 2 server 
2022-07-06 16:49:00,726 socket_client_ng.py [line:66] _connect INFO node 3's socket client starts to make outgoing connections to node 2 server 
2022-07-06 16:49:00,726 socket_client_ng.py [line:77] _connect INFO node 3's socket client fails to make connection to node 2 server 
2022-07-06 16:49:00,727 socket_client_ng.py [line:66] _connect INFO node 3's socket client starts to make outgoing connections to node 2 server 
2022-07-06 16:49:00,727 socket_client_ng.py [line:77] _connect INFO node 3's socket client fails to make connection to node 2 server 
2022-07-06 16:49:00,727 socket_client_ng.py [line:66] _connect INFO node 3's socket client starts to make outgoing connections to node 2 server 
2022-07-06 16:49:00,727 socket_client_ng.py [line:77] _connect INFO node 3's socket client fails to make connection to node 2 server 
2022-07-06 16:49:00,727 socket_client_ng.py [line:66] _connect INFO node 3's socket client starts to make outgoing connections to node 2 server 
2022-07-06 16:49:00,727 socket_client_ng.py [line:77] _connect INFO node 3's socket client fails to make connection to node 2 server 
2022-07-06 16:49:00,727 socket_client_ng.py [line:66] _connect INFO node 3's socket client starts to make outgoing connections to node 2 server 
2022-07-06 16:49:00,727 socket_client_ng.py [line:77] _connect INFO node 3's socket client fails to make connection to node 2 server 
2022-07-06 16:49:00,727 socket_client_ng.py [line:66] _connect INFO node 3's socket client starts to make outgoing connections to node 2 server 
2022-07-06 16:49:00,728 socket_client_ng.py [line:77] _connect INFO node 3's socket client fails to make connection to node 2 server 
2022-07-06 16:49:00,728 socket_client_ng.py [line:66] _connect INFO node 3's socket client starts to make outgoing connections to node 2 server 
2022-07-06 16:49:00,728 socket_client_ng.py [line:77] _connect INFO node 3's socket client fails to make connection to node 2 server 
2022-07-06 16:49:00,728 socket_client_ng.py [line:66] _connect INFO node 3's socket client starts to make outgoing connections to node 2 server 
2022-07-06 16:49:00,728 socket_client_ng.py [line:77] _connect INFO node 3's socket client fails to make connection to node 2 server 
2022-07-06 16:49:00,728 socket_client_ng.py [line:66] _connect INFO node 3's socket client starts to make outgoing connections to node 2 server 
2022-07-06 16:49:00,728 socket_client_ng.py [line:77] _connect INFO node 3's socket client fails to make connection to node 2 server 
2022-07-06 16:49:00,728 socket_client_ng.py [line:66] _connect INFO node 3's socket client starts to make outgoing connections to node 2 server 
2022-07-06 16:49:00,728 socket_client_ng.py [line:77] _connect INFO node 3's socket client fails to make connection to node 2 server 
2022-07-06 16:49:00,728 socket_client_ng.py [line:66] _connect INFO node 3's socket client starts to make outgoing connections to node 2 server 
2022-07-06 16:49:00,728 socket_client_ng.py [line:77] _connect INFO node 3's socket client fails to make connection to node 2 server 
2022-07-06 16:49:00,729 socket_client_ng.py [line:66] _connect INFO node 3's socket client starts to make outgoing connections to node 2 server 
2022-07-06 16:49:00,729 socket_client_ng.py [line:77] _connect INFO node 3's socket client fails to make connection to node 2 server 
2022-07-06 16:49:00,729 socket_client_ng.py [line:66] _connect INFO node 3's socket client starts to make outgoing connections to node 2 server 
2022-07-06 16:49:00,729 socket_client_ng.py [line:77] _connect INFO node 3's socket client fails to make connection to node 2 server 
2022-07-06 16:49:00,729 socket_client_ng.py [line:66] _connect INFO node 3's socket client starts to make outgoing connections to node 2 server 
2022-07-06 16:49:00,729 socket_client_ng.py [line:77] _connect INFO node 3's socket client fails to make connection to node 2 server 
2022-07-06 16:49:00,729 socket_client_ng.py [line:66] _connect INFO node 3's socket client starts to make outgoing connections to node 2 server 
2022-07-06 16:49:00,729 socket_client_ng.py [line:77] _connect INFO node 3's socket client fails to make connection to node 2 server 
2022-07-06 16:49:00,729 socket_client_ng.py [line:66] _connect INFO node 3's socket client starts to make outgoing connections to node 2 server 
2022-07-06 16:49:00,729 socket_client_ng.py [line:77] _connect INFO node 3's socket client fails to make connection to node 2 server 
2022-07-06 16:49:00,730 socket_client_ng.py [line:66] _connect INFO node 3's socket client starts to make outgoing connections to node 2 server 
2022-07-06 16:49:00,730 socket_client_ng.py [line:77] _connect INFO node 3's socket client fails to make connection to node 2 server 
2022-07-06 16:49:00,730 socket_client_ng.py [line:66] _connect INFO node 3's socket client starts to make outgoing connections to node 2 server 
2022-07-06 16:49:00,730 socket_client_ng.py [line:77] _connect INFO node 3's socket client fails to make connection to node 2 server 
2022-07-06 16:49:00,730 socket_client_ng.py [line:66] _connect INFO node 3's socket client starts to make outgoing connections to node 2 server 
2022-07-06 16:49:00,730 socket_client_ng.py [line:77] _connect INFO node 3's socket client fails to make connection to node 2 server 
2022-07-06 16:49:00,730 socket_client_ng.py [line:66] _connect INFO node 3's socket client starts to make outgoing connections to node 2 server 
2022-07-06 16:49:00,730 socket_client_ng.py [line:77] _connect INFO node 3's socket client fails to make connection to node 2 server 
2022-07-06 16:49:00,730 socket_client_ng.py [line:66] _connect INFO node 3's socket client starts to make outgoing connections to node 2 server 
2022-07-06 16:49:00,730 socket_client_ng.py [line:77] _connect INFO node 3's socket client fails to make connection to node 2 server 
2022-07-06 16:49:00,731 socket_client_ng.py [line:66] _connect INFO node 3's socket client starts to make outgoing connections to node 2 server 
2022-07-06 16:49:00,731 socket_client_ng.py [line:77] _connect INFO node 3's socket client fails to make connection to node 2 server 
2022-07-06 16:49:00,731 socket_client_ng.py [line:66] _connect INFO node 3's socket client starts to make outgoing connections to node 2 server 
2022-07-06 16:49:00,731 socket_client_ng.py [line:77] _connect INFO node 3's socket client fails to make connection to node 2 server 
2022-07-06 16:49:00,731 socket_client_ng.py [line:66] _connect INFO node 3's socket client starts to make outgoing connections to node 2 server 
2022-07-06 16:49:00,731 socket_client_ng.py [line:77] _connect INFO node 3's socket client fails to make connection to node 2 server 
2022-07-06 16:49:00,731 socket_client_ng.py [line:66] _connect INFO node 3's socket client starts to make outgoing connections to node 2 server 
2022-07-06 16:49:00,731 socket_client_ng.py [line:77] _connect INFO node 3's socket client fails to make connection to node 2 server 
2022-07-06 16:49:00,731 socket_client_ng.py [line:66] _connect INFO node 3's socket client starts to make outgoing connections to node 2 server 
2022-07-06 16:49:00,731 socket_client_ng.py [line:77] _connect INFO node 3's socket client fails to make connection to node 2 server 
2022-07-06 16:49:00,732 socket_client_ng.py [line:66] _connect INFO node 3's socket client starts to make outgoing connections to node 2 server 
2022-07-06 16:49:00,732 socket_client_ng.py [line:77] _connect INFO node 3's socket client fails to make connection to node 2 server 
2022-07-06 16:49:00,732 socket_client_ng.py [line:66] _connect INFO node 3's socket client starts to make outgoing connections to node 2 server 
2022-07-06 16:49:00,732 socket_client_ng.py [line:77] _connect INFO node 3's socket client fails to make connection to node 2 server 
2022-07-06 16:49:00,732 socket_client_ng.py [line:66] _connect INFO node 3's socket client starts to make outgoing connections to node 2 server 
2022-07-06 16:49:00,732 socket_client_ng.py [line:77] _connect INFO node 3's socket client fails to make connection to node 2 server 
2022-07-06 16:49:00,732 socket_client_ng.py [line:66] _connect INFO node 3's socket client starts to make outgoing connections to node 2 server 
2022-07-06 16:49:00,732 socket_client_ng.py [line:77] _connect INFO node 3's socket client fails to make connection to node 2 server 
2022-07-06 16:49:00,732 socket_client_ng.py [line:66] _connect INFO node 3's socket client starts to make outgoing connections to node 2 server 
2022-07-06 16:49:00,732 socket_client_ng.py [line:77] _connect INFO node 3's socket client fails to make connection to node 2 server 
2022-07-06 16:49:00,733 socket_client_ng.py [line:66] _connect INFO node 3's socket client starts to make outgoing connections to node 2 server 
2022-07-06 16:49:00,733 socket_client_ng.py [line:77] _connect INFO node 3's socket client fails to make connection to node 2 server 
2022-07-06 16:49:00,733 socket_client_ng.py [line:66] _connect INFO node 3's socket client starts to make outgoing connections to node 2 server 
2022-07-06 16:49:00,733 socket_client_ng.py [line:77] _connect INFO node 3's socket client fails to make connection to node 2 server 
2022-07-06 16:49:00,733 socket_client_ng.py [line:66] _connect INFO node 3's socket client starts to make outgoing connections to node 2 server 
2022-07-06 16:49:00,733 socket_client_ng.py [line:77] _connect INFO node 3's socket client fails to make connection to node 2 server 
2022-07-06 16:49:00,733 socket_client_ng.py [line:66] _connect INFO node 3's socket client starts to make outgoing connections to node 2 server 
2022-07-06 16:49:00,733 socket_client_ng.py [line:77] _connect INFO node 3's socket client fails to make connection to node 2 server 
2022-07-06 16:49:00,733 socket_client_ng.py [line:66] _connect INFO node 3's socket client starts to make outgoing connections to node 2 server 
2022-07-06 16:49:00,733 socket_client_ng.py [line:77] _connect INFO node 3's socket client fails to make connection to node 2 server 
2022-07-06 16:49:00,734 socket_client_ng.py [line:66] _connect INFO node 3's socket client starts to make outgoing connections to node 2 server 
2022-07-06 16:49:00,734 socket_client_ng.py [line:77] _connect INFO node 3's socket client fails to make connection to node 2 server 
2022-07-06 16:49:00,734 socket_client_ng.py [line:66] _connect INFO node 3's socket client starts to make outgoing connections to node 2 server 
2022-07-06 16:49:00,734 socket_client_ng.py [line:77] _connect INFO node 3's socket client fails to make connection to node 2 server 
2022-07-06 16:49:00,734 socket_client_ng.py [line:66] _connect INFO node 3's socket client starts to make outgoing connections to node 2 server 
2022-07-06 16:49:00,734 socket_client_ng.py [line:77] _connect INFO node 3's socket client fails to make connection to node 2 server 
2022-07-06 16:49:00,734 socket_client_ng.py [line:66] _connect INFO node 3's socket client starts to make outgoing connections to node 2 server 
2022-07-06 16:49:00,734 socket_client_ng.py [line:77] _connect INFO node 3's socket client fails to make connection to node 2 server 
2022-07-06 16:49:00,734 socket_client_ng.py [line:66] _connect INFO node 3's socket client starts to make outgoing connections to node 2 server 
2022-07-06 16:49:00,734 socket_client_ng.py [line:77] _connect INFO node 3's socket client fails to make connection to node 2 server 
2022-07-06 16:49:00,734 socket_client_ng.py [line:66] _connect INFO node 3's socket client starts to make outgoing connections to node 2 server 
2022-07-06 16:49:00,735 socket_client_ng.py [line:77] _connect INFO node 3's socket client fails to make connection to node 2 server 
2022-07-06 16:49:00,735 socket_client_ng.py [line:66] _connect INFO node 3's socket client starts to make outgoing connections to node 2 server 
2022-07-06 16:49:00,735 socket_client_ng.py [line:77] _connect INFO node 3's socket client fails to make connection to node 2 server 
2022-07-06 16:49:00,735 socket_client_ng.py [line:66] _connect INFO node 3's socket client starts to make outgoing connections to node 2 server 
2022-07-06 16:49:00,735 socket_client_ng.py [line:77] _connect INFO node 3's socket client fails to make connection to node 2 server 
2022-07-06 16:49:00,735 socket_client_ng.py [line:66] _connect INFO node 3's socket client starts to make outgoing connections to node 2 server 
2022-07-06 16:49:00,735 socket_client_ng.py [line:77] _connect INFO node 3's socket client fails to make connection to node 2 server 
2022-07-06 16:49:00,735 socket_client_ng.py [line:66] _connect INFO node 3's socket client starts to make outgoing connections to node 2 server 
2022-07-06 16:49:00,735 socket_client_ng.py [line:77] _connect INFO node 3's socket client fails to make connection to node 2 server 
2022-07-06 16:49:00,736 socket_client_ng.py [line:66] _connect INFO node 3's socket client starts to make outgoing connections to node 2 server 
2022-07-06 16:49:00,736 socket_client_ng.py [line:77] _connect INFO node 3's socket client fails to make connection to node 2 server 
2022-07-06 16:49:00,736 socket_client_ng.py [line:66] _connect INFO node 3's socket client starts to make outgoing connections to node 2 server 
2022-07-06 16:49:00,736 socket_client_ng.py [line:77] _connect INFO node 3's socket client fails to make connection to node 2 server 
2022-07-06 16:49:00,736 socket_client_ng.py [line:66] _connect INFO node 3's socket client starts to make outgoing connections to node 2 server 
2022-07-06 16:49:00,736 socket_client_ng.py [line:77] _connect INFO node 3's socket client fails to make connection to node 2 server 
2022-07-06 16:49:00,736 socket_client_ng.py [line:66] _connect INFO node 3's socket client starts to make outgoing connections to node 2 server 
2022-07-06 16:49:00,736 socket_client_ng.py [line:77] _connect INFO node 3's socket client fails to make connection to node 2 server 
2022-07-06 16:49:00,736 socket_client_ng.py [line:66] _connect INFO node 3's socket client starts to make outgoing connections to node 2 server 
2022-07-06 16:49:00,736 socket_client_ng.py [line:77] _connect INFO node 3's socket client fails to make connection to node 2 server 
2022-07-06 16:49:00,737 socket_client_ng.py [line:66] _connect INFO node 3's socket client starts to make outgoing connections to node 2 server 
2022-07-06 16:49:00,737 socket_client_ng.py [line:77] _connect INFO node 3's socket client fails to make connection to node 2 server 
2022-07-06 16:49:00,737 socket_client_ng.py [line:66] _connect INFO node 3's socket client starts to make outgoing connections to node 2 server 
2022-07-06 16:49:00,737 socket_client_ng.py [line:77] _connect INFO node 3's socket client fails to make connection to node 2 server 
2022-07-06 16:49:00,737 socket_client_ng.py [line:66] _connect INFO node 3's socket client starts to make outgoing connections to node 2 server 
2022-07-06 16:49:00,737 socket_client_ng.py [line:77] _connect INFO node 3's socket client fails to make connection to node 2 server 
2022-07-06 16:49:00,737 socket_client_ng.py [line:66] _connect INFO node 3's socket client starts to make outgoing connections to node 2 server 
2022-07-06 16:49:00,737 socket_client_ng.py [line:77] _connect INFO node 3's socket client fails to make connection to node 2 server 
2022-07-06 16:49:00,737 socket_client_ng.py [line:66] _connect INFO node 3's socket client starts to make outgoing connections to node 2 server 
2022-07-06 16:49:00,737 socket_client_ng.py [line:77] _connect INFO node 3's socket client fails to make connection to node 2 server 
2022-07-06 16:49:00,737 socket_client_ng.py [line:66] _connect INFO node 3's socket client starts to make outgoing connections to node 2 server 
2022-07-06 16:49:00,738 socket_client_ng.py [line:77] _connect INFO node 3's socket client fails to make connection to node 2 server 
2022-07-06 16:49:00,738 socket_client_ng.py [line:66] _connect INFO node 3's socket client starts to make outgoing connections to node 2 server 
2022-07-06 16:49:00,738 socket_client_ng.py [line:77] _connect INFO node 3's socket client fails to make connection to node 2 server 
2022-07-06 16:49:00,738 socket_client_ng.py [line:66] _connect INFO node 3's socket client starts to make outgoing connections to node 2 server 
2022-07-06 16:49:00,738 socket_client_ng.py [line:77] _connect INFO node 3's socket client fails to make connection to node 2 server 
2022-07-06 16:49:00,738 socket_client_ng.py [line:66] _connect INFO node 3's socket client starts to make outgoing connections to node 2 server 
2022-07-06 16:49:00,738 socket_client_ng.py [line:77] _connect INFO node 3's socket client fails to make connection to node 2 server 
2022-07-06 16:49:00,738 socket_client_ng.py [line:66] _connect INFO node 3's socket client starts to make outgoing connections to node 2 server 
2022-07-06 16:49:00,739 socket_client_ng.py [line:77] _connect INFO node 3's socket client fails to make connection to node 2 server 
2022-07-06 16:49:00,739 socket_client_ng.py [line:66] _connect INFO node 3's socket client starts to make outgoing connections to node 2 server 
2022-07-06 16:49:00,739 socket_client_ng.py [line:77] _connect INFO node 3's socket client fails to make connection to node 2 server 
2022-07-06 16:49:00,739 socket_client_ng.py [line:66] _connect INFO node 3's socket client starts to make outgoing connections to node 2 server 
2022-07-06 16:49:00,739 socket_client_ng.py [line:77] _connect INFO node 3's socket client fails to make connection to node 2 server 
2022-07-06 16:49:00,739 socket_client_ng.py [line:66] _connect INFO node 3's socket client starts to make outgoing connections to node 2 server 
2022-07-06 16:49:00,739 socket_client_ng.py [line:77] _connect INFO node 3's socket client fails to make connection to node 2 server 
2022-07-06 16:49:00,739 socket_client_ng.py [line:66] _connect INFO node 3's socket client starts to make outgoing connections to node 2 server 
2022-07-06 16:49:00,740 socket_client_ng.py [line:77] _connect INFO node 3's socket client fails to make connection to node 2 server 
2022-07-06 16:49:00,740 socket_client_ng.py [line:66] _connect INFO node 3's socket client starts to make outgoing connections to node 2 server 
2022-07-06 16:49:00,740 socket_client_ng.py [line:77] _connect INFO node 3's socket client fails to make connection to node 2 server 
2022-07-06 16:49:00,740 socket_client_ng.py [line:66] _connect INFO node 3's socket client starts to make outgoing connections to node 2 server 
2022-07-06 16:49:00,740 socket_client_ng.py [line:77] _connect INFO node 3's socket client fails to make connection to node 2 server 
2022-07-06 16:49:00,740 socket_client_ng.py [line:66] _connect INFO node 3's socket client starts to make outgoing connections to node 2 server 
2022-07-06 16:49:00,740 socket_client_ng.py [line:77] _connect INFO node 3's socket client fails to make connection to node 2 server 
2022-07-06 16:49:00,741 socket_client_ng.py [line:66] _connect INFO node 3's socket client starts to make outgoing connections to node 2 server 
2022-07-06 16:49:00,741 socket_client_ng.py [line:77] _connect INFO node 3's socket client fails to make connection to node 2 server 
2022-07-06 16:49:00,741 socket_client_ng.py [line:66] _connect INFO node 3's socket client starts to make outgoing connections to node 2 server 
2022-07-06 16:49:00,741 socket_client_ng.py [line:77] _connect INFO node 3's socket client fails to make connection to node 2 server 
2022-07-06 16:49:00,741 socket_client_ng.py [line:66] _connect INFO node 3's socket client starts to make outgoing connections to node 2 server 
2022-07-06 16:49:00,741 socket_client_ng.py [line:77] _connect INFO node 3's socket client fails to make connection to node 2 server 
2022-07-06 16:49:00,741 socket_client_ng.py [line:66] _connect INFO node 3's socket client starts to make outgoing connections to node 2 server 
2022-07-06 16:49:00,741 socket_client_ng.py [line:77] _connect INFO node 3's socket client fails to make connection to node 2 server 
2022-07-06 16:49:00,742 socket_client_ng.py [line:66] _connect INFO node 3's socket client starts to make outgoing connections to node 2 server 
2022-07-06 16:49:00,742 socket_client_ng.py [line:77] _connect INFO node 3's socket client fails to make connection to node 2 server 
2022-07-06 16:49:00,742 socket_client_ng.py [line:66] _connect INFO node 3's socket client starts to make outgoing connections to node 2 server 
2022-07-06 16:49:00,742 socket_client_ng.py [line:77] _connect INFO node 3's socket client fails to make connection to node 2 server 
2022-07-06 16:49:00,742 socket_client_ng.py [line:66] _connect INFO node 3's socket client starts to make outgoing connections to node 2 server 
2022-07-06 16:49:00,742 socket_client_ng.py [line:77] _connect INFO node 3's socket client fails to make connection to node 2 server 
2022-07-06 16:49:00,742 socket_client_ng.py [line:66] _connect INFO node 3's socket client starts to make outgoing connections to node 2 server 
2022-07-06 16:49:00,742 socket_client_ng.py [line:77] _connect INFO node 3's socket client fails to make connection to node 2 server 
2022-07-06 16:49:00,742 socket_client_ng.py [line:66] _connect INFO node 3's socket client starts to make outgoing connections to node 2 server 
2022-07-06 16:49:00,742 socket_client_ng.py [line:77] _connect INFO node 3's socket client fails to make connection to node 2 server 
2022-07-06 16:49:00,743 socket_client_ng.py [line:66] _connect INFO node 3's socket client starts to make outgoing connections to node 2 server 
2022-07-06 16:49:00,743 socket_client_ng.py [line:77] _connect INFO node 3's socket client fails to make connection to node 2 server 
2022-07-06 16:49:00,743 socket_client_ng.py [line:66] _connect INFO node 3's socket client starts to make outgoing connections to node 2 server 
2022-07-06 16:49:00,743 socket_client_ng.py [line:77] _connect INFO node 3's socket client fails to make connection to node 2 server 
2022-07-06 16:49:00,743 socket_client_ng.py [line:66] _connect INFO node 3's socket client starts to make outgoing connections to node 2 server 
2022-07-06 16:49:00,743 socket_client_ng.py [line:77] _connect INFO node 3's socket client fails to make connection to node 2 server 
2022-07-06 16:49:00,743 socket_client_ng.py [line:66] _connect INFO node 3's socket client starts to make outgoing connections to node 2 server 
2022-07-06 16:49:00,744 socket_client_ng.py [line:77] _connect INFO node 3's socket client fails to make connection to node 2 server 
2022-07-06 16:49:00,744 socket_client_ng.py [line:66] _connect INFO node 3's socket client starts to make outgoing connections to node 2 server 
2022-07-06 16:49:00,744 socket_client_ng.py [line:77] _connect INFO node 3's socket client fails to make connection to node 2 server 
2022-07-06 16:49:00,744 socket_client_ng.py [line:66] _connect INFO node 3's socket client starts to make outgoing connections to node 2 server 
2022-07-06 16:49:00,744 socket_client_ng.py [line:77] _connect INFO node 3's socket client fails to make connection to node 2 server 
2022-07-06 16:49:00,744 socket_client_ng.py [line:66] _connect INFO node 3's socket client starts to make outgoing connections to node 2 server 
2022-07-06 16:49:00,744 socket_client_ng.py [line:77] _connect INFO node 3's socket client fails to make connection to node 2 server 
2022-07-06 16:49:00,744 socket_client_ng.py [line:66] _connect INFO node 3's socket client starts to make outgoing connections to node 2 server 
2022-07-06 16:49:00,744 socket_client_ng.py [line:77] _connect INFO node 3's socket client fails to make connection to node 2 server 
2022-07-06 16:49:00,744 socket_client_ng.py [line:66] _connect INFO node 3's socket client starts to make outgoing connections to node 2 server 
2022-07-06 16:49:00,745 socket_client_ng.py [line:77] _connect INFO node 3's socket client fails to make connection to node 2 server 
2022-07-06 16:49:00,745 socket_client_ng.py [line:66] _connect INFO node 3's socket client starts to make outgoing connections to node 2 server 
2022-07-06 16:49:00,745 socket_client_ng.py [line:77] _connect INFO node 3's socket client fails to make connection to node 2 server 
2022-07-06 16:49:00,745 socket_client_ng.py [line:66] _connect INFO node 3's socket client starts to make outgoing connections to node 2 server 
2022-07-06 16:49:00,745 socket_client_ng.py [line:77] _connect INFO node 3's socket client fails to make connection to node 2 server 
2022-07-06 16:49:00,745 socket_client_ng.py [line:66] _connect INFO node 3's socket client starts to make outgoing connections to node 2 server 
2022-07-06 16:49:00,745 socket_client_ng.py [line:77] _connect INFO node 3's socket client fails to make connection to node 2 server 
2022-07-06 16:49:00,745 socket_client_ng.py [line:66] _connect INFO node 3's socket client starts to make outgoing connections to node 2 server 
2022-07-06 16:49:00,745 socket_client_ng.py [line:77] _connect INFO node 3's socket client fails to make connection to node 2 server 
2022-07-06 16:49:00,745 socket_client_ng.py [line:66] _connect INFO node 3's socket client starts to make outgoing connections to node 2 server 
2022-07-06 16:49:00,746 socket_client_ng.py [line:77] _connect INFO node 3's socket client fails to make connection to node 2 server 
2022-07-06 16:49:00,746 socket_client_ng.py [line:66] _connect INFO node 3's socket client starts to make outgoing connections to node 2 server 
2022-07-06 16:49:00,746 socket_client_ng.py [line:77] _connect INFO node 3's socket client fails to make connection to node 2 server 
2022-07-06 16:49:00,746 socket_client_ng.py [line:66] _connect INFO node 3's socket client starts to make outgoing connections to node 2 server 
2022-07-06 16:49:00,746 socket_client_ng.py [line:77] _connect INFO node 3's socket client fails to make connection to node 2 server 
2022-07-06 16:49:00,746 socket_client_ng.py [line:66] _connect INFO node 3's socket client starts to make outgoing connections to node 2 server 
2022-07-06 16:49:00,746 socket_client_ng.py [line:77] _connect INFO node 3's socket client fails to make connection to node 2 server 
2022-07-06 16:49:00,746 socket_client_ng.py [line:66] _connect INFO node 3's socket client starts to make outgoing connections to node 2 server 
2022-07-06 16:49:00,746 socket_client_ng.py [line:77] _connect INFO node 3's socket client fails to make connection to node 2 server 
2022-07-06 16:49:00,747 socket_client_ng.py [line:66] _connect INFO node 3's socket client starts to make outgoing connections to node 2 server 
2022-07-06 16:49:00,747 socket_client_ng.py [line:77] _connect INFO node 3's socket client fails to make connection to node 2 server 
2022-07-06 16:49:00,747 socket_client_ng.py [line:66] _connect INFO node 3's socket client starts to make outgoing connections to node 2 server 
2022-07-06 16:49:00,747 socket_client_ng.py [line:77] _connect INFO node 3's socket client fails to make connection to node 2 server 
2022-07-06 16:49:00,747 socket_client_ng.py [line:66] _connect INFO node 3's socket client starts to make outgoing connections to node 2 server 
2022-07-06 16:49:00,747 socket_client_ng.py [line:77] _connect INFO node 3's socket client fails to make connection to node 2 server 
2022-07-06 16:49:00,747 socket_client_ng.py [line:66] _connect INFO node 3's socket client starts to make outgoing connections to node 2 server 
2022-07-06 16:49:00,747 socket_client_ng.py [line:77] _connect INFO node 3's socket client fails to make connection to node 2 server 
2022-07-06 16:49:00,747 socket_client_ng.py [line:66] _connect INFO node 3's socket client starts to make outgoing connections to node 2 server 
2022-07-06 16:49:00,748 socket_client_ng.py [line:77] _connect INFO node 3's socket client fails to make connection to node 2 server 
2022-07-06 16:49:00,748 socket_client_ng.py [line:66] _connect INFO node 3's socket client starts to make outgoing connections to node 2 server 
2022-07-06 16:49:00,748 socket_client_ng.py [line:77] _connect INFO node 3's socket client fails to make connection to node 2 server 
2022-07-06 16:49:00,748 socket_client_ng.py [line:66] _connect INFO node 3's socket client starts to make outgoing connections to node 2 server 
2022-07-06 16:49:00,748 socket_client_ng.py [line:77] _connect INFO node 3's socket client fails to make connection to node 2 server 
2022-07-06 16:49:00,748 socket_client_ng.py [line:66] _connect INFO node 3's socket client starts to make outgoing connections to node 2 server 
2022-07-06 16:49:00,748 socket_client_ng.py [line:77] _connect INFO node 3's socket client fails to make connection to node 2 server 
2022-07-06 16:49:00,748 socket_client_ng.py [line:66] _connect INFO node 3's socket client starts to make outgoing connections to node 2 server 
2022-07-06 16:49:00,748 socket_client_ng.py [line:77] _connect INFO node 3's socket client fails to make connection to node 2 server 
2022-07-06 16:49:00,748 socket_client_ng.py [line:66] _connect INFO node 3's socket client starts to make outgoing connections to node 2 server 
2022-07-06 16:49:00,749 socket_client_ng.py [line:77] _connect INFO node 3's socket client fails to make connection to node 2 server 
2022-07-06 16:49:00,749 socket_client_ng.py [line:66] _connect INFO node 3's socket client starts to make outgoing connections to node 2 server 
2022-07-06 16:49:00,749 socket_client_ng.py [line:77] _connect INFO node 3's socket client fails to make connection to node 2 server 
2022-07-06 16:49:00,749 socket_client_ng.py [line:66] _connect INFO node 3's socket client starts to make outgoing connections to node 2 server 
2022-07-06 16:49:00,749 socket_client_ng.py [line:77] _connect INFO node 3's socket client fails to make connection to node 2 server 
2022-07-06 16:49:00,749 socket_client_ng.py [line:66] _connect INFO node 3's socket client starts to make outgoing connections to node 2 server 
2022-07-06 16:49:00,749 socket_client_ng.py [line:77] _connect INFO node 3's socket client fails to make connection to node 2 server 
2022-07-06 16:49:00,749 socket_client_ng.py [line:66] _connect INFO node 3's socket client starts to make outgoing connections to node 2 server 
2022-07-06 16:49:00,749 socket_client_ng.py [line:77] _connect INFO node 3's socket client fails to make connection to node 2 server 
2022-07-06 16:49:00,749 socket_client_ng.py [line:66] _connect INFO node 3's socket client starts to make outgoing connections to node 2 server 
2022-07-06 16:49:00,749 socket_client_ng.py [line:77] _connect INFO node 3's socket client fails to make connection to node 2 server 
2022-07-06 16:49:00,750 socket_client_ng.py [line:66] _connect INFO node 3's socket client starts to make outgoing connections to node 2 server 
2022-07-06 16:49:00,750 socket_client_ng.py [line:77] _connect INFO node 3's socket client fails to make connection to node 2 server 
2022-07-06 16:49:00,750 socket_client_ng.py [line:66] _connect INFO node 3's socket client starts to make outgoing connections to node 2 server 
2022-07-06 16:49:00,750 socket_client_ng.py [line:77] _connect INFO node 3's socket client fails to make connection to node 2 server 
2022-07-06 16:49:00,750 socket_client_ng.py [line:66] _connect INFO node 3's socket client starts to make outgoing connections to node 2 server 
2022-07-06 16:49:00,750 socket_client_ng.py [line:77] _connect INFO node 3's socket client fails to make connection to node 2 server 
2022-07-06 16:49:00,750 socket_client_ng.py [line:66] _connect INFO node 3's socket client starts to make outgoing connections to node 2 server 
2022-07-06 16:49:00,750 socket_client_ng.py [line:77] _connect INFO node 3's socket client fails to make connection to node 2 server 
2022-07-06 16:49:00,750 socket_client_ng.py [line:66] _connect INFO node 3's socket client starts to make outgoing connections to node 2 server 
2022-07-06 16:49:00,750 socket_client_ng.py [line:77] _connect INFO node 3's socket client fails to make connection to node 2 server 
2022-07-06 16:49:00,751 socket_client_ng.py [line:66] _connect INFO node 3's socket client starts to make outgoing connections to node 2 server 
2022-07-06 16:49:00,751 socket_client_ng.py [line:77] _connect INFO node 3's socket client fails to make connection to node 2 server 
2022-07-06 16:49:00,751 socket_client_ng.py [line:66] _connect INFO node 3's socket client starts to make outgoing connections to node 2 server 
2022-07-06 16:49:00,751 socket_client_ng.py [line:77] _connect INFO node 3's socket client fails to make connection to node 2 server 
2022-07-06 16:49:00,751 socket_client_ng.py [line:66] _connect INFO node 3's socket client starts to make outgoing connections to node 2 server 
2022-07-06 16:49:00,751 socket_client_ng.py [line:77] _connect INFO node 3's socket client fails to make connection to node 2 server 
2022-07-06 16:49:00,751 socket_client_ng.py [line:66] _connect INFO node 3's socket client starts to make outgoing connections to node 2 server 
2022-07-06 16:49:00,751 socket_client_ng.py [line:77] _connect INFO node 3's socket client fails to make connection to node 2 server 
2022-07-06 16:49:00,751 socket_client_ng.py [line:66] _connect INFO node 3's socket client starts to make outgoing connections to node 2 server 
2022-07-06 16:49:00,751 socket_client_ng.py [line:77] _connect INFO node 3's socket client fails to make connection to node 2 server 
2022-07-06 16:49:00,751 socket_client_ng.py [line:66] _connect INFO node 3's socket client starts to make outgoing connections to node 2 server 
2022-07-06 16:49:00,752 socket_client_ng.py [line:77] _connect INFO node 3's socket client fails to make connection to node 2 server 
2022-07-06 16:49:00,752 socket_client_ng.py [line:66] _connect INFO node 3's socket client starts to make outgoing connections to node 2 server 
2022-07-06 16:49:00,752 socket_client_ng.py [line:77] _connect INFO node 3's socket client fails to make connection to node 2 server 
2022-07-06 16:49:00,752 socket_client_ng.py [line:66] _connect INFO node 3's socket client starts to make outgoing connections to node 2 server 
2022-07-06 16:49:00,752 socket_client_ng.py [line:77] _connect INFO node 3's socket client fails to make connection to node 2 server 
2022-07-06 16:49:00,752 socket_client_ng.py [line:66] _connect INFO node 3's socket client starts to make outgoing connections to node 2 server 
2022-07-06 16:49:00,752 socket_client_ng.py [line:77] _connect INFO node 3's socket client fails to make connection to node 2 server 
2022-07-06 16:49:00,752 socket_client_ng.py [line:66] _connect INFO node 3's socket client starts to make outgoing connections to node 2 server 
2022-07-06 16:49:00,752 socket_client_ng.py [line:77] _connect INFO node 3's socket client fails to make connection to node 2 server 
2022-07-06 16:49:00,752 socket_client_ng.py [line:66] _connect INFO node 3's socket client starts to make outgoing connections to node 2 server 
2022-07-06 16:49:00,753 socket_client_ng.py [line:77] _connect INFO node 3's socket client fails to make connection to node 2 server 
2022-07-06 16:49:00,753 socket_client_ng.py [line:66] _connect INFO node 3's socket client starts to make outgoing connections to node 2 server 
2022-07-06 16:49:00,753 socket_client_ng.py [line:77] _connect INFO node 3's socket client fails to make connection to node 2 server 
2022-07-06 16:49:00,753 socket_client_ng.py [line:66] _connect INFO node 3's socket client starts to make outgoing connections to node 2 server 
2022-07-06 16:49:00,753 socket_client_ng.py [line:77] _connect INFO node 3's socket client fails to make connection to node 2 server 
2022-07-06 16:49:00,753 socket_client_ng.py [line:66] _connect INFO node 3's socket client starts to make outgoing connections to node 2 server 
2022-07-06 16:49:00,753 socket_client_ng.py [line:77] _connect INFO node 3's socket client fails to make connection to node 2 server 
2022-07-06 16:49:00,753 socket_client_ng.py [line:66] _connect INFO node 3's socket client starts to make outgoing connections to node 2 server 
2022-07-06 16:49:00,753 socket_client_ng.py [line:77] _connect INFO node 3's socket client fails to make connection to node 2 server 
2022-07-06 16:49:00,753 socket_client_ng.py [line:66] _connect INFO node 3's socket client starts to make outgoing connections to node 2 server 
2022-07-06 16:49:00,754 socket_client_ng.py [line:77] _connect INFO node 3's socket client fails to make connection to node 2 server 
2022-07-06 16:49:00,754 socket_client_ng.py [line:66] _connect INFO node 3's socket client starts to make outgoing connections to node 2 server 
2022-07-06 16:49:00,754 socket_client_ng.py [line:77] _connect INFO node 3's socket client fails to make connection to node 2 server 
2022-07-06 16:49:00,754 socket_client_ng.py [line:66] _connect INFO node 3's socket client starts to make outgoing connections to node 2 server 
2022-07-06 16:49:00,754 socket_client_ng.py [line:77] _connect INFO node 3's socket client fails to make connection to node 2 server 
2022-07-06 16:49:00,754 socket_client_ng.py [line:66] _connect INFO node 3's socket client starts to make outgoing connections to node 2 server 
2022-07-06 16:49:00,754 socket_client_ng.py [line:77] _connect INFO node 3's socket client fails to make connection to node 2 server 
2022-07-06 16:49:00,754 socket_client_ng.py [line:66] _connect INFO node 3's socket client starts to make outgoing connections to node 2 server 
2022-07-06 16:49:00,754 socket_client_ng.py [line:77] _connect INFO node 3's socket client fails to make connection to node 2 server 
2022-07-06 16:49:00,754 socket_client_ng.py [line:66] _connect INFO node 3's socket client starts to make outgoing connections to node 2 server 
2022-07-06 16:49:00,755 socket_client_ng.py [line:77] _connect INFO node 3's socket client fails to make connection to node 2 server 
2022-07-06 16:49:00,755 socket_client_ng.py [line:66] _connect INFO node 3's socket client starts to make outgoing connections to node 2 server 
2022-07-06 16:49:00,755 socket_client_ng.py [line:77] _connect INFO node 3's socket client fails to make connection to node 2 server 
2022-07-06 16:49:00,755 socket_client_ng.py [line:66] _connect INFO node 3's socket client starts to make outgoing connections to node 2 server 
2022-07-06 16:49:00,755 socket_client_ng.py [line:77] _connect INFO node 3's socket client fails to make connection to node 2 server 
2022-07-06 16:49:00,755 socket_client_ng.py [line:66] _connect INFO node 3's socket client starts to make outgoing connections to node 2 server 
2022-07-06 16:49:00,755 socket_client_ng.py [line:77] _connect INFO node 3's socket client fails to make connection to node 2 server 
2022-07-06 16:49:00,755 socket_client_ng.py [line:66] _connect INFO node 3's socket client starts to make outgoing connections to node 2 server 
2022-07-06 16:49:00,755 socket_client_ng.py [line:77] _connect INFO node 3's socket client fails to make connection to node 2 server 
2022-07-06 16:49:00,755 socket_client_ng.py [line:66] _connect INFO node 3's socket client starts to make outgoing connections to node 2 server 
2022-07-06 16:49:00,756 socket_client_ng.py [line:77] _connect INFO node 3's socket client fails to make connection to node 2 server 
2022-07-06 16:49:00,756 socket_client_ng.py [line:66] _connect INFO node 3's socket client starts to make outgoing connections to node 2 server 
2022-07-06 16:49:00,756 socket_client_ng.py [line:77] _connect INFO node 3's socket client fails to make connection to node 2 server 
2022-07-06 16:49:00,756 socket_client_ng.py [line:66] _connect INFO node 3's socket client starts to make outgoing connections to node 2 server 
2022-07-06 16:49:00,756 socket_client_ng.py [line:77] _connect INFO node 3's socket client fails to make connection to node 2 server 
2022-07-06 16:49:00,756 socket_client_ng.py [line:66] _connect INFO node 3's socket client starts to make outgoing connections to node 2 server 
2022-07-06 16:49:00,756 socket_client_ng.py [line:77] _connect INFO node 3's socket client fails to make connection to node 2 server 
2022-07-06 16:49:00,756 socket_client_ng.py [line:66] _connect INFO node 3's socket client starts to make outgoing connections to node 2 server 
2022-07-06 16:49:00,756 socket_client_ng.py [line:77] _connect INFO node 3's socket client fails to make connection to node 2 server 
2022-07-06 16:49:00,756 socket_client_ng.py [line:66] _connect INFO node 3's socket client starts to make outgoing connections to node 2 server 
2022-07-06 16:49:00,757 socket_client_ng.py [line:77] _connect INFO node 3's socket client fails to make connection to node 2 server 
2022-07-06 16:49:00,757 socket_client_ng.py [line:66] _connect INFO node 3's socket client starts to make outgoing connections to node 2 server 
2022-07-06 16:49:00,757 socket_client_ng.py [line:77] _connect INFO node 3's socket client fails to make connection to node 2 server 
2022-07-06 16:49:00,757 socket_client_ng.py [line:66] _connect INFO node 3's socket client starts to make outgoing connections to node 2 server 
2022-07-06 16:49:00,757 socket_client_ng.py [line:77] _connect INFO node 3's socket client fails to make connection to node 2 server 
2022-07-06 16:49:00,757 socket_client_ng.py [line:66] _connect INFO node 3's socket client starts to make outgoing connections to node 2 server 
2022-07-06 16:49:00,757 socket_client_ng.py [line:77] _connect INFO node 3's socket client fails to make connection to node 2 server 
2022-07-06 16:49:00,757 socket_client_ng.py [line:66] _connect INFO node 3's socket client starts to make outgoing connections to node 2 server 
2022-07-06 16:49:00,757 socket_client_ng.py [line:77] _connect INFO node 3's socket client fails to make connection to node 2 server 
2022-07-06 16:49:00,757 socket_client_ng.py [line:66] _connect INFO node 3's socket client starts to make outgoing connections to node 2 server 
2022-07-06 16:49:00,758 socket_client_ng.py [line:77] _connect INFO node 3's socket client fails to make connection to node 2 server 
2022-07-06 16:49:00,758 socket_client_ng.py [line:66] _connect INFO node 3's socket client starts to make outgoing connections to node 2 server 
2022-07-06 16:49:00,758 socket_client_ng.py [line:77] _connect INFO node 3's socket client fails to make connection to node 2 server 
2022-07-06 16:49:00,758 socket_client_ng.py [line:66] _connect INFO node 3's socket client starts to make outgoing connections to node 2 server 
2022-07-06 16:49:00,758 socket_client_ng.py [line:77] _connect INFO node 3's socket client fails to make connection to node 2 server 
2022-07-06 16:49:00,758 socket_client_ng.py [line:66] _connect INFO node 3's socket client starts to make outgoing connections to node 2 server 
2022-07-06 16:49:00,758 socket_client_ng.py [line:77] _connect INFO node 3's socket client fails to make connection to node 2 server 
2022-07-06 16:49:00,758 socket_client_ng.py [line:66] _connect INFO node 3's socket client starts to make outgoing connections to node 2 server 
2022-07-06 16:49:00,758 socket_client_ng.py [line:77] _connect INFO node 3's socket client fails to make connection to node 2 server 
2022-07-06 16:49:00,758 socket_client_ng.py [line:66] _connect INFO node 3's socket client starts to make outgoing connections to node 2 server 
2022-07-06 16:49:00,759 socket_client_ng.py [line:77] _connect INFO node 3's socket client fails to make connection to node 2 server 
2022-07-06 16:49:00,759 socket_client_ng.py [line:66] _connect INFO node 3's socket client starts to make outgoing connections to node 2 server 
2022-07-06 16:49:00,759 socket_client_ng.py [line:77] _connect INFO node 3's socket client fails to make connection to node 2 server 
2022-07-06 16:49:00,759 socket_client_ng.py [line:66] _connect INFO node 3's socket client starts to make outgoing connections to node 2 server 
2022-07-06 16:49:00,759 socket_client_ng.py [line:77] _connect INFO node 3's socket client fails to make connection to node 2 server 
2022-07-06 16:49:00,759 socket_client_ng.py [line:66] _connect INFO node 3's socket client starts to make outgoing connections to node 2 server 
2022-07-06 16:49:00,759 socket_client_ng.py [line:77] _connect INFO node 3's socket client fails to make connection to node 2 server 
2022-07-06 16:49:00,759 socket_client_ng.py [line:66] _connect INFO node 3's socket client starts to make outgoing connections to node 2 server 
2022-07-06 16:49:00,759 socket_client_ng.py [line:77] _connect INFO node 3's socket client fails to make connection to node 2 server 
2022-07-06 16:49:00,759 socket_client_ng.py [line:66] _connect INFO node 3's socket client starts to make outgoing connections to node 2 server 
2022-07-06 16:49:00,760 socket_client_ng.py [line:77] _connect INFO node 3's socket client fails to make connection to node 2 server 
2022-07-06 16:49:00,760 socket_client_ng.py [line:66] _connect INFO node 3's socket client starts to make outgoing connections to node 2 server 
2022-07-06 16:49:00,760 socket_client_ng.py [line:77] _connect INFO node 3's socket client fails to make connection to node 2 server 
2022-07-06 16:49:00,760 socket_client_ng.py [line:66] _connect INFO node 3's socket client starts to make outgoing connections to node 2 server 
2022-07-06 16:49:00,760 socket_client_ng.py [line:77] _connect INFO node 3's socket client fails to make connection to node 2 server 
2022-07-06 16:49:00,760 socket_client_ng.py [line:66] _connect INFO node 3's socket client starts to make outgoing connections to node 2 server 
2022-07-06 16:49:00,760 socket_client_ng.py [line:77] _connect INFO node 3's socket client fails to make connection to node 2 server 
2022-07-06 16:49:00,760 socket_client_ng.py [line:66] _connect INFO node 3's socket client starts to make outgoing connections to node 2 server 
2022-07-06 16:49:00,760 socket_client_ng.py [line:77] _connect INFO node 3's socket client fails to make connection to node 2 server 
2022-07-06 16:49:00,760 socket_client_ng.py [line:66] _connect INFO node 3's socket client starts to make outgoing connections to node 2 server 
2022-07-06 16:49:00,761 socket_client_ng.py [line:77] _connect INFO node 3's socket client fails to make connection to node 2 server 
2022-07-06 16:49:00,761 socket_client_ng.py [line:66] _connect INFO node 3's socket client starts to make outgoing connections to node 2 server 
2022-07-06 16:49:00,761 socket_client_ng.py [line:77] _connect INFO node 3's socket client fails to make connection to node 2 server 
2022-07-06 16:49:00,761 socket_client_ng.py [line:66] _connect INFO node 3's socket client starts to make outgoing connections to node 2 server 
2022-07-06 16:49:00,761 socket_client_ng.py [line:77] _connect INFO node 3's socket client fails to make connection to node 2 server 
2022-07-06 16:49:00,761 socket_client_ng.py [line:66] _connect INFO node 3's socket client starts to make outgoing connections to node 2 server 
2022-07-06 16:49:00,761 socket_client_ng.py [line:77] _connect INFO node 3's socket client fails to make connection to node 2 server 
2022-07-06 16:49:00,761 socket_client_ng.py [line:66] _connect INFO node 3's socket client starts to make outgoing connections to node 2 server 
2022-07-06 16:49:00,761 socket_client_ng.py [line:77] _connect INFO node 3's socket client fails to make connection to node 2 server 
2022-07-06 16:49:00,761 socket_client_ng.py [line:66] _connect INFO node 3's socket client starts to make outgoing connections to node 2 server 
2022-07-06 16:49:00,762 socket_client_ng.py [line:77] _connect INFO node 3's socket client fails to make connection to node 2 server 
2022-07-06 16:49:00,762 socket_client_ng.py [line:66] _connect INFO node 3's socket client starts to make outgoing connections to node 2 server 
2022-07-06 16:49:00,762 socket_client_ng.py [line:77] _connect INFO node 3's socket client fails to make connection to node 2 server 
2022-07-06 16:49:00,762 socket_client_ng.py [line:66] _connect INFO node 3's socket client starts to make outgoing connections to node 2 server 
2022-07-06 16:49:00,762 socket_client_ng.py [line:77] _connect INFO node 3's socket client fails to make connection to node 2 server 
2022-07-06 16:49:00,762 socket_client_ng.py [line:66] _connect INFO node 3's socket client starts to make outgoing connections to node 2 server 
2022-07-06 16:49:00,762 socket_client_ng.py [line:77] _connect INFO node 3's socket client fails to make connection to node 2 server 
2022-07-06 16:49:00,762 socket_client_ng.py [line:66] _connect INFO node 3's socket client starts to make outgoing connections to node 2 server 
2022-07-06 16:49:00,762 socket_client_ng.py [line:77] _connect INFO node 3's socket client fails to make connection to node 2 server 
2022-07-06 16:49:00,763 socket_client_ng.py [line:66] _connect INFO node 3's socket client starts to make outgoing connections to node 2 server 
2022-07-06 16:49:00,763 socket_client_ng.py [line:77] _connect INFO node 3's socket client fails to make connection to node 2 server 
2022-07-06 16:49:00,763 socket_client_ng.py [line:66] _connect INFO node 3's socket client starts to make outgoing connections to node 2 server 
2022-07-06 16:49:00,763 socket_client_ng.py [line:77] _connect INFO node 3's socket client fails to make connection to node 2 server 
2022-07-06 16:49:00,763 socket_client_ng.py [line:66] _connect INFO node 3's socket client starts to make outgoing connections to node 2 server 
2022-07-06 16:49:00,763 socket_client_ng.py [line:77] _connect INFO node 3's socket client fails to make connection to node 2 server 
2022-07-06 16:49:00,763 socket_client_ng.py [line:66] _connect INFO node 3's socket client starts to make outgoing connections to node 2 server 
2022-07-06 16:49:00,763 socket_client_ng.py [line:77] _connect INFO node 3's socket client fails to make connection to node 2 server 
2022-07-06 16:49:00,763 socket_client_ng.py [line:66] _connect INFO node 3's socket client starts to make outgoing connections to node 2 server 
2022-07-06 16:49:00,764 socket_client_ng.py [line:77] _connect INFO node 3's socket client fails to make connection to node 2 server 
2022-07-06 16:49:00,764 socket_client_ng.py [line:66] _connect INFO node 3's socket client starts to make outgoing connections to node 2 server 
2022-07-06 16:49:00,764 socket_client_ng.py [line:77] _connect INFO node 3's socket client fails to make connection to node 2 server 
2022-07-06 16:49:00,764 socket_client_ng.py [line:66] _connect INFO node 3's socket client starts to make outgoing connections to node 2 server 
2022-07-06 16:49:00,764 socket_client_ng.py [line:77] _connect INFO node 3's socket client fails to make connection to node 2 server 
2022-07-06 16:49:00,764 socket_client_ng.py [line:66] _connect INFO node 3's socket client starts to make outgoing connections to node 2 server 
2022-07-06 16:49:00,764 socket_client_ng.py [line:77] _connect INFO node 3's socket client fails to make connection to node 2 server 
2022-07-06 16:49:00,764 socket_client_ng.py [line:66] _connect INFO node 3's socket client starts to make outgoing connections to node 2 server 
2022-07-06 16:49:00,765 socket_client_ng.py [line:77] _connect INFO node 3's socket client fails to make connection to node 2 server 
2022-07-06 16:49:00,765 socket_client_ng.py [line:66] _connect INFO node 3's socket client starts to make outgoing connections to node 2 server 
2022-07-06 16:49:00,765 socket_client_ng.py [line:77] _connect INFO node 3's socket client fails to make connection to node 2 server 
2022-07-06 16:49:00,765 socket_client_ng.py [line:66] _connect INFO node 3's socket client starts to make outgoing connections to node 2 server 
2022-07-06 16:49:00,765 socket_client_ng.py [line:77] _connect INFO node 3's socket client fails to make connection to node 2 server 
2022-07-06 16:49:00,765 socket_client_ng.py [line:66] _connect INFO node 3's socket client starts to make outgoing connections to node 2 server 
2022-07-06 16:49:00,765 socket_client_ng.py [line:77] _connect INFO node 3's socket client fails to make connection to node 2 server 
2022-07-06 16:49:00,765 socket_client_ng.py [line:66] _connect INFO node 3's socket client starts to make outgoing connections to node 2 server 
2022-07-06 16:49:00,766 socket_client_ng.py [line:77] _connect INFO node 3's socket client fails to make connection to node 2 server 
2022-07-06 16:49:00,766 socket_client_ng.py [line:66] _connect INFO node 3's socket client starts to make outgoing connections to node 2 server 
2022-07-06 16:49:00,766 socket_client_ng.py [line:77] _connect INFO node 3's socket client fails to make connection to node 2 server 
2022-07-06 16:49:00,766 socket_client_ng.py [line:66] _connect INFO node 3's socket client starts to make outgoing connections to node 2 server 
2022-07-06 16:49:00,766 socket_client_ng.py [line:77] _connect INFO node 3's socket client fails to make connection to node 2 server 
2022-07-06 16:49:00,766 socket_client_ng.py [line:66] _connect INFO node 3's socket client starts to make outgoing connections to node 2 server 
2022-07-06 16:49:00,766 socket_client_ng.py [line:77] _connect INFO node 3's socket client fails to make connection to node 2 server 
2022-07-06 16:49:00,767 socket_client_ng.py [line:66] _connect INFO node 3's socket client starts to make outgoing connections to node 2 server 
2022-07-06 16:49:00,767 socket_client_ng.py [line:77] _connect INFO node 3's socket client fails to make connection to node 2 server 
2022-07-06 16:49:00,767 socket_client_ng.py [line:66] _connect INFO node 3's socket client starts to make outgoing connections to node 2 server 
2022-07-06 16:49:00,767 socket_client_ng.py [line:77] _connect INFO node 3's socket client fails to make connection to node 2 server 
2022-07-06 16:49:00,767 socket_client_ng.py [line:66] _connect INFO node 3's socket client starts to make outgoing connections to node 2 server 
2022-07-06 16:49:00,767 socket_client_ng.py [line:77] _connect INFO node 3's socket client fails to make connection to node 2 server 
2022-07-06 16:49:00,767 socket_client_ng.py [line:66] _connect INFO node 3's socket client starts to make outgoing connections to node 2 server 
2022-07-06 16:49:00,768 socket_client_ng.py [line:77] _connect INFO node 3's socket client fails to make connection to node 2 server 
2022-07-06 16:49:00,768 socket_client_ng.py [line:66] _connect INFO node 3's socket client starts to make outgoing connections to node 2 server 
2022-07-06 16:49:00,768 socket_client_ng.py [line:77] _connect INFO node 3's socket client fails to make connection to node 2 server 
2022-07-06 16:49:00,768 socket_client_ng.py [line:66] _connect INFO node 3's socket client starts to make outgoing connections to node 2 server 
2022-07-06 16:49:00,768 socket_client_ng.py [line:77] _connect INFO node 3's socket client fails to make connection to node 2 server 
2022-07-06 16:49:00,768 socket_client_ng.py [line:66] _connect INFO node 3's socket client starts to make outgoing connections to node 2 server 
2022-07-06 16:49:00,768 socket_client_ng.py [line:77] _connect INFO node 3's socket client fails to make connection to node 2 server 
2022-07-06 16:49:00,768 socket_client_ng.py [line:66] _connect INFO node 3's socket client starts to make outgoing connections to node 2 server 
2022-07-06 16:49:00,769 socket_client_ng.py [line:77] _connect INFO node 3's socket client fails to make connection to node 2 server 
2022-07-06 16:49:00,769 socket_client_ng.py [line:66] _connect INFO node 3's socket client starts to make outgoing connections to node 2 server 
2022-07-06 16:49:00,769 socket_client_ng.py [line:77] _connect INFO node 3's socket client fails to make connection to node 2 server 
2022-07-06 16:49:00,769 socket_client_ng.py [line:66] _connect INFO node 3's socket client starts to make outgoing connections to node 2 server 
2022-07-06 16:49:00,769 socket_client_ng.py [line:77] _connect INFO node 3's socket client fails to make connection to node 2 server 
2022-07-06 16:49:00,769 socket_client_ng.py [line:66] _connect INFO node 3's socket client starts to make outgoing connections to node 2 server 
2022-07-06 16:49:00,769 socket_client_ng.py [line:77] _connect INFO node 3's socket client fails to make connection to node 2 server 
2022-07-06 16:49:00,769 socket_client_ng.py [line:66] _connect INFO node 3's socket client starts to make outgoing connections to node 2 server 
2022-07-06 16:49:00,770 socket_client_ng.py [line:77] _connect INFO node 3's socket client fails to make connection to node 2 server 
2022-07-06 16:49:00,770 socket_client_ng.py [line:66] _connect INFO node 3's socket client starts to make outgoing connections to node 2 server 
2022-07-06 16:49:00,770 socket_client_ng.py [line:77] _connect INFO node 3's socket client fails to make connection to node 2 server 
2022-07-06 16:49:00,770 socket_client_ng.py [line:66] _connect INFO node 3's socket client starts to make outgoing connections to node 2 server 
2022-07-06 16:49:00,770 socket_client_ng.py [line:77] _connect INFO node 3's socket client fails to make connection to node 2 server 
2022-07-06 16:49:00,770 socket_client_ng.py [line:66] _connect INFO node 3's socket client starts to make outgoing connections to node 2 server 
2022-07-06 16:49:00,770 socket_client_ng.py [line:77] _connect INFO node 3's socket client fails to make connection to node 2 server 
2022-07-06 16:49:00,771 socket_client_ng.py [line:66] _connect INFO node 3's socket client starts to make outgoing connections to node 2 server 
2022-07-06 16:49:00,771 socket_client_ng.py [line:77] _connect INFO node 3's socket client fails to make connection to node 2 server 
2022-07-06 16:49:00,771 socket_client_ng.py [line:66] _connect INFO node 3's socket client starts to make outgoing connections to node 2 server 
2022-07-06 16:49:00,771 socket_client_ng.py [line:77] _connect INFO node 3's socket client fails to make connection to node 2 server 
2022-07-06 16:49:00,771 socket_client_ng.py [line:66] _connect INFO node 3's socket client starts to make outgoing connections to node 2 server 
2022-07-06 16:49:00,771 socket_client_ng.py [line:77] _connect INFO node 3's socket client fails to make connection to node 2 server 
2022-07-06 16:49:00,771 socket_client_ng.py [line:66] _connect INFO node 3's socket client starts to make outgoing connections to node 2 server 
2022-07-06 16:49:00,772 socket_client_ng.py [line:77] _connect INFO node 3's socket client fails to make connection to node 2 server 
2022-07-06 16:49:00,772 socket_client_ng.py [line:66] _connect INFO node 3's socket client starts to make outgoing connections to node 2 server 
2022-07-06 16:49:00,772 socket_client_ng.py [line:77] _connect INFO node 3's socket client fails to make connection to node 2 server 
2022-07-06 16:49:00,772 socket_client_ng.py [line:66] _connect INFO node 3's socket client starts to make outgoing connections to node 2 server 
2022-07-06 16:49:00,772 socket_client_ng.py [line:77] _connect INFO node 3's socket client fails to make connection to node 2 server 
2022-07-06 16:49:00,772 socket_client_ng.py [line:66] _connect INFO node 3's socket client starts to make outgoing connections to node 2 server 
2022-07-06 16:49:00,772 socket_client_ng.py [line:77] _connect INFO node 3's socket client fails to make connection to node 2 server 
2022-07-06 16:49:00,773 socket_client_ng.py [line:66] _connect INFO node 3's socket client starts to make outgoing connections to node 2 server 
2022-07-06 16:49:00,773 socket_client_ng.py [line:77] _connect INFO node 3's socket client fails to make connection to node 2 server 
2022-07-06 16:49:00,773 socket_client_ng.py [line:66] _connect INFO node 3's socket client starts to make outgoing connections to node 2 server 
2022-07-06 16:49:00,773 socket_client_ng.py [line:77] _connect INFO node 3's socket client fails to make connection to node 2 server 
2022-07-06 16:49:00,773 socket_client_ng.py [line:66] _connect INFO node 3's socket client starts to make outgoing connections to node 2 server 
2022-07-06 16:49:00,773 socket_client_ng.py [line:77] _connect INFO node 3's socket client fails to make connection to node 2 server 
2022-07-06 16:49:00,773 socket_client_ng.py [line:66] _connect INFO node 3's socket client starts to make outgoing connections to node 2 server 
2022-07-06 16:49:00,774 socket_client_ng.py [line:77] _connect INFO node 3's socket client fails to make connection to node 2 server 
2022-07-06 16:49:00,774 socket_client_ng.py [line:66] _connect INFO node 3's socket client starts to make outgoing connections to node 2 server 
2022-07-06 16:49:00,774 socket_client_ng.py [line:77] _connect INFO node 3's socket client fails to make connection to node 2 server 
2022-07-06 16:49:00,774 socket_client_ng.py [line:66] _connect INFO node 3's socket client starts to make outgoing connections to node 2 server 
2022-07-06 16:49:00,774 socket_client_ng.py [line:77] _connect INFO node 3's socket client fails to make connection to node 2 server 
2022-07-06 16:49:00,774 socket_client_ng.py [line:66] _connect INFO node 3's socket client starts to make outgoing connections to node 2 server 
2022-07-06 16:49:00,774 socket_client_ng.py [line:77] _connect INFO node 3's socket client fails to make connection to node 2 server 
2022-07-06 16:49:00,774 socket_client_ng.py [line:66] _connect INFO node 3's socket client starts to make outgoing connections to node 2 server 
2022-07-06 16:49:00,775 socket_client_ng.py [line:77] _connect INFO node 3's socket client fails to make connection to node 2 server 
2022-07-06 16:49:00,775 socket_client_ng.py [line:66] _connect INFO node 3's socket client starts to make outgoing connections to node 2 server 
2022-07-06 16:49:00,775 socket_client_ng.py [line:77] _connect INFO node 3's socket client fails to make connection to node 2 server 
2022-07-06 16:49:00,775 socket_client_ng.py [line:66] _connect INFO node 3's socket client starts to make outgoing connections to node 2 server 
2022-07-06 16:49:00,775 socket_client_ng.py [line:77] _connect INFO node 3's socket client fails to make connection to node 2 server 
2022-07-06 16:49:00,775 socket_client_ng.py [line:66] _connect INFO node 3's socket client starts to make outgoing connections to node 2 server 
2022-07-06 16:49:00,776 socket_client_ng.py [line:77] _connect INFO node 3's socket client fails to make connection to node 2 server 
2022-07-06 16:49:00,776 socket_client_ng.py [line:66] _connect INFO node 3's socket client starts to make outgoing connections to node 2 server 
2022-07-06 16:49:00,776 socket_client_ng.py [line:77] _connect INFO node 3's socket client fails to make connection to node 2 server 
2022-07-06 16:49:00,776 socket_client_ng.py [line:66] _connect INFO node 3's socket client starts to make outgoing connections to node 2 server 
2022-07-06 16:49:00,776 socket_client_ng.py [line:77] _connect INFO node 3's socket client fails to make connection to node 2 server 
2022-07-06 16:49:00,776 socket_client_ng.py [line:66] _connect INFO node 3's socket client starts to make outgoing connections to node 2 server 
2022-07-06 16:49:00,776 socket_client_ng.py [line:77] _connect INFO node 3's socket client fails to make connection to node 2 server 
2022-07-06 16:49:00,776 socket_client_ng.py [line:66] _connect INFO node 3's socket client starts to make outgoing connections to node 2 server 
2022-07-06 16:49:00,777 socket_client_ng.py [line:77] _connect INFO node 3's socket client fails to make connection to node 2 server 
2022-07-06 16:49:00,777 socket_client_ng.py [line:66] _connect INFO node 3's socket client starts to make outgoing connections to node 2 server 
2022-07-06 16:49:00,777 socket_client_ng.py [line:77] _connect INFO node 3's socket client fails to make connection to node 2 server 
2022-07-06 16:49:00,777 socket_client_ng.py [line:66] _connect INFO node 3's socket client starts to make outgoing connections to node 2 server 
2022-07-06 16:49:00,777 socket_client_ng.py [line:77] _connect INFO node 3's socket client fails to make connection to node 2 server 
2022-07-06 16:49:00,777 socket_client_ng.py [line:66] _connect INFO node 3's socket client starts to make outgoing connections to node 2 server 
2022-07-06 16:49:00,778 socket_client_ng.py [line:77] _connect INFO node 3's socket client fails to make connection to node 2 server 
2022-07-06 16:49:00,778 socket_client_ng.py [line:66] _connect INFO node 3's socket client starts to make outgoing connections to node 2 server 
2022-07-06 16:49:00,778 socket_client_ng.py [line:77] _connect INFO node 3's socket client fails to make connection to node 2 server 
2022-07-06 16:49:00,778 socket_client_ng.py [line:66] _connect INFO node 3's socket client starts to make outgoing connections to node 2 server 
2022-07-06 16:49:00,778 socket_client_ng.py [line:77] _connect INFO node 3's socket client fails to make connection to node 2 server 
2022-07-06 16:49:00,778 socket_client_ng.py [line:66] _connect INFO node 3's socket client starts to make outgoing connections to node 2 server 
2022-07-06 16:49:00,778 socket_client_ng.py [line:77] _connect INFO node 3's socket client fails to make connection to node 2 server 
2022-07-06 16:49:00,778 socket_client_ng.py [line:66] _connect INFO node 3's socket client starts to make outgoing connections to node 2 server 
2022-07-06 16:49:00,779 socket_client_ng.py [line:77] _connect INFO node 3's socket client fails to make connection to node 2 server 
2022-07-06 16:49:00,779 socket_client_ng.py [line:66] _connect INFO node 3's socket client starts to make outgoing connections to node 2 server 
2022-07-06 16:49:00,779 socket_client_ng.py [line:77] _connect INFO node 3's socket client fails to make connection to node 2 server 
2022-07-06 16:49:00,779 socket_client_ng.py [line:66] _connect INFO node 3's socket client starts to make outgoing connections to node 2 server 
2022-07-06 16:49:00,779 socket_client_ng.py [line:77] _connect INFO node 3's socket client fails to make connection to node 2 server 
2022-07-06 16:49:00,779 socket_client_ng.py [line:66] _connect INFO node 3's socket client starts to make outgoing connections to node 2 server 
2022-07-06 16:49:00,780 socket_client_ng.py [line:77] _connect INFO node 3's socket client fails to make connection to node 2 server 
2022-07-06 16:49:00,780 socket_client_ng.py [line:66] _connect INFO node 3's socket client starts to make outgoing connections to node 2 server 
2022-07-06 16:49:00,780 socket_client_ng.py [line:77] _connect INFO node 3's socket client fails to make connection to node 2 server 
2022-07-06 16:49:00,780 socket_client_ng.py [line:66] _connect INFO node 3's socket client starts to make outgoing connections to node 2 server 
2022-07-06 16:49:00,780 socket_client_ng.py [line:77] _connect INFO node 3's socket client fails to make connection to node 2 server 
2022-07-06 16:49:00,780 socket_client_ng.py [line:66] _connect INFO node 3's socket client starts to make outgoing connections to node 2 server 
2022-07-06 16:49:00,780 socket_client_ng.py [line:77] _connect INFO node 3's socket client fails to make connection to node 2 server 
2022-07-06 16:49:00,780 socket_client_ng.py [line:66] _connect INFO node 3's socket client starts to make outgoing connections to node 2 server 
2022-07-06 16:49:00,781 socket_client_ng.py [line:77] _connect INFO node 3's socket client fails to make connection to node 2 server 
2022-07-06 16:49:00,781 socket_client_ng.py [line:66] _connect INFO node 3's socket client starts to make outgoing connections to node 2 server 
2022-07-06 16:49:00,781 socket_client_ng.py [line:77] _connect INFO node 3's socket client fails to make connection to node 2 server 
2022-07-06 16:49:00,781 socket_client_ng.py [line:66] _connect INFO node 3's socket client starts to make outgoing connections to node 2 server 
2022-07-06 16:49:00,781 socket_client_ng.py [line:77] _connect INFO node 3's socket client fails to make connection to node 2 server 
2022-07-06 16:49:00,781 socket_client_ng.py [line:66] _connect INFO node 3's socket client starts to make outgoing connections to node 2 server 
2022-07-06 16:49:00,781 socket_client_ng.py [line:77] _connect INFO node 3's socket client fails to make connection to node 2 server 
2022-07-06 16:49:00,781 socket_client_ng.py [line:66] _connect INFO node 3's socket client starts to make outgoing connections to node 2 server 
2022-07-06 16:49:00,782 socket_client_ng.py [line:77] _connect INFO node 3's socket client fails to make connection to node 2 server 
2022-07-06 16:49:00,782 socket_client_ng.py [line:66] _connect INFO node 3's socket client starts to make outgoing connections to node 2 server 
2022-07-06 16:49:00,782 socket_client_ng.py [line:77] _connect INFO node 3's socket client fails to make connection to node 2 server 
2022-07-06 16:49:00,782 socket_client_ng.py [line:66] _connect INFO node 3's socket client starts to make outgoing connections to node 2 server 
2022-07-06 16:49:00,782 socket_client_ng.py [line:77] _connect INFO node 3's socket client fails to make connection to node 2 server 
2022-07-06 16:49:00,782 socket_client_ng.py [line:66] _connect INFO node 3's socket client starts to make outgoing connections to node 2 server 
2022-07-06 16:49:00,783 socket_client_ng.py [line:77] _connect INFO node 3's socket client fails to make connection to node 2 server 
2022-07-06 16:49:00,783 socket_client_ng.py [line:66] _connect INFO node 3's socket client starts to make outgoing connections to node 2 server 
2022-07-06 16:49:00,783 socket_client_ng.py [line:77] _connect INFO node 3's socket client fails to make connection to node 2 server 
2022-07-06 16:49:00,783 socket_client_ng.py [line:66] _connect INFO node 3's socket client starts to make outgoing connections to node 2 server 
2022-07-06 16:49:00,783 socket_client_ng.py [line:77] _connect INFO node 3's socket client fails to make connection to node 2 server 
2022-07-06 16:49:00,783 socket_client_ng.py [line:66] _connect INFO node 3's socket client starts to make outgoing connections to node 2 server 
2022-07-06 16:49:00,783 socket_client_ng.py [line:77] _connect INFO node 3's socket client fails to make connection to node 2 server 
2022-07-06 16:49:00,783 socket_client_ng.py [line:66] _connect INFO node 3's socket client starts to make outgoing connections to node 2 server 
2022-07-06 16:49:00,784 socket_client_ng.py [line:77] _connect INFO node 3's socket client fails to make connection to node 2 server 
2022-07-06 16:49:00,784 socket_client_ng.py [line:66] _connect INFO node 3's socket client starts to make outgoing connections to node 2 server 
2022-07-06 16:49:00,784 socket_client_ng.py [line:77] _connect INFO node 3's socket client fails to make connection to node 2 server 
2022-07-06 16:49:00,784 socket_client_ng.py [line:66] _connect INFO node 3's socket client starts to make outgoing connections to node 2 server 
2022-07-06 16:49:00,784 socket_client_ng.py [line:77] _connect INFO node 3's socket client fails to make connection to node 2 server 
2022-07-06 16:49:00,784 socket_client_ng.py [line:66] _connect INFO node 3's socket client starts to make outgoing connections to node 2 server 
2022-07-06 16:49:00,784 socket_client_ng.py [line:77] _connect INFO node 3's socket client fails to make connection to node 2 server 
2022-07-06 16:49:00,784 socket_client_ng.py [line:66] _connect INFO node 3's socket client starts to make outgoing connections to node 2 server 
2022-07-06 16:49:00,785 socket_client_ng.py [line:77] _connect INFO node 3's socket client fails to make connection to node 2 server 
2022-07-06 16:49:00,785 socket_client_ng.py [line:66] _connect INFO node 3's socket client starts to make outgoing connections to node 2 server 
2022-07-06 16:49:00,785 socket_client_ng.py [line:77] _connect INFO node 3's socket client fails to make connection to node 2 server 
2022-07-06 16:49:00,785 socket_client_ng.py [line:66] _connect INFO node 3's socket client starts to make outgoing connections to node 2 server 
2022-07-06 16:49:00,785 socket_client_ng.py [line:77] _connect INFO node 3's socket client fails to make connection to node 2 server 
2022-07-06 16:49:00,785 socket_client_ng.py [line:66] _connect INFO node 3's socket client starts to make outgoing connections to node 2 server 
2022-07-06 16:49:00,785 socket_client_ng.py [line:77] _connect INFO node 3's socket client fails to make connection to node 2 server 
2022-07-06 16:49:00,786 socket_client_ng.py [line:66] _connect INFO node 3's socket client starts to make outgoing connections to node 2 server 
2022-07-06 16:49:00,786 socket_client_ng.py [line:77] _connect INFO node 3's socket client fails to make connection to node 2 server 
2022-07-06 16:49:00,786 socket_client_ng.py [line:66] _connect INFO node 3's socket client starts to make outgoing connections to node 2 server 
2022-07-06 16:49:00,786 socket_client_ng.py [line:77] _connect INFO node 3's socket client fails to make connection to node 2 server 
2022-07-06 16:49:00,786 socket_client_ng.py [line:66] _connect INFO node 3's socket client starts to make outgoing connections to node 2 server 
2022-07-06 16:49:00,786 socket_client_ng.py [line:77] _connect INFO node 3's socket client fails to make connection to node 2 server 
2022-07-06 16:49:00,786 socket_client_ng.py [line:66] _connect INFO node 3's socket client starts to make outgoing connections to node 2 server 
2022-07-06 16:49:00,787 socket_client_ng.py [line:77] _connect INFO node 3's socket client fails to make connection to node 2 server 
2022-07-06 16:49:00,787 socket_client_ng.py [line:66] _connect INFO node 3's socket client starts to make outgoing connections to node 2 server 
2022-07-06 16:49:00,787 socket_client_ng.py [line:77] _connect INFO node 3's socket client fails to make connection to node 2 server 
2022-07-06 16:49:00,787 socket_client_ng.py [line:66] _connect INFO node 3's socket client starts to make outgoing connections to node 2 server 
2022-07-06 16:49:00,787 socket_client_ng.py [line:77] _connect INFO node 3's socket client fails to make connection to node 2 server 
2022-07-06 16:49:00,787 socket_client_ng.py [line:66] _connect INFO node 3's socket client starts to make outgoing connections to node 2 server 
2022-07-06 16:49:00,787 socket_client_ng.py [line:77] _connect INFO node 3's socket client fails to make connection to node 2 server 
2022-07-06 16:49:00,788 socket_client_ng.py [line:66] _connect INFO node 3's socket client starts to make outgoing connections to node 2 server 
2022-07-06 16:49:00,788 socket_client_ng.py [line:77] _connect INFO node 3's socket client fails to make connection to node 2 server 
2022-07-06 16:49:00,788 socket_client_ng.py [line:66] _connect INFO node 3's socket client starts to make outgoing connections to node 2 server 
2022-07-06 16:49:00,788 socket_client_ng.py [line:77] _connect INFO node 3's socket client fails to make connection to node 2 server 
2022-07-06 16:49:00,788 socket_client_ng.py [line:66] _connect INFO node 3's socket client starts to make outgoing connections to node 2 server 
2022-07-06 16:49:00,788 socket_client_ng.py [line:77] _connect INFO node 3's socket client fails to make connection to node 2 server 
2022-07-06 16:49:00,788 socket_client_ng.py [line:66] _connect INFO node 3's socket client starts to make outgoing connections to node 2 server 
2022-07-06 16:49:00,789 socket_client_ng.py [line:77] _connect INFO node 3's socket client fails to make connection to node 2 server 
2022-07-06 16:49:00,789 socket_client_ng.py [line:66] _connect INFO node 3's socket client starts to make outgoing connections to node 2 server 
2022-07-06 16:49:00,790 socket_client_ng.py [line:77] _connect INFO node 3's socket client fails to make connection to node 2 server 
2022-07-06 16:49:00,790 socket_client_ng.py [line:66] _connect INFO node 3's socket client starts to make outgoing connections to node 2 server 
2022-07-06 16:49:00,790 socket_client_ng.py [line:77] _connect INFO node 3's socket client fails to make connection to node 2 server 
2022-07-06 16:49:00,790 socket_client_ng.py [line:66] _connect INFO node 3's socket client starts to make outgoing connections to node 2 server 
2022-07-06 16:49:00,790 socket_client_ng.py [line:77] _connect INFO node 3's socket client fails to make connection to node 2 server 
2022-07-06 16:49:00,790 socket_client_ng.py [line:66] _connect INFO node 3's socket client starts to make outgoing connections to node 2 server 
2022-07-06 16:49:00,790 socket_client_ng.py [line:77] _connect INFO node 3's socket client fails to make connection to node 2 server 
2022-07-06 16:49:00,791 socket_client_ng.py [line:66] _connect INFO node 3's socket client starts to make outgoing connections to node 2 server 
2022-07-06 16:49:00,791 socket_client_ng.py [line:77] _connect INFO node 3's socket client fails to make connection to node 2 server 
2022-07-06 16:49:00,791 socket_client_ng.py [line:66] _connect INFO node 3's socket client starts to make outgoing connections to node 2 server 
2022-07-06 16:49:00,792 socket_client_ng.py [line:77] _connect INFO node 3's socket client fails to make connection to node 2 server 
2022-07-06 16:49:00,793 socket_client_ng.py [line:66] _connect INFO node 3's socket client starts to make outgoing connections to node 2 server 
2022-07-06 16:49:00,793 socket_client_ng.py [line:77] _connect INFO node 3's socket client fails to make connection to node 2 server 
2022-07-06 16:49:00,793 socket_client_ng.py [line:66] _connect INFO node 3's socket client starts to make outgoing connections to node 2 server 
2022-07-06 16:49:00,793 socket_client_ng.py [line:77] _connect INFO node 3's socket client fails to make connection to node 2 server 
2022-07-06 16:49:00,793 socket_client_ng.py [line:66] _connect INFO node 3's socket client starts to make outgoing connections to node 2 server 
2022-07-06 16:49:00,793 socket_client_ng.py [line:77] _connect INFO node 3's socket client fails to make connection to node 2 server 
2022-07-06 16:49:00,793 socket_client_ng.py [line:66] _connect INFO node 3's socket client starts to make outgoing connections to node 2 server 
2022-07-06 16:49:00,793 socket_client_ng.py [line:77] _connect INFO node 3's socket client fails to make connection to node 2 server 
2022-07-06 16:49:00,794 socket_client_ng.py [line:66] _connect INFO node 3's socket client starts to make outgoing connections to node 2 server 
2022-07-06 16:49:00,794 socket_client_ng.py [line:77] _connect INFO node 3's socket client fails to make connection to node 2 server 
2022-07-06 16:49:00,794 socket_client_ng.py [line:66] _connect INFO node 3's socket client starts to make outgoing connections to node 2 server 
2022-07-06 16:49:00,794 socket_client_ng.py [line:77] _connect INFO node 3's socket client fails to make connection to node 2 server 
2022-07-06 16:49:00,794 socket_client_ng.py [line:66] _connect INFO node 3's socket client starts to make outgoing connections to node 2 server 
2022-07-06 16:49:00,794 socket_client_ng.py [line:77] _connect INFO node 3's socket client fails to make connection to node 2 server 
2022-07-06 16:49:00,794 socket_client_ng.py [line:66] _connect INFO node 3's socket client starts to make outgoing connections to node 2 server 
2022-07-06 16:49:00,794 socket_client_ng.py [line:77] _connect INFO node 3's socket client fails to make connection to node 2 server 
2022-07-06 16:49:00,794 socket_client_ng.py [line:66] _connect INFO node 3's socket client starts to make outgoing connections to node 2 server 
2022-07-06 16:49:00,795 socket_client_ng.py [line:77] _connect INFO node 3's socket client fails to make connection to node 2 server 
2022-07-06 16:49:00,795 socket_client_ng.py [line:66] _connect INFO node 3's socket client starts to make outgoing connections to node 2 server 
2022-07-06 16:49:00,795 socket_client_ng.py [line:77] _connect INFO node 3's socket client fails to make connection to node 2 server 
2022-07-06 16:49:00,795 socket_client_ng.py [line:66] _connect INFO node 3's socket client starts to make outgoing connections to node 2 server 
2022-07-06 16:49:00,795 socket_client_ng.py [line:77] _connect INFO node 3's socket client fails to make connection to node 2 server 
2022-07-06 16:49:00,795 socket_client_ng.py [line:66] _connect INFO node 3's socket client starts to make outgoing connections to node 2 server 
2022-07-06 16:49:00,795 socket_client_ng.py [line:77] _connect INFO node 3's socket client fails to make connection to node 2 server 
2022-07-06 16:49:00,795 socket_client_ng.py [line:66] _connect INFO node 3's socket client starts to make outgoing connections to node 2 server 
2022-07-06 16:49:00,795 socket_client_ng.py [line:77] _connect INFO node 3's socket client fails to make connection to node 2 server 
2022-07-06 16:49:00,795 socket_client_ng.py [line:66] _connect INFO node 3's socket client starts to make outgoing connections to node 2 server 
2022-07-06 16:49:00,796 socket_client_ng.py [line:77] _connect INFO node 3's socket client fails to make connection to node 2 server 
2022-07-06 16:49:00,796 socket_client_ng.py [line:66] _connect INFO node 3's socket client starts to make outgoing connections to node 2 server 
2022-07-06 16:49:00,796 socket_client_ng.py [line:77] _connect INFO node 3's socket client fails to make connection to node 2 server 
2022-07-06 16:49:00,796 socket_client_ng.py [line:66] _connect INFO node 3's socket client starts to make outgoing connections to node 2 server 
2022-07-06 16:49:00,796 socket_client_ng.py [line:77] _connect INFO node 3's socket client fails to make connection to node 2 server 
2022-07-06 16:49:00,796 socket_client_ng.py [line:66] _connect INFO node 3's socket client starts to make outgoing connections to node 2 server 
2022-07-06 16:49:00,796 socket_client_ng.py [line:77] _connect INFO node 3's socket client fails to make connection to node 2 server 
2022-07-06 16:49:00,796 socket_client_ng.py [line:66] _connect INFO node 3's socket client starts to make outgoing connections to node 2 server 
2022-07-06 16:49:00,797 socket_client_ng.py [line:77] _connect INFO node 3's socket client fails to make connection to node 2 server 
2022-07-06 16:49:00,797 socket_client_ng.py [line:66] _connect INFO node 3's socket client starts to make outgoing connections to node 2 server 
2022-07-06 16:49:00,797 socket_client_ng.py [line:77] _connect INFO node 3's socket client fails to make connection to node 2 server 
2022-07-06 16:49:00,797 socket_client_ng.py [line:66] _connect INFO node 3's socket client starts to make outgoing connections to node 2 server 
2022-07-06 16:49:00,797 socket_client_ng.py [line:77] _connect INFO node 3's socket client fails to make connection to node 2 server 
2022-07-06 16:49:00,797 socket_client_ng.py [line:66] _connect INFO node 3's socket client starts to make outgoing connections to node 2 server 
2022-07-06 16:49:00,797 socket_client_ng.py [line:77] _connect INFO node 3's socket client fails to make connection to node 2 server 
2022-07-06 16:49:00,798 socket_client_ng.py [line:66] _connect INFO node 3's socket client starts to make outgoing connections to node 2 server 
2022-07-06 16:49:00,798 socket_client_ng.py [line:77] _connect INFO node 3's socket client fails to make connection to node 2 server 
2022-07-06 16:49:00,798 socket_client_ng.py [line:66] _connect INFO node 3's socket client starts to make outgoing connections to node 2 server 
2022-07-06 16:49:00,798 socket_client_ng.py [line:77] _connect INFO node 3's socket client fails to make connection to node 2 server 
2022-07-06 16:49:00,798 socket_client_ng.py [line:66] _connect INFO node 3's socket client starts to make outgoing connections to node 2 server 
2022-07-06 16:49:00,798 socket_client_ng.py [line:77] _connect INFO node 3's socket client fails to make connection to node 2 server 
2022-07-06 16:49:00,798 socket_client_ng.py [line:66] _connect INFO node 3's socket client starts to make outgoing connections to node 2 server 
2022-07-06 16:49:00,799 socket_client_ng.py [line:77] _connect INFO node 3's socket client fails to make connection to node 2 server 
2022-07-06 16:49:00,799 socket_client_ng.py [line:66] _connect INFO node 3's socket client starts to make outgoing connections to node 2 server 
2022-07-06 16:49:00,799 socket_client_ng.py [line:77] _connect INFO node 3's socket client fails to make connection to node 2 server 
2022-07-06 16:49:00,799 socket_client_ng.py [line:66] _connect INFO node 3's socket client starts to make outgoing connections to node 2 server 
2022-07-06 16:49:00,799 socket_client_ng.py [line:77] _connect INFO node 3's socket client fails to make connection to node 2 server 
2022-07-06 16:49:00,799 socket_client_ng.py [line:66] _connect INFO node 3's socket client starts to make outgoing connections to node 2 server 
2022-07-06 16:49:00,799 socket_client_ng.py [line:77] _connect INFO node 3's socket client fails to make connection to node 2 server 
2022-07-06 16:49:00,800 socket_client_ng.py [line:66] _connect INFO node 3's socket client starts to make outgoing connections to node 2 server 
2022-07-06 16:49:00,800 socket_client_ng.py [line:77] _connect INFO node 3's socket client fails to make connection to node 2 server 
2022-07-06 16:49:00,800 socket_client_ng.py [line:66] _connect INFO node 3's socket client starts to make outgoing connections to node 2 server 
2022-07-06 16:49:00,800 socket_client_ng.py [line:77] _connect INFO node 3's socket client fails to make connection to node 2 server 
2022-07-06 16:49:00,800 socket_client_ng.py [line:66] _connect INFO node 3's socket client starts to make outgoing connections to node 2 server 
2022-07-06 16:49:00,800 socket_client_ng.py [line:77] _connect INFO node 3's socket client fails to make connection to node 2 server 
2022-07-06 16:49:00,800 socket_client_ng.py [line:66] _connect INFO node 3's socket client starts to make outgoing connections to node 2 server 
2022-07-06 16:49:00,801 socket_client_ng.py [line:77] _connect INFO node 3's socket client fails to make connection to node 2 server 
2022-07-06 16:49:00,801 socket_client_ng.py [line:66] _connect INFO node 3's socket client starts to make outgoing connections to node 2 server 
2022-07-06 16:49:00,801 socket_client_ng.py [line:77] _connect INFO node 3's socket client fails to make connection to node 2 server 
2022-07-06 16:49:00,801 socket_client_ng.py [line:66] _connect INFO node 3's socket client starts to make outgoing connections to node 2 server 
2022-07-06 16:49:00,801 socket_client_ng.py [line:77] _connect INFO node 3's socket client fails to make connection to node 2 server 
2022-07-06 16:49:00,801 socket_client_ng.py [line:66] _connect INFO node 3's socket client starts to make outgoing connections to node 2 server 
2022-07-06 16:49:00,801 socket_client_ng.py [line:77] _connect INFO node 3's socket client fails to make connection to node 2 server 
2022-07-06 16:49:00,802 socket_client_ng.py [line:66] _connect INFO node 3's socket client starts to make outgoing connections to node 2 server 
2022-07-06 16:49:00,802 socket_client_ng.py [line:77] _connect INFO node 3's socket client fails to make connection to node 2 server 
2022-07-06 16:49:00,802 socket_client_ng.py [line:66] _connect INFO node 3's socket client starts to make outgoing connections to node 2 server 
2022-07-06 16:49:00,802 socket_client_ng.py [line:77] _connect INFO node 3's socket client fails to make connection to node 2 server 
2022-07-06 16:49:00,802 socket_client_ng.py [line:66] _connect INFO node 3's socket client starts to make outgoing connections to node 2 server 
2022-07-06 16:49:00,802 socket_client_ng.py [line:77] _connect INFO node 3's socket client fails to make connection to node 2 server 
2022-07-06 16:49:00,802 socket_client_ng.py [line:66] _connect INFO node 3's socket client starts to make outgoing connections to node 2 server 
2022-07-06 16:49:00,803 socket_client_ng.py [line:77] _connect INFO node 3's socket client fails to make connection to node 2 server 
2022-07-06 16:49:00,803 socket_client_ng.py [line:66] _connect INFO node 3's socket client starts to make outgoing connections to node 2 server 
2022-07-06 16:49:00,803 socket_client_ng.py [line:77] _connect INFO node 3's socket client fails to make connection to node 2 server 
2022-07-06 16:49:00,803 socket_client_ng.py [line:66] _connect INFO node 3's socket client starts to make outgoing connections to node 2 server 
2022-07-06 16:49:00,803 socket_client_ng.py [line:77] _connect INFO node 3's socket client fails to make connection to node 2 server 
2022-07-06 16:49:00,803 socket_client_ng.py [line:66] _connect INFO node 3's socket client starts to make outgoing connections to node 2 server 
2022-07-06 16:49:00,804 socket_client_ng.py [line:77] _connect INFO node 3's socket client fails to make connection to node 2 server 
2022-07-06 16:49:00,804 socket_client_ng.py [line:66] _connect INFO node 3's socket client starts to make outgoing connections to node 2 server 
2022-07-06 16:49:00,804 socket_client_ng.py [line:77] _connect INFO node 3's socket client fails to make connection to node 2 server 
2022-07-06 16:49:00,804 socket_client_ng.py [line:66] _connect INFO node 3's socket client starts to make outgoing connections to node 2 server 
2022-07-06 16:49:00,804 socket_client_ng.py [line:77] _connect INFO node 3's socket client fails to make connection to node 2 server 
2022-07-06 16:49:00,804 socket_client_ng.py [line:66] _connect INFO node 3's socket client starts to make outgoing connections to node 2 server 
2022-07-06 16:49:00,804 socket_client_ng.py [line:77] _connect INFO node 3's socket client fails to make connection to node 2 server 
2022-07-06 16:49:00,804 socket_client_ng.py [line:66] _connect INFO node 3's socket client starts to make outgoing connections to node 2 server 
2022-07-06 16:49:00,805 socket_client_ng.py [line:77] _connect INFO node 3's socket client fails to make connection to node 2 server 
2022-07-06 16:49:00,805 socket_client_ng.py [line:66] _connect INFO node 3's socket client starts to make outgoing connections to node 2 server 
2022-07-06 16:49:00,805 socket_client_ng.py [line:77] _connect INFO node 3's socket client fails to make connection to node 2 server 
2022-07-06 16:49:00,805 socket_client_ng.py [line:66] _connect INFO node 3's socket client starts to make outgoing connections to node 2 server 
2022-07-06 16:49:00,805 socket_client_ng.py [line:77] _connect INFO node 3's socket client fails to make connection to node 2 server 
2022-07-06 16:49:00,805 socket_client_ng.py [line:66] _connect INFO node 3's socket client starts to make outgoing connections to node 2 server 
2022-07-06 16:49:00,805 socket_client_ng.py [line:77] _connect INFO node 3's socket client fails to make connection to node 2 server 
2022-07-06 16:49:00,806 socket_client_ng.py [line:66] _connect INFO node 3's socket client starts to make outgoing connections to node 2 server 
2022-07-06 16:49:00,806 socket_client_ng.py [line:77] _connect INFO node 3's socket client fails to make connection to node 2 server 
2022-07-06 16:49:00,806 socket_client_ng.py [line:66] _connect INFO node 3's socket client starts to make outgoing connections to node 2 server 
2022-07-06 16:49:00,806 socket_client_ng.py [line:77] _connect INFO node 3's socket client fails to make connection to node 2 server 
2022-07-06 16:49:00,806 socket_client_ng.py [line:66] _connect INFO node 3's socket client starts to make outgoing connections to node 2 server 
2022-07-06 16:49:00,806 socket_client_ng.py [line:77] _connect INFO node 3's socket client fails to make connection to node 2 server 
2022-07-06 16:49:00,806 socket_client_ng.py [line:66] _connect INFO node 3's socket client starts to make outgoing connections to node 2 server 
2022-07-06 16:49:00,807 socket_client_ng.py [line:77] _connect INFO node 3's socket client fails to make connection to node 2 server 
2022-07-06 16:49:00,807 socket_client_ng.py [line:66] _connect INFO node 3's socket client starts to make outgoing connections to node 2 server 
2022-07-06 16:49:00,807 socket_client_ng.py [line:77] _connect INFO node 3's socket client fails to make connection to node 2 server 
2022-07-06 16:49:00,807 socket_client_ng.py [line:66] _connect INFO node 3's socket client starts to make outgoing connections to node 2 server 
2022-07-06 16:49:00,807 socket_client_ng.py [line:77] _connect INFO node 3's socket client fails to make connection to node 2 server 
2022-07-06 16:49:00,807 socket_client_ng.py [line:66] _connect INFO node 3's socket client starts to make outgoing connections to node 2 server 
2022-07-06 16:49:00,807 socket_client_ng.py [line:77] _connect INFO node 3's socket client fails to make connection to node 2 server 
2022-07-06 16:49:00,808 socket_client_ng.py [line:66] _connect INFO node 3's socket client starts to make outgoing connections to node 2 server 
2022-07-06 16:49:00,808 socket_client_ng.py [line:77] _connect INFO node 3's socket client fails to make connection to node 2 server 
2022-07-06 16:49:00,808 socket_client_ng.py [line:66] _connect INFO node 3's socket client starts to make outgoing connections to node 2 server 
2022-07-06 16:49:00,808 socket_client_ng.py [line:77] _connect INFO node 3's socket client fails to make connection to node 2 server 
2022-07-06 16:49:00,808 socket_client_ng.py [line:66] _connect INFO node 3's socket client starts to make outgoing connections to node 2 server 
2022-07-06 16:49:00,808 socket_client_ng.py [line:77] _connect INFO node 3's socket client fails to make connection to node 2 server 
2022-07-06 16:49:00,808 socket_client_ng.py [line:66] _connect INFO node 3's socket client starts to make outgoing connections to node 2 server 
2022-07-06 16:49:00,809 socket_client_ng.py [line:77] _connect INFO node 3's socket client fails to make connection to node 2 server 
2022-07-06 16:49:00,809 socket_client_ng.py [line:66] _connect INFO node 3's socket client starts to make outgoing connections to node 2 server 
2022-07-06 16:49:00,809 socket_client_ng.py [line:77] _connect INFO node 3's socket client fails to make connection to node 2 server 
2022-07-06 16:49:00,809 socket_client_ng.py [line:66] _connect INFO node 3's socket client starts to make outgoing connections to node 2 server 
2022-07-06 16:49:00,809 socket_client_ng.py [line:77] _connect INFO node 3's socket client fails to make connection to node 2 server 
2022-07-06 16:49:00,809 socket_client_ng.py [line:66] _connect INFO node 3's socket client starts to make outgoing connections to node 2 server 
2022-07-06 16:49:00,810 socket_client_ng.py [line:77] _connect INFO node 3's socket client fails to make connection to node 2 server 
2022-07-06 16:49:00,810 socket_client_ng.py [line:66] _connect INFO node 3's socket client starts to make outgoing connections to node 2 server 
2022-07-06 16:49:00,810 socket_client_ng.py [line:77] _connect INFO node 3's socket client fails to make connection to node 2 server 
2022-07-06 16:49:00,810 socket_client_ng.py [line:66] _connect INFO node 3's socket client starts to make outgoing connections to node 2 server 
2022-07-06 16:49:00,810 socket_client_ng.py [line:77] _connect INFO node 3's socket client fails to make connection to node 2 server 
2022-07-06 16:49:00,810 socket_client_ng.py [line:66] _connect INFO node 3's socket client starts to make outgoing connections to node 2 server 
2022-07-06 16:49:00,810 socket_client_ng.py [line:77] _connect INFO node 3's socket client fails to make connection to node 2 server 
2022-07-06 16:49:00,811 socket_client_ng.py [line:66] _connect INFO node 3's socket client starts to make outgoing connections to node 2 server 
2022-07-06 16:49:00,811 socket_client_ng.py [line:77] _connect INFO node 3's socket client fails to make connection to node 2 server 
2022-07-06 16:49:00,811 socket_client_ng.py [line:66] _connect INFO node 3's socket client starts to make outgoing connections to node 2 server 
2022-07-06 16:49:00,812 socket_client_ng.py [line:77] _connect INFO node 3's socket client fails to make connection to node 2 server 
2022-07-06 16:49:00,812 socket_client_ng.py [line:66] _connect INFO node 3's socket client starts to make outgoing connections to node 2 server 
2022-07-06 16:49:00,812 socket_client_ng.py [line:77] _connect INFO node 3's socket client fails to make connection to node 2 server 
2022-07-06 16:49:00,812 socket_client_ng.py [line:66] _connect INFO node 3's socket client starts to make outgoing connections to node 2 server 
2022-07-06 16:49:00,812 socket_client_ng.py [line:77] _connect INFO node 3's socket client fails to make connection to node 2 server 
2022-07-06 16:49:00,812 socket_client_ng.py [line:66] _connect INFO node 3's socket client starts to make outgoing connections to node 2 server 
2022-07-06 16:49:00,813 socket_client_ng.py [line:77] _connect INFO node 3's socket client fails to make connection to node 2 server 
2022-07-06 16:49:00,813 socket_client_ng.py [line:66] _connect INFO node 3's socket client starts to make outgoing connections to node 2 server 
2022-07-06 16:49:00,813 socket_client_ng.py [line:77] _connect INFO node 3's socket client fails to make connection to node 2 server 
2022-07-06 16:49:00,813 socket_client_ng.py [line:66] _connect INFO node 3's socket client starts to make outgoing connections to node 2 server 
2022-07-06 16:49:00,813 socket_client_ng.py [line:77] _connect INFO node 3's socket client fails to make connection to node 2 server 
2022-07-06 16:49:00,813 socket_client_ng.py [line:66] _connect INFO node 3's socket client starts to make outgoing connections to node 2 server 
2022-07-06 16:49:00,813 socket_client_ng.py [line:77] _connect INFO node 3's socket client fails to make connection to node 2 server 
2022-07-06 16:49:00,814 socket_client_ng.py [line:66] _connect INFO node 3's socket client starts to make outgoing connections to node 2 server 
2022-07-06 16:49:00,814 socket_client_ng.py [line:77] _connect INFO node 3's socket client fails to make connection to node 2 server 
2022-07-06 16:49:00,814 socket_client_ng.py [line:66] _connect INFO node 3's socket client starts to make outgoing connections to node 2 server 
2022-07-06 16:49:00,814 socket_client_ng.py [line:77] _connect INFO node 3's socket client fails to make connection to node 2 server 
2022-07-06 16:49:00,814 socket_client_ng.py [line:66] _connect INFO node 3's socket client starts to make outgoing connections to node 2 server 
2022-07-06 16:49:00,814 socket_client_ng.py [line:77] _connect INFO node 3's socket client fails to make connection to node 2 server 
2022-07-06 16:49:00,814 socket_client_ng.py [line:66] _connect INFO node 3's socket client starts to make outgoing connections to node 2 server 
2022-07-06 16:49:00,815 socket_client_ng.py [line:77] _connect INFO node 3's socket client fails to make connection to node 2 server 
2022-07-06 16:49:00,815 socket_client_ng.py [line:66] _connect INFO node 3's socket client starts to make outgoing connections to node 2 server 
2022-07-06 16:49:00,815 socket_client_ng.py [line:77] _connect INFO node 3's socket client fails to make connection to node 2 server 
2022-07-06 16:49:00,815 socket_client_ng.py [line:66] _connect INFO node 3's socket client starts to make outgoing connections to node 2 server 
2022-07-06 16:49:00,815 socket_client_ng.py [line:77] _connect INFO node 3's socket client fails to make connection to node 2 server 
2022-07-06 16:49:00,815 socket_client_ng.py [line:66] _connect INFO node 3's socket client starts to make outgoing connections to node 2 server 
2022-07-06 16:49:00,816 socket_client_ng.py [line:77] _connect INFO node 3's socket client fails to make connection to node 2 server 
2022-07-06 16:49:00,816 socket_client_ng.py [line:66] _connect INFO node 3's socket client starts to make outgoing connections to node 2 server 
2022-07-06 16:49:00,816 socket_client_ng.py [line:77] _connect INFO node 3's socket client fails to make connection to node 2 server 
2022-07-06 16:49:00,816 socket_client_ng.py [line:66] _connect INFO node 3's socket client starts to make outgoing connections to node 2 server 
2022-07-06 16:49:00,816 socket_client_ng.py [line:77] _connect INFO node 3's socket client fails to make connection to node 2 server 
2022-07-06 16:49:00,816 socket_client_ng.py [line:66] _connect INFO node 3's socket client starts to make outgoing connections to node 2 server 
2022-07-06 16:49:00,817 socket_client_ng.py [line:77] _connect INFO node 3's socket client fails to make connection to node 2 server 
2022-07-06 16:49:00,817 socket_client_ng.py [line:66] _connect INFO node 3's socket client starts to make outgoing connections to node 2 server 
2022-07-06 16:49:00,817 socket_client_ng.py [line:77] _connect INFO node 3's socket client fails to make connection to node 2 server 
2022-07-06 16:49:00,817 socket_client_ng.py [line:66] _connect INFO node 3's socket client starts to make outgoing connections to node 2 server 
2022-07-06 16:49:00,817 socket_client_ng.py [line:77] _connect INFO node 3's socket client fails to make connection to node 2 server 
2022-07-06 16:49:00,817 socket_client_ng.py [line:66] _connect INFO node 3's socket client starts to make outgoing connections to node 2 server 
2022-07-06 16:49:00,818 socket_client_ng.py [line:74] _connect INFO node 3's socket client made an outgoing connection to node 2 server 
2022-07-13 03:51:46,887 socket_client_ng.py [line:156] run INFO node id 3 is running on pid 3692 
2022-07-13 03:51:46,888 socket_client_ng.py [line:47] _connect_and_send_forever INFO node 3's socket client starts to make outgoing connections on process id 3692 
2022-07-13 03:51:46,888 socket_client_ng.py [line:66] _connect INFO node 3's socket client starts to make outgoing connections to node 0 server 
2022-07-13 03:51:46,893 socket_client_ng.py [line:74] _connect INFO node 3's socket client made an outgoing connection to node 0 server 
2022-07-13 03:51:46,893 socket_client_ng.py [line:66] _connect INFO node 3's socket client starts to make outgoing connections to node 1 server 
2022-07-13 03:51:46,893 socket_client_ng.py [line:74] _connect INFO node 3's socket client made an outgoing connection to node 1 server 
2022-07-13 03:51:46,893 socket_client_ng.py [line:66] _connect INFO node 3's socket client starts to make outgoing connections to node 2 server 
2022-07-13 03:51:46,893 socket_client_ng.py [line:74] _connect INFO node 3's socket client made an outgoing connection to node 2 server 
2022-07-13 03:51:46,893 socket_client_ng.py [line:66] _connect INFO node 3's socket client starts to make outgoing connections to node 3 server 
2022-07-13 03:51:46,893 socket_client_ng.py [line:74] _connect INFO node 3's socket client made an outgoing connection to node 3 server 
2022-07-13 03:57:25,689 socket_client_ng.py [line:156] run INFO node id 3 is running on pid 3996 
2022-07-13 03:57:25,690 socket_client_ng.py [line:47] _connect_and_send_forever INFO node 3's socket client starts to make outgoing connections on process id 3996 
2022-07-13 03:57:25,690 socket_client_ng.py [line:66] _connect INFO node 3's socket client starts to make outgoing connections to node 0 server 
2022-07-13 03:57:25,710 socket_client_ng.py [line:74] _connect INFO node 3's socket client made an outgoing connection to node 0 server 
2022-07-13 03:57:25,710 socket_client_ng.py [line:66] _connect INFO node 3's socket client starts to make outgoing connections to node 1 server 
2022-07-13 03:57:25,710 socket_client_ng.py [line:74] _connect INFO node 3's socket client made an outgoing connection to node 1 server 
2022-07-13 03:57:25,710 socket_client_ng.py [line:66] _connect INFO node 3's socket client starts to make outgoing connections to node 2 server 
2022-07-13 03:57:25,710 socket_client_ng.py [line:74] _connect INFO node 3's socket client made an outgoing connection to node 2 server 
2022-07-13 03:57:25,710 socket_client_ng.py [line:66] _connect INFO node 3's socket client starts to make outgoing connections to node 3 server 
2022-07-13 03:57:25,711 socket_client_ng.py [line:74] _connect INFO node 3's socket client made an outgoing connection to node 3 server 
2022-07-13 03:59:45,163 socket_client_ng.py [line:156] run INFO node id 3 is running on pid 4247 
2022-07-13 03:59:45,163 socket_client_ng.py [line:47] _connect_and_send_forever INFO node 3's socket client starts to make outgoing connections on process id 4247 
2022-07-13 03:59:45,163 socket_client_ng.py [line:66] _connect INFO node 3's socket client starts to make outgoing connections to node 0 server 
2022-07-13 03:59:45,180 socket_client_ng.py [line:74] _connect INFO node 3's socket client made an outgoing connection to node 0 server 
2022-07-13 03:59:45,180 socket_client_ng.py [line:66] _connect INFO node 3's socket client starts to make outgoing connections to node 1 server 
2022-07-13 03:59:45,180 socket_client_ng.py [line:77] _connect INFO node 3's socket client fails to make connection to node 1 server 
2022-07-13 03:59:45,180 socket_client_ng.py [line:66] _connect INFO node 3's socket client starts to make outgoing connections to node 2 server 
2022-07-13 03:59:45,180 socket_client_ng.py [line:77] _connect INFO node 3's socket client fails to make connection to node 2 server 
2022-07-13 03:59:45,180 socket_client_ng.py [line:66] _connect INFO node 3's socket client starts to make outgoing connections to node 3 server 
2022-07-13 03:59:45,181 socket_client_ng.py [line:74] _connect INFO node 3's socket client made an outgoing connection to node 3 server 
2022-07-13 03:59:45,181 socket_client_ng.py [line:66] _connect INFO node 3's socket client starts to make outgoing connections to node 1 server 
2022-07-13 03:59:45,181 socket_client_ng.py [line:77] _connect INFO node 3's socket client fails to make connection to node 1 server 
2022-07-13 03:59:45,181 socket_client_ng.py [line:66] _connect INFO node 3's socket client starts to make outgoing connections to node 2 server 
2022-07-13 03:59:45,181 socket_client_ng.py [line:77] _connect INFO node 3's socket client fails to make connection to node 2 server 
2022-07-13 03:59:45,181 socket_client_ng.py [line:66] _connect INFO node 3's socket client starts to make outgoing connections to node 1 server 
2022-07-13 03:59:45,181 socket_client_ng.py [line:77] _connect INFO node 3's socket client fails to make connection to node 1 server 
2022-07-13 03:59:45,181 socket_client_ng.py [line:66] _connect INFO node 3's socket client starts to make outgoing connections to node 2 server 
2022-07-13 03:59:45,182 socket_client_ng.py [line:77] _connect INFO node 3's socket client fails to make connection to node 2 server 
2022-07-13 03:59:45,182 socket_client_ng.py [line:66] _connect INFO node 3's socket client starts to make outgoing connections to node 1 server 
2022-07-13 03:59:45,182 socket_client_ng.py [line:77] _connect INFO node 3's socket client fails to make connection to node 1 server 
2022-07-13 03:59:45,182 socket_client_ng.py [line:66] _connect INFO node 3's socket client starts to make outgoing connections to node 2 server 
2022-07-13 03:59:45,182 socket_client_ng.py [line:77] _connect INFO node 3's socket client fails to make connection to node 2 server 
2022-07-13 03:59:45,182 socket_client_ng.py [line:66] _connect INFO node 3's socket client starts to make outgoing connections to node 1 server 
2022-07-13 03:59:45,182 socket_client_ng.py [line:77] _connect INFO node 3's socket client fails to make connection to node 1 server 
2022-07-13 03:59:45,182 socket_client_ng.py [line:66] _connect INFO node 3's socket client starts to make outgoing connections to node 2 server 
2022-07-13 03:59:45,183 socket_client_ng.py [line:77] _connect INFO node 3's socket client fails to make connection to node 2 server 
2022-07-13 03:59:45,183 socket_client_ng.py [line:66] _connect INFO node 3's socket client starts to make outgoing connections to node 1 server 
2022-07-13 03:59:45,183 socket_client_ng.py [line:77] _connect INFO node 3's socket client fails to make connection to node 1 server 
2022-07-13 03:59:45,183 socket_client_ng.py [line:66] _connect INFO node 3's socket client starts to make outgoing connections to node 2 server 
2022-07-13 03:59:45,183 socket_client_ng.py [line:77] _connect INFO node 3's socket client fails to make connection to node 2 server 
2022-07-13 03:59:45,183 socket_client_ng.py [line:66] _connect INFO node 3's socket client starts to make outgoing connections to node 1 server 
2022-07-13 03:59:45,183 socket_client_ng.py [line:77] _connect INFO node 3's socket client fails to make connection to node 1 server 
2022-07-13 03:59:45,183 socket_client_ng.py [line:66] _connect INFO node 3's socket client starts to make outgoing connections to node 2 server 
2022-07-13 03:59:45,184 socket_client_ng.py [line:77] _connect INFO node 3's socket client fails to make connection to node 2 server 
2022-07-13 03:59:45,184 socket_client_ng.py [line:66] _connect INFO node 3's socket client starts to make outgoing connections to node 1 server 
2022-07-13 03:59:45,184 socket_client_ng.py [line:77] _connect INFO node 3's socket client fails to make connection to node 1 server 
2022-07-13 03:59:45,184 socket_client_ng.py [line:66] _connect INFO node 3's socket client starts to make outgoing connections to node 2 server 
2022-07-13 03:59:45,184 socket_client_ng.py [line:77] _connect INFO node 3's socket client fails to make connection to node 2 server 
2022-07-13 03:59:45,184 socket_client_ng.py [line:66] _connect INFO node 3's socket client starts to make outgoing connections to node 1 server 
2022-07-13 03:59:45,184 socket_client_ng.py [line:77] _connect INFO node 3's socket client fails to make connection to node 1 server 
2022-07-13 03:59:45,185 socket_client_ng.py [line:66] _connect INFO node 3's socket client starts to make outgoing connections to node 2 server 
2022-07-13 03:59:45,185 socket_client_ng.py [line:77] _connect INFO node 3's socket client fails to make connection to node 2 server 
2022-07-13 03:59:45,185 socket_client_ng.py [line:66] _connect INFO node 3's socket client starts to make outgoing connections to node 1 server 
2022-07-13 03:59:45,185 socket_client_ng.py [line:77] _connect INFO node 3's socket client fails to make connection to node 1 server 
2022-07-13 03:59:45,185 socket_client_ng.py [line:66] _connect INFO node 3's socket client starts to make outgoing connections to node 2 server 
2022-07-13 03:59:45,185 socket_client_ng.py [line:77] _connect INFO node 3's socket client fails to make connection to node 2 server 
2022-07-13 03:59:45,185 socket_client_ng.py [line:66] _connect INFO node 3's socket client starts to make outgoing connections to node 1 server 
2022-07-13 03:59:45,186 socket_client_ng.py [line:77] _connect INFO node 3's socket client fails to make connection to node 1 server 
2022-07-13 03:59:45,186 socket_client_ng.py [line:66] _connect INFO node 3's socket client starts to make outgoing connections to node 2 server 
2022-07-13 03:59:45,186 socket_client_ng.py [line:77] _connect INFO node 3's socket client fails to make connection to node 2 server 
2022-07-13 03:59:45,186 socket_client_ng.py [line:66] _connect INFO node 3's socket client starts to make outgoing connections to node 1 server 
2022-07-13 03:59:45,186 socket_client_ng.py [line:77] _connect INFO node 3's socket client fails to make connection to node 1 server 
2022-07-13 03:59:45,186 socket_client_ng.py [line:66] _connect INFO node 3's socket client starts to make outgoing connections to node 2 server 
2022-07-13 03:59:45,186 socket_client_ng.py [line:77] _connect INFO node 3's socket client fails to make connection to node 2 server 
2022-07-13 03:59:45,186 socket_client_ng.py [line:66] _connect INFO node 3's socket client starts to make outgoing connections to node 1 server 
2022-07-13 03:59:45,187 socket_client_ng.py [line:77] _connect INFO node 3's socket client fails to make connection to node 1 server 
2022-07-13 03:59:45,187 socket_client_ng.py [line:66] _connect INFO node 3's socket client starts to make outgoing connections to node 2 server 
2022-07-13 03:59:45,187 socket_client_ng.py [line:77] _connect INFO node 3's socket client fails to make connection to node 2 server 
2022-07-13 03:59:45,187 socket_client_ng.py [line:66] _connect INFO node 3's socket client starts to make outgoing connections to node 1 server 
2022-07-13 03:59:45,187 socket_client_ng.py [line:77] _connect INFO node 3's socket client fails to make connection to node 1 server 
2022-07-13 03:59:45,187 socket_client_ng.py [line:66] _connect INFO node 3's socket client starts to make outgoing connections to node 2 server 
2022-07-13 03:59:45,187 socket_client_ng.py [line:77] _connect INFO node 3's socket client fails to make connection to node 2 server 
2022-07-13 03:59:45,187 socket_client_ng.py [line:66] _connect INFO node 3's socket client starts to make outgoing connections to node 1 server 
2022-07-13 03:59:45,188 socket_client_ng.py [line:77] _connect INFO node 3's socket client fails to make connection to node 1 server 
2022-07-13 03:59:45,188 socket_client_ng.py [line:66] _connect INFO node 3's socket client starts to make outgoing connections to node 2 server 
2022-07-13 03:59:45,188 socket_client_ng.py [line:77] _connect INFO node 3's socket client fails to make connection to node 2 server 
2022-07-13 03:59:45,188 socket_client_ng.py [line:66] _connect INFO node 3's socket client starts to make outgoing connections to node 1 server 
2022-07-13 03:59:45,188 socket_client_ng.py [line:77] _connect INFO node 3's socket client fails to make connection to node 1 server 
2022-07-13 03:59:45,188 socket_client_ng.py [line:66] _connect INFO node 3's socket client starts to make outgoing connections to node 2 server 
2022-07-13 03:59:45,189 socket_client_ng.py [line:77] _connect INFO node 3's socket client fails to make connection to node 2 server 
2022-07-13 03:59:45,189 socket_client_ng.py [line:66] _connect INFO node 3's socket client starts to make outgoing connections to node 1 server 
2022-07-13 03:59:45,189 socket_client_ng.py [line:77] _connect INFO node 3's socket client fails to make connection to node 1 server 
2022-07-13 03:59:45,189 socket_client_ng.py [line:66] _connect INFO node 3's socket client starts to make outgoing connections to node 2 server 
2022-07-13 03:59:45,189 socket_client_ng.py [line:77] _connect INFO node 3's socket client fails to make connection to node 2 server 
2022-07-13 03:59:45,189 socket_client_ng.py [line:66] _connect INFO node 3's socket client starts to make outgoing connections to node 1 server 
2022-07-13 03:59:45,189 socket_client_ng.py [line:77] _connect INFO node 3's socket client fails to make connection to node 1 server 
2022-07-13 03:59:45,189 socket_client_ng.py [line:66] _connect INFO node 3's socket client starts to make outgoing connections to node 2 server 
2022-07-13 03:59:45,190 socket_client_ng.py [line:77] _connect INFO node 3's socket client fails to make connection to node 2 server 
2022-07-13 03:59:45,190 socket_client_ng.py [line:66] _connect INFO node 3's socket client starts to make outgoing connections to node 1 server 
2022-07-13 03:59:45,190 socket_client_ng.py [line:77] _connect INFO node 3's socket client fails to make connection to node 1 server 
2022-07-13 03:59:45,190 socket_client_ng.py [line:66] _connect INFO node 3's socket client starts to make outgoing connections to node 2 server 
2022-07-13 03:59:45,190 socket_client_ng.py [line:77] _connect INFO node 3's socket client fails to make connection to node 2 server 
2022-07-13 03:59:45,190 socket_client_ng.py [line:66] _connect INFO node 3's socket client starts to make outgoing connections to node 1 server 
2022-07-13 03:59:45,190 socket_client_ng.py [line:77] _connect INFO node 3's socket client fails to make connection to node 1 server 
2022-07-13 03:59:45,190 socket_client_ng.py [line:66] _connect INFO node 3's socket client starts to make outgoing connections to node 2 server 
2022-07-13 03:59:45,191 socket_client_ng.py [line:77] _connect INFO node 3's socket client fails to make connection to node 2 server 
2022-07-13 03:59:45,191 socket_client_ng.py [line:66] _connect INFO node 3's socket client starts to make outgoing connections to node 1 server 
2022-07-13 03:59:45,191 socket_client_ng.py [line:77] _connect INFO node 3's socket client fails to make connection to node 1 server 
2022-07-13 03:59:45,191 socket_client_ng.py [line:66] _connect INFO node 3's socket client starts to make outgoing connections to node 2 server 
2022-07-13 03:59:45,191 socket_client_ng.py [line:77] _connect INFO node 3's socket client fails to make connection to node 2 server 
2022-07-13 03:59:45,191 socket_client_ng.py [line:66] _connect INFO node 3's socket client starts to make outgoing connections to node 1 server 
2022-07-13 03:59:45,191 socket_client_ng.py [line:77] _connect INFO node 3's socket client fails to make connection to node 1 server 
2022-07-13 03:59:45,191 socket_client_ng.py [line:66] _connect INFO node 3's socket client starts to make outgoing connections to node 2 server 
2022-07-13 03:59:45,192 socket_client_ng.py [line:77] _connect INFO node 3's socket client fails to make connection to node 2 server 
2022-07-13 03:59:45,192 socket_client_ng.py [line:66] _connect INFO node 3's socket client starts to make outgoing connections to node 1 server 
2022-07-13 03:59:45,192 socket_client_ng.py [line:77] _connect INFO node 3's socket client fails to make connection to node 1 server 
2022-07-13 03:59:45,192 socket_client_ng.py [line:66] _connect INFO node 3's socket client starts to make outgoing connections to node 2 server 
2022-07-13 03:59:45,192 socket_client_ng.py [line:77] _connect INFO node 3's socket client fails to make connection to node 2 server 
2022-07-13 03:59:45,192 socket_client_ng.py [line:66] _connect INFO node 3's socket client starts to make outgoing connections to node 1 server 
2022-07-13 03:59:45,192 socket_client_ng.py [line:77] _connect INFO node 3's socket client fails to make connection to node 1 server 
2022-07-13 03:59:45,192 socket_client_ng.py [line:66] _connect INFO node 3's socket client starts to make outgoing connections to node 2 server 
2022-07-13 03:59:45,193 socket_client_ng.py [line:77] _connect INFO node 3's socket client fails to make connection to node 2 server 
2022-07-13 03:59:45,193 socket_client_ng.py [line:66] _connect INFO node 3's socket client starts to make outgoing connections to node 1 server 
2022-07-13 03:59:45,193 socket_client_ng.py [line:77] _connect INFO node 3's socket client fails to make connection to node 1 server 
2022-07-13 03:59:45,193 socket_client_ng.py [line:66] _connect INFO node 3's socket client starts to make outgoing connections to node 2 server 
2022-07-13 03:59:45,193 socket_client_ng.py [line:77] _connect INFO node 3's socket client fails to make connection to node 2 server 
2022-07-13 03:59:45,193 socket_client_ng.py [line:66] _connect INFO node 3's socket client starts to make outgoing connections to node 1 server 
2022-07-13 03:59:45,193 socket_client_ng.py [line:77] _connect INFO node 3's socket client fails to make connection to node 1 server 
2022-07-13 03:59:45,193 socket_client_ng.py [line:66] _connect INFO node 3's socket client starts to make outgoing connections to node 2 server 
2022-07-13 03:59:45,194 socket_client_ng.py [line:77] _connect INFO node 3's socket client fails to make connection to node 2 server 
2022-07-13 03:59:45,194 socket_client_ng.py [line:66] _connect INFO node 3's socket client starts to make outgoing connections to node 1 server 
2022-07-13 03:59:45,194 socket_client_ng.py [line:77] _connect INFO node 3's socket client fails to make connection to node 1 server 
2022-07-13 03:59:45,194 socket_client_ng.py [line:66] _connect INFO node 3's socket client starts to make outgoing connections to node 2 server 
2022-07-13 03:59:45,194 socket_client_ng.py [line:77] _connect INFO node 3's socket client fails to make connection to node 2 server 
2022-07-13 03:59:45,194 socket_client_ng.py [line:66] _connect INFO node 3's socket client starts to make outgoing connections to node 1 server 
2022-07-13 03:59:45,194 socket_client_ng.py [line:77] _connect INFO node 3's socket client fails to make connection to node 1 server 
2022-07-13 03:59:45,195 socket_client_ng.py [line:66] _connect INFO node 3's socket client starts to make outgoing connections to node 2 server 
2022-07-13 03:59:45,195 socket_client_ng.py [line:77] _connect INFO node 3's socket client fails to make connection to node 2 server 
2022-07-13 03:59:45,195 socket_client_ng.py [line:66] _connect INFO node 3's socket client starts to make outgoing connections to node 1 server 
2022-07-13 03:59:45,195 socket_client_ng.py [line:77] _connect INFO node 3's socket client fails to make connection to node 1 server 
2022-07-13 03:59:45,195 socket_client_ng.py [line:66] _connect INFO node 3's socket client starts to make outgoing connections to node 2 server 
2022-07-13 03:59:45,195 socket_client_ng.py [line:77] _connect INFO node 3's socket client fails to make connection to node 2 server 
2022-07-13 03:59:45,195 socket_client_ng.py [line:66] _connect INFO node 3's socket client starts to make outgoing connections to node 1 server 
2022-07-13 03:59:45,196 socket_client_ng.py [line:77] _connect INFO node 3's socket client fails to make connection to node 1 server 
2022-07-13 03:59:45,196 socket_client_ng.py [line:66] _connect INFO node 3's socket client starts to make outgoing connections to node 2 server 
2022-07-13 03:59:45,196 socket_client_ng.py [line:77] _connect INFO node 3's socket client fails to make connection to node 2 server 
2022-07-13 03:59:45,196 socket_client_ng.py [line:66] _connect INFO node 3's socket client starts to make outgoing connections to node 1 server 
2022-07-13 03:59:45,196 socket_client_ng.py [line:77] _connect INFO node 3's socket client fails to make connection to node 1 server 
2022-07-13 03:59:45,196 socket_client_ng.py [line:66] _connect INFO node 3's socket client starts to make outgoing connections to node 2 server 
2022-07-13 03:59:45,196 socket_client_ng.py [line:77] _connect INFO node 3's socket client fails to make connection to node 2 server 
2022-07-13 03:59:45,196 socket_client_ng.py [line:66] _connect INFO node 3's socket client starts to make outgoing connections to node 1 server 
2022-07-13 03:59:45,197 socket_client_ng.py [line:77] _connect INFO node 3's socket client fails to make connection to node 1 server 
2022-07-13 03:59:45,197 socket_client_ng.py [line:66] _connect INFO node 3's socket client starts to make outgoing connections to node 2 server 
2022-07-13 03:59:45,197 socket_client_ng.py [line:77] _connect INFO node 3's socket client fails to make connection to node 2 server 
2022-07-13 03:59:45,197 socket_client_ng.py [line:66] _connect INFO node 3's socket client starts to make outgoing connections to node 1 server 
2022-07-13 03:59:45,197 socket_client_ng.py [line:77] _connect INFO node 3's socket client fails to make connection to node 1 server 
2022-07-13 03:59:45,197 socket_client_ng.py [line:66] _connect INFO node 3's socket client starts to make outgoing connections to node 2 server 
2022-07-13 03:59:45,197 socket_client_ng.py [line:77] _connect INFO node 3's socket client fails to make connection to node 2 server 
2022-07-13 03:59:45,197 socket_client_ng.py [line:66] _connect INFO node 3's socket client starts to make outgoing connections to node 1 server 
2022-07-13 03:59:45,198 socket_client_ng.py [line:77] _connect INFO node 3's socket client fails to make connection to node 1 server 
2022-07-13 03:59:45,198 socket_client_ng.py [line:66] _connect INFO node 3's socket client starts to make outgoing connections to node 2 server 
2022-07-13 03:59:45,198 socket_client_ng.py [line:77] _connect INFO node 3's socket client fails to make connection to node 2 server 
2022-07-13 03:59:45,198 socket_client_ng.py [line:66] _connect INFO node 3's socket client starts to make outgoing connections to node 1 server 
2022-07-13 03:59:45,198 socket_client_ng.py [line:77] _connect INFO node 3's socket client fails to make connection to node 1 server 
2022-07-13 03:59:45,198 socket_client_ng.py [line:66] _connect INFO node 3's socket client starts to make outgoing connections to node 2 server 
2022-07-13 03:59:45,198 socket_client_ng.py [line:77] _connect INFO node 3's socket client fails to make connection to node 2 server 
2022-07-13 03:59:45,198 socket_client_ng.py [line:66] _connect INFO node 3's socket client starts to make outgoing connections to node 1 server 
2022-07-13 03:59:45,199 socket_client_ng.py [line:77] _connect INFO node 3's socket client fails to make connection to node 1 server 
2022-07-13 03:59:45,199 socket_client_ng.py [line:66] _connect INFO node 3's socket client starts to make outgoing connections to node 2 server 
2022-07-13 03:59:45,199 socket_client_ng.py [line:77] _connect INFO node 3's socket client fails to make connection to node 2 server 
2022-07-13 03:59:45,199 socket_client_ng.py [line:66] _connect INFO node 3's socket client starts to make outgoing connections to node 1 server 
2022-07-13 03:59:45,199 socket_client_ng.py [line:77] _connect INFO node 3's socket client fails to make connection to node 1 server 
2022-07-13 03:59:45,199 socket_client_ng.py [line:66] _connect INFO node 3's socket client starts to make outgoing connections to node 2 server 
2022-07-13 03:59:45,199 socket_client_ng.py [line:77] _connect INFO node 3's socket client fails to make connection to node 2 server 
2022-07-13 03:59:45,199 socket_client_ng.py [line:66] _connect INFO node 3's socket client starts to make outgoing connections to node 1 server 
2022-07-13 03:59:45,200 socket_client_ng.py [line:77] _connect INFO node 3's socket client fails to make connection to node 1 server 
2022-07-13 03:59:45,200 socket_client_ng.py [line:66] _connect INFO node 3's socket client starts to make outgoing connections to node 2 server 
2022-07-13 03:59:45,200 socket_client_ng.py [line:77] _connect INFO node 3's socket client fails to make connection to node 2 server 
2022-07-13 03:59:45,200 socket_client_ng.py [line:66] _connect INFO node 3's socket client starts to make outgoing connections to node 1 server 
2022-07-13 03:59:45,200 socket_client_ng.py [line:77] _connect INFO node 3's socket client fails to make connection to node 1 server 
2022-07-13 03:59:45,200 socket_client_ng.py [line:66] _connect INFO node 3's socket client starts to make outgoing connections to node 2 server 
2022-07-13 03:59:45,200 socket_client_ng.py [line:77] _connect INFO node 3's socket client fails to make connection to node 2 server 
2022-07-13 03:59:45,200 socket_client_ng.py [line:66] _connect INFO node 3's socket client starts to make outgoing connections to node 1 server 
2022-07-13 03:59:45,201 socket_client_ng.py [line:77] _connect INFO node 3's socket client fails to make connection to node 1 server 
2022-07-13 03:59:45,201 socket_client_ng.py [line:66] _connect INFO node 3's socket client starts to make outgoing connections to node 2 server 
2022-07-13 03:59:45,201 socket_client_ng.py [line:77] _connect INFO node 3's socket client fails to make connection to node 2 server 
2022-07-13 03:59:45,201 socket_client_ng.py [line:66] _connect INFO node 3's socket client starts to make outgoing connections to node 1 server 
2022-07-13 03:59:45,201 socket_client_ng.py [line:77] _connect INFO node 3's socket client fails to make connection to node 1 server 
2022-07-13 03:59:45,201 socket_client_ng.py [line:66] _connect INFO node 3's socket client starts to make outgoing connections to node 2 server 
2022-07-13 03:59:45,201 socket_client_ng.py [line:77] _connect INFO node 3's socket client fails to make connection to node 2 server 
2022-07-13 03:59:45,202 socket_client_ng.py [line:66] _connect INFO node 3's socket client starts to make outgoing connections to node 1 server 
2022-07-13 03:59:45,202 socket_client_ng.py [line:77] _connect INFO node 3's socket client fails to make connection to node 1 server 
2022-07-13 03:59:45,202 socket_client_ng.py [line:66] _connect INFO node 3's socket client starts to make outgoing connections to node 2 server 
2022-07-13 03:59:45,202 socket_client_ng.py [line:77] _connect INFO node 3's socket client fails to make connection to node 2 server 
2022-07-13 03:59:45,202 socket_client_ng.py [line:66] _connect INFO node 3's socket client starts to make outgoing connections to node 1 server 
2022-07-13 03:59:45,202 socket_client_ng.py [line:77] _connect INFO node 3's socket client fails to make connection to node 1 server 
2022-07-13 03:59:45,202 socket_client_ng.py [line:66] _connect INFO node 3's socket client starts to make outgoing connections to node 2 server 
2022-07-13 03:59:45,202 socket_client_ng.py [line:77] _connect INFO node 3's socket client fails to make connection to node 2 server 
2022-07-13 03:59:45,203 socket_client_ng.py [line:66] _connect INFO node 3's socket client starts to make outgoing connections to node 1 server 
2022-07-13 03:59:45,203 socket_client_ng.py [line:77] _connect INFO node 3's socket client fails to make connection to node 1 server 
2022-07-13 03:59:45,203 socket_client_ng.py [line:66] _connect INFO node 3's socket client starts to make outgoing connections to node 2 server 
2022-07-13 03:59:45,203 socket_client_ng.py [line:77] _connect INFO node 3's socket client fails to make connection to node 2 server 
2022-07-13 03:59:45,203 socket_client_ng.py [line:66] _connect INFO node 3's socket client starts to make outgoing connections to node 1 server 
2022-07-13 03:59:45,203 socket_client_ng.py [line:77] _connect INFO node 3's socket client fails to make connection to node 1 server 
2022-07-13 03:59:45,203 socket_client_ng.py [line:66] _connect INFO node 3's socket client starts to make outgoing connections to node 2 server 
2022-07-13 03:59:45,203 socket_client_ng.py [line:77] _connect INFO node 3's socket client fails to make connection to node 2 server 
2022-07-13 03:59:45,203 socket_client_ng.py [line:66] _connect INFO node 3's socket client starts to make outgoing connections to node 1 server 
2022-07-13 03:59:45,204 socket_client_ng.py [line:77] _connect INFO node 3's socket client fails to make connection to node 1 server 
2022-07-13 03:59:45,204 socket_client_ng.py [line:66] _connect INFO node 3's socket client starts to make outgoing connections to node 2 server 
2022-07-13 03:59:45,204 socket_client_ng.py [line:77] _connect INFO node 3's socket client fails to make connection to node 2 server 
2022-07-13 03:59:45,204 socket_client_ng.py [line:66] _connect INFO node 3's socket client starts to make outgoing connections to node 1 server 
2022-07-13 03:59:45,204 socket_client_ng.py [line:77] _connect INFO node 3's socket client fails to make connection to node 1 server 
2022-07-13 03:59:45,204 socket_client_ng.py [line:66] _connect INFO node 3's socket client starts to make outgoing connections to node 2 server 
2022-07-13 03:59:45,204 socket_client_ng.py [line:77] _connect INFO node 3's socket client fails to make connection to node 2 server 
2022-07-13 03:59:45,204 socket_client_ng.py [line:66] _connect INFO node 3's socket client starts to make outgoing connections to node 1 server 
2022-07-13 03:59:45,205 socket_client_ng.py [line:77] _connect INFO node 3's socket client fails to make connection to node 1 server 
2022-07-13 03:59:45,205 socket_client_ng.py [line:66] _connect INFO node 3's socket client starts to make outgoing connections to node 2 server 
2022-07-13 03:59:45,205 socket_client_ng.py [line:77] _connect INFO node 3's socket client fails to make connection to node 2 server 
2022-07-13 03:59:45,205 socket_client_ng.py [line:66] _connect INFO node 3's socket client starts to make outgoing connections to node 1 server 
2022-07-13 03:59:45,205 socket_client_ng.py [line:77] _connect INFO node 3's socket client fails to make connection to node 1 server 
2022-07-13 03:59:45,205 socket_client_ng.py [line:66] _connect INFO node 3's socket client starts to make outgoing connections to node 2 server 
2022-07-13 03:59:45,205 socket_client_ng.py [line:77] _connect INFO node 3's socket client fails to make connection to node 2 server 
2022-07-13 03:59:45,205 socket_client_ng.py [line:66] _connect INFO node 3's socket client starts to make outgoing connections to node 1 server 
2022-07-13 03:59:45,206 socket_client_ng.py [line:77] _connect INFO node 3's socket client fails to make connection to node 1 server 
2022-07-13 03:59:45,206 socket_client_ng.py [line:66] _connect INFO node 3's socket client starts to make outgoing connections to node 2 server 
2022-07-13 03:59:45,206 socket_client_ng.py [line:77] _connect INFO node 3's socket client fails to make connection to node 2 server 
2022-07-13 03:59:45,206 socket_client_ng.py [line:66] _connect INFO node 3's socket client starts to make outgoing connections to node 1 server 
2022-07-13 03:59:45,206 socket_client_ng.py [line:77] _connect INFO node 3's socket client fails to make connection to node 1 server 
2022-07-13 03:59:45,206 socket_client_ng.py [line:66] _connect INFO node 3's socket client starts to make outgoing connections to node 2 server 
2022-07-13 03:59:45,206 socket_client_ng.py [line:74] _connect INFO node 3's socket client made an outgoing connection to node 2 server 
2022-07-13 03:59:45,206 socket_client_ng.py [line:66] _connect INFO node 3's socket client starts to make outgoing connections to node 1 server 
2022-07-13 03:59:45,207 socket_client_ng.py [line:77] _connect INFO node 3's socket client fails to make connection to node 1 server 
2022-07-13 03:59:45,207 socket_client_ng.py [line:66] _connect INFO node 3's socket client starts to make outgoing connections to node 1 server 
2022-07-13 03:59:45,207 socket_client_ng.py [line:77] _connect INFO node 3's socket client fails to make connection to node 1 server 
2022-07-13 03:59:45,207 socket_client_ng.py [line:66] _connect INFO node 3's socket client starts to make outgoing connections to node 1 server 
2022-07-13 03:59:45,207 socket_client_ng.py [line:77] _connect INFO node 3's socket client fails to make connection to node 1 server 
2022-07-13 03:59:45,207 socket_client_ng.py [line:66] _connect INFO node 3's socket client starts to make outgoing connections to node 1 server 
2022-07-13 03:59:45,207 socket_client_ng.py [line:77] _connect INFO node 3's socket client fails to make connection to node 1 server 
2022-07-13 03:59:45,207 socket_client_ng.py [line:66] _connect INFO node 3's socket client starts to make outgoing connections to node 1 server 
2022-07-13 03:59:45,207 socket_client_ng.py [line:77] _connect INFO node 3's socket client fails to make connection to node 1 server 
2022-07-13 03:59:45,208 socket_client_ng.py [line:66] _connect INFO node 3's socket client starts to make outgoing connections to node 1 server 
2022-07-13 03:59:45,208 socket_client_ng.py [line:77] _connect INFO node 3's socket client fails to make connection to node 1 server 
2022-07-13 03:59:45,208 socket_client_ng.py [line:66] _connect INFO node 3's socket client starts to make outgoing connections to node 1 server 
2022-07-13 03:59:45,208 socket_client_ng.py [line:77] _connect INFO node 3's socket client fails to make connection to node 1 server 
2022-07-13 03:59:45,208 socket_client_ng.py [line:66] _connect INFO node 3's socket client starts to make outgoing connections to node 1 server 
2022-07-13 03:59:45,208 socket_client_ng.py [line:77] _connect INFO node 3's socket client fails to make connection to node 1 server 
2022-07-13 03:59:45,208 socket_client_ng.py [line:66] _connect INFO node 3's socket client starts to make outgoing connections to node 1 server 
2022-07-13 03:59:45,208 socket_client_ng.py [line:77] _connect INFO node 3's socket client fails to make connection to node 1 server 
2022-07-13 03:59:45,208 socket_client_ng.py [line:66] _connect INFO node 3's socket client starts to make outgoing connections to node 1 server 
2022-07-13 03:59:45,209 socket_client_ng.py [line:77] _connect INFO node 3's socket client fails to make connection to node 1 server 
2022-07-13 03:59:45,209 socket_client_ng.py [line:66] _connect INFO node 3's socket client starts to make outgoing connections to node 1 server 
2022-07-13 03:59:45,209 socket_client_ng.py [line:77] _connect INFO node 3's socket client fails to make connection to node 1 server 
2022-07-13 03:59:45,209 socket_client_ng.py [line:66] _connect INFO node 3's socket client starts to make outgoing connections to node 1 server 
2022-07-13 03:59:45,209 socket_client_ng.py [line:77] _connect INFO node 3's socket client fails to make connection to node 1 server 
2022-07-13 03:59:45,209 socket_client_ng.py [line:66] _connect INFO node 3's socket client starts to make outgoing connections to node 1 server 
2022-07-13 03:59:45,209 socket_client_ng.py [line:77] _connect INFO node 3's socket client fails to make connection to node 1 server 
2022-07-13 03:59:45,209 socket_client_ng.py [line:66] _connect INFO node 3's socket client starts to make outgoing connections to node 1 server 
2022-07-13 03:59:45,210 socket_client_ng.py [line:77] _connect INFO node 3's socket client fails to make connection to node 1 server 
2022-07-13 03:59:45,210 socket_client_ng.py [line:66] _connect INFO node 3's socket client starts to make outgoing connections to node 1 server 
2022-07-13 03:59:45,210 socket_client_ng.py [line:77] _connect INFO node 3's socket client fails to make connection to node 1 server 
2022-07-13 03:59:45,210 socket_client_ng.py [line:66] _connect INFO node 3's socket client starts to make outgoing connections to node 1 server 
2022-07-13 03:59:45,210 socket_client_ng.py [line:77] _connect INFO node 3's socket client fails to make connection to node 1 server 
2022-07-13 03:59:45,210 socket_client_ng.py [line:66] _connect INFO node 3's socket client starts to make outgoing connections to node 1 server 
2022-07-13 03:59:45,210 socket_client_ng.py [line:77] _connect INFO node 3's socket client fails to make connection to node 1 server 
2022-07-13 03:59:45,210 socket_client_ng.py [line:66] _connect INFO node 3's socket client starts to make outgoing connections to node 1 server 
2022-07-13 03:59:45,211 socket_client_ng.py [line:77] _connect INFO node 3's socket client fails to make connection to node 1 server 
2022-07-13 03:59:45,211 socket_client_ng.py [line:66] _connect INFO node 3's socket client starts to make outgoing connections to node 1 server 
2022-07-13 03:59:45,211 socket_client_ng.py [line:77] _connect INFO node 3's socket client fails to make connection to node 1 server 
2022-07-13 03:59:45,211 socket_client_ng.py [line:66] _connect INFO node 3's socket client starts to make outgoing connections to node 1 server 
2022-07-13 03:59:45,211 socket_client_ng.py [line:77] _connect INFO node 3's socket client fails to make connection to node 1 server 
2022-07-13 03:59:45,211 socket_client_ng.py [line:66] _connect INFO node 3's socket client starts to make outgoing connections to node 1 server 
2022-07-13 03:59:45,211 socket_client_ng.py [line:77] _connect INFO node 3's socket client fails to make connection to node 1 server 
2022-07-13 03:59:45,211 socket_client_ng.py [line:66] _connect INFO node 3's socket client starts to make outgoing connections to node 1 server 
2022-07-13 03:59:45,212 socket_client_ng.py [line:77] _connect INFO node 3's socket client fails to make connection to node 1 server 
2022-07-13 03:59:45,212 socket_client_ng.py [line:66] _connect INFO node 3's socket client starts to make outgoing connections to node 1 server 
2022-07-13 03:59:45,212 socket_client_ng.py [line:77] _connect INFO node 3's socket client fails to make connection to node 1 server 
2022-07-13 03:59:45,212 socket_client_ng.py [line:66] _connect INFO node 3's socket client starts to make outgoing connections to node 1 server 
2022-07-13 03:59:45,212 socket_client_ng.py [line:77] _connect INFO node 3's socket client fails to make connection to node 1 server 
2022-07-13 03:59:45,212 socket_client_ng.py [line:66] _connect INFO node 3's socket client starts to make outgoing connections to node 1 server 
2022-07-13 03:59:45,212 socket_client_ng.py [line:77] _connect INFO node 3's socket client fails to make connection to node 1 server 
2022-07-13 03:59:45,212 socket_client_ng.py [line:66] _connect INFO node 3's socket client starts to make outgoing connections to node 1 server 
2022-07-13 03:59:45,212 socket_client_ng.py [line:77] _connect INFO node 3's socket client fails to make connection to node 1 server 
2022-07-13 03:59:45,213 socket_client_ng.py [line:66] _connect INFO node 3's socket client starts to make outgoing connections to node 1 server 
2022-07-13 03:59:45,213 socket_client_ng.py [line:77] _connect INFO node 3's socket client fails to make connection to node 1 server 
2022-07-13 03:59:45,213 socket_client_ng.py [line:66] _connect INFO node 3's socket client starts to make outgoing connections to node 1 server 
2022-07-13 03:59:45,213 socket_client_ng.py [line:77] _connect INFO node 3's socket client fails to make connection to node 1 server 
2022-07-13 03:59:45,213 socket_client_ng.py [line:66] _connect INFO node 3's socket client starts to make outgoing connections to node 1 server 
2022-07-13 03:59:45,213 socket_client_ng.py [line:77] _connect INFO node 3's socket client fails to make connection to node 1 server 
2022-07-13 03:59:45,213 socket_client_ng.py [line:66] _connect INFO node 3's socket client starts to make outgoing connections to node 1 server 
2022-07-13 03:59:45,213 socket_client_ng.py [line:77] _connect INFO node 3's socket client fails to make connection to node 1 server 
2022-07-13 03:59:45,214 socket_client_ng.py [line:66] _connect INFO node 3's socket client starts to make outgoing connections to node 1 server 
2022-07-13 03:59:45,214 socket_client_ng.py [line:77] _connect INFO node 3's socket client fails to make connection to node 1 server 
2022-07-13 03:59:45,214 socket_client_ng.py [line:66] _connect INFO node 3's socket client starts to make outgoing connections to node 1 server 
2022-07-13 03:59:45,214 socket_client_ng.py [line:77] _connect INFO node 3's socket client fails to make connection to node 1 server 
2022-07-13 03:59:45,214 socket_client_ng.py [line:66] _connect INFO node 3's socket client starts to make outgoing connections to node 1 server 
2022-07-13 03:59:45,214 socket_client_ng.py [line:77] _connect INFO node 3's socket client fails to make connection to node 1 server 
2022-07-13 03:59:45,214 socket_client_ng.py [line:66] _connect INFO node 3's socket client starts to make outgoing connections to node 1 server 
2022-07-13 03:59:45,214 socket_client_ng.py [line:77] _connect INFO node 3's socket client fails to make connection to node 1 server 
2022-07-13 03:59:45,215 socket_client_ng.py [line:66] _connect INFO node 3's socket client starts to make outgoing connections to node 1 server 
2022-07-13 03:59:45,215 socket_client_ng.py [line:77] _connect INFO node 3's socket client fails to make connection to node 1 server 
2022-07-13 03:59:45,215 socket_client_ng.py [line:66] _connect INFO node 3's socket client starts to make outgoing connections to node 1 server 
2022-07-13 03:59:45,215 socket_client_ng.py [line:74] _connect INFO node 3's socket client made an outgoing connection to node 1 server 
2022-07-13 04:01:38,919 socket_client_ng.py [line:156] run INFO node id 3 is running on pid 4486 
2022-07-13 04:01:38,920 socket_client_ng.py [line:47] _connect_and_send_forever INFO node 3's socket client starts to make outgoing connections on process id 4486 
2022-07-13 04:01:38,920 socket_client_ng.py [line:66] _connect INFO node 3's socket client starts to make outgoing connections to node 0 server 
2022-07-13 04:01:38,944 socket_client_ng.py [line:74] _connect INFO node 3's socket client made an outgoing connection to node 0 server 
2022-07-13 04:01:38,945 socket_client_ng.py [line:66] _connect INFO node 3's socket client starts to make outgoing connections to node 1 server 
2022-07-13 04:01:38,945 socket_client_ng.py [line:74] _connect INFO node 3's socket client made an outgoing connection to node 1 server 
2022-07-13 04:01:38,945 socket_client_ng.py [line:66] _connect INFO node 3's socket client starts to make outgoing connections to node 2 server 
2022-07-13 04:01:38,945 socket_client_ng.py [line:74] _connect INFO node 3's socket client made an outgoing connection to node 2 server 
2022-07-13 04:01:38,945 socket_client_ng.py [line:66] _connect INFO node 3's socket client starts to make outgoing connections to node 3 server 
2022-07-13 04:01:38,946 socket_client_ng.py [line:74] _connect INFO node 3's socket client made an outgoing connection to node 3 server 
2022-07-13 04:03:53,915 socket_client_ng.py [line:156] run INFO node id 3 is running on pid 4753 
2022-07-13 04:03:53,916 socket_client_ng.py [line:47] _connect_and_send_forever INFO node 3's socket client starts to make outgoing connections on process id 4753 
2022-07-13 04:03:53,916 socket_client_ng.py [line:66] _connect INFO node 3's socket client starts to make outgoing connections to node 0 server 
2022-07-13 04:03:53,935 socket_client_ng.py [line:74] _connect INFO node 3's socket client made an outgoing connection to node 0 server 
2022-07-13 04:03:53,935 socket_client_ng.py [line:66] _connect INFO node 3's socket client starts to make outgoing connections to node 1 server 
2022-07-13 04:03:53,935 socket_client_ng.py [line:74] _connect INFO node 3's socket client made an outgoing connection to node 1 server 
2022-07-13 04:03:53,935 socket_client_ng.py [line:66] _connect INFO node 3's socket client starts to make outgoing connections to node 2 server 
2022-07-13 04:03:53,936 socket_client_ng.py [line:74] _connect INFO node 3's socket client made an outgoing connection to node 2 server 
2022-07-13 04:03:53,936 socket_client_ng.py [line:66] _connect INFO node 3's socket client starts to make outgoing connections to node 3 server 
2022-07-13 04:03:53,936 socket_client_ng.py [line:74] _connect INFO node 3's socket client made an outgoing connection to node 3 server 
2022-07-13 04:05:34,873 socket_client_ng.py [line:156] run INFO node id 3 is running on pid 5119 
2022-07-13 04:05:34,874 socket_client_ng.py [line:47] _connect_and_send_forever INFO node 3's socket client starts to make outgoing connections on process id 5119 
2022-07-13 04:05:34,874 socket_client_ng.py [line:66] _connect INFO node 3's socket client starts to make outgoing connections to node 0 server 
2022-07-13 04:05:34,907 socket_client_ng.py [line:74] _connect INFO node 3's socket client made an outgoing connection to node 0 server 
2022-07-13 04:05:34,907 socket_client_ng.py [line:66] _connect INFO node 3's socket client starts to make outgoing connections to node 1 server 
2022-07-13 04:05:34,908 socket_client_ng.py [line:74] _connect INFO node 3's socket client made an outgoing connection to node 1 server 
2022-07-13 04:05:34,908 socket_client_ng.py [line:66] _connect INFO node 3's socket client starts to make outgoing connections to node 2 server 
2022-07-13 04:05:34,908 socket_client_ng.py [line:74] _connect INFO node 3's socket client made an outgoing connection to node 2 server 
2022-07-13 04:05:34,908 socket_client_ng.py [line:66] _connect INFO node 3's socket client starts to make outgoing connections to node 3 server 
2022-07-13 04:05:34,908 socket_client_ng.py [line:74] _connect INFO node 3's socket client made an outgoing connection to node 3 server 
2022-07-13 04:05:34,908 socket_client_ng.py [line:66] _connect INFO node 3's socket client starts to make outgoing connections to node 4 server 
2022-07-13 04:05:34,909 socket_client_ng.py [line:77] _connect INFO node 3's socket client fails to make connection to node 4 server 
2022-07-13 04:05:34,909 socket_client_ng.py [line:66] _connect INFO node 3's socket client starts to make outgoing connections to node 5 server 
2022-07-13 04:05:34,909 socket_client_ng.py [line:74] _connect INFO node 3's socket client made an outgoing connection to node 5 server 
2022-07-13 04:05:34,909 socket_client_ng.py [line:66] _connect INFO node 3's socket client starts to make outgoing connections to node 6 server 
2022-07-13 04:05:34,910 socket_client_ng.py [line:74] _connect INFO node 3's socket client made an outgoing connection to node 6 server 
2022-07-13 04:05:34,910 socket_client_ng.py [line:66] _connect INFO node 3's socket client starts to make outgoing connections to node 7 server 
2022-07-13 04:05:34,911 socket_client_ng.py [line:77] _connect INFO node 3's socket client fails to make connection to node 7 server 
2022-07-13 04:05:34,911 socket_client_ng.py [line:66] _connect INFO node 3's socket client starts to make outgoing connections to node 8 server 
2022-07-13 04:05:34,911 socket_client_ng.py [line:77] _connect INFO node 3's socket client fails to make connection to node 8 server 
2022-07-13 04:05:34,911 socket_client_ng.py [line:66] _connect INFO node 3's socket client starts to make outgoing connections to node 9 server 
2022-07-13 04:05:34,912 socket_client_ng.py [line:77] _connect INFO node 3's socket client fails to make connection to node 9 server 
2022-07-13 04:05:34,912 socket_client_ng.py [line:66] _connect INFO node 3's socket client starts to make outgoing connections to node 10 server 
2022-07-13 04:05:34,913 socket_client_ng.py [line:74] _connect INFO node 3's socket client made an outgoing connection to node 10 server 
2022-07-13 04:05:34,913 socket_client_ng.py [line:66] _connect INFO node 3's socket client starts to make outgoing connections to node 11 server 
2022-07-13 04:05:34,913 socket_client_ng.py [line:77] _connect INFO node 3's socket client fails to make connection to node 11 server 
2022-07-13 04:05:34,913 socket_client_ng.py [line:66] _connect INFO node 3's socket client starts to make outgoing connections to node 12 server 
2022-07-13 04:05:34,914 socket_client_ng.py [line:74] _connect INFO node 3's socket client made an outgoing connection to node 12 server 
2022-07-13 04:05:34,914 socket_client_ng.py [line:66] _connect INFO node 3's socket client starts to make outgoing connections to node 13 server 
2022-07-13 04:05:34,914 socket_client_ng.py [line:77] _connect INFO node 3's socket client fails to make connection to node 13 server 
2022-07-13 04:05:34,915 socket_client_ng.py [line:66] _connect INFO node 3's socket client starts to make outgoing connections to node 14 server 
2022-07-13 04:05:34,915 socket_client_ng.py [line:77] _connect INFO node 3's socket client fails to make connection to node 14 server 
2022-07-13 04:05:34,915 socket_client_ng.py [line:66] _connect INFO node 3's socket client starts to make outgoing connections to node 15 server 
2022-07-13 04:05:34,915 socket_client_ng.py [line:77] _connect INFO node 3's socket client fails to make connection to node 15 server 
2022-07-13 04:05:34,915 socket_client_ng.py [line:66] _connect INFO node 3's socket client starts to make outgoing connections to node 4 server 
2022-07-13 04:05:34,916 socket_client_ng.py [line:77] _connect INFO node 3's socket client fails to make connection to node 4 server 
2022-07-13 04:05:34,916 socket_client_ng.py [line:66] _connect INFO node 3's socket client starts to make outgoing connections to node 7 server 
2022-07-13 04:05:34,916 socket_client_ng.py [line:77] _connect INFO node 3's socket client fails to make connection to node 7 server 
2022-07-13 04:05:34,916 socket_client_ng.py [line:66] _connect INFO node 3's socket client starts to make outgoing connections to node 8 server 
2022-07-13 04:05:34,916 socket_client_ng.py [line:77] _connect INFO node 3's socket client fails to make connection to node 8 server 
2022-07-13 04:05:34,917 socket_client_ng.py [line:66] _connect INFO node 3's socket client starts to make outgoing connections to node 9 server 
2022-07-13 04:05:34,917 socket_client_ng.py [line:77] _connect INFO node 3's socket client fails to make connection to node 9 server 
2022-07-13 04:05:34,917 socket_client_ng.py [line:66] _connect INFO node 3's socket client starts to make outgoing connections to node 11 server 
2022-07-13 04:05:34,917 socket_client_ng.py [line:77] _connect INFO node 3's socket client fails to make connection to node 11 server 
2022-07-13 04:05:34,917 socket_client_ng.py [line:66] _connect INFO node 3's socket client starts to make outgoing connections to node 13 server 
2022-07-13 04:05:34,928 socket_client_ng.py [line:77] _connect INFO node 3's socket client fails to make connection to node 13 server 
2022-07-13 04:05:34,929 socket_client_ng.py [line:66] _connect INFO node 3's socket client starts to make outgoing connections to node 14 server 
2022-07-13 04:05:34,929 socket_client_ng.py [line:77] _connect INFO node 3's socket client fails to make connection to node 14 server 
2022-07-13 04:05:34,929 socket_client_ng.py [line:66] _connect INFO node 3's socket client starts to make outgoing connections to node 15 server 
2022-07-13 04:05:34,929 socket_client_ng.py [line:77] _connect INFO node 3's socket client fails to make connection to node 15 server 
2022-07-13 04:05:34,929 socket_client_ng.py [line:66] _connect INFO node 3's socket client starts to make outgoing connections to node 4 server 
2022-07-13 04:05:34,930 socket_client_ng.py [line:77] _connect INFO node 3's socket client fails to make connection to node 4 server 
2022-07-13 04:05:34,930 socket_client_ng.py [line:66] _connect INFO node 3's socket client starts to make outgoing connections to node 7 server 
2022-07-13 04:05:34,930 socket_client_ng.py [line:77] _connect INFO node 3's socket client fails to make connection to node 7 server 
2022-07-13 04:05:34,930 socket_client_ng.py [line:66] _connect INFO node 3's socket client starts to make outgoing connections to node 8 server 
2022-07-13 04:05:34,930 socket_client_ng.py [line:77] _connect INFO node 3's socket client fails to make connection to node 8 server 
2022-07-13 04:05:34,930 socket_client_ng.py [line:66] _connect INFO node 3's socket client starts to make outgoing connections to node 9 server 
2022-07-13 04:05:34,930 socket_client_ng.py [line:77] _connect INFO node 3's socket client fails to make connection to node 9 server 
2022-07-13 04:05:34,930 socket_client_ng.py [line:66] _connect INFO node 3's socket client starts to make outgoing connections to node 11 server 
2022-07-13 04:05:34,931 socket_client_ng.py [line:77] _connect INFO node 3's socket client fails to make connection to node 11 server 
2022-07-13 04:05:34,931 socket_client_ng.py [line:66] _connect INFO node 3's socket client starts to make outgoing connections to node 13 server 
2022-07-13 04:05:34,931 socket_client_ng.py [line:77] _connect INFO node 3's socket client fails to make connection to node 13 server 
2022-07-13 04:05:34,931 socket_client_ng.py [line:66] _connect INFO node 3's socket client starts to make outgoing connections to node 14 server 
2022-07-13 04:05:34,931 socket_client_ng.py [line:77] _connect INFO node 3's socket client fails to make connection to node 14 server 
2022-07-13 04:05:34,931 socket_client_ng.py [line:66] _connect INFO node 3's socket client starts to make outgoing connections to node 15 server 
2022-07-13 04:05:34,932 socket_client_ng.py [line:77] _connect INFO node 3's socket client fails to make connection to node 15 server 
2022-07-13 04:05:34,932 socket_client_ng.py [line:66] _connect INFO node 3's socket client starts to make outgoing connections to node 4 server 
2022-07-13 04:05:34,932 socket_client_ng.py [line:77] _connect INFO node 3's socket client fails to make connection to node 4 server 
2022-07-13 04:05:34,932 socket_client_ng.py [line:66] _connect INFO node 3's socket client starts to make outgoing connections to node 7 server 
2022-07-13 04:05:34,932 socket_client_ng.py [line:77] _connect INFO node 3's socket client fails to make connection to node 7 server 
2022-07-13 04:05:34,932 socket_client_ng.py [line:66] _connect INFO node 3's socket client starts to make outgoing connections to node 8 server 
2022-07-13 04:05:34,932 socket_client_ng.py [line:77] _connect INFO node 3's socket client fails to make connection to node 8 server 
2022-07-13 04:05:34,932 socket_client_ng.py [line:66] _connect INFO node 3's socket client starts to make outgoing connections to node 9 server 
2022-07-13 04:05:34,933 socket_client_ng.py [line:77] _connect INFO node 3's socket client fails to make connection to node 9 server 
2022-07-13 04:05:34,933 socket_client_ng.py [line:66] _connect INFO node 3's socket client starts to make outgoing connections to node 11 server 
2022-07-13 04:05:34,933 socket_client_ng.py [line:77] _connect INFO node 3's socket client fails to make connection to node 11 server 
2022-07-13 04:05:34,933 socket_client_ng.py [line:66] _connect INFO node 3's socket client starts to make outgoing connections to node 13 server 
2022-07-13 04:05:34,933 socket_client_ng.py [line:77] _connect INFO node 3's socket client fails to make connection to node 13 server 
2022-07-13 04:05:34,933 socket_client_ng.py [line:66] _connect INFO node 3's socket client starts to make outgoing connections to node 14 server 
2022-07-13 04:05:34,934 socket_client_ng.py [line:77] _connect INFO node 3's socket client fails to make connection to node 14 server 
2022-07-13 04:05:34,934 socket_client_ng.py [line:66] _connect INFO node 3's socket client starts to make outgoing connections to node 15 server 
2022-07-13 04:05:34,934 socket_client_ng.py [line:74] _connect INFO node 3's socket client made an outgoing connection to node 15 server 
2022-07-13 04:05:34,934 socket_client_ng.py [line:66] _connect INFO node 3's socket client starts to make outgoing connections to node 4 server 
2022-07-13 04:05:34,934 socket_client_ng.py [line:77] _connect INFO node 3's socket client fails to make connection to node 4 server 
2022-07-13 04:05:34,934 socket_client_ng.py [line:66] _connect INFO node 3's socket client starts to make outgoing connections to node 7 server 
2022-07-13 04:05:34,935 socket_client_ng.py [line:77] _connect INFO node 3's socket client fails to make connection to node 7 server 
2022-07-13 04:05:34,935 socket_client_ng.py [line:66] _connect INFO node 3's socket client starts to make outgoing connections to node 8 server 
2022-07-13 04:05:34,935 socket_client_ng.py [line:77] _connect INFO node 3's socket client fails to make connection to node 8 server 
2022-07-13 04:05:34,935 socket_client_ng.py [line:66] _connect INFO node 3's socket client starts to make outgoing connections to node 9 server 
2022-07-13 04:05:34,935 socket_client_ng.py [line:77] _connect INFO node 3's socket client fails to make connection to node 9 server 
2022-07-13 04:05:34,935 socket_client_ng.py [line:66] _connect INFO node 3's socket client starts to make outgoing connections to node 11 server 
2022-07-13 04:05:34,935 socket_client_ng.py [line:77] _connect INFO node 3's socket client fails to make connection to node 11 server 
2022-07-13 04:05:34,936 socket_client_ng.py [line:66] _connect INFO node 3's socket client starts to make outgoing connections to node 13 server 
2022-07-13 04:05:34,936 socket_client_ng.py [line:77] _connect INFO node 3's socket client fails to make connection to node 13 server 
2022-07-13 04:05:34,936 socket_client_ng.py [line:66] _connect INFO node 3's socket client starts to make outgoing connections to node 14 server 
2022-07-13 04:05:34,936 socket_client_ng.py [line:77] _connect INFO node 3's socket client fails to make connection to node 14 server 
2022-07-13 04:05:34,936 socket_client_ng.py [line:66] _connect INFO node 3's socket client starts to make outgoing connections to node 4 server 
2022-07-13 04:05:34,936 socket_client_ng.py [line:77] _connect INFO node 3's socket client fails to make connection to node 4 server 
2022-07-13 04:05:34,936 socket_client_ng.py [line:66] _connect INFO node 3's socket client starts to make outgoing connections to node 7 server 
2022-07-13 04:05:34,937 socket_client_ng.py [line:77] _connect INFO node 3's socket client fails to make connection to node 7 server 
2022-07-13 04:05:34,937 socket_client_ng.py [line:66] _connect INFO node 3's socket client starts to make outgoing connections to node 8 server 
2022-07-13 04:05:34,937 socket_client_ng.py [line:77] _connect INFO node 3's socket client fails to make connection to node 8 server 
2022-07-13 04:05:34,937 socket_client_ng.py [line:66] _connect INFO node 3's socket client starts to make outgoing connections to node 9 server 
2022-07-13 04:05:34,937 socket_client_ng.py [line:77] _connect INFO node 3's socket client fails to make connection to node 9 server 
2022-07-13 04:05:34,937 socket_client_ng.py [line:66] _connect INFO node 3's socket client starts to make outgoing connections to node 11 server 
2022-07-13 04:05:34,938 socket_client_ng.py [line:77] _connect INFO node 3's socket client fails to make connection to node 11 server 
2022-07-13 04:05:34,938 socket_client_ng.py [line:66] _connect INFO node 3's socket client starts to make outgoing connections to node 13 server 
2022-07-13 04:05:34,938 socket_client_ng.py [line:77] _connect INFO node 3's socket client fails to make connection to node 13 server 
2022-07-13 04:05:34,938 socket_client_ng.py [line:66] _connect INFO node 3's socket client starts to make outgoing connections to node 14 server 
2022-07-13 04:05:34,938 socket_client_ng.py [line:77] _connect INFO node 3's socket client fails to make connection to node 14 server 
2022-07-13 04:05:34,938 socket_client_ng.py [line:66] _connect INFO node 3's socket client starts to make outgoing connections to node 4 server 
2022-07-13 04:05:34,948 socket_client_ng.py [line:77] _connect INFO node 3's socket client fails to make connection to node 4 server 
2022-07-13 04:05:34,949 socket_client_ng.py [line:66] _connect INFO node 3's socket client starts to make outgoing connections to node 7 server 
2022-07-13 04:05:34,949 socket_client_ng.py [line:77] _connect INFO node 3's socket client fails to make connection to node 7 server 
2022-07-13 04:05:34,949 socket_client_ng.py [line:66] _connect INFO node 3's socket client starts to make outgoing connections to node 8 server 
2022-07-13 04:05:34,949 socket_client_ng.py [line:77] _connect INFO node 3's socket client fails to make connection to node 8 server 
2022-07-13 04:05:34,949 socket_client_ng.py [line:66] _connect INFO node 3's socket client starts to make outgoing connections to node 9 server 
2022-07-13 04:05:34,950 socket_client_ng.py [line:77] _connect INFO node 3's socket client fails to make connection to node 9 server 
2022-07-13 04:05:34,950 socket_client_ng.py [line:66] _connect INFO node 3's socket client starts to make outgoing connections to node 11 server 
2022-07-13 04:05:34,950 socket_client_ng.py [line:77] _connect INFO node 3's socket client fails to make connection to node 11 server 
2022-07-13 04:05:34,950 socket_client_ng.py [line:66] _connect INFO node 3's socket client starts to make outgoing connections to node 13 server 
2022-07-13 04:05:34,950 socket_client_ng.py [line:77] _connect INFO node 3's socket client fails to make connection to node 13 server 
2022-07-13 04:05:34,950 socket_client_ng.py [line:66] _connect INFO node 3's socket client starts to make outgoing connections to node 14 server 
2022-07-13 04:05:34,950 socket_client_ng.py [line:77] _connect INFO node 3's socket client fails to make connection to node 14 server 
2022-07-13 04:05:34,951 socket_client_ng.py [line:66] _connect INFO node 3's socket client starts to make outgoing connections to node 4 server 
2022-07-13 04:05:34,951 socket_client_ng.py [line:77] _connect INFO node 3's socket client fails to make connection to node 4 server 
2022-07-13 04:05:34,951 socket_client_ng.py [line:66] _connect INFO node 3's socket client starts to make outgoing connections to node 7 server 
2022-07-13 04:05:34,951 socket_client_ng.py [line:74] _connect INFO node 3's socket client made an outgoing connection to node 7 server 
2022-07-13 04:05:34,951 socket_client_ng.py [line:66] _connect INFO node 3's socket client starts to make outgoing connections to node 8 server 
2022-07-13 04:05:34,951 socket_client_ng.py [line:77] _connect INFO node 3's socket client fails to make connection to node 8 server 
2022-07-13 04:05:34,951 socket_client_ng.py [line:66] _connect INFO node 3's socket client starts to make outgoing connections to node 9 server 
2022-07-13 04:05:34,952 socket_client_ng.py [line:77] _connect INFO node 3's socket client fails to make connection to node 9 server 
2022-07-13 04:05:34,952 socket_client_ng.py [line:66] _connect INFO node 3's socket client starts to make outgoing connections to node 11 server 
2022-07-13 04:05:34,952 socket_client_ng.py [line:77] _connect INFO node 3's socket client fails to make connection to node 11 server 
2022-07-13 04:05:34,952 socket_client_ng.py [line:66] _connect INFO node 3's socket client starts to make outgoing connections to node 13 server 
2022-07-13 04:05:34,952 socket_client_ng.py [line:77] _connect INFO node 3's socket client fails to make connection to node 13 server 
2022-07-13 04:05:34,952 socket_client_ng.py [line:66] _connect INFO node 3's socket client starts to make outgoing connections to node 14 server 
2022-07-13 04:05:34,953 socket_client_ng.py [line:77] _connect INFO node 3's socket client fails to make connection to node 14 server 
2022-07-13 04:05:34,953 socket_client_ng.py [line:66] _connect INFO node 3's socket client starts to make outgoing connections to node 4 server 
2022-07-13 04:05:34,953 socket_client_ng.py [line:77] _connect INFO node 3's socket client fails to make connection to node 4 server 
2022-07-13 04:05:34,953 socket_client_ng.py [line:66] _connect INFO node 3's socket client starts to make outgoing connections to node 8 server 
2022-07-13 04:05:34,953 socket_client_ng.py [line:77] _connect INFO node 3's socket client fails to make connection to node 8 server 
2022-07-13 04:05:34,953 socket_client_ng.py [line:66] _connect INFO node 3's socket client starts to make outgoing connections to node 9 server 
2022-07-13 04:05:34,953 socket_client_ng.py [line:77] _connect INFO node 3's socket client fails to make connection to node 9 server 
2022-07-13 04:05:34,954 socket_client_ng.py [line:66] _connect INFO node 3's socket client starts to make outgoing connections to node 11 server 
2022-07-13 04:05:34,954 socket_client_ng.py [line:77] _connect INFO node 3's socket client fails to make connection to node 11 server 
2022-07-13 04:05:34,954 socket_client_ng.py [line:66] _connect INFO node 3's socket client starts to make outgoing connections to node 13 server 
2022-07-13 04:05:34,954 socket_client_ng.py [line:77] _connect INFO node 3's socket client fails to make connection to node 13 server 
2022-07-13 04:05:34,954 socket_client_ng.py [line:66] _connect INFO node 3's socket client starts to make outgoing connections to node 14 server 
2022-07-13 04:05:34,954 socket_client_ng.py [line:77] _connect INFO node 3's socket client fails to make connection to node 14 server 
2022-07-13 04:05:34,954 socket_client_ng.py [line:66] _connect INFO node 3's socket client starts to make outgoing connections to node 4 server 
2022-07-13 04:05:34,955 socket_client_ng.py [line:77] _connect INFO node 3's socket client fails to make connection to node 4 server 
2022-07-13 04:05:34,955 socket_client_ng.py [line:66] _connect INFO node 3's socket client starts to make outgoing connections to node 8 server 
2022-07-13 04:05:34,955 socket_client_ng.py [line:77] _connect INFO node 3's socket client fails to make connection to node 8 server 
2022-07-13 04:05:34,955 socket_client_ng.py [line:66] _connect INFO node 3's socket client starts to make outgoing connections to node 9 server 
2022-07-13 04:05:34,955 socket_client_ng.py [line:77] _connect INFO node 3's socket client fails to make connection to node 9 server 
2022-07-13 04:05:34,955 socket_client_ng.py [line:66] _connect INFO node 3's socket client starts to make outgoing connections to node 11 server 
2022-07-13 04:05:34,955 socket_client_ng.py [line:77] _connect INFO node 3's socket client fails to make connection to node 11 server 
2022-07-13 04:05:34,956 socket_client_ng.py [line:66] _connect INFO node 3's socket client starts to make outgoing connections to node 13 server 
2022-07-13 04:05:34,956 socket_client_ng.py [line:77] _connect INFO node 3's socket client fails to make connection to node 13 server 
2022-07-13 04:05:34,956 socket_client_ng.py [line:66] _connect INFO node 3's socket client starts to make outgoing connections to node 14 server 
2022-07-13 04:05:34,956 socket_client_ng.py [line:77] _connect INFO node 3's socket client fails to make connection to node 14 server 
2022-07-13 04:05:34,956 socket_client_ng.py [line:66] _connect INFO node 3's socket client starts to make outgoing connections to node 4 server 
2022-07-13 04:05:34,956 socket_client_ng.py [line:77] _connect INFO node 3's socket client fails to make connection to node 4 server 
2022-07-13 04:05:34,956 socket_client_ng.py [line:66] _connect INFO node 3's socket client starts to make outgoing connections to node 8 server 
2022-07-13 04:05:34,957 socket_client_ng.py [line:77] _connect INFO node 3's socket client fails to make connection to node 8 server 
2022-07-13 04:05:34,957 socket_client_ng.py [line:66] _connect INFO node 3's socket client starts to make outgoing connections to node 9 server 
2022-07-13 04:05:34,957 socket_client_ng.py [line:77] _connect INFO node 3's socket client fails to make connection to node 9 server 
2022-07-13 04:05:34,957 socket_client_ng.py [line:66] _connect INFO node 3's socket client starts to make outgoing connections to node 11 server 
2022-07-13 04:05:34,957 socket_client_ng.py [line:77] _connect INFO node 3's socket client fails to make connection to node 11 server 
2022-07-13 04:05:34,958 socket_client_ng.py [line:66] _connect INFO node 3's socket client starts to make outgoing connections to node 13 server 
2022-07-13 04:05:34,958 socket_client_ng.py [line:77] _connect INFO node 3's socket client fails to make connection to node 13 server 
2022-07-13 04:05:34,958 socket_client_ng.py [line:66] _connect INFO node 3's socket client starts to make outgoing connections to node 14 server 
2022-07-13 04:05:34,958 socket_client_ng.py [line:77] _connect INFO node 3's socket client fails to make connection to node 14 server 
2022-07-13 04:05:34,958 socket_client_ng.py [line:66] _connect INFO node 3's socket client starts to make outgoing connections to node 4 server 
2022-07-13 04:05:34,959 socket_client_ng.py [line:77] _connect INFO node 3's socket client fails to make connection to node 4 server 
2022-07-13 04:05:34,959 socket_client_ng.py [line:66] _connect INFO node 3's socket client starts to make outgoing connections to node 8 server 
2022-07-13 04:05:34,959 socket_client_ng.py [line:77] _connect INFO node 3's socket client fails to make connection to node 8 server 
2022-07-13 04:05:34,959 socket_client_ng.py [line:66] _connect INFO node 3's socket client starts to make outgoing connections to node 9 server 
2022-07-13 04:05:34,959 socket_client_ng.py [line:77] _connect INFO node 3's socket client fails to make connection to node 9 server 
2022-07-13 04:05:34,959 socket_client_ng.py [line:66] _connect INFO node 3's socket client starts to make outgoing connections to node 11 server 
2022-07-13 04:05:34,960 socket_client_ng.py [line:77] _connect INFO node 3's socket client fails to make connection to node 11 server 
2022-07-13 04:05:34,960 socket_client_ng.py [line:66] _connect INFO node 3's socket client starts to make outgoing connections to node 13 server 
2022-07-13 04:05:34,960 socket_client_ng.py [line:77] _connect INFO node 3's socket client fails to make connection to node 13 server 
2022-07-13 04:05:34,960 socket_client_ng.py [line:66] _connect INFO node 3's socket client starts to make outgoing connections to node 14 server 
2022-07-13 04:05:34,960 socket_client_ng.py [line:77] _connect INFO node 3's socket client fails to make connection to node 14 server 
2022-07-13 04:05:34,960 socket_client_ng.py [line:66] _connect INFO node 3's socket client starts to make outgoing connections to node 4 server 
2022-07-13 04:05:34,961 socket_client_ng.py [line:77] _connect INFO node 3's socket client fails to make connection to node 4 server 
2022-07-13 04:05:34,961 socket_client_ng.py [line:66] _connect INFO node 3's socket client starts to make outgoing connections to node 8 server 
2022-07-13 04:05:34,961 socket_client_ng.py [line:77] _connect INFO node 3's socket client fails to make connection to node 8 server 
2022-07-13 04:05:34,961 socket_client_ng.py [line:66] _connect INFO node 3's socket client starts to make outgoing connections to node 9 server 
2022-07-13 04:05:34,961 socket_client_ng.py [line:77] _connect INFO node 3's socket client fails to make connection to node 9 server 
2022-07-13 04:05:34,961 socket_client_ng.py [line:66] _connect INFO node 3's socket client starts to make outgoing connections to node 11 server 
2022-07-13 04:05:34,962 socket_client_ng.py [line:77] _connect INFO node 3's socket client fails to make connection to node 11 server 
2022-07-13 04:05:34,962 socket_client_ng.py [line:66] _connect INFO node 3's socket client starts to make outgoing connections to node 13 server 
2022-07-13 04:05:34,962 socket_client_ng.py [line:77] _connect INFO node 3's socket client fails to make connection to node 13 server 
2022-07-13 04:05:34,962 socket_client_ng.py [line:66] _connect INFO node 3's socket client starts to make outgoing connections to node 14 server 
2022-07-13 04:05:34,962 socket_client_ng.py [line:77] _connect INFO node 3's socket client fails to make connection to node 14 server 
2022-07-13 04:05:34,962 socket_client_ng.py [line:66] _connect INFO node 3's socket client starts to make outgoing connections to node 4 server 
2022-07-13 04:05:34,968 socket_client_ng.py [line:77] _connect INFO node 3's socket client fails to make connection to node 4 server 
2022-07-13 04:05:34,968 socket_client_ng.py [line:66] _connect INFO node 3's socket client starts to make outgoing connections to node 8 server 
2022-07-13 04:05:34,968 socket_client_ng.py [line:77] _connect INFO node 3's socket client fails to make connection to node 8 server 
2022-07-13 04:05:34,968 socket_client_ng.py [line:66] _connect INFO node 3's socket client starts to make outgoing connections to node 9 server 
2022-07-13 04:05:34,969 socket_client_ng.py [line:77] _connect INFO node 3's socket client fails to make connection to node 9 server 
2022-07-13 04:05:34,969 socket_client_ng.py [line:66] _connect INFO node 3's socket client starts to make outgoing connections to node 11 server 
2022-07-13 04:05:34,970 socket_client_ng.py [line:77] _connect INFO node 3's socket client fails to make connection to node 11 server 
2022-07-13 04:05:34,970 socket_client_ng.py [line:66] _connect INFO node 3's socket client starts to make outgoing connections to node 13 server 
2022-07-13 04:05:34,970 socket_client_ng.py [line:77] _connect INFO node 3's socket client fails to make connection to node 13 server 
2022-07-13 04:05:34,970 socket_client_ng.py [line:66] _connect INFO node 3's socket client starts to make outgoing connections to node 14 server 
2022-07-13 04:05:34,971 socket_client_ng.py [line:77] _connect INFO node 3's socket client fails to make connection to node 14 server 
2022-07-13 04:05:34,971 socket_client_ng.py [line:66] _connect INFO node 3's socket client starts to make outgoing connections to node 4 server 
2022-07-13 04:05:34,971 socket_client_ng.py [line:77] _connect INFO node 3's socket client fails to make connection to node 4 server 
2022-07-13 04:05:34,971 socket_client_ng.py [line:66] _connect INFO node 3's socket client starts to make outgoing connections to node 8 server 
2022-07-13 04:05:34,972 socket_client_ng.py [line:77] _connect INFO node 3's socket client fails to make connection to node 8 server 
2022-07-13 04:05:34,972 socket_client_ng.py [line:66] _connect INFO node 3's socket client starts to make outgoing connections to node 9 server 
2022-07-13 04:05:34,973 socket_client_ng.py [line:77] _connect INFO node 3's socket client fails to make connection to node 9 server 
2022-07-13 04:05:34,973 socket_client_ng.py [line:66] _connect INFO node 3's socket client starts to make outgoing connections to node 11 server 
2022-07-13 04:05:34,974 socket_client_ng.py [line:77] _connect INFO node 3's socket client fails to make connection to node 11 server 
2022-07-13 04:05:34,974 socket_client_ng.py [line:66] _connect INFO node 3's socket client starts to make outgoing connections to node 13 server 
2022-07-13 04:05:34,975 socket_client_ng.py [line:77] _connect INFO node 3's socket client fails to make connection to node 13 server 
2022-07-13 04:05:34,975 socket_client_ng.py [line:66] _connect INFO node 3's socket client starts to make outgoing connections to node 14 server 
2022-07-13 04:05:34,976 socket_client_ng.py [line:77] _connect INFO node 3's socket client fails to make connection to node 14 server 
2022-07-13 04:05:34,976 socket_client_ng.py [line:66] _connect INFO node 3's socket client starts to make outgoing connections to node 4 server 
2022-07-13 04:05:34,977 socket_client_ng.py [line:77] _connect INFO node 3's socket client fails to make connection to node 4 server 
2022-07-13 04:05:34,977 socket_client_ng.py [line:66] _connect INFO node 3's socket client starts to make outgoing connections to node 8 server 
2022-07-13 04:05:34,978 socket_client_ng.py [line:77] _connect INFO node 3's socket client fails to make connection to node 8 server 
2022-07-13 04:05:34,978 socket_client_ng.py [line:66] _connect INFO node 3's socket client starts to make outgoing connections to node 9 server 
2022-07-13 04:05:34,978 socket_client_ng.py [line:77] _connect INFO node 3's socket client fails to make connection to node 9 server 
2022-07-13 04:05:34,979 socket_client_ng.py [line:66] _connect INFO node 3's socket client starts to make outgoing connections to node 11 server 
2022-07-13 04:05:34,979 socket_client_ng.py [line:77] _connect INFO node 3's socket client fails to make connection to node 11 server 
2022-07-13 04:05:34,979 socket_client_ng.py [line:66] _connect INFO node 3's socket client starts to make outgoing connections to node 13 server 
2022-07-13 04:05:34,980 socket_client_ng.py [line:77] _connect INFO node 3's socket client fails to make connection to node 13 server 
2022-07-13 04:05:34,980 socket_client_ng.py [line:66] _connect INFO node 3's socket client starts to make outgoing connections to node 14 server 
2022-07-13 04:05:34,981 socket_client_ng.py [line:77] _connect INFO node 3's socket client fails to make connection to node 14 server 
2022-07-13 04:05:34,981 socket_client_ng.py [line:66] _connect INFO node 3's socket client starts to make outgoing connections to node 4 server 
2022-07-13 04:05:34,982 socket_client_ng.py [line:77] _connect INFO node 3's socket client fails to make connection to node 4 server 
2022-07-13 04:05:34,982 socket_client_ng.py [line:66] _connect INFO node 3's socket client starts to make outgoing connections to node 8 server 
2022-07-13 04:05:34,983 socket_client_ng.py [line:77] _connect INFO node 3's socket client fails to make connection to node 8 server 
2022-07-13 04:05:34,983 socket_client_ng.py [line:66] _connect INFO node 3's socket client starts to make outgoing connections to node 9 server 
2022-07-13 04:05:34,984 socket_client_ng.py [line:77] _connect INFO node 3's socket client fails to make connection to node 9 server 
2022-07-13 04:05:34,984 socket_client_ng.py [line:66] _connect INFO node 3's socket client starts to make outgoing connections to node 11 server 
2022-07-13 04:05:34,985 socket_client_ng.py [line:77] _connect INFO node 3's socket client fails to make connection to node 11 server 
2022-07-13 04:05:34,985 socket_client_ng.py [line:66] _connect INFO node 3's socket client starts to make outgoing connections to node 13 server 
2022-07-13 04:05:34,986 socket_client_ng.py [line:74] _connect INFO node 3's socket client made an outgoing connection to node 13 server 
2022-07-13 04:05:34,986 socket_client_ng.py [line:66] _connect INFO node 3's socket client starts to make outgoing connections to node 14 server 
2022-07-13 04:05:34,986 socket_client_ng.py [line:77] _connect INFO node 3's socket client fails to make connection to node 14 server 
2022-07-13 04:05:34,986 socket_client_ng.py [line:66] _connect INFO node 3's socket client starts to make outgoing connections to node 4 server 
2022-07-13 04:05:34,987 socket_client_ng.py [line:77] _connect INFO node 3's socket client fails to make connection to node 4 server 
2022-07-13 04:05:34,987 socket_client_ng.py [line:66] _connect INFO node 3's socket client starts to make outgoing connections to node 8 server 
2022-07-13 04:05:34,988 socket_client_ng.py [line:77] _connect INFO node 3's socket client fails to make connection to node 8 server 
2022-07-13 04:05:34,988 socket_client_ng.py [line:66] _connect INFO node 3's socket client starts to make outgoing connections to node 9 server 
2022-07-13 04:05:34,988 socket_client_ng.py [line:77] _connect INFO node 3's socket client fails to make connection to node 9 server 
2022-07-13 04:05:34,989 socket_client_ng.py [line:66] _connect INFO node 3's socket client starts to make outgoing connections to node 11 server 
2022-07-13 04:05:34,989 socket_client_ng.py [line:77] _connect INFO node 3's socket client fails to make connection to node 11 server 
2022-07-13 04:05:34,989 socket_client_ng.py [line:66] _connect INFO node 3's socket client starts to make outgoing connections to node 14 server 
2022-07-13 04:05:34,990 socket_client_ng.py [line:77] _connect INFO node 3's socket client fails to make connection to node 14 server 
2022-07-13 04:05:34,990 socket_client_ng.py [line:66] _connect INFO node 3's socket client starts to make outgoing connections to node 4 server 
2022-07-13 04:05:34,991 socket_client_ng.py [line:77] _connect INFO node 3's socket client fails to make connection to node 4 server 
2022-07-13 04:05:34,991 socket_client_ng.py [line:66] _connect INFO node 3's socket client starts to make outgoing connections to node 8 server 
2022-07-13 04:05:34,991 socket_client_ng.py [line:77] _connect INFO node 3's socket client fails to make connection to node 8 server 
2022-07-13 04:05:34,991 socket_client_ng.py [line:66] _connect INFO node 3's socket client starts to make outgoing connections to node 9 server 
2022-07-13 04:05:34,992 socket_client_ng.py [line:77] _connect INFO node 3's socket client fails to make connection to node 9 server 
2022-07-13 04:05:34,992 socket_client_ng.py [line:66] _connect INFO node 3's socket client starts to make outgoing connections to node 11 server 
2022-07-13 04:05:34,993 socket_client_ng.py [line:77] _connect INFO node 3's socket client fails to make connection to node 11 server 
2022-07-13 04:05:34,993 socket_client_ng.py [line:66] _connect INFO node 3's socket client starts to make outgoing connections to node 14 server 
2022-07-13 04:05:34,993 socket_client_ng.py [line:77] _connect INFO node 3's socket client fails to make connection to node 14 server 
2022-07-13 04:05:34,993 socket_client_ng.py [line:66] _connect INFO node 3's socket client starts to make outgoing connections to node 4 server 
2022-07-13 04:05:34,994 socket_client_ng.py [line:77] _connect INFO node 3's socket client fails to make connection to node 4 server 
2022-07-13 04:05:34,994 socket_client_ng.py [line:66] _connect INFO node 3's socket client starts to make outgoing connections to node 8 server 
2022-07-13 04:05:34,995 socket_client_ng.py [line:77] _connect INFO node 3's socket client fails to make connection to node 8 server 
2022-07-13 04:05:34,995 socket_client_ng.py [line:66] _connect INFO node 3's socket client starts to make outgoing connections to node 9 server 
2022-07-13 04:05:34,995 socket_client_ng.py [line:77] _connect INFO node 3's socket client fails to make connection to node 9 server 
2022-07-13 04:05:34,995 socket_client_ng.py [line:66] _connect INFO node 3's socket client starts to make outgoing connections to node 11 server 
2022-07-13 04:05:34,996 socket_client_ng.py [line:77] _connect INFO node 3's socket client fails to make connection to node 11 server 
2022-07-13 04:05:34,996 socket_client_ng.py [line:66] _connect INFO node 3's socket client starts to make outgoing connections to node 14 server 
2022-07-13 04:05:34,997 socket_client_ng.py [line:77] _connect INFO node 3's socket client fails to make connection to node 14 server 
2022-07-13 04:05:34,997 socket_client_ng.py [line:66] _connect INFO node 3's socket client starts to make outgoing connections to node 4 server 
2022-07-13 04:05:34,997 socket_client_ng.py [line:77] _connect INFO node 3's socket client fails to make connection to node 4 server 
2022-07-13 04:05:34,997 socket_client_ng.py [line:66] _connect INFO node 3's socket client starts to make outgoing connections to node 8 server 
2022-07-13 04:05:34,998 socket_client_ng.py [line:77] _connect INFO node 3's socket client fails to make connection to node 8 server 
2022-07-13 04:05:34,998 socket_client_ng.py [line:66] _connect INFO node 3's socket client starts to make outgoing connections to node 9 server 
2022-07-13 04:05:34,998 socket_client_ng.py [line:77] _connect INFO node 3's socket client fails to make connection to node 9 server 
2022-07-13 04:05:34,999 socket_client_ng.py [line:66] _connect INFO node 3's socket client starts to make outgoing connections to node 11 server 
2022-07-13 04:05:34,999 socket_client_ng.py [line:77] _connect INFO node 3's socket client fails to make connection to node 11 server 
2022-07-13 04:05:34,999 socket_client_ng.py [line:66] _connect INFO node 3's socket client starts to make outgoing connections to node 14 server 
2022-07-13 04:05:35,000 socket_client_ng.py [line:77] _connect INFO node 3's socket client fails to make connection to node 14 server 
2022-07-13 04:05:35,000 socket_client_ng.py [line:66] _connect INFO node 3's socket client starts to make outgoing connections to node 4 server 
2022-07-13 04:05:35,001 socket_client_ng.py [line:77] _connect INFO node 3's socket client fails to make connection to node 4 server 
2022-07-13 04:05:35,001 socket_client_ng.py [line:66] _connect INFO node 3's socket client starts to make outgoing connections to node 8 server 
2022-07-13 04:05:35,002 socket_client_ng.py [line:77] _connect INFO node 3's socket client fails to make connection to node 8 server 
2022-07-13 04:05:35,002 socket_client_ng.py [line:66] _connect INFO node 3's socket client starts to make outgoing connections to node 9 server 
2022-07-13 04:05:35,003 socket_client_ng.py [line:77] _connect INFO node 3's socket client fails to make connection to node 9 server 
2022-07-13 04:05:35,003 socket_client_ng.py [line:66] _connect INFO node 3's socket client starts to make outgoing connections to node 11 server 
2022-07-13 04:05:35,004 socket_client_ng.py [line:77] _connect INFO node 3's socket client fails to make connection to node 11 server 
2022-07-13 04:05:35,004 socket_client_ng.py [line:66] _connect INFO node 3's socket client starts to make outgoing connections to node 14 server 
2022-07-13 04:05:35,005 socket_client_ng.py [line:77] _connect INFO node 3's socket client fails to make connection to node 14 server 
2022-07-13 04:05:35,005 socket_client_ng.py [line:66] _connect INFO node 3's socket client starts to make outgoing connections to node 4 server 
2022-07-13 04:05:35,006 socket_client_ng.py [line:77] _connect INFO node 3's socket client fails to make connection to node 4 server 
2022-07-13 04:05:35,007 socket_client_ng.py [line:66] _connect INFO node 3's socket client starts to make outgoing connections to node 8 server 
2022-07-13 04:05:35,008 socket_client_ng.py [line:77] _connect INFO node 3's socket client fails to make connection to node 8 server 
2022-07-13 04:05:35,008 socket_client_ng.py [line:66] _connect INFO node 3's socket client starts to make outgoing connections to node 9 server 
2022-07-13 04:05:35,009 socket_client_ng.py [line:77] _connect INFO node 3's socket client fails to make connection to node 9 server 
2022-07-13 04:05:35,009 socket_client_ng.py [line:66] _connect INFO node 3's socket client starts to make outgoing connections to node 11 server 
2022-07-13 04:05:35,010 socket_client_ng.py [line:77] _connect INFO node 3's socket client fails to make connection to node 11 server 
2022-07-13 04:05:35,010 socket_client_ng.py [line:66] _connect INFO node 3's socket client starts to make outgoing connections to node 14 server 
2022-07-13 04:05:35,011 socket_client_ng.py [line:77] _connect INFO node 3's socket client fails to make connection to node 14 server 
2022-07-13 04:05:35,011 socket_client_ng.py [line:66] _connect INFO node 3's socket client starts to make outgoing connections to node 4 server 
2022-07-13 04:05:35,012 socket_client_ng.py [line:77] _connect INFO node 3's socket client fails to make connection to node 4 server 
2022-07-13 04:05:35,012 socket_client_ng.py [line:66] _connect INFO node 3's socket client starts to make outgoing connections to node 8 server 
2022-07-13 04:05:35,013 socket_client_ng.py [line:77] _connect INFO node 3's socket client fails to make connection to node 8 server 
2022-07-13 04:05:35,013 socket_client_ng.py [line:66] _connect INFO node 3's socket client starts to make outgoing connections to node 9 server 
2022-07-13 04:05:35,014 socket_client_ng.py [line:77] _connect INFO node 3's socket client fails to make connection to node 9 server 
2022-07-13 04:05:35,014 socket_client_ng.py [line:66] _connect INFO node 3's socket client starts to make outgoing connections to node 11 server 
2022-07-13 04:05:35,015 socket_client_ng.py [line:77] _connect INFO node 3's socket client fails to make connection to node 11 server 
2022-07-13 04:05:35,015 socket_client_ng.py [line:66] _connect INFO node 3's socket client starts to make outgoing connections to node 14 server 
2022-07-13 04:05:35,015 socket_client_ng.py [line:77] _connect INFO node 3's socket client fails to make connection to node 14 server 
2022-07-13 04:05:35,015 socket_client_ng.py [line:66] _connect INFO node 3's socket client starts to make outgoing connections to node 4 server 
2022-07-13 04:05:35,016 socket_client_ng.py [line:77] _connect INFO node 3's socket client fails to make connection to node 4 server 
2022-07-13 04:05:35,016 socket_client_ng.py [line:66] _connect INFO node 3's socket client starts to make outgoing connections to node 8 server 
2022-07-13 04:05:35,017 socket_client_ng.py [line:77] _connect INFO node 3's socket client fails to make connection to node 8 server 
2022-07-13 04:05:35,017 socket_client_ng.py [line:66] _connect INFO node 3's socket client starts to make outgoing connections to node 9 server 
2022-07-13 04:05:35,018 socket_client_ng.py [line:77] _connect INFO node 3's socket client fails to make connection to node 9 server 
2022-07-13 04:05:35,018 socket_client_ng.py [line:66] _connect INFO node 3's socket client starts to make outgoing connections to node 11 server 
2022-07-13 04:05:35,019 socket_client_ng.py [line:77] _connect INFO node 3's socket client fails to make connection to node 11 server 
2022-07-13 04:05:35,019 socket_client_ng.py [line:66] _connect INFO node 3's socket client starts to make outgoing connections to node 14 server 
2022-07-13 04:05:35,020 socket_client_ng.py [line:77] _connect INFO node 3's socket client fails to make connection to node 14 server 
2022-07-13 04:05:35,020 socket_client_ng.py [line:66] _connect INFO node 3's socket client starts to make outgoing connections to node 4 server 
2022-07-13 04:05:35,020 socket_client_ng.py [line:77] _connect INFO node 3's socket client fails to make connection to node 4 server 
2022-07-13 04:05:35,021 socket_client_ng.py [line:66] _connect INFO node 3's socket client starts to make outgoing connections to node 8 server 
2022-07-13 04:05:35,021 socket_client_ng.py [line:77] _connect INFO node 3's socket client fails to make connection to node 8 server 
2022-07-13 04:05:35,022 socket_client_ng.py [line:66] _connect INFO node 3's socket client starts to make outgoing connections to node 9 server 
2022-07-13 04:05:35,022 socket_client_ng.py [line:77] _connect INFO node 3's socket client fails to make connection to node 9 server 
2022-07-13 04:05:35,022 socket_client_ng.py [line:66] _connect INFO node 3's socket client starts to make outgoing connections to node 11 server 
2022-07-13 04:05:35,023 socket_client_ng.py [line:77] _connect INFO node 3's socket client fails to make connection to node 11 server 
2022-07-13 04:05:35,024 socket_client_ng.py [line:66] _connect INFO node 3's socket client starts to make outgoing connections to node 14 server 
2022-07-13 04:05:35,025 socket_client_ng.py [line:74] _connect INFO node 3's socket client made an outgoing connection to node 14 server 
2022-07-13 04:05:35,025 socket_client_ng.py [line:66] _connect INFO node 3's socket client starts to make outgoing connections to node 4 server 
2022-07-13 04:05:35,025 socket_client_ng.py [line:77] _connect INFO node 3's socket client fails to make connection to node 4 server 
2022-07-13 04:05:35,025 socket_client_ng.py [line:66] _connect INFO node 3's socket client starts to make outgoing connections to node 8 server 
2022-07-13 04:05:35,026 socket_client_ng.py [line:77] _connect INFO node 3's socket client fails to make connection to node 8 server 
2022-07-13 04:05:35,027 socket_client_ng.py [line:66] _connect INFO node 3's socket client starts to make outgoing connections to node 9 server 
2022-07-13 04:05:35,027 socket_client_ng.py [line:77] _connect INFO node 3's socket client fails to make connection to node 9 server 
2022-07-13 04:05:35,027 socket_client_ng.py [line:66] _connect INFO node 3's socket client starts to make outgoing connections to node 11 server 
2022-07-13 04:05:35,028 socket_client_ng.py [line:77] _connect INFO node 3's socket client fails to make connection to node 11 server 
2022-07-13 04:05:35,028 socket_client_ng.py [line:66] _connect INFO node 3's socket client starts to make outgoing connections to node 4 server 
2022-07-13 04:05:35,029 socket_client_ng.py [line:77] _connect INFO node 3's socket client fails to make connection to node 4 server 
2022-07-13 04:05:35,029 socket_client_ng.py [line:66] _connect INFO node 3's socket client starts to make outgoing connections to node 8 server 
2022-07-13 04:05:35,029 socket_client_ng.py [line:77] _connect INFO node 3's socket client fails to make connection to node 8 server 
2022-07-13 04:05:35,029 socket_client_ng.py [line:66] _connect INFO node 3's socket client starts to make outgoing connections to node 9 server 
2022-07-13 04:05:35,035 socket_client_ng.py [line:77] _connect INFO node 3's socket client fails to make connection to node 9 server 
2022-07-13 04:05:35,035 socket_client_ng.py [line:66] _connect INFO node 3's socket client starts to make outgoing connections to node 11 server 
2022-07-13 04:05:35,036 socket_client_ng.py [line:77] _connect INFO node 3's socket client fails to make connection to node 11 server 
2022-07-13 04:05:35,036 socket_client_ng.py [line:66] _connect INFO node 3's socket client starts to make outgoing connections to node 4 server 
2022-07-13 04:05:35,036 socket_client_ng.py [line:77] _connect INFO node 3's socket client fails to make connection to node 4 server 
2022-07-13 04:05:35,036 socket_client_ng.py [line:66] _connect INFO node 3's socket client starts to make outgoing connections to node 8 server 
2022-07-13 04:05:35,037 socket_client_ng.py [line:77] _connect INFO node 3's socket client fails to make connection to node 8 server 
2022-07-13 04:05:35,037 socket_client_ng.py [line:66] _connect INFO node 3's socket client starts to make outgoing connections to node 9 server 
2022-07-13 04:05:35,038 socket_client_ng.py [line:77] _connect INFO node 3's socket client fails to make connection to node 9 server 
2022-07-13 04:05:35,038 socket_client_ng.py [line:66] _connect INFO node 3's socket client starts to make outgoing connections to node 11 server 
2022-07-13 04:05:35,039 socket_client_ng.py [line:77] _connect INFO node 3's socket client fails to make connection to node 11 server 
2022-07-13 04:05:35,039 socket_client_ng.py [line:66] _connect INFO node 3's socket client starts to make outgoing connections to node 4 server 
2022-07-13 04:05:35,039 socket_client_ng.py [line:77] _connect INFO node 3's socket client fails to make connection to node 4 server 
2022-07-13 04:05:35,040 socket_client_ng.py [line:66] _connect INFO node 3's socket client starts to make outgoing connections to node 8 server 
2022-07-13 04:05:35,041 socket_client_ng.py [line:77] _connect INFO node 3's socket client fails to make connection to node 8 server 
2022-07-13 04:05:35,041 socket_client_ng.py [line:66] _connect INFO node 3's socket client starts to make outgoing connections to node 9 server 
2022-07-13 04:05:35,042 socket_client_ng.py [line:77] _connect INFO node 3's socket client fails to make connection to node 9 server 
2022-07-13 04:05:35,042 socket_client_ng.py [line:66] _connect INFO node 3's socket client starts to make outgoing connections to node 11 server 
2022-07-13 04:05:35,043 socket_client_ng.py [line:77] _connect INFO node 3's socket client fails to make connection to node 11 server 
2022-07-13 04:05:35,043 socket_client_ng.py [line:66] _connect INFO node 3's socket client starts to make outgoing connections to node 4 server 
2022-07-13 04:05:35,044 socket_client_ng.py [line:77] _connect INFO node 3's socket client fails to make connection to node 4 server 
2022-07-13 04:05:35,044 socket_client_ng.py [line:66] _connect INFO node 3's socket client starts to make outgoing connections to node 8 server 
2022-07-13 04:05:35,050 socket_client_ng.py [line:77] _connect INFO node 3's socket client fails to make connection to node 8 server 
2022-07-13 04:05:35,050 socket_client_ng.py [line:66] _connect INFO node 3's socket client starts to make outgoing connections to node 9 server 
2022-07-13 04:05:35,051 socket_client_ng.py [line:77] _connect INFO node 3's socket client fails to make connection to node 9 server 
2022-07-13 04:05:35,051 socket_client_ng.py [line:66] _connect INFO node 3's socket client starts to make outgoing connections to node 11 server 
2022-07-13 04:05:35,052 socket_client_ng.py [line:77] _connect INFO node 3's socket client fails to make connection to node 11 server 
2022-07-13 04:05:35,052 socket_client_ng.py [line:66] _connect INFO node 3's socket client starts to make outgoing connections to node 4 server 
2022-07-13 04:05:35,053 socket_client_ng.py [line:77] _connect INFO node 3's socket client fails to make connection to node 4 server 
2022-07-13 04:05:35,053 socket_client_ng.py [line:66] _connect INFO node 3's socket client starts to make outgoing connections to node 8 server 
2022-07-13 04:05:35,053 socket_client_ng.py [line:77] _connect INFO node 3's socket client fails to make connection to node 8 server 
2022-07-13 04:05:35,053 socket_client_ng.py [line:66] _connect INFO node 3's socket client starts to make outgoing connections to node 9 server 
2022-07-13 04:05:35,054 socket_client_ng.py [line:77] _connect INFO node 3's socket client fails to make connection to node 9 server 
2022-07-13 04:05:35,054 socket_client_ng.py [line:66] _connect INFO node 3's socket client starts to make outgoing connections to node 11 server 
2022-07-13 04:05:35,055 socket_client_ng.py [line:77] _connect INFO node 3's socket client fails to make connection to node 11 server 
2022-07-13 04:05:35,055 socket_client_ng.py [line:66] _connect INFO node 3's socket client starts to make outgoing connections to node 4 server 
2022-07-13 04:05:35,056 socket_client_ng.py [line:77] _connect INFO node 3's socket client fails to make connection to node 4 server 
2022-07-13 04:05:35,056 socket_client_ng.py [line:66] _connect INFO node 3's socket client starts to make outgoing connections to node 8 server 
2022-07-13 04:05:35,057 socket_client_ng.py [line:77] _connect INFO node 3's socket client fails to make connection to node 8 server 
2022-07-13 04:05:35,057 socket_client_ng.py [line:66] _connect INFO node 3's socket client starts to make outgoing connections to node 9 server 
2022-07-13 04:05:35,058 socket_client_ng.py [line:77] _connect INFO node 3's socket client fails to make connection to node 9 server 
2022-07-13 04:05:35,058 socket_client_ng.py [line:66] _connect INFO node 3's socket client starts to make outgoing connections to node 11 server 
2022-07-13 04:05:35,059 socket_client_ng.py [line:77] _connect INFO node 3's socket client fails to make connection to node 11 server 
2022-07-13 04:05:35,059 socket_client_ng.py [line:66] _connect INFO node 3's socket client starts to make outgoing connections to node 4 server 
2022-07-13 04:05:35,060 socket_client_ng.py [line:77] _connect INFO node 3's socket client fails to make connection to node 4 server 
2022-07-13 04:05:35,060 socket_client_ng.py [line:66] _connect INFO node 3's socket client starts to make outgoing connections to node 8 server 
2022-07-13 04:05:35,061 socket_client_ng.py [line:77] _connect INFO node 3's socket client fails to make connection to node 8 server 
2022-07-13 04:05:35,061 socket_client_ng.py [line:66] _connect INFO node 3's socket client starts to make outgoing connections to node 9 server 
2022-07-13 04:05:35,062 socket_client_ng.py [line:77] _connect INFO node 3's socket client fails to make connection to node 9 server 
2022-07-13 04:05:35,062 socket_client_ng.py [line:66] _connect INFO node 3's socket client starts to make outgoing connections to node 11 server 
2022-07-13 04:05:35,063 socket_client_ng.py [line:77] _connect INFO node 3's socket client fails to make connection to node 11 server 
2022-07-13 04:05:35,063 socket_client_ng.py [line:66] _connect INFO node 3's socket client starts to make outgoing connections to node 4 server 
2022-07-13 04:05:35,065 socket_client_ng.py [line:77] _connect INFO node 3's socket client fails to make connection to node 4 server 
2022-07-13 04:05:35,065 socket_client_ng.py [line:66] _connect INFO node 3's socket client starts to make outgoing connections to node 8 server 
2022-07-13 04:05:35,066 socket_client_ng.py [line:77] _connect INFO node 3's socket client fails to make connection to node 8 server 
2022-07-13 04:05:35,066 socket_client_ng.py [line:66] _connect INFO node 3's socket client starts to make outgoing connections to node 9 server 
2022-07-13 04:05:35,067 socket_client_ng.py [line:77] _connect INFO node 3's socket client fails to make connection to node 9 server 
2022-07-13 04:05:35,067 socket_client_ng.py [line:66] _connect INFO node 3's socket client starts to make outgoing connections to node 11 server 
2022-07-13 04:05:35,068 socket_client_ng.py [line:77] _connect INFO node 3's socket client fails to make connection to node 11 server 
2022-07-13 04:05:35,068 socket_client_ng.py [line:66] _connect INFO node 3's socket client starts to make outgoing connections to node 4 server 
2022-07-13 04:05:35,068 socket_client_ng.py [line:77] _connect INFO node 3's socket client fails to make connection to node 4 server 
2022-07-13 04:05:35,069 socket_client_ng.py [line:66] _connect INFO node 3's socket client starts to make outgoing connections to node 8 server 
2022-07-13 04:05:35,069 socket_client_ng.py [line:77] _connect INFO node 3's socket client fails to make connection to node 8 server 
2022-07-13 04:05:35,070 socket_client_ng.py [line:66] _connect INFO node 3's socket client starts to make outgoing connections to node 9 server 
2022-07-13 04:05:35,070 socket_client_ng.py [line:77] _connect INFO node 3's socket client fails to make connection to node 9 server 
2022-07-13 04:05:35,070 socket_client_ng.py [line:66] _connect INFO node 3's socket client starts to make outgoing connections to node 11 server 
2022-07-13 04:05:35,071 socket_client_ng.py [line:77] _connect INFO node 3's socket client fails to make connection to node 11 server 
2022-07-13 04:05:35,071 socket_client_ng.py [line:66] _connect INFO node 3's socket client starts to make outgoing connections to node 4 server 
2022-07-13 04:05:35,072 socket_client_ng.py [line:77] _connect INFO node 3's socket client fails to make connection to node 4 server 
2022-07-13 04:05:35,072 socket_client_ng.py [line:66] _connect INFO node 3's socket client starts to make outgoing connections to node 8 server 
2022-07-13 04:05:35,073 socket_client_ng.py [line:77] _connect INFO node 3's socket client fails to make connection to node 8 server 
2022-07-13 04:05:35,073 socket_client_ng.py [line:66] _connect INFO node 3's socket client starts to make outgoing connections to node 9 server 
2022-07-13 04:05:35,074 socket_client_ng.py [line:77] _connect INFO node 3's socket client fails to make connection to node 9 server 
2022-07-13 04:05:35,074 socket_client_ng.py [line:66] _connect INFO node 3's socket client starts to make outgoing connections to node 11 server 
2022-07-13 04:05:35,075 socket_client_ng.py [line:77] _connect INFO node 3's socket client fails to make connection to node 11 server 
2022-07-13 04:05:35,075 socket_client_ng.py [line:66] _connect INFO node 3's socket client starts to make outgoing connections to node 4 server 
2022-07-13 04:05:35,076 socket_client_ng.py [line:77] _connect INFO node 3's socket client fails to make connection to node 4 server 
2022-07-13 04:05:35,076 socket_client_ng.py [line:66] _connect INFO node 3's socket client starts to make outgoing connections to node 8 server 
2022-07-13 04:05:35,077 socket_client_ng.py [line:77] _connect INFO node 3's socket client fails to make connection to node 8 server 
2022-07-13 04:05:35,077 socket_client_ng.py [line:66] _connect INFO node 3's socket client starts to make outgoing connections to node 9 server 
2022-07-13 04:05:35,078 socket_client_ng.py [line:77] _connect INFO node 3's socket client fails to make connection to node 9 server 
2022-07-13 04:05:35,078 socket_client_ng.py [line:66] _connect INFO node 3's socket client starts to make outgoing connections to node 11 server 
2022-07-13 04:05:35,079 socket_client_ng.py [line:77] _connect INFO node 3's socket client fails to make connection to node 11 server 
2022-07-13 04:05:35,079 socket_client_ng.py [line:66] _connect INFO node 3's socket client starts to make outgoing connections to node 4 server 
2022-07-13 04:05:35,080 socket_client_ng.py [line:77] _connect INFO node 3's socket client fails to make connection to node 4 server 
2022-07-13 04:05:35,080 socket_client_ng.py [line:66] _connect INFO node 3's socket client starts to make outgoing connections to node 8 server 
2022-07-13 04:05:35,081 socket_client_ng.py [line:77] _connect INFO node 3's socket client fails to make connection to node 8 server 
2022-07-13 04:05:35,081 socket_client_ng.py [line:66] _connect INFO node 3's socket client starts to make outgoing connections to node 9 server 
2022-07-13 04:05:35,082 socket_client_ng.py [line:77] _connect INFO node 3's socket client fails to make connection to node 9 server 
2022-07-13 04:05:35,082 socket_client_ng.py [line:66] _connect INFO node 3's socket client starts to make outgoing connections to node 11 server 
2022-07-13 04:05:35,083 socket_client_ng.py [line:77] _connect INFO node 3's socket client fails to make connection to node 11 server 
2022-07-13 04:05:35,083 socket_client_ng.py [line:66] _connect INFO node 3's socket client starts to make outgoing connections to node 4 server 
2022-07-13 04:05:35,084 socket_client_ng.py [line:77] _connect INFO node 3's socket client fails to make connection to node 4 server 
2022-07-13 04:05:35,084 socket_client_ng.py [line:66] _connect INFO node 3's socket client starts to make outgoing connections to node 8 server 
2022-07-13 04:05:35,085 socket_client_ng.py [line:77] _connect INFO node 3's socket client fails to make connection to node 8 server 
2022-07-13 04:05:35,085 socket_client_ng.py [line:66] _connect INFO node 3's socket client starts to make outgoing connections to node 9 server 
2022-07-13 04:05:35,086 socket_client_ng.py [line:77] _connect INFO node 3's socket client fails to make connection to node 9 server 
2022-07-13 04:05:35,086 socket_client_ng.py [line:66] _connect INFO node 3's socket client starts to make outgoing connections to node 11 server 
2022-07-13 04:05:35,087 socket_client_ng.py [line:77] _connect INFO node 3's socket client fails to make connection to node 11 server 
2022-07-13 04:05:35,087 socket_client_ng.py [line:66] _connect INFO node 3's socket client starts to make outgoing connections to node 4 server 
2022-07-13 04:05:35,088 socket_client_ng.py [line:77] _connect INFO node 3's socket client fails to make connection to node 4 server 
2022-07-13 04:05:35,088 socket_client_ng.py [line:66] _connect INFO node 3's socket client starts to make outgoing connections to node 8 server 
2022-07-13 04:05:35,089 socket_client_ng.py [line:77] _connect INFO node 3's socket client fails to make connection to node 8 server 
2022-07-13 04:05:35,089 socket_client_ng.py [line:66] _connect INFO node 3's socket client starts to make outgoing connections to node 9 server 
2022-07-13 04:05:35,089 socket_client_ng.py [line:77] _connect INFO node 3's socket client fails to make connection to node 9 server 
2022-07-13 04:05:35,090 socket_client_ng.py [line:66] _connect INFO node 3's socket client starts to make outgoing connections to node 11 server 
2022-07-13 04:05:35,090 socket_client_ng.py [line:77] _connect INFO node 3's socket client fails to make connection to node 11 server 
2022-07-13 04:05:35,090 socket_client_ng.py [line:66] _connect INFO node 3's socket client starts to make outgoing connections to node 4 server 
2022-07-13 04:05:35,091 socket_client_ng.py [line:77] _connect INFO node 3's socket client fails to make connection to node 4 server 
2022-07-13 04:05:35,091 socket_client_ng.py [line:66] _connect INFO node 3's socket client starts to make outgoing connections to node 8 server 
2022-07-13 04:05:35,092 socket_client_ng.py [line:77] _connect INFO node 3's socket client fails to make connection to node 8 server 
2022-07-13 04:05:35,092 socket_client_ng.py [line:66] _connect INFO node 3's socket client starts to make outgoing connections to node 9 server 
2022-07-13 04:05:35,093 socket_client_ng.py [line:77] _connect INFO node 3's socket client fails to make connection to node 9 server 
2022-07-13 04:05:35,093 socket_client_ng.py [line:66] _connect INFO node 3's socket client starts to make outgoing connections to node 11 server 
2022-07-13 04:05:35,094 socket_client_ng.py [line:77] _connect INFO node 3's socket client fails to make connection to node 11 server 
2022-07-13 04:05:35,094 socket_client_ng.py [line:66] _connect INFO node 3's socket client starts to make outgoing connections to node 4 server 
2022-07-13 04:05:35,095 socket_client_ng.py [line:74] _connect INFO node 3's socket client made an outgoing connection to node 4 server 
2022-07-13 04:05:35,095 socket_client_ng.py [line:66] _connect INFO node 3's socket client starts to make outgoing connections to node 8 server 
2022-07-13 04:05:35,096 socket_client_ng.py [line:77] _connect INFO node 3's socket client fails to make connection to node 8 server 
2022-07-13 04:05:35,096 socket_client_ng.py [line:66] _connect INFO node 3's socket client starts to make outgoing connections to node 9 server 
2022-07-13 04:05:35,096 socket_client_ng.py [line:77] _connect INFO node 3's socket client fails to make connection to node 9 server 
2022-07-13 04:05:35,097 socket_client_ng.py [line:66] _connect INFO node 3's socket client starts to make outgoing connections to node 11 server 
2022-07-13 04:05:35,097 socket_client_ng.py [line:77] _connect INFO node 3's socket client fails to make connection to node 11 server 
2022-07-13 04:05:35,097 socket_client_ng.py [line:66] _connect INFO node 3's socket client starts to make outgoing connections to node 8 server 
2022-07-13 04:05:35,098 socket_client_ng.py [line:77] _connect INFO node 3's socket client fails to make connection to node 8 server 
2022-07-13 04:05:35,098 socket_client_ng.py [line:66] _connect INFO node 3's socket client starts to make outgoing connections to node 9 server 
2022-07-13 04:05:35,099 socket_client_ng.py [line:77] _connect INFO node 3's socket client fails to make connection to node 9 server 
2022-07-13 04:05:35,099 socket_client_ng.py [line:66] _connect INFO node 3's socket client starts to make outgoing connections to node 11 server 
2022-07-13 04:05:35,100 socket_client_ng.py [line:77] _connect INFO node 3's socket client fails to make connection to node 11 server 
2022-07-13 04:05:35,100 socket_client_ng.py [line:66] _connect INFO node 3's socket client starts to make outgoing connections to node 8 server 
2022-07-13 04:05:35,101 socket_client_ng.py [line:77] _connect INFO node 3's socket client fails to make connection to node 8 server 
2022-07-13 04:05:35,101 socket_client_ng.py [line:66] _connect INFO node 3's socket client starts to make outgoing connections to node 9 server 
2022-07-13 04:05:35,101 socket_client_ng.py [line:77] _connect INFO node 3's socket client fails to make connection to node 9 server 
2022-07-13 04:05:35,102 socket_client_ng.py [line:66] _connect INFO node 3's socket client starts to make outgoing connections to node 11 server 
2022-07-13 04:05:35,102 socket_client_ng.py [line:77] _connect INFO node 3's socket client fails to make connection to node 11 server 
2022-07-13 04:05:35,103 socket_client_ng.py [line:66] _connect INFO node 3's socket client starts to make outgoing connections to node 8 server 
2022-07-13 04:05:35,103 socket_client_ng.py [line:77] _connect INFO node 3's socket client fails to make connection to node 8 server 
2022-07-13 04:05:35,103 socket_client_ng.py [line:66] _connect INFO node 3's socket client starts to make outgoing connections to node 9 server 
2022-07-13 04:05:35,104 socket_client_ng.py [line:77] _connect INFO node 3's socket client fails to make connection to node 9 server 
2022-07-13 04:05:35,104 socket_client_ng.py [line:66] _connect INFO node 3's socket client starts to make outgoing connections to node 11 server 
2022-07-13 04:05:35,105 socket_client_ng.py [line:77] _connect INFO node 3's socket client fails to make connection to node 11 server 
2022-07-13 04:05:35,105 socket_client_ng.py [line:66] _connect INFO node 3's socket client starts to make outgoing connections to node 8 server 
2022-07-13 04:05:35,106 socket_client_ng.py [line:77] _connect INFO node 3's socket client fails to make connection to node 8 server 
2022-07-13 04:05:35,106 socket_client_ng.py [line:66] _connect INFO node 3's socket client starts to make outgoing connections to node 9 server 
2022-07-13 04:05:35,107 socket_client_ng.py [line:77] _connect INFO node 3's socket client fails to make connection to node 9 server 
2022-07-13 04:05:35,107 socket_client_ng.py [line:66] _connect INFO node 3's socket client starts to make outgoing connections to node 11 server 
2022-07-13 04:05:35,108 socket_client_ng.py [line:77] _connect INFO node 3's socket client fails to make connection to node 11 server 
2022-07-13 04:05:35,108 socket_client_ng.py [line:66] _connect INFO node 3's socket client starts to make outgoing connections to node 8 server 
2022-07-13 04:05:35,109 socket_client_ng.py [line:77] _connect INFO node 3's socket client fails to make connection to node 8 server 
2022-07-13 04:05:35,109 socket_client_ng.py [line:66] _connect INFO node 3's socket client starts to make outgoing connections to node 9 server 
2022-07-13 04:05:35,110 socket_client_ng.py [line:77] _connect INFO node 3's socket client fails to make connection to node 9 server 
2022-07-13 04:05:35,110 socket_client_ng.py [line:66] _connect INFO node 3's socket client starts to make outgoing connections to node 11 server 
2022-07-13 04:05:35,110 socket_client_ng.py [line:77] _connect INFO node 3's socket client fails to make connection to node 11 server 
2022-07-13 04:05:35,110 socket_client_ng.py [line:66] _connect INFO node 3's socket client starts to make outgoing connections to node 8 server 
2022-07-13 04:05:35,111 socket_client_ng.py [line:77] _connect INFO node 3's socket client fails to make connection to node 8 server 
2022-07-13 04:05:35,111 socket_client_ng.py [line:66] _connect INFO node 3's socket client starts to make outgoing connections to node 9 server 
2022-07-13 04:05:35,112 socket_client_ng.py [line:77] _connect INFO node 3's socket client fails to make connection to node 9 server 
2022-07-13 04:05:35,112 socket_client_ng.py [line:66] _connect INFO node 3's socket client starts to make outgoing connections to node 11 server 
2022-07-13 04:05:35,113 socket_client_ng.py [line:77] _connect INFO node 3's socket client fails to make connection to node 11 server 
2022-07-13 04:05:35,113 socket_client_ng.py [line:66] _connect INFO node 3's socket client starts to make outgoing connections to node 8 server 
2022-07-13 04:05:35,114 socket_client_ng.py [line:77] _connect INFO node 3's socket client fails to make connection to node 8 server 
2022-07-13 04:05:35,114 socket_client_ng.py [line:66] _connect INFO node 3's socket client starts to make outgoing connections to node 9 server 
2022-07-13 04:05:35,115 socket_client_ng.py [line:77] _connect INFO node 3's socket client fails to make connection to node 9 server 
2022-07-13 04:05:35,115 socket_client_ng.py [line:66] _connect INFO node 3's socket client starts to make outgoing connections to node 11 server 
2022-07-13 04:05:35,116 socket_client_ng.py [line:77] _connect INFO node 3's socket client fails to make connection to node 11 server 
2022-07-13 04:05:35,116 socket_client_ng.py [line:66] _connect INFO node 3's socket client starts to make outgoing connections to node 8 server 
2022-07-13 04:05:35,117 socket_client_ng.py [line:77] _connect INFO node 3's socket client fails to make connection to node 8 server 
2022-07-13 04:05:35,117 socket_client_ng.py [line:66] _connect INFO node 3's socket client starts to make outgoing connections to node 9 server 
2022-07-13 04:05:35,117 socket_client_ng.py [line:77] _connect INFO node 3's socket client fails to make connection to node 9 server 
2022-07-13 04:05:35,118 socket_client_ng.py [line:66] _connect INFO node 3's socket client starts to make outgoing connections to node 11 server 
2022-07-13 04:05:35,118 socket_client_ng.py [line:77] _connect INFO node 3's socket client fails to make connection to node 11 server 
2022-07-13 04:05:35,118 socket_client_ng.py [line:66] _connect INFO node 3's socket client starts to make outgoing connections to node 8 server 
2022-07-13 04:05:35,119 socket_client_ng.py [line:77] _connect INFO node 3's socket client fails to make connection to node 8 server 
2022-07-13 04:05:35,119 socket_client_ng.py [line:66] _connect INFO node 3's socket client starts to make outgoing connections to node 9 server 
2022-07-13 04:05:35,120 socket_client_ng.py [line:77] _connect INFO node 3's socket client fails to make connection to node 9 server 
2022-07-13 04:05:35,120 socket_client_ng.py [line:66] _connect INFO node 3's socket client starts to make outgoing connections to node 11 server 
2022-07-13 04:05:35,121 socket_client_ng.py [line:77] _connect INFO node 3's socket client fails to make connection to node 11 server 
2022-07-13 04:05:35,121 socket_client_ng.py [line:66] _connect INFO node 3's socket client starts to make outgoing connections to node 8 server 
2022-07-13 04:05:35,122 socket_client_ng.py [line:77] _connect INFO node 3's socket client fails to make connection to node 8 server 
2022-07-13 04:05:35,122 socket_client_ng.py [line:66] _connect INFO node 3's socket client starts to make outgoing connections to node 9 server 
2022-07-13 04:05:35,123 socket_client_ng.py [line:77] _connect INFO node 3's socket client fails to make connection to node 9 server 
2022-07-13 04:05:35,123 socket_client_ng.py [line:66] _connect INFO node 3's socket client starts to make outgoing connections to node 11 server 
2022-07-13 04:05:35,124 socket_client_ng.py [line:77] _connect INFO node 3's socket client fails to make connection to node 11 server 
2022-07-13 04:05:35,124 socket_client_ng.py [line:66] _connect INFO node 3's socket client starts to make outgoing connections to node 8 server 
2022-07-13 04:05:35,124 socket_client_ng.py [line:77] _connect INFO node 3's socket client fails to make connection to node 8 server 
2022-07-13 04:05:35,125 socket_client_ng.py [line:66] _connect INFO node 3's socket client starts to make outgoing connections to node 9 server 
2022-07-13 04:05:35,125 socket_client_ng.py [line:77] _connect INFO node 3's socket client fails to make connection to node 9 server 
2022-07-13 04:05:35,126 socket_client_ng.py [line:66] _connect INFO node 3's socket client starts to make outgoing connections to node 11 server 
2022-07-13 04:05:35,126 socket_client_ng.py [line:77] _connect INFO node 3's socket client fails to make connection to node 11 server 
2022-07-13 04:05:35,126 socket_client_ng.py [line:66] _connect INFO node 3's socket client starts to make outgoing connections to node 8 server 
2022-07-13 04:05:35,127 socket_client_ng.py [line:77] _connect INFO node 3's socket client fails to make connection to node 8 server 
2022-07-13 04:05:35,127 socket_client_ng.py [line:66] _connect INFO node 3's socket client starts to make outgoing connections to node 9 server 
2022-07-13 04:05:35,128 socket_client_ng.py [line:77] _connect INFO node 3's socket client fails to make connection to node 9 server 
2022-07-13 04:05:35,128 socket_client_ng.py [line:66] _connect INFO node 3's socket client starts to make outgoing connections to node 11 server 
2022-07-13 04:05:35,129 socket_client_ng.py [line:77] _connect INFO node 3's socket client fails to make connection to node 11 server 
2022-07-13 04:05:35,129 socket_client_ng.py [line:66] _connect INFO node 3's socket client starts to make outgoing connections to node 8 server 
2022-07-13 04:05:35,130 socket_client_ng.py [line:77] _connect INFO node 3's socket client fails to make connection to node 8 server 
2022-07-13 04:05:35,130 socket_client_ng.py [line:66] _connect INFO node 3's socket client starts to make outgoing connections to node 9 server 
2022-07-13 04:05:35,131 socket_client_ng.py [line:77] _connect INFO node 3's socket client fails to make connection to node 9 server 
2022-07-13 04:05:35,131 socket_client_ng.py [line:66] _connect INFO node 3's socket client starts to make outgoing connections to node 11 server 
2022-07-13 04:05:35,132 socket_client_ng.py [line:77] _connect INFO node 3's socket client fails to make connection to node 11 server 
2022-07-13 04:05:35,132 socket_client_ng.py [line:66] _connect INFO node 3's socket client starts to make outgoing connections to node 8 server 
2022-07-13 04:05:35,132 socket_client_ng.py [line:77] _connect INFO node 3's socket client fails to make connection to node 8 server 
2022-07-13 04:05:35,133 socket_client_ng.py [line:66] _connect INFO node 3's socket client starts to make outgoing connections to node 9 server 
2022-07-13 04:05:35,133 socket_client_ng.py [line:77] _connect INFO node 3's socket client fails to make connection to node 9 server 
2022-07-13 04:05:35,133 socket_client_ng.py [line:66] _connect INFO node 3's socket client starts to make outgoing connections to node 11 server 
2022-07-13 04:05:35,134 socket_client_ng.py [line:77] _connect INFO node 3's socket client fails to make connection to node 11 server 
2022-07-13 04:05:35,134 socket_client_ng.py [line:66] _connect INFO node 3's socket client starts to make outgoing connections to node 8 server 
2022-07-13 04:05:35,135 socket_client_ng.py [line:77] _connect INFO node 3's socket client fails to make connection to node 8 server 
2022-07-13 04:05:35,135 socket_client_ng.py [line:66] _connect INFO node 3's socket client starts to make outgoing connections to node 9 server 
2022-07-13 04:05:35,136 socket_client_ng.py [line:77] _connect INFO node 3's socket client fails to make connection to node 9 server 
2022-07-13 04:05:35,136 socket_client_ng.py [line:66] _connect INFO node 3's socket client starts to make outgoing connections to node 11 server 
2022-07-13 04:05:35,137 socket_client_ng.py [line:77] _connect INFO node 3's socket client fails to make connection to node 11 server 
2022-07-13 04:05:35,137 socket_client_ng.py [line:66] _connect INFO node 3's socket client starts to make outgoing connections to node 8 server 
2022-07-13 04:05:35,138 socket_client_ng.py [line:77] _connect INFO node 3's socket client fails to make connection to node 8 server 
2022-07-13 04:05:35,138 socket_client_ng.py [line:66] _connect INFO node 3's socket client starts to make outgoing connections to node 9 server 
2022-07-13 04:05:35,139 socket_client_ng.py [line:77] _connect INFO node 3's socket client fails to make connection to node 9 server 
2022-07-13 04:05:35,139 socket_client_ng.py [line:66] _connect INFO node 3's socket client starts to make outgoing connections to node 11 server 
2022-07-13 04:05:35,140 socket_client_ng.py [line:77] _connect INFO node 3's socket client fails to make connection to node 11 server 
2022-07-13 04:05:35,140 socket_client_ng.py [line:66] _connect INFO node 3's socket client starts to make outgoing connections to node 8 server 
2022-07-13 04:05:35,141 socket_client_ng.py [line:77] _connect INFO node 3's socket client fails to make connection to node 8 server 
2022-07-13 04:05:35,141 socket_client_ng.py [line:66] _connect INFO node 3's socket client starts to make outgoing connections to node 9 server 
2022-07-13 04:05:35,142 socket_client_ng.py [line:77] _connect INFO node 3's socket client fails to make connection to node 9 server 
2022-07-13 04:05:35,142 socket_client_ng.py [line:66] _connect INFO node 3's socket client starts to make outgoing connections to node 11 server 
2022-07-13 04:05:35,143 socket_client_ng.py [line:77] _connect INFO node 3's socket client fails to make connection to node 11 server 
2022-07-13 04:05:35,143 socket_client_ng.py [line:66] _connect INFO node 3's socket client starts to make outgoing connections to node 8 server 
2022-07-13 04:05:35,144 socket_client_ng.py [line:77] _connect INFO node 3's socket client fails to make connection to node 8 server 
2022-07-13 04:05:35,144 socket_client_ng.py [line:66] _connect INFO node 3's socket client starts to make outgoing connections to node 9 server 
2022-07-13 04:05:35,145 socket_client_ng.py [line:77] _connect INFO node 3's socket client fails to make connection to node 9 server 
2022-07-13 04:05:35,145 socket_client_ng.py [line:66] _connect INFO node 3's socket client starts to make outgoing connections to node 11 server 
2022-07-13 04:05:35,146 socket_client_ng.py [line:77] _connect INFO node 3's socket client fails to make connection to node 11 server 
2022-07-13 04:05:35,146 socket_client_ng.py [line:66] _connect INFO node 3's socket client starts to make outgoing connections to node 8 server 
2022-07-13 04:05:35,147 socket_client_ng.py [line:77] _connect INFO node 3's socket client fails to make connection to node 8 server 
2022-07-13 04:05:35,147 socket_client_ng.py [line:66] _connect INFO node 3's socket client starts to make outgoing connections to node 9 server 
2022-07-13 04:05:35,148 socket_client_ng.py [line:77] _connect INFO node 3's socket client fails to make connection to node 9 server 
2022-07-13 04:05:35,148 socket_client_ng.py [line:66] _connect INFO node 3's socket client starts to make outgoing connections to node 11 server 
2022-07-13 04:05:35,149 socket_client_ng.py [line:77] _connect INFO node 3's socket client fails to make connection to node 11 server 
2022-07-13 04:05:35,149 socket_client_ng.py [line:66] _connect INFO node 3's socket client starts to make outgoing connections to node 8 server 
2022-07-13 04:05:35,150 socket_client_ng.py [line:77] _connect INFO node 3's socket client fails to make connection to node 8 server 
2022-07-13 04:05:35,150 socket_client_ng.py [line:66] _connect INFO node 3's socket client starts to make outgoing connections to node 9 server 
2022-07-13 04:05:35,151 socket_client_ng.py [line:77] _connect INFO node 3's socket client fails to make connection to node 9 server 
2022-07-13 04:05:35,151 socket_client_ng.py [line:66] _connect INFO node 3's socket client starts to make outgoing connections to node 11 server 
2022-07-13 04:05:35,151 socket_client_ng.py [line:77] _connect INFO node 3's socket client fails to make connection to node 11 server 
2022-07-13 04:05:35,152 socket_client_ng.py [line:66] _connect INFO node 3's socket client starts to make outgoing connections to node 8 server 
2022-07-13 04:05:35,152 socket_client_ng.py [line:77] _connect INFO node 3's socket client fails to make connection to node 8 server 
2022-07-13 04:05:35,153 socket_client_ng.py [line:66] _connect INFO node 3's socket client starts to make outgoing connections to node 9 server 
2022-07-13 04:05:35,153 socket_client_ng.py [line:77] _connect INFO node 3's socket client fails to make connection to node 9 server 
2022-07-13 04:05:35,154 socket_client_ng.py [line:66] _connect INFO node 3's socket client starts to make outgoing connections to node 11 server 
2022-07-13 04:05:35,154 socket_client_ng.py [line:77] _connect INFO node 3's socket client fails to make connection to node 11 server 
2022-07-13 04:05:35,154 socket_client_ng.py [line:66] _connect INFO node 3's socket client starts to make outgoing connections to node 8 server 
2022-07-13 04:05:35,155 socket_client_ng.py [line:77] _connect INFO node 3's socket client fails to make connection to node 8 server 
2022-07-13 04:05:35,155 socket_client_ng.py [line:66] _connect INFO node 3's socket client starts to make outgoing connections to node 9 server 
2022-07-13 04:05:35,156 socket_client_ng.py [line:77] _connect INFO node 3's socket client fails to make connection to node 9 server 
2022-07-13 04:05:35,156 socket_client_ng.py [line:66] _connect INFO node 3's socket client starts to make outgoing connections to node 11 server 
2022-07-13 04:05:35,157 socket_client_ng.py [line:77] _connect INFO node 3's socket client fails to make connection to node 11 server 
2022-07-13 04:05:35,157 socket_client_ng.py [line:66] _connect INFO node 3's socket client starts to make outgoing connections to node 8 server 
2022-07-13 04:05:35,158 socket_client_ng.py [line:77] _connect INFO node 3's socket client fails to make connection to node 8 server 
2022-07-13 04:05:35,158 socket_client_ng.py [line:66] _connect INFO node 3's socket client starts to make outgoing connections to node 9 server 
2022-07-13 04:05:35,159 socket_client_ng.py [line:77] _connect INFO node 3's socket client fails to make connection to node 9 server 
2022-07-13 04:05:35,159 socket_client_ng.py [line:66] _connect INFO node 3's socket client starts to make outgoing connections to node 11 server 
2022-07-13 04:05:35,160 socket_client_ng.py [line:77] _connect INFO node 3's socket client fails to make connection to node 11 server 
2022-07-13 04:05:35,160 socket_client_ng.py [line:66] _connect INFO node 3's socket client starts to make outgoing connections to node 8 server 
2022-07-13 04:05:35,161 socket_client_ng.py [line:77] _connect INFO node 3's socket client fails to make connection to node 8 server 
2022-07-13 04:05:35,161 socket_client_ng.py [line:66] _connect INFO node 3's socket client starts to make outgoing connections to node 9 server 
2022-07-13 04:05:35,162 socket_client_ng.py [line:77] _connect INFO node 3's socket client fails to make connection to node 9 server 
2022-07-13 04:05:35,162 socket_client_ng.py [line:66] _connect INFO node 3's socket client starts to make outgoing connections to node 11 server 
2022-07-13 04:05:35,163 socket_client_ng.py [line:77] _connect INFO node 3's socket client fails to make connection to node 11 server 
2022-07-13 04:05:35,163 socket_client_ng.py [line:66] _connect INFO node 3's socket client starts to make outgoing connections to node 8 server 
2022-07-13 04:05:35,164 socket_client_ng.py [line:77] _connect INFO node 3's socket client fails to make connection to node 8 server 
2022-07-13 04:05:35,164 socket_client_ng.py [line:66] _connect INFO node 3's socket client starts to make outgoing connections to node 9 server 
2022-07-13 04:05:35,165 socket_client_ng.py [line:77] _connect INFO node 3's socket client fails to make connection to node 9 server 
2022-07-13 04:05:35,165 socket_client_ng.py [line:66] _connect INFO node 3's socket client starts to make outgoing connections to node 11 server 
2022-07-13 04:05:35,166 socket_client_ng.py [line:77] _connect INFO node 3's socket client fails to make connection to node 11 server 
2022-07-13 04:05:35,166 socket_client_ng.py [line:66] _connect INFO node 3's socket client starts to make outgoing connections to node 8 server 
2022-07-13 04:05:35,167 socket_client_ng.py [line:77] _connect INFO node 3's socket client fails to make connection to node 8 server 
2022-07-13 04:05:35,167 socket_client_ng.py [line:66] _connect INFO node 3's socket client starts to make outgoing connections to node 9 server 
2022-07-13 04:05:35,168 socket_client_ng.py [line:77] _connect INFO node 3's socket client fails to make connection to node 9 server 
2022-07-13 04:05:35,168 socket_client_ng.py [line:66] _connect INFO node 3's socket client starts to make outgoing connections to node 11 server 
2022-07-13 04:05:35,169 socket_client_ng.py [line:77] _connect INFO node 3's socket client fails to make connection to node 11 server 
2022-07-13 04:05:35,169 socket_client_ng.py [line:66] _connect INFO node 3's socket client starts to make outgoing connections to node 8 server 
2022-07-13 04:05:35,170 socket_client_ng.py [line:77] _connect INFO node 3's socket client fails to make connection to node 8 server 
2022-07-13 04:05:35,170 socket_client_ng.py [line:66] _connect INFO node 3's socket client starts to make outgoing connections to node 9 server 
2022-07-13 04:05:35,171 socket_client_ng.py [line:77] _connect INFO node 3's socket client fails to make connection to node 9 server 
2022-07-13 04:05:35,171 socket_client_ng.py [line:66] _connect INFO node 3's socket client starts to make outgoing connections to node 11 server 
2022-07-13 04:05:35,172 socket_client_ng.py [line:77] _connect INFO node 3's socket client fails to make connection to node 11 server 
2022-07-13 04:05:35,172 socket_client_ng.py [line:66] _connect INFO node 3's socket client starts to make outgoing connections to node 8 server 
2022-07-13 04:05:35,172 socket_client_ng.py [line:77] _connect INFO node 3's socket client fails to make connection to node 8 server 
2022-07-13 04:05:35,173 socket_client_ng.py [line:66] _connect INFO node 3's socket client starts to make outgoing connections to node 9 server 
2022-07-13 04:05:35,173 socket_client_ng.py [line:77] _connect INFO node 3's socket client fails to make connection to node 9 server 
2022-07-13 04:05:35,174 socket_client_ng.py [line:66] _connect INFO node 3's socket client starts to make outgoing connections to node 11 server 
2022-07-13 04:05:35,174 socket_client_ng.py [line:77] _connect INFO node 3's socket client fails to make connection to node 11 server 
2022-07-13 04:05:35,175 socket_client_ng.py [line:66] _connect INFO node 3's socket client starts to make outgoing connections to node 8 server 
2022-07-13 04:05:35,175 socket_client_ng.py [line:77] _connect INFO node 3's socket client fails to make connection to node 8 server 
2022-07-13 04:05:35,175 socket_client_ng.py [line:66] _connect INFO node 3's socket client starts to make outgoing connections to node 9 server 
2022-07-13 04:05:35,176 socket_client_ng.py [line:77] _connect INFO node 3's socket client fails to make connection to node 9 server 
2022-07-13 04:05:35,176 socket_client_ng.py [line:66] _connect INFO node 3's socket client starts to make outgoing connections to node 11 server 
2022-07-13 04:05:35,177 socket_client_ng.py [line:77] _connect INFO node 3's socket client fails to make connection to node 11 server 
2022-07-13 04:05:35,177 socket_client_ng.py [line:66] _connect INFO node 3's socket client starts to make outgoing connections to node 8 server 
2022-07-13 04:05:35,178 socket_client_ng.py [line:77] _connect INFO node 3's socket client fails to make connection to node 8 server 
2022-07-13 04:05:35,178 socket_client_ng.py [line:66] _connect INFO node 3's socket client starts to make outgoing connections to node 9 server 
2022-07-13 04:05:35,179 socket_client_ng.py [line:77] _connect INFO node 3's socket client fails to make connection to node 9 server 
2022-07-13 04:05:35,179 socket_client_ng.py [line:66] _connect INFO node 3's socket client starts to make outgoing connections to node 11 server 
2022-07-13 04:05:35,180 socket_client_ng.py [line:77] _connect INFO node 3's socket client fails to make connection to node 11 server 
2022-07-13 04:05:35,180 socket_client_ng.py [line:66] _connect INFO node 3's socket client starts to make outgoing connections to node 8 server 
2022-07-13 04:05:35,181 socket_client_ng.py [line:77] _connect INFO node 3's socket client fails to make connection to node 8 server 
2022-07-13 04:05:35,181 socket_client_ng.py [line:66] _connect INFO node 3's socket client starts to make outgoing connections to node 9 server 
2022-07-13 04:05:35,182 socket_client_ng.py [line:77] _connect INFO node 3's socket client fails to make connection to node 9 server 
2022-07-13 04:05:35,182 socket_client_ng.py [line:66] _connect INFO node 3's socket client starts to make outgoing connections to node 11 server 
2022-07-13 04:05:35,183 socket_client_ng.py [line:77] _connect INFO node 3's socket client fails to make connection to node 11 server 
2022-07-13 04:05:35,183 socket_client_ng.py [line:66] _connect INFO node 3's socket client starts to make outgoing connections to node 8 server 
2022-07-13 04:05:35,184 socket_client_ng.py [line:77] _connect INFO node 3's socket client fails to make connection to node 8 server 
2022-07-13 04:05:35,184 socket_client_ng.py [line:66] _connect INFO node 3's socket client starts to make outgoing connections to node 9 server 
2022-07-13 04:05:35,185 socket_client_ng.py [line:77] _connect INFO node 3's socket client fails to make connection to node 9 server 
2022-07-13 04:05:35,185 socket_client_ng.py [line:66] _connect INFO node 3's socket client starts to make outgoing connections to node 11 server 
2022-07-13 04:05:35,186 socket_client_ng.py [line:77] _connect INFO node 3's socket client fails to make connection to node 11 server 
2022-07-13 04:05:35,186 socket_client_ng.py [line:66] _connect INFO node 3's socket client starts to make outgoing connections to node 8 server 
2022-07-13 04:05:35,187 socket_client_ng.py [line:77] _connect INFO node 3's socket client fails to make connection to node 8 server 
2022-07-13 04:05:35,187 socket_client_ng.py [line:66] _connect INFO node 3's socket client starts to make outgoing connections to node 9 server 
2022-07-13 04:05:35,188 socket_client_ng.py [line:77] _connect INFO node 3's socket client fails to make connection to node 9 server 
2022-07-13 04:05:35,188 socket_client_ng.py [line:66] _connect INFO node 3's socket client starts to make outgoing connections to node 11 server 
2022-07-13 04:05:35,189 socket_client_ng.py [line:77] _connect INFO node 3's socket client fails to make connection to node 11 server 
2022-07-13 04:05:35,189 socket_client_ng.py [line:66] _connect INFO node 3's socket client starts to make outgoing connections to node 8 server 
2022-07-13 04:05:35,190 socket_client_ng.py [line:77] _connect INFO node 3's socket client fails to make connection to node 8 server 
2022-07-13 04:05:35,190 socket_client_ng.py [line:66] _connect INFO node 3's socket client starts to make outgoing connections to node 9 server 
2022-07-13 04:05:35,191 socket_client_ng.py [line:77] _connect INFO node 3's socket client fails to make connection to node 9 server 
2022-07-13 04:05:35,191 socket_client_ng.py [line:66] _connect INFO node 3's socket client starts to make outgoing connections to node 11 server 
2022-07-13 04:05:35,192 socket_client_ng.py [line:77] _connect INFO node 3's socket client fails to make connection to node 11 server 
2022-07-13 04:05:35,192 socket_client_ng.py [line:66] _connect INFO node 3's socket client starts to make outgoing connections to node 8 server 
2022-07-13 04:05:35,193 socket_client_ng.py [line:77] _connect INFO node 3's socket client fails to make connection to node 8 server 
2022-07-13 04:05:35,193 socket_client_ng.py [line:66] _connect INFO node 3's socket client starts to make outgoing connections to node 9 server 
2022-07-13 04:05:35,194 socket_client_ng.py [line:77] _connect INFO node 3's socket client fails to make connection to node 9 server 
2022-07-13 04:05:35,194 socket_client_ng.py [line:66] _connect INFO node 3's socket client starts to make outgoing connections to node 11 server 
2022-07-13 04:05:35,195 socket_client_ng.py [line:74] _connect INFO node 3's socket client made an outgoing connection to node 11 server 
2022-07-13 04:05:35,195 socket_client_ng.py [line:66] _connect INFO node 3's socket client starts to make outgoing connections to node 8 server 
2022-07-13 04:05:35,196 socket_client_ng.py [line:77] _connect INFO node 3's socket client fails to make connection to node 8 server 
2022-07-13 04:05:35,196 socket_client_ng.py [line:66] _connect INFO node 3's socket client starts to make outgoing connections to node 9 server 
2022-07-13 04:05:35,197 socket_client_ng.py [line:77] _connect INFO node 3's socket client fails to make connection to node 9 server 
2022-07-13 04:05:35,197 socket_client_ng.py [line:66] _connect INFO node 3's socket client starts to make outgoing connections to node 8 server 
2022-07-13 04:05:35,198 socket_client_ng.py [line:77] _connect INFO node 3's socket client fails to make connection to node 8 server 
2022-07-13 04:05:35,198 socket_client_ng.py [line:66] _connect INFO node 3's socket client starts to make outgoing connections to node 9 server 
2022-07-13 04:05:35,199 socket_client_ng.py [line:77] _connect INFO node 3's socket client fails to make connection to node 9 server 
2022-07-13 04:05:35,199 socket_client_ng.py [line:66] _connect INFO node 3's socket client starts to make outgoing connections to node 8 server 
2022-07-13 04:05:35,200 socket_client_ng.py [line:77] _connect INFO node 3's socket client fails to make connection to node 8 server 
2022-07-13 04:05:35,200 socket_client_ng.py [line:66] _connect INFO node 3's socket client starts to make outgoing connections to node 9 server 
2022-07-13 04:05:35,201 socket_client_ng.py [line:77] _connect INFO node 3's socket client fails to make connection to node 9 server 
2022-07-13 04:05:35,201 socket_client_ng.py [line:66] _connect INFO node 3's socket client starts to make outgoing connections to node 8 server 
2022-07-13 04:05:35,202 socket_client_ng.py [line:77] _connect INFO node 3's socket client fails to make connection to node 8 server 
2022-07-13 04:05:35,202 socket_client_ng.py [line:66] _connect INFO node 3's socket client starts to make outgoing connections to node 9 server 
2022-07-13 04:05:35,203 socket_client_ng.py [line:77] _connect INFO node 3's socket client fails to make connection to node 9 server 
2022-07-13 04:05:35,203 socket_client_ng.py [line:66] _connect INFO node 3's socket client starts to make outgoing connections to node 8 server 
2022-07-13 04:05:35,204 socket_client_ng.py [line:77] _connect INFO node 3's socket client fails to make connection to node 8 server 
2022-07-13 04:05:35,205 socket_client_ng.py [line:66] _connect INFO node 3's socket client starts to make outgoing connections to node 9 server 
2022-07-13 04:05:35,206 socket_client_ng.py [line:77] _connect INFO node 3's socket client fails to make connection to node 9 server 
2022-07-13 04:05:35,206 socket_client_ng.py [line:66] _connect INFO node 3's socket client starts to make outgoing connections to node 8 server 
2022-07-13 04:05:35,207 socket_client_ng.py [line:77] _connect INFO node 3's socket client fails to make connection to node 8 server 
2022-07-13 04:05:35,207 socket_client_ng.py [line:66] _connect INFO node 3's socket client starts to make outgoing connections to node 9 server 
2022-07-13 04:05:35,209 socket_client_ng.py [line:77] _connect INFO node 3's socket client fails to make connection to node 9 server 
2022-07-13 04:05:35,209 socket_client_ng.py [line:66] _connect INFO node 3's socket client starts to make outgoing connections to node 8 server 
2022-07-13 04:05:35,210 socket_client_ng.py [line:77] _connect INFO node 3's socket client fails to make connection to node 8 server 
2022-07-13 04:05:35,210 socket_client_ng.py [line:66] _connect INFO node 3's socket client starts to make outgoing connections to node 9 server 
2022-07-13 04:05:35,211 socket_client_ng.py [line:77] _connect INFO node 3's socket client fails to make connection to node 9 server 
2022-07-13 04:05:35,211 socket_client_ng.py [line:66] _connect INFO node 3's socket client starts to make outgoing connections to node 8 server 
2022-07-13 04:05:35,212 socket_client_ng.py [line:77] _connect INFO node 3's socket client fails to make connection to node 8 server 
2022-07-13 04:05:35,212 socket_client_ng.py [line:66] _connect INFO node 3's socket client starts to make outgoing connections to node 9 server 
2022-07-13 04:05:35,213 socket_client_ng.py [line:77] _connect INFO node 3's socket client fails to make connection to node 9 server 
2022-07-13 04:05:35,213 socket_client_ng.py [line:66] _connect INFO node 3's socket client starts to make outgoing connections to node 8 server 
2022-07-13 04:05:35,214 socket_client_ng.py [line:77] _connect INFO node 3's socket client fails to make connection to node 8 server 
2022-07-13 04:05:35,214 socket_client_ng.py [line:66] _connect INFO node 3's socket client starts to make outgoing connections to node 9 server 
2022-07-13 04:05:35,215 socket_client_ng.py [line:77] _connect INFO node 3's socket client fails to make connection to node 9 server 
2022-07-13 04:05:35,215 socket_client_ng.py [line:66] _connect INFO node 3's socket client starts to make outgoing connections to node 8 server 
2022-07-13 04:05:35,216 socket_client_ng.py [line:77] _connect INFO node 3's socket client fails to make connection to node 8 server 
2022-07-13 04:05:35,216 socket_client_ng.py [line:66] _connect INFO node 3's socket client starts to make outgoing connections to node 9 server 
2022-07-13 04:05:35,217 socket_client_ng.py [line:77] _connect INFO node 3's socket client fails to make connection to node 9 server 
2022-07-13 04:05:35,217 socket_client_ng.py [line:66] _connect INFO node 3's socket client starts to make outgoing connections to node 8 server 
2022-07-13 04:05:35,218 socket_client_ng.py [line:77] _connect INFO node 3's socket client fails to make connection to node 8 server 
2022-07-13 04:05:35,218 socket_client_ng.py [line:66] _connect INFO node 3's socket client starts to make outgoing connections to node 9 server 
2022-07-13 04:05:35,219 socket_client_ng.py [line:77] _connect INFO node 3's socket client fails to make connection to node 9 server 
2022-07-13 04:05:35,219 socket_client_ng.py [line:66] _connect INFO node 3's socket client starts to make outgoing connections to node 8 server 
2022-07-13 04:05:35,220 socket_client_ng.py [line:77] _connect INFO node 3's socket client fails to make connection to node 8 server 
2022-07-13 04:05:35,220 socket_client_ng.py [line:66] _connect INFO node 3's socket client starts to make outgoing connections to node 9 server 
2022-07-13 04:05:35,221 socket_client_ng.py [line:77] _connect INFO node 3's socket client fails to make connection to node 9 server 
2022-07-13 04:05:35,222 socket_client_ng.py [line:66] _connect INFO node 3's socket client starts to make outgoing connections to node 8 server 
2022-07-13 04:05:35,222 socket_client_ng.py [line:77] _connect INFO node 3's socket client fails to make connection to node 8 server 
2022-07-13 04:05:35,223 socket_client_ng.py [line:66] _connect INFO node 3's socket client starts to make outgoing connections to node 9 server 
2022-07-13 04:05:35,223 socket_client_ng.py [line:77] _connect INFO node 3's socket client fails to make connection to node 9 server 
2022-07-13 04:05:35,224 socket_client_ng.py [line:66] _connect INFO node 3's socket client starts to make outgoing connections to node 8 server 
2022-07-13 04:05:35,224 socket_client_ng.py [line:77] _connect INFO node 3's socket client fails to make connection to node 8 server 
2022-07-13 04:05:35,225 socket_client_ng.py [line:66] _connect INFO node 3's socket client starts to make outgoing connections to node 9 server 
2022-07-13 04:05:35,226 socket_client_ng.py [line:77] _connect INFO node 3's socket client fails to make connection to node 9 server 
2022-07-13 04:05:35,226 socket_client_ng.py [line:66] _connect INFO node 3's socket client starts to make outgoing connections to node 8 server 
2022-07-13 04:05:35,227 socket_client_ng.py [line:77] _connect INFO node 3's socket client fails to make connection to node 8 server 
2022-07-13 04:05:35,227 socket_client_ng.py [line:66] _connect INFO node 3's socket client starts to make outgoing connections to node 9 server 
2022-07-13 04:05:35,228 socket_client_ng.py [line:77] _connect INFO node 3's socket client fails to make connection to node 9 server 
2022-07-13 04:05:35,228 socket_client_ng.py [line:66] _connect INFO node 3's socket client starts to make outgoing connections to node 8 server 
2022-07-13 04:05:35,229 socket_client_ng.py [line:77] _connect INFO node 3's socket client fails to make connection to node 8 server 
2022-07-13 04:05:35,229 socket_client_ng.py [line:66] _connect INFO node 3's socket client starts to make outgoing connections to node 9 server 
2022-07-13 04:05:35,230 socket_client_ng.py [line:77] _connect INFO node 3's socket client fails to make connection to node 9 server 
2022-07-13 04:05:35,230 socket_client_ng.py [line:66] _connect INFO node 3's socket client starts to make outgoing connections to node 8 server 
2022-07-13 04:05:35,231 socket_client_ng.py [line:77] _connect INFO node 3's socket client fails to make connection to node 8 server 
2022-07-13 04:05:35,231 socket_client_ng.py [line:66] _connect INFO node 3's socket client starts to make outgoing connections to node 9 server 
2022-07-13 04:05:35,232 socket_client_ng.py [line:77] _connect INFO node 3's socket client fails to make connection to node 9 server 
2022-07-13 04:05:35,232 socket_client_ng.py [line:66] _connect INFO node 3's socket client starts to make outgoing connections to node 8 server 
2022-07-13 04:05:35,233 socket_client_ng.py [line:77] _connect INFO node 3's socket client fails to make connection to node 8 server 
2022-07-13 04:05:35,233 socket_client_ng.py [line:66] _connect INFO node 3's socket client starts to make outgoing connections to node 9 server 
2022-07-13 04:05:35,234 socket_client_ng.py [line:77] _connect INFO node 3's socket client fails to make connection to node 9 server 
2022-07-13 04:05:35,234 socket_client_ng.py [line:66] _connect INFO node 3's socket client starts to make outgoing connections to node 8 server 
2022-07-13 04:05:35,236 socket_client_ng.py [line:77] _connect INFO node 3's socket client fails to make connection to node 8 server 
2022-07-13 04:05:35,236 socket_client_ng.py [line:66] _connect INFO node 3's socket client starts to make outgoing connections to node 9 server 
2022-07-13 04:05:35,237 socket_client_ng.py [line:77] _connect INFO node 3's socket client fails to make connection to node 9 server 
2022-07-13 04:05:35,237 socket_client_ng.py [line:66] _connect INFO node 3's socket client starts to make outgoing connections to node 8 server 
2022-07-13 04:05:35,238 socket_client_ng.py [line:77] _connect INFO node 3's socket client fails to make connection to node 8 server 
2022-07-13 04:05:35,238 socket_client_ng.py [line:66] _connect INFO node 3's socket client starts to make outgoing connections to node 9 server 
2022-07-13 04:05:35,239 socket_client_ng.py [line:77] _connect INFO node 3's socket client fails to make connection to node 9 server 
2022-07-13 04:05:35,239 socket_client_ng.py [line:66] _connect INFO node 3's socket client starts to make outgoing connections to node 8 server 
2022-07-13 04:05:35,240 socket_client_ng.py [line:77] _connect INFO node 3's socket client fails to make connection to node 8 server 
2022-07-13 04:05:35,240 socket_client_ng.py [line:66] _connect INFO node 3's socket client starts to make outgoing connections to node 9 server 
2022-07-13 04:05:35,241 socket_client_ng.py [line:77] _connect INFO node 3's socket client fails to make connection to node 9 server 
2022-07-13 04:05:35,241 socket_client_ng.py [line:66] _connect INFO node 3's socket client starts to make outgoing connections to node 8 server 
2022-07-13 04:05:35,243 socket_client_ng.py [line:77] _connect INFO node 3's socket client fails to make connection to node 8 server 
2022-07-13 04:05:35,243 socket_client_ng.py [line:66] _connect INFO node 3's socket client starts to make outgoing connections to node 9 server 
2022-07-13 04:05:35,244 socket_client_ng.py [line:77] _connect INFO node 3's socket client fails to make connection to node 9 server 
2022-07-13 04:05:35,244 socket_client_ng.py [line:66] _connect INFO node 3's socket client starts to make outgoing connections to node 8 server 
2022-07-13 04:05:35,245 socket_client_ng.py [line:77] _connect INFO node 3's socket client fails to make connection to node 8 server 
2022-07-13 04:05:35,245 socket_client_ng.py [line:66] _connect INFO node 3's socket client starts to make outgoing connections to node 9 server 
2022-07-13 04:05:35,246 socket_client_ng.py [line:77] _connect INFO node 3's socket client fails to make connection to node 9 server 
2022-07-13 04:05:35,246 socket_client_ng.py [line:66] _connect INFO node 3's socket client starts to make outgoing connections to node 8 server 
2022-07-13 04:05:35,247 socket_client_ng.py [line:74] _connect INFO node 3's socket client made an outgoing connection to node 8 server 
2022-07-13 04:05:35,247 socket_client_ng.py [line:66] _connect INFO node 3's socket client starts to make outgoing connections to node 9 server 
2022-07-13 04:05:35,248 socket_client_ng.py [line:77] _connect INFO node 3's socket client fails to make connection to node 9 server 
2022-07-13 04:05:35,249 socket_client_ng.py [line:66] _connect INFO node 3's socket client starts to make outgoing connections to node 9 server 
2022-07-13 04:05:35,249 socket_client_ng.py [line:77] _connect INFO node 3's socket client fails to make connection to node 9 server 
2022-07-13 04:05:35,250 socket_client_ng.py [line:66] _connect INFO node 3's socket client starts to make outgoing connections to node 9 server 
2022-07-13 04:05:35,251 socket_client_ng.py [line:77] _connect INFO node 3's socket client fails to make connection to node 9 server 
2022-07-13 04:05:35,251 socket_client_ng.py [line:66] _connect INFO node 3's socket client starts to make outgoing connections to node 9 server 
2022-07-13 04:05:35,252 socket_client_ng.py [line:77] _connect INFO node 3's socket client fails to make connection to node 9 server 
2022-07-13 04:05:35,252 socket_client_ng.py [line:66] _connect INFO node 3's socket client starts to make outgoing connections to node 9 server 
2022-07-13 04:05:35,253 socket_client_ng.py [line:77] _connect INFO node 3's socket client fails to make connection to node 9 server 
2022-07-13 04:05:35,253 socket_client_ng.py [line:66] _connect INFO node 3's socket client starts to make outgoing connections to node 9 server 
2022-07-13 04:05:35,254 socket_client_ng.py [line:77] _connect INFO node 3's socket client fails to make connection to node 9 server 
2022-07-13 04:05:35,254 socket_client_ng.py [line:66] _connect INFO node 3's socket client starts to make outgoing connections to node 9 server 
2022-07-13 04:05:35,255 socket_client_ng.py [line:77] _connect INFO node 3's socket client fails to make connection to node 9 server 
2022-07-13 04:05:35,255 socket_client_ng.py [line:66] _connect INFO node 3's socket client starts to make outgoing connections to node 9 server 
2022-07-13 04:05:35,256 socket_client_ng.py [line:77] _connect INFO node 3's socket client fails to make connection to node 9 server 
2022-07-13 04:05:35,256 socket_client_ng.py [line:66] _connect INFO node 3's socket client starts to make outgoing connections to node 9 server 
2022-07-13 04:05:35,257 socket_client_ng.py [line:77] _connect INFO node 3's socket client fails to make connection to node 9 server 
2022-07-13 04:05:35,258 socket_client_ng.py [line:66] _connect INFO node 3's socket client starts to make outgoing connections to node 9 server 
2022-07-13 04:05:35,259 socket_client_ng.py [line:77] _connect INFO node 3's socket client fails to make connection to node 9 server 
2022-07-13 04:05:35,259 socket_client_ng.py [line:66] _connect INFO node 3's socket client starts to make outgoing connections to node 9 server 
2022-07-13 04:05:35,260 socket_client_ng.py [line:77] _connect INFO node 3's socket client fails to make connection to node 9 server 
2022-07-13 04:05:35,260 socket_client_ng.py [line:66] _connect INFO node 3's socket client starts to make outgoing connections to node 9 server 
2022-07-13 04:05:35,261 socket_client_ng.py [line:77] _connect INFO node 3's socket client fails to make connection to node 9 server 
2022-07-13 04:05:35,261 socket_client_ng.py [line:66] _connect INFO node 3's socket client starts to make outgoing connections to node 9 server 
2022-07-13 04:05:35,262 socket_client_ng.py [line:77] _connect INFO node 3's socket client fails to make connection to node 9 server 
2022-07-13 04:05:35,262 socket_client_ng.py [line:66] _connect INFO node 3's socket client starts to make outgoing connections to node 9 server 
2022-07-13 04:05:35,263 socket_client_ng.py [line:77] _connect INFO node 3's socket client fails to make connection to node 9 server 
2022-07-13 04:05:35,263 socket_client_ng.py [line:66] _connect INFO node 3's socket client starts to make outgoing connections to node 9 server 
2022-07-13 04:05:35,265 socket_client_ng.py [line:77] _connect INFO node 3's socket client fails to make connection to node 9 server 
2022-07-13 04:05:35,265 socket_client_ng.py [line:66] _connect INFO node 3's socket client starts to make outgoing connections to node 9 server 
2022-07-13 04:05:35,266 socket_client_ng.py [line:77] _connect INFO node 3's socket client fails to make connection to node 9 server 
2022-07-13 04:05:35,266 socket_client_ng.py [line:66] _connect INFO node 3's socket client starts to make outgoing connections to node 9 server 
2022-07-13 04:05:35,267 socket_client_ng.py [line:77] _connect INFO node 3's socket client fails to make connection to node 9 server 
2022-07-13 04:05:35,267 socket_client_ng.py [line:66] _connect INFO node 3's socket client starts to make outgoing connections to node 9 server 
2022-07-13 04:05:35,269 socket_client_ng.py [line:77] _connect INFO node 3's socket client fails to make connection to node 9 server 
2022-07-13 04:05:35,269 socket_client_ng.py [line:66] _connect INFO node 3's socket client starts to make outgoing connections to node 9 server 
2022-07-13 04:05:35,270 socket_client_ng.py [line:77] _connect INFO node 3's socket client fails to make connection to node 9 server 
2022-07-13 04:05:35,270 socket_client_ng.py [line:66] _connect INFO node 3's socket client starts to make outgoing connections to node 9 server 
2022-07-13 04:05:35,271 socket_client_ng.py [line:77] _connect INFO node 3's socket client fails to make connection to node 9 server 
2022-07-13 04:05:35,271 socket_client_ng.py [line:66] _connect INFO node 3's socket client starts to make outgoing connections to node 9 server 
2022-07-13 04:05:35,272 socket_client_ng.py [line:77] _connect INFO node 3's socket client fails to make connection to node 9 server 
2022-07-13 04:05:35,272 socket_client_ng.py [line:66] _connect INFO node 3's socket client starts to make outgoing connections to node 9 server 
2022-07-13 04:05:35,273 socket_client_ng.py [line:77] _connect INFO node 3's socket client fails to make connection to node 9 server 
2022-07-13 04:05:35,273 socket_client_ng.py [line:66] _connect INFO node 3's socket client starts to make outgoing connections to node 9 server 
2022-07-13 04:05:35,274 socket_client_ng.py [line:77] _connect INFO node 3's socket client fails to make connection to node 9 server 
2022-07-13 04:05:35,274 socket_client_ng.py [line:66] _connect INFO node 3's socket client starts to make outgoing connections to node 9 server 
2022-07-13 04:05:35,275 socket_client_ng.py [line:77] _connect INFO node 3's socket client fails to make connection to node 9 server 
2022-07-13 04:05:35,275 socket_client_ng.py [line:66] _connect INFO node 3's socket client starts to make outgoing connections to node 9 server 
2022-07-13 04:05:35,277 socket_client_ng.py [line:77] _connect INFO node 3's socket client fails to make connection to node 9 server 
2022-07-13 04:05:35,277 socket_client_ng.py [line:66] _connect INFO node 3's socket client starts to make outgoing connections to node 9 server 
2022-07-13 04:05:35,278 socket_client_ng.py [line:77] _connect INFO node 3's socket client fails to make connection to node 9 server 
2022-07-13 04:05:35,278 socket_client_ng.py [line:66] _connect INFO node 3's socket client starts to make outgoing connections to node 9 server 
2022-07-13 04:05:35,279 socket_client_ng.py [line:77] _connect INFO node 3's socket client fails to make connection to node 9 server 
2022-07-13 04:05:35,279 socket_client_ng.py [line:66] _connect INFO node 3's socket client starts to make outgoing connections to node 9 server 
2022-07-13 04:05:35,280 socket_client_ng.py [line:77] _connect INFO node 3's socket client fails to make connection to node 9 server 
2022-07-13 04:05:35,280 socket_client_ng.py [line:66] _connect INFO node 3's socket client starts to make outgoing connections to node 9 server 
2022-07-13 04:05:35,281 socket_client_ng.py [line:77] _connect INFO node 3's socket client fails to make connection to node 9 server 
2022-07-13 04:05:35,281 socket_client_ng.py [line:66] _connect INFO node 3's socket client starts to make outgoing connections to node 9 server 
2022-07-13 04:05:35,282 socket_client_ng.py [line:77] _connect INFO node 3's socket client fails to make connection to node 9 server 
2022-07-13 04:05:35,282 socket_client_ng.py [line:66] _connect INFO node 3's socket client starts to make outgoing connections to node 9 server 
2022-07-13 04:05:35,283 socket_client_ng.py [line:77] _connect INFO node 3's socket client fails to make connection to node 9 server 
2022-07-13 04:05:35,283 socket_client_ng.py [line:66] _connect INFO node 3's socket client starts to make outgoing connections to node 9 server 
2022-07-13 04:05:35,284 socket_client_ng.py [line:77] _connect INFO node 3's socket client fails to make connection to node 9 server 
2022-07-13 04:05:35,285 socket_client_ng.py [line:66] _connect INFO node 3's socket client starts to make outgoing connections to node 9 server 
2022-07-13 04:05:35,286 socket_client_ng.py [line:74] _connect INFO node 3's socket client made an outgoing connection to node 9 server 
2024-07-09 14:12:46,419 socket_client.py [line:157] run INFO node id 3 is running on pid 3874 
2024-07-09 14:12:46,419 socket_client.py [line:44] _connect_and_send_forever INFO node 3's socket client starts to make outgoing connections on process id 3874 
2024-07-09 15:45:44,964 socket_client.py [line:157] run INFO node id 3 is running on pid 4594 
2024-07-09 15:45:44,964 socket_client.py [line:44] _connect_and_send_forever INFO node 3's socket client starts to make outgoing connections on process id 4594 
2024-07-09 15:48:45,125 socket_client.py [line:157] run INFO node id 3 is running on pid 4711 
2024-07-09 15:48:45,125 socket_client.py [line:44] _connect_and_send_forever INFO node 3's socket client starts to make outgoing connections on process id 4711 
2024-07-09 16:38:15,854 socket_client.py [line:157] run INFO node id 3 is running on pid 5018 
2024-07-09 16:38:15,855 socket_client.py [line:44] _connect_and_send_forever INFO node 3's socket client starts to make outgoing connections on process id 5018 
2024-07-09 16:45:18,945 socket_client.py [line:157] run INFO node id 3 is running on pid 5157 
2024-07-09 16:45:18,946 socket_client.py [line:44] _connect_and_send_forever INFO node 3's socket client starts to make outgoing connections on process id 5157 
2024-07-09 16:47:00,037 socket_client.py [line:157] run INFO node id 3 is running on pid 5295 
2024-07-09 16:47:00,038 socket_client.py [line:44] _connect_and_send_forever INFO node 3's socket client starts to make outgoing connections on process id 5295 
2024-07-09 16:48:39,829 socket_client.py [line:157] run INFO node id 3 is running on pid 5367 
2024-07-09 16:48:39,830 socket_client.py [line:44] _connect_and_send_forever INFO node 3's socket client starts to make outgoing connections on process id 5367 
2024-07-09 16:51:11,819 socket_client.py [line:157] run INFO node id 3 is running on pid 5454 
2024-07-09 16:51:11,819 socket_client.py [line:44] _connect_and_send_forever INFO node 3's socket client starts to make outgoing connections on process id 5454 
2024-07-12 15:11:20,740 socket_client.py [line:157] run INFO node id 3 is running on pid 26951 
2024-07-12 15:11:20,740 socket_client.py [line:44] _connect_and_send_forever INFO node 3's socket client starts to make outgoing connections on process id 26951 
2024-07-12 15:16:14,964 socket_client.py [line:157] run INFO node id 3 is running on pid 27131 
2024-07-12 15:16:14,964 socket_client.py [line:44] _connect_and_send_forever INFO node 3's socket client starts to make outgoing connections on process id 27131 
2024-07-12 15:17:41,381 socket_client.py [line:157] run INFO node id 3 is running on pid 27240 
2024-07-12 15:17:41,382 socket_client.py [line:44] _connect_and_send_forever INFO node 3's socket client starts to make outgoing connections on process id 27240 
2024-07-12 15:18:35,192 socket_client.py [line:157] run INFO node id 3 is running on pid 27319 
2024-07-12 15:18:35,193 socket_client.py [line:44] _connect_and_send_forever INFO node 3's socket client starts to make outgoing connections on process id 27319 
2024-07-12 15:18:35,194 socket_client.py [line:55] _connect_and_send_forever INFO (OSError(98, 'Address already in use'), None) 
2024-07-12 15:18:35,194 socket_client.py [line:55] _connect_and_send_forever INFO (OSError(98, 'Address already in use'), None) 
2024-07-12 15:18:35,195 socket_client.py [line:55] _connect_and_send_forever INFO (OSError(98, 'Address already in use'), None) 
2024-07-12 15:18:35,195 socket_client.py [line:55] _connect_and_send_forever INFO (OSError(98, 'Address already in use'), None) 
2024-07-12 15:18:35,196 socket_client.py [line:55] _connect_and_send_forever INFO (OSError(98, 'Address already in use'), None) 
2024-07-12 15:18:35,196 socket_client.py [line:55] _connect_and_send_forever INFO (OSError(98, 'Address already in use'), None) 
2024-07-12 15:18:35,197 socket_client.py [line:55] _connect_and_send_forever INFO (OSError(98, 'Address already in use'), None) 
2024-07-12 15:18:35,197 socket_client.py [line:55] _connect_and_send_forever INFO (OSError(98, 'Address already in use'), None) 
2024-07-12 15:18:35,229 socket_client.py [line:55] _connect_and_send_forever INFO (OSError(98, 'Address already in use'), None) 
2024-07-12 15:18:35,230 socket_client.py [line:55] _connect_and_send_forever INFO (OSError(98, 'Address already in use'), None) 
2024-07-12 15:18:35,230 socket_client.py [line:55] _connect_and_send_forever INFO (OSError(98, 'Address already in use'), None) 
2024-07-12 15:18:35,230 socket_client.py [line:55] _connect_and_send_forever INFO (OSError(98, 'Address already in use'), None) 
2024-07-12 15:18:35,233 socket_client.py [line:55] _connect_and_send_forever INFO (OSError(98, 'Address already in use'), None) 
2024-07-12 15:18:35,233 socket_client.py [line:55] _connect_and_send_forever INFO (OSError(98, 'Address already in use'), None) 
2024-07-12 15:18:35,234 socket_client.py [line:55] _connect_and_send_forever INFO (OSError(98, 'Address already in use'), None) 
2024-07-12 15:18:35,235 socket_client.py [line:55] _connect_and_send_forever INFO (OSError(98, 'Address already in use'), None) 
2024-07-12 15:18:35,236 socket_client.py [line:55] _connect_and_send_forever INFO (OSError(98, 'Address already in use'), None) 
2024-07-12 15:18:35,236 socket_client.py [line:55] _connect_and_send_forever INFO (OSError(98, 'Address already in use'), None) 
2024-07-12 15:18:35,238 socket_client.py [line:55] _connect_and_send_forever INFO (OSError(98, 'Address already in use'), None) 
2024-07-12 15:18:35,238 socket_client.py [line:55] _connect_and_send_forever INFO (OSError(98, 'Address already in use'), None) 
2024-07-12 15:18:35,240 socket_client.py [line:55] _connect_and_send_forever INFO (OSError(98, 'Address already in use'), None) 
2024-07-12 15:18:35,240 socket_client.py [line:55] _connect_and_send_forever INFO (OSError(98, 'Address already in use'), None) 
2024-07-12 15:18:35,242 socket_client.py [line:55] _connect_and_send_forever INFO (OSError(98, 'Address already in use'), None) 
2024-07-12 15:18:35,242 socket_client.py [line:55] _connect_and_send_forever INFO (OSError(98, 'Address already in use'), None) 
2024-07-12 15:18:35,243 socket_client.py [line:55] _connect_and_send_forever INFO (OSError(98, 'Address already in use'), None) 
2024-07-12 15:18:35,263 socket_client.py [line:55] _connect_and_send_forever INFO (OSError(98, 'Address already in use'), None) 
2024-07-12 15:18:35,263 socket_client.py [line:55] _connect_and_send_forever INFO (OSError(98, 'Address already in use'), None) 
2024-07-12 15:18:35,264 socket_client.py [line:55] _connect_and_send_forever INFO (OSError(98, 'Address already in use'), None) 
2024-07-12 15:18:35,264 socket_client.py [line:55] _connect_and_send_forever INFO (OSError(98, 'Address already in use'), None) 
2024-07-12 15:18:35,265 socket_client.py [line:55] _connect_and_send_forever INFO (OSError(98, 'Address already in use'), None) 
2024-07-12 15:18:35,265 socket_client.py [line:55] _connect_and_send_forever INFO (OSError(98, 'Address already in use'), None) 
2024-07-12 15:18:35,266 socket_client.py [line:55] _connect_and_send_forever INFO (OSError(98, 'Address already in use'), None) 
2024-07-12 15:18:35,267 socket_client.py [line:55] _connect_and_send_forever INFO (OSError(98, 'Address already in use'), None) 
2024-07-12 15:18:35,267 socket_client.py [line:55] _connect_and_send_forever INFO (OSError(98, 'Address already in use'), None) 
2024-07-12 15:18:35,269 socket_client.py [line:55] _connect_and_send_forever INFO (OSError(98, 'Address already in use'), None) 
2024-07-12 15:18:35,269 socket_client.py [line:55] _connect_and_send_forever INFO (OSError(98, 'Address already in use'), None) 
2024-07-12 15:18:35,271 socket_client.py [line:55] _connect_and_send_forever INFO (OSError(98, 'Address already in use'), None) 
2024-07-12 15:18:35,271 socket_client.py [line:55] _connect_and_send_forever INFO (OSError(98, 'Address already in use'), None) 
2024-07-12 15:18:35,271 socket_client.py [line:55] _connect_and_send_forever INFO (OSError(98, 'Address already in use'), None) 
2024-07-12 15:18:35,273 socket_client.py [line:55] _connect_and_send_forever INFO (OSError(98, 'Address already in use'), None) 
2024-07-12 15:18:35,273 socket_client.py [line:55] _connect_and_send_forever INFO (OSError(98, 'Address already in use'), None) 
2024-07-12 15:18:35,274 socket_client.py [line:55] _connect_and_send_forever INFO (OSError(98, 'Address already in use'), None) 
2024-07-12 15:18:35,274 socket_client.py [line:55] _connect_and_send_forever INFO (OSError(98, 'Address already in use'), None) 
2024-07-12 15:18:35,274 socket_client.py [line:55] _connect_and_send_forever INFO (OSError(98, 'Address already in use'), None) 
2024-07-12 15:18:35,276 socket_client.py [line:55] _connect_and_send_forever INFO (OSError(98, 'Address already in use'), None) 
2024-07-12 15:18:35,276 socket_client.py [line:55] _connect_and_send_forever INFO (OSError(98, 'Address already in use'), None) 
2024-07-12 15:18:35,278 socket_client.py [line:55] _connect_and_send_forever INFO (OSError(98, 'Address already in use'), None) 
2024-07-12 15:18:35,278 socket_client.py [line:55] _connect_and_send_forever INFO (OSError(98, 'Address already in use'), None) 
2024-07-12 15:18:35,279 socket_client.py [line:55] _connect_and_send_forever INFO (OSError(98, 'Address already in use'), None) 
2024-07-12 15:18:35,279 socket_client.py [line:55] _connect_and_send_forever INFO (OSError(98, 'Address already in use'), None) 
2024-07-12 15:18:35,284 socket_client.py [line:55] _connect_and_send_forever INFO (OSError(98, 'Address already in use'), None) 
2024-07-12 15:18:35,284 socket_client.py [line:55] _connect_and_send_forever INFO (OSError(98, 'Address already in use'), None) 
2024-07-12 15:18:35,284 socket_client.py [line:55] _connect_and_send_forever INFO (OSError(98, 'Address already in use'), None) 
2024-07-12 15:18:35,284 socket_client.py [line:55] _connect_and_send_forever INFO (OSError(98, 'Address already in use'), None) 
2024-07-12 15:18:35,285 socket_client.py [line:55] _connect_and_send_forever INFO (OSError(98, 'Address already in use'), None) 
2024-07-12 15:18:35,286 socket_client.py [line:55] _connect_and_send_forever INFO (OSError(98, 'Address already in use'), None) 
2024-07-12 15:18:35,287 socket_client.py [line:55] _connect_and_send_forever INFO (OSError(98, 'Address already in use'), None) 
2024-07-12 15:18:35,291 socket_client.py [line:55] _connect_and_send_forever INFO (OSError(98, 'Address already in use'), None) 
2024-07-12 15:18:35,292 socket_client.py [line:55] _connect_and_send_forever INFO (OSError(98, 'Address already in use'), None) 
2024-07-12 15:18:35,292 socket_client.py [line:55] _connect_and_send_forever INFO (OSError(98, 'Address already in use'), None) 
2024-07-12 15:18:35,293 socket_client.py [line:55] _connect_and_send_forever INFO (OSError(98, 'Address already in use'), None) 
2024-07-12 15:18:35,295 socket_client.py [line:55] _connect_and_send_forever INFO (OSError(98, 'Address already in use'), None) 
2024-07-12 15:18:35,295 socket_client.py [line:55] _connect_and_send_forever INFO (OSError(98, 'Address already in use'), None) 
2024-07-12 15:18:35,296 socket_client.py [line:55] _connect_and_send_forever INFO (OSError(98, 'Address already in use'), None) 
2024-07-12 15:18:35,296 socket_client.py [line:55] _connect_and_send_forever INFO (OSError(98, 'Address already in use'), None) 
2024-07-12 15:18:35,296 socket_client.py [line:55] _connect_and_send_forever INFO (OSError(98, 'Address already in use'), None) 
2024-07-12 15:18:35,299 socket_client.py [line:55] _connect_and_send_forever INFO (OSError(98, 'Address already in use'), None) 
2024-07-12 15:18:35,299 socket_client.py [line:55] _connect_and_send_forever INFO (OSError(98, 'Address already in use'), None) 
2024-07-12 15:18:35,299 socket_client.py [line:55] _connect_and_send_forever INFO (OSError(98, 'Address already in use'), None) 
2024-07-12 15:18:35,299 socket_client.py [line:55] _connect_and_send_forever INFO (OSError(98, 'Address already in use'), None) 
2024-07-12 15:18:35,302 socket_client.py [line:55] _connect_and_send_forever INFO (OSError(98, 'Address already in use'), None) 
2024-07-12 15:18:35,303 socket_client.py [line:55] _connect_and_send_forever INFO (OSError(98, 'Address already in use'), None) 
2024-07-12 15:18:35,303 socket_client.py [line:55] _connect_and_send_forever INFO (OSError(98, 'Address already in use'), None) 
2024-07-12 15:18:35,303 socket_client.py [line:55] _connect_and_send_forever INFO (OSError(98, 'Address already in use'), None) 
2024-07-12 15:18:35,303 socket_client.py [line:55] _connect_and_send_forever INFO (OSError(98, 'Address already in use'), None) 
2024-07-12 15:18:35,306 socket_client.py [line:55] _connect_and_send_forever INFO (OSError(98, 'Address already in use'), None) 
2024-07-12 15:18:35,306 socket_client.py [line:55] _connect_and_send_forever INFO (OSError(98, 'Address already in use'), None) 
2024-07-12 15:18:35,310 socket_client.py [line:55] _connect_and_send_forever INFO (OSError(98, 'Address already in use'), None) 
2024-07-12 15:18:35,310 socket_client.py [line:55] _connect_and_send_forever INFO (OSError(98, 'Address already in use'), None) 
2024-07-12 15:18:35,310 socket_client.py [line:55] _connect_and_send_forever INFO (OSError(98, 'Address already in use'), None) 
2024-07-12 15:18:35,313 socket_client.py [line:55] _connect_and_send_forever INFO (OSError(98, 'Address already in use'), None) 
2024-07-12 15:18:35,314 socket_client.py [line:55] _connect_and_send_forever INFO (OSError(98, 'Address already in use'), None) 
2024-07-12 15:18:35,314 socket_client.py [line:55] _connect_and_send_forever INFO (OSError(98, 'Address already in use'), None) 
2024-07-12 15:18:35,314 socket_client.py [line:55] _connect_and_send_forever INFO (OSError(98, 'Address already in use'), None) 
2024-07-12 15:18:35,330 socket_client.py [line:55] _connect_and_send_forever INFO (OSError(98, 'Address already in use'), None) 
2024-07-12 15:18:35,330 socket_client.py [line:55] _connect_and_send_forever INFO (OSError(98, 'Address already in use'), None) 
2024-07-12 15:18:35,330 socket_client.py [line:55] _connect_and_send_forever INFO (OSError(98, 'Address already in use'), None) 
2024-07-12 15:18:35,331 socket_client.py [line:55] _connect_and_send_forever INFO (OSError(98, 'Address already in use'), None) 
2024-07-12 15:18:35,332 socket_client.py [line:55] _connect_and_send_forever INFO (OSError(98, 'Address already in use'), None) 
2024-07-12 15:18:35,332 socket_client.py [line:55] _connect_and_send_forever INFO (OSError(98, 'Address already in use'), None) 
2024-07-12 15:18:35,332 socket_client.py [line:55] _connect_and_send_forever INFO (OSError(98, 'Address already in use'), None) 
2024-07-12 15:18:35,334 socket_client.py [line:55] _connect_and_send_forever INFO (OSError(98, 'Address already in use'), None) 
2024-07-12 15:18:35,334 socket_client.py [line:55] _connect_and_send_forever INFO (OSError(98, 'Address already in use'), None) 
2024-07-12 15:18:35,334 socket_client.py [line:55] _connect_and_send_forever INFO (OSError(98, 'Address already in use'), None) 
2024-07-12 15:18:35,336 socket_client.py [line:55] _connect_and_send_forever INFO (OSError(98, 'Address already in use'), None) 
2024-07-12 15:18:35,336 socket_client.py [line:55] _connect_and_send_forever INFO (OSError(98, 'Address already in use'), None) 
2024-07-12 15:18:35,336 socket_client.py [line:55] _connect_and_send_forever INFO (OSError(98, 'Address already in use'), None) 
2024-07-12 15:18:35,337 socket_client.py [line:55] _connect_and_send_forever INFO (OSError(98, 'Address already in use'), None) 
2024-07-12 15:18:35,337 socket_client.py [line:55] _connect_and_send_forever INFO (OSError(98, 'Address already in use'), None) 
2024-07-12 15:18:35,342 socket_client.py [line:55] _connect_and_send_forever INFO (OSError(98, 'Address already in use'), None) 
2024-07-12 15:18:35,342 socket_client.py [line:55] _connect_and_send_forever INFO (OSError(98, 'Address already in use'), None) 
2024-07-12 15:18:35,342 socket_client.py [line:55] _connect_and_send_forever INFO (OSError(98, 'Address already in use'), None) 
2024-07-12 15:18:35,343 socket_client.py [line:55] _connect_and_send_forever INFO (OSError(98, 'Address already in use'), None) 
2024-07-12 15:18:35,343 socket_client.py [line:55] _connect_and_send_forever INFO (OSError(98, 'Address already in use'), None) 
2024-07-12 15:18:35,346 socket_client.py [line:55] _connect_and_send_forever INFO (OSError(98, 'Address already in use'), None) 
2024-07-12 15:18:35,346 socket_client.py [line:55] _connect_and_send_forever INFO (OSError(98, 'Address already in use'), None) 
2024-07-12 15:18:35,346 socket_client.py [line:55] _connect_and_send_forever INFO (OSError(98, 'Address already in use'), None) 
2024-07-12 15:18:35,346 socket_client.py [line:55] _connect_and_send_forever INFO (OSError(98, 'Address already in use'), None) 
2024-07-12 15:18:35,347 socket_client.py [line:55] _connect_and_send_forever INFO (OSError(98, 'Address already in use'), None) 
2024-07-12 15:18:35,347 socket_client.py [line:55] _connect_and_send_forever INFO (OSError(98, 'Address already in use'), None) 
2024-07-12 15:18:35,349 socket_client.py [line:55] _connect_and_send_forever INFO (OSError(98, 'Address already in use'), None) 
2024-07-12 15:18:35,351 socket_client.py [line:55] _connect_and_send_forever INFO (OSError(98, 'Address already in use'), None) 
2024-07-12 15:18:35,351 socket_client.py [line:55] _connect_and_send_forever INFO (OSError(98, 'Address already in use'), None) 
2024-07-12 15:18:35,351 socket_client.py [line:55] _connect_and_send_forever INFO (OSError(98, 'Address already in use'), None) 
2024-07-12 15:18:35,353 socket_client.py [line:55] _connect_and_send_forever INFO (OSError(98, 'Address already in use'), None) 
2024-07-12 15:18:35,354 socket_client.py [line:55] _connect_and_send_forever INFO (OSError(98, 'Address already in use'), None) 
2024-07-12 15:18:35,354 socket_client.py [line:55] _connect_and_send_forever INFO (OSError(98, 'Address already in use'), None) 
2024-07-12 15:18:35,359 socket_client.py [line:55] _connect_and_send_forever INFO (OSError(98, 'Address already in use'), None) 
2024-07-12 15:18:35,361 socket_client.py [line:55] _connect_and_send_forever INFO (OSError(98, 'Address already in use'), None) 
2024-07-12 15:18:35,361 socket_client.py [line:55] _connect_and_send_forever INFO (OSError(98, 'Address already in use'), None) 
2024-07-12 15:18:35,361 socket_client.py [line:55] _connect_and_send_forever INFO (OSError(98, 'Address already in use'), None) 
2024-07-12 15:18:35,362 socket_client.py [line:55] _connect_and_send_forever INFO (OSError(98, 'Address already in use'), None) 
2024-07-12 15:18:35,363 socket_client.py [line:55] _connect_and_send_forever INFO (OSError(98, 'Address already in use'), None) 
2024-07-12 15:18:35,363 socket_client.py [line:55] _connect_and_send_forever INFO (OSError(98, 'Address already in use'), None) 
2024-07-12 15:18:35,365 socket_client.py [line:55] _connect_and_send_forever INFO (OSError(98, 'Address already in use'), None) 
2024-07-12 15:18:35,365 socket_client.py [line:55] _connect_and_send_forever INFO (OSError(98, 'Address already in use'), None) 
2024-07-12 15:18:35,365 socket_client.py [line:55] _connect_and_send_forever INFO (OSError(98, 'Address already in use'), None) 
2024-07-12 15:18:35,369 socket_client.py [line:55] _connect_and_send_forever INFO (OSError(98, 'Address already in use'), None) 
2024-07-12 15:18:35,369 socket_client.py [line:55] _connect_and_send_forever INFO (OSError(98, 'Address already in use'), None) 
2024-07-12 15:18:35,370 socket_client.py [line:55] _connect_and_send_forever INFO (OSError(98, 'Address already in use'), None) 
2024-07-12 15:18:35,370 socket_client.py [line:55] _connect_and_send_forever INFO (OSError(98, 'Address already in use'), None) 
2024-07-12 15:18:35,371 socket_client.py [line:55] _connect_and_send_forever INFO (OSError(98, 'Address already in use'), None) 
2024-07-12 15:18:35,372 socket_client.py [line:55] _connect_and_send_forever INFO (OSError(98, 'Address already in use'), None) 
2024-07-12 15:18:35,373 socket_client.py [line:55] _connect_and_send_forever INFO (OSError(98, 'Address already in use'), None) 
2024-07-12 15:18:35,374 socket_client.py [line:55] _connect_and_send_forever INFO (OSError(98, 'Address already in use'), None) 
2024-07-12 15:18:35,375 socket_client.py [line:55] _connect_and_send_forever INFO (OSError(98, 'Address already in use'), None) 
2024-07-12 15:18:35,375 socket_client.py [line:55] _connect_and_send_forever INFO (OSError(98, 'Address already in use'), None) 
2024-07-12 15:18:35,376 socket_client.py [line:55] _connect_and_send_forever INFO (OSError(98, 'Address already in use'), None) 
2024-07-12 15:18:35,379 socket_client.py [line:55] _connect_and_send_forever INFO (OSError(98, 'Address already in use'), None) 
2024-07-12 15:18:35,379 socket_client.py [line:55] _connect_and_send_forever INFO (OSError(98, 'Address already in use'), None) 
2024-07-12 15:18:35,380 socket_client.py [line:55] _connect_and_send_forever INFO (OSError(98, 'Address already in use'), None) 
2024-07-12 15:18:35,381 socket_client.py [line:55] _connect_and_send_forever INFO (OSError(98, 'Address already in use'), None) 
2024-07-12 15:18:35,381 socket_client.py [line:55] _connect_and_send_forever INFO (OSError(98, 'Address already in use'), None) 
2024-07-12 15:18:35,385 socket_client.py [line:55] _connect_and_send_forever INFO (OSError(98, 'Address already in use'), None) 
2024-07-12 15:18:35,385 socket_client.py [line:55] _connect_and_send_forever INFO (OSError(98, 'Address already in use'), None) 
2024-07-12 15:18:35,386 socket_client.py [line:55] _connect_and_send_forever INFO (OSError(98, 'Address already in use'), None) 
2024-07-12 15:18:35,387 socket_client.py [line:55] _connect_and_send_forever INFO (OSError(98, 'Address already in use'), None) 
2024-07-12 15:18:35,396 socket_client.py [line:55] _connect_and_send_forever INFO (OSError(98, 'Address already in use'), None) 
2024-07-12 15:18:35,397 socket_client.py [line:55] _connect_and_send_forever INFO (OSError(98, 'Address already in use'), None) 
2024-07-12 15:18:35,397 socket_client.py [line:55] _connect_and_send_forever INFO (OSError(98, 'Address already in use'), None) 
2024-07-12 15:18:35,397 socket_client.py [line:55] _connect_and_send_forever INFO (OSError(98, 'Address already in use'), None) 
2024-07-12 15:18:35,406 socket_client.py [line:55] _connect_and_send_forever INFO (OSError(98, 'Address already in use'), None) 
2024-07-12 15:18:35,414 socket_client.py [line:55] _connect_and_send_forever INFO (OSError(98, 'Address already in use'), None) 
2024-07-12 15:18:35,414 socket_client.py [line:55] _connect_and_send_forever INFO (OSError(98, 'Address already in use'), None) 
2024-07-12 15:18:35,414 socket_client.py [line:55] _connect_and_send_forever INFO (OSError(98, 'Address already in use'), None) 
2024-07-12 15:18:35,415 socket_client.py [line:55] _connect_and_send_forever INFO (OSError(98, 'Address already in use'), None) 
2024-07-12 15:18:35,415 socket_client.py [line:55] _connect_and_send_forever INFO (OSError(98, 'Address already in use'), None) 
2024-07-12 15:18:35,415 socket_client.py [line:55] _connect_and_send_forever INFO (OSError(98, 'Address already in use'), None) 
2024-07-12 15:18:35,415 socket_client.py [line:55] _connect_and_send_forever INFO (OSError(98, 'Address already in use'), None) 
2024-07-12 15:18:35,416 socket_client.py [line:55] _connect_and_send_forever INFO (OSError(98, 'Address already in use'), None) 
2024-07-12 15:18:35,416 socket_client.py [line:55] _connect_and_send_forever INFO (OSError(98, 'Address already in use'), None) 
2024-07-12 15:18:35,416 socket_client.py [line:55] _connect_and_send_forever INFO (OSError(98, 'Address already in use'), None) 
2024-07-12 15:18:35,417 socket_client.py [line:55] _connect_and_send_forever INFO (OSError(98, 'Address already in use'), None) 
2024-07-12 15:18:35,419 socket_client.py [line:55] _connect_and_send_forever INFO (OSError(98, 'Address already in use'), None) 
2024-07-12 15:18:35,420 socket_client.py [line:55] _connect_and_send_forever INFO (OSError(98, 'Address already in use'), None) 
2024-07-12 15:18:35,420 socket_client.py [line:55] _connect_and_send_forever INFO (OSError(98, 'Address already in use'), None) 
2024-07-12 15:18:35,421 socket_client.py [line:55] _connect_and_send_forever INFO (OSError(98, 'Address already in use'), None) 
2024-07-12 15:18:35,423 socket_client.py [line:55] _connect_and_send_forever INFO (OSError(98, 'Address already in use'), None) 
2024-07-12 15:18:35,423 socket_client.py [line:55] _connect_and_send_forever INFO (OSError(98, 'Address already in use'), None) 
2024-07-12 15:18:35,424 socket_client.py [line:55] _connect_and_send_forever INFO (OSError(98, 'Address already in use'), None) 
2024-07-12 15:18:35,432 socket_client.py [line:55] _connect_and_send_forever INFO (OSError(98, 'Address already in use'), None) 
2024-07-12 15:18:35,432 socket_client.py [line:55] _connect_and_send_forever INFO (OSError(98, 'Address already in use'), None) 
2024-07-12 15:18:35,432 socket_client.py [line:55] _connect_and_send_forever INFO (OSError(98, 'Address already in use'), None) 
2024-07-12 15:18:35,433 socket_client.py [line:55] _connect_and_send_forever INFO (OSError(98, 'Address already in use'), None) 
2024-07-12 15:18:35,433 socket_client.py [line:55] _connect_and_send_forever INFO (OSError(98, 'Address already in use'), None) 
2024-07-12 15:18:35,433 socket_client.py [line:55] _connect_and_send_forever INFO (OSError(98, 'Address already in use'), None) 
2024-07-12 15:18:35,433 socket_client.py [line:55] _connect_and_send_forever INFO (OSError(98, 'Address already in use'), None) 
2024-07-12 15:18:35,434 socket_client.py [line:55] _connect_and_send_forever INFO (OSError(98, 'Address already in use'), None) 
2024-07-12 15:18:35,437 socket_client.py [line:55] _connect_and_send_forever INFO (OSError(98, 'Address already in use'), None) 
2024-07-12 15:18:35,437 socket_client.py [line:55] _connect_and_send_forever INFO (OSError(98, 'Address already in use'), None) 
2024-07-12 15:18:35,437 socket_client.py [line:55] _connect_and_send_forever INFO (OSError(98, 'Address already in use'), None) 
2024-07-12 15:18:35,438 socket_client.py [line:55] _connect_and_send_forever INFO (OSError(98, 'Address already in use'), None) 
2024-07-12 15:18:35,445 socket_client.py [line:55] _connect_and_send_forever INFO (OSError(98, 'Address already in use'), None) 
2024-07-12 15:18:35,446 socket_client.py [line:55] _connect_and_send_forever INFO (OSError(98, 'Address already in use'), None) 
2024-07-12 15:18:35,446 socket_client.py [line:55] _connect_and_send_forever INFO (OSError(98, 'Address already in use'), None) 
2024-07-12 15:18:35,452 socket_client.py [line:55] _connect_and_send_forever INFO (OSError(98, 'Address already in use'), None) 
2024-07-12 15:18:35,452 socket_client.py [line:55] _connect_and_send_forever INFO (OSError(98, 'Address already in use'), None) 
2024-07-12 15:18:35,453 socket_client.py [line:55] _connect_and_send_forever INFO (OSError(98, 'Address already in use'), None) 
2024-07-12 15:18:35,453 socket_client.py [line:55] _connect_and_send_forever INFO (OSError(98, 'Address already in use'), None) 
2024-07-12 15:18:35,453 socket_client.py [line:55] _connect_and_send_forever INFO (OSError(98, 'Address already in use'), None) 
2024-07-12 15:18:35,453 socket_client.py [line:55] _connect_and_send_forever INFO (OSError(98, 'Address already in use'), None) 
2024-07-12 15:18:35,454 socket_client.py [line:55] _connect_and_send_forever INFO (OSError(98, 'Address already in use'), None) 
2024-07-12 15:18:35,459 socket_client.py [line:55] _connect_and_send_forever INFO (OSError(98, 'Address already in use'), None) 
2024-07-12 15:18:35,459 socket_client.py [line:55] _connect_and_send_forever INFO (OSError(98, 'Address already in use'), None) 
2024-07-12 15:18:35,460 socket_client.py [line:55] _connect_and_send_forever INFO (OSError(98, 'Address already in use'), None) 
2024-07-12 15:18:35,460 socket_client.py [line:55] _connect_and_send_forever INFO (OSError(98, 'Address already in use'), None) 
2024-07-12 15:18:35,460 socket_client.py [line:55] _connect_and_send_forever INFO (OSError(98, 'Address already in use'), None) 
2024-07-12 15:18:35,461 socket_client.py [line:55] _connect_and_send_forever INFO (OSError(98, 'Address already in use'), None) 
2024-07-12 15:18:35,464 socket_client.py [line:55] _connect_and_send_forever INFO (OSError(98, 'Address already in use'), None) 
2024-07-12 15:18:35,465 socket_client.py [line:55] _connect_and_send_forever INFO (OSError(98, 'Address already in use'), None) 
2024-07-12 15:18:35,465 socket_client.py [line:55] _connect_and_send_forever INFO (OSError(98, 'Address already in use'), None) 
2024-07-12 15:18:35,465 socket_client.py [line:55] _connect_and_send_forever INFO (OSError(98, 'Address already in use'), None) 
2024-07-12 15:18:35,466 socket_client.py [line:55] _connect_and_send_forever INFO (OSError(98, 'Address already in use'), None) 
2024-07-12 15:18:35,466 socket_client.py [line:55] _connect_and_send_forever INFO (OSError(98, 'Address already in use'), None) 
2024-07-12 15:18:35,466 socket_client.py [line:55] _connect_and_send_forever INFO (OSError(98, 'Address already in use'), None) 
2024-07-12 15:18:35,467 socket_client.py [line:55] _connect_and_send_forever INFO (OSError(98, 'Address already in use'), None) 
2024-07-12 15:18:35,470 socket_client.py [line:55] _connect_and_send_forever INFO (OSError(98, 'Address already in use'), None) 
2024-07-12 15:18:35,472 socket_client.py [line:55] _connect_and_send_forever INFO (OSError(98, 'Address already in use'), None) 
2024-07-12 15:18:35,483 socket_client.py [line:55] _connect_and_send_forever INFO (OSError(98, 'Address already in use'), None) 
2024-07-12 15:18:35,483 socket_client.py [line:55] _connect_and_send_forever INFO (OSError(98, 'Address already in use'), None) 
2024-07-12 15:18:35,483 socket_client.py [line:55] _connect_and_send_forever INFO (OSError(98, 'Address already in use'), None) 
2024-07-12 15:18:35,487 socket_client.py [line:55] _connect_and_send_forever INFO (OSError(98, 'Address already in use'), None) 
2024-07-12 15:18:35,488 socket_client.py [line:55] _connect_and_send_forever INFO (OSError(98, 'Address already in use'), None) 
2024-07-12 15:18:35,488 socket_client.py [line:55] _connect_and_send_forever INFO (OSError(98, 'Address already in use'), None) 
2024-07-12 15:18:35,488 socket_client.py [line:55] _connect_and_send_forever INFO (OSError(98, 'Address already in use'), None) 
2024-07-12 15:18:35,496 socket_client.py [line:55] _connect_and_send_forever INFO (OSError(98, 'Address already in use'), None) 
2024-07-12 15:18:35,499 socket_client.py [line:55] _connect_and_send_forever INFO (OSError(98, 'Address already in use'), None) 
2024-07-12 15:18:35,499 socket_client.py [line:55] _connect_and_send_forever INFO (OSError(98, 'Address already in use'), None) 
2024-07-12 15:18:35,499 socket_client.py [line:55] _connect_and_send_forever INFO (OSError(98, 'Address already in use'), None) 
2024-07-12 15:18:35,500 socket_client.py [line:55] _connect_and_send_forever INFO (OSError(98, 'Address already in use'), None) 
2024-07-12 15:18:35,509 socket_client.py [line:55] _connect_and_send_forever INFO (OSError(98, 'Address already in use'), None) 
2024-07-12 15:18:35,513 socket_client.py [line:55] _connect_and_send_forever INFO (OSError(98, 'Address already in use'), None) 
2024-07-12 15:18:35,513 socket_client.py [line:55] _connect_and_send_forever INFO (OSError(98, 'Address already in use'), None) 
2024-07-12 15:18:35,513 socket_client.py [line:55] _connect_and_send_forever INFO (OSError(98, 'Address already in use'), None) 
2024-07-12 15:18:35,513 socket_client.py [line:55] _connect_and_send_forever INFO (OSError(98, 'Address already in use'), None) 
2024-07-12 15:18:35,520 socket_client.py [line:55] _connect_and_send_forever INFO (OSError(98, 'Address already in use'), None) 
2024-07-12 15:18:35,521 socket_client.py [line:55] _connect_and_send_forever INFO (OSError(98, 'Address already in use'), None) 
2024-07-12 15:18:35,524 socket_client.py [line:55] _connect_and_send_forever INFO (OSError(98, 'Address already in use'), None) 
2024-07-12 15:18:35,524 socket_client.py [line:55] _connect_and_send_forever INFO (OSError(98, 'Address already in use'), None) 
2024-07-12 15:18:35,536 socket_client.py [line:55] _connect_and_send_forever INFO (OSError(98, 'Address already in use'), None) 
2024-07-12 15:18:35,542 socket_client.py [line:55] _connect_and_send_forever INFO (OSError(98, 'Address already in use'), None) 
2024-07-12 15:18:35,542 socket_client.py [line:55] _connect_and_send_forever INFO (OSError(98, 'Address already in use'), None) 
2024-07-12 15:18:35,542 socket_client.py [line:55] _connect_and_send_forever INFO (OSError(98, 'Address already in use'), None) 
2024-07-12 15:18:35,543 socket_client.py [line:55] _connect_and_send_forever INFO (OSError(98, 'Address already in use'), None) 
2024-07-12 15:18:35,543 socket_client.py [line:55] _connect_and_send_forever INFO (OSError(98, 'Address already in use'), None) 
2024-07-12 15:18:35,543 socket_client.py [line:55] _connect_and_send_forever INFO (OSError(98, 'Address already in use'), None) 
2024-07-12 15:18:35,543 socket_client.py [line:55] _connect_and_send_forever INFO (OSError(98, 'Address already in use'), None) 
2024-07-12 15:18:35,544 socket_client.py [line:55] _connect_and_send_forever INFO (OSError(98, 'Address already in use'), None) 
2024-07-12 15:18:35,545 socket_client.py [line:55] _connect_and_send_forever INFO (OSError(98, 'Address already in use'), None) 
2024-07-12 15:18:35,547 socket_client.py [line:55] _connect_and_send_forever INFO (OSError(98, 'Address already in use'), None) 
2024-07-12 15:18:35,547 socket_client.py [line:55] _connect_and_send_forever INFO (OSError(98, 'Address already in use'), None) 
2024-07-12 15:18:35,548 socket_client.py [line:55] _connect_and_send_forever INFO (OSError(98, 'Address already in use'), None) 
2024-07-12 15:18:35,552 socket_client.py [line:55] _connect_and_send_forever INFO (OSError(98, 'Address already in use'), None) 
2024-07-12 15:18:35,552 socket_client.py [line:55] _connect_and_send_forever INFO (OSError(98, 'Address already in use'), None) 
2024-07-12 15:18:35,552 socket_client.py [line:55] _connect_and_send_forever INFO (OSError(98, 'Address already in use'), None) 
2024-07-12 15:18:35,552 socket_client.py [line:55] _connect_and_send_forever INFO (OSError(98, 'Address already in use'), None) 
2024-07-12 15:18:35,552 socket_client.py [line:55] _connect_and_send_forever INFO (OSError(98, 'Address already in use'), None) 
2024-07-12 15:18:35,553 socket_client.py [line:55] _connect_and_send_forever INFO (OSError(98, 'Address already in use'), None) 
2024-07-12 15:18:35,553 socket_client.py [line:55] _connect_and_send_forever INFO (OSError(98, 'Address already in use'), None) 
2024-07-12 15:18:35,553 socket_client.py [line:55] _connect_and_send_forever INFO (OSError(98, 'Address already in use'), None) 
2024-07-12 15:18:35,553 socket_client.py [line:55] _connect_and_send_forever INFO (OSError(98, 'Address already in use'), None) 
2024-07-12 15:18:35,560 socket_client.py [line:55] _connect_and_send_forever INFO (OSError(98, 'Address already in use'), None) 
2024-07-12 15:18:35,560 socket_client.py [line:55] _connect_and_send_forever INFO (OSError(98, 'Address already in use'), None) 
2024-07-12 15:18:35,561 socket_client.py [line:55] _connect_and_send_forever INFO (OSError(98, 'Address already in use'), None) 
2024-07-12 15:18:35,562 socket_client.py [line:55] _connect_and_send_forever INFO (OSError(98, 'Address already in use'), None) 
2024-07-12 15:18:35,562 socket_client.py [line:55] _connect_and_send_forever INFO (OSError(98, 'Address already in use'), None) 
2024-07-12 15:18:35,563 socket_client.py [line:55] _connect_and_send_forever INFO (OSError(98, 'Address already in use'), None) 
2024-07-12 15:18:35,563 socket_client.py [line:55] _connect_and_send_forever INFO (OSError(98, 'Address already in use'), None) 
2024-07-12 15:18:35,563 socket_client.py [line:55] _connect_and_send_forever INFO (OSError(98, 'Address already in use'), None) 
2024-07-12 15:18:35,565 socket_client.py [line:55] _connect_and_send_forever INFO (OSError(98, 'Address already in use'), None) 
2024-07-12 15:18:35,565 socket_client.py [line:55] _connect_and_send_forever INFO (OSError(98, 'Address already in use'), None) 
2024-07-12 15:18:35,567 socket_client.py [line:55] _connect_and_send_forever INFO (OSError(98, 'Address already in use'), None) 
2024-07-12 15:18:35,568 socket_client.py [line:55] _connect_and_send_forever INFO (OSError(98, 'Address already in use'), None) 
2024-07-12 15:18:35,578 socket_client.py [line:55] _connect_and_send_forever INFO (OSError(98, 'Address already in use'), None) 
2024-07-12 15:18:35,579 socket_client.py [line:55] _connect_and_send_forever INFO (OSError(98, 'Address already in use'), None) 
2024-07-12 15:18:35,579 socket_client.py [line:55] _connect_and_send_forever INFO (OSError(98, 'Address already in use'), None) 
2024-07-12 15:18:35,579 socket_client.py [line:55] _connect_and_send_forever INFO (OSError(98, 'Address already in use'), None) 
2024-07-12 15:18:35,581 socket_client.py [line:55] _connect_and_send_forever INFO (OSError(98, 'Address already in use'), None) 
2024-07-12 15:18:35,581 socket_client.py [line:55] _connect_and_send_forever INFO (OSError(98, 'Address already in use'), None) 
2024-07-12 15:18:35,586 socket_client.py [line:55] _connect_and_send_forever INFO (OSError(98, 'Address already in use'), None) 
2024-07-12 15:18:35,586 socket_client.py [line:55] _connect_and_send_forever INFO (OSError(98, 'Address already in use'), None) 
2024-07-12 15:18:35,587 socket_client.py [line:55] _connect_and_send_forever INFO (OSError(98, 'Address already in use'), None) 
2024-07-12 15:18:35,587 socket_client.py [line:55] _connect_and_send_forever INFO (OSError(98, 'Address already in use'), None) 
2024-07-12 15:18:35,589 socket_client.py [line:55] _connect_and_send_forever INFO (OSError(98, 'Address already in use'), None) 
2024-07-12 15:18:35,590 socket_client.py [line:55] _connect_and_send_forever INFO (OSError(98, 'Address already in use'), None) 
2024-07-12 15:18:35,590 socket_client.py [line:55] _connect_and_send_forever INFO (OSError(98, 'Address already in use'), None) 
2024-07-12 15:18:35,594 socket_client.py [line:55] _connect_and_send_forever INFO (OSError(98, 'Address already in use'), None) 
2024-07-12 15:18:35,595 socket_client.py [line:55] _connect_and_send_forever INFO (OSError(98, 'Address already in use'), None) 
2024-07-12 15:18:35,595 socket_client.py [line:55] _connect_and_send_forever INFO (OSError(98, 'Address already in use'), None) 
2024-07-12 15:18:35,595 socket_client.py [line:55] _connect_and_send_forever INFO (OSError(98, 'Address already in use'), None) 
2024-07-12 15:18:35,597 socket_client.py [line:55] _connect_and_send_forever INFO (OSError(98, 'Address already in use'), None) 
2024-07-12 15:18:35,597 socket_client.py [line:55] _connect_and_send_forever INFO (OSError(98, 'Address already in use'), None) 
2024-07-12 15:18:35,597 socket_client.py [line:55] _connect_and_send_forever INFO (OSError(98, 'Address already in use'), None) 
2024-07-12 15:18:35,602 socket_client.py [line:55] _connect_and_send_forever INFO (OSError(98, 'Address already in use'), None) 
2024-07-12 15:18:35,602 socket_client.py [line:55] _connect_and_send_forever INFO (OSError(98, 'Address already in use'), None) 
2024-07-12 15:18:35,603 socket_client.py [line:55] _connect_and_send_forever INFO (OSError(98, 'Address already in use'), None) 
2024-07-12 15:18:35,604 socket_client.py [line:55] _connect_and_send_forever INFO (OSError(98, 'Address already in use'), None) 
2024-07-12 15:18:35,604 socket_client.py [line:55] _connect_and_send_forever INFO (OSError(98, 'Address already in use'), None) 
2024-07-12 15:18:35,604 socket_client.py [line:55] _connect_and_send_forever INFO (OSError(98, 'Address already in use'), None) 
2024-07-12 15:18:35,605 socket_client.py [line:55] _connect_and_send_forever INFO (OSError(98, 'Address already in use'), None) 
2024-07-12 15:18:35,605 socket_client.py [line:55] _connect_and_send_forever INFO (OSError(98, 'Address already in use'), None) 
2024-07-12 15:18:35,612 socket_client.py [line:55] _connect_and_send_forever INFO (OSError(98, 'Address already in use'), None) 
2024-07-12 15:18:35,612 socket_client.py [line:55] _connect_and_send_forever INFO (OSError(98, 'Address already in use'), None) 
2024-07-12 15:18:35,612 socket_client.py [line:55] _connect_and_send_forever INFO (OSError(98, 'Address already in use'), None) 
2024-07-12 15:18:35,612 socket_client.py [line:55] _connect_and_send_forever INFO (OSError(98, 'Address already in use'), None) 
2024-07-12 15:18:35,614 socket_client.py [line:55] _connect_and_send_forever INFO (OSError(98, 'Address already in use'), None) 
2024-07-12 15:18:35,628 socket_client.py [line:55] _connect_and_send_forever INFO (OSError(98, 'Address already in use'), None) 
2024-07-12 15:18:35,628 socket_client.py [line:55] _connect_and_send_forever INFO (OSError(98, 'Address already in use'), None) 
2024-07-12 15:18:35,628 socket_client.py [line:55] _connect_and_send_forever INFO (OSError(98, 'Address already in use'), None) 
2024-07-12 15:18:35,629 socket_client.py [line:55] _connect_and_send_forever INFO (OSError(98, 'Address already in use'), None) 
2024-07-12 15:18:35,629 socket_client.py [line:55] _connect_and_send_forever INFO (OSError(98, 'Address already in use'), None) 
2024-07-12 15:18:35,632 socket_client.py [line:55] _connect_and_send_forever INFO (OSError(98, 'Address already in use'), None) 
2024-07-12 15:18:35,632 socket_client.py [line:55] _connect_and_send_forever INFO (OSError(98, 'Address already in use'), None) 
2024-07-12 15:18:35,637 socket_client.py [line:55] _connect_and_send_forever INFO (OSError(98, 'Address already in use'), None) 
2024-07-12 15:18:35,637 socket_client.py [line:55] _connect_and_send_forever INFO (OSError(98, 'Address already in use'), None) 
2024-07-12 15:18:35,638 socket_client.py [line:55] _connect_and_send_forever INFO (OSError(98, 'Address already in use'), None) 
2024-07-12 15:18:35,638 socket_client.py [line:55] _connect_and_send_forever INFO (OSError(98, 'Address already in use'), None) 
2024-07-12 15:18:35,638 socket_client.py [line:55] _connect_and_send_forever INFO (OSError(98, 'Address already in use'), None) 
2024-07-12 15:18:35,638 socket_client.py [line:55] _connect_and_send_forever INFO (OSError(98, 'Address already in use'), None) 
2024-07-12 15:18:35,639 socket_client.py [line:55] _connect_and_send_forever INFO (OSError(98, 'Address already in use'), None) 
2024-07-12 15:18:35,642 socket_client.py [line:55] _connect_and_send_forever INFO (OSError(98, 'Address already in use'), None) 
2024-07-12 15:18:35,643 socket_client.py [line:55] _connect_and_send_forever INFO (OSError(98, 'Address already in use'), None) 
2024-07-12 15:18:35,643 socket_client.py [line:55] _connect_and_send_forever INFO (OSError(98, 'Address already in use'), None) 
2024-07-12 15:18:35,643 socket_client.py [line:55] _connect_and_send_forever INFO (OSError(98, 'Address already in use'), None) 
2024-07-12 15:18:35,645 socket_client.py [line:55] _connect_and_send_forever INFO (OSError(98, 'Address already in use'), None) 
2024-07-12 15:18:35,645 socket_client.py [line:55] _connect_and_send_forever INFO (OSError(98, 'Address already in use'), None) 
2024-07-12 15:18:35,650 socket_client.py [line:55] _connect_and_send_forever INFO (OSError(98, 'Address already in use'), None) 
2024-07-12 15:18:35,650 socket_client.py [line:55] _connect_and_send_forever INFO (OSError(98, 'Address already in use'), None) 
2024-07-12 15:18:35,650 socket_client.py [line:55] _connect_and_send_forever INFO (OSError(98, 'Address already in use'), None) 
2024-07-12 15:18:35,650 socket_client.py [line:55] _connect_and_send_forever INFO (OSError(98, 'Address already in use'), None) 
2024-07-12 15:18:35,655 socket_client.py [line:55] _connect_and_send_forever INFO (OSError(98, 'Address already in use'), None) 
2024-07-12 15:18:35,657 socket_client.py [line:55] _connect_and_send_forever INFO (OSError(98, 'Address already in use'), None) 
2024-07-12 15:18:35,658 socket_client.py [line:55] _connect_and_send_forever INFO (OSError(98, 'Address already in use'), None) 
2024-07-12 15:18:35,659 socket_client.py [line:55] _connect_and_send_forever INFO (OSError(98, 'Address already in use'), None) 
2024-07-12 15:18:35,659 socket_client.py [line:55] _connect_and_send_forever INFO (OSError(98, 'Address already in use'), None) 
2024-07-12 15:18:35,661 socket_client.py [line:55] _connect_and_send_forever INFO (OSError(98, 'Address already in use'), None) 
2024-07-12 15:18:35,661 socket_client.py [line:55] _connect_and_send_forever INFO (OSError(98, 'Address already in use'), None) 
2024-07-12 15:18:35,662 socket_client.py [line:55] _connect_and_send_forever INFO (OSError(98, 'Address already in use'), None) 
2024-07-12 15:18:35,663 socket_client.py [line:55] _connect_and_send_forever INFO (OSError(98, 'Address already in use'), None) 
2024-07-12 15:18:35,663 socket_client.py [line:55] _connect_and_send_forever INFO (OSError(98, 'Address already in use'), None) 
2024-07-12 15:18:35,663 socket_client.py [line:55] _connect_and_send_forever INFO (OSError(98, 'Address already in use'), None) 
2024-07-12 15:18:35,665 socket_client.py [line:55] _connect_and_send_forever INFO (OSError(98, 'Address already in use'), None) 
2024-07-12 15:18:35,665 socket_client.py [line:55] _connect_and_send_forever INFO (OSError(98, 'Address already in use'), None) 
2024-07-12 15:18:35,666 socket_client.py [line:55] _connect_and_send_forever INFO (OSError(98, 'Address already in use'), None) 
2024-07-12 15:18:35,667 socket_client.py [line:55] _connect_and_send_forever INFO (OSError(98, 'Address already in use'), None) 
2024-07-12 15:18:35,669 socket_client.py [line:55] _connect_and_send_forever INFO (OSError(98, 'Address already in use'), None) 
2024-07-12 15:18:35,669 socket_client.py [line:55] _connect_and_send_forever INFO (OSError(98, 'Address already in use'), None) 
2024-07-12 15:18:35,672 socket_client.py [line:55] _connect_and_send_forever INFO (OSError(98, 'Address already in use'), None) 
2024-07-12 15:18:35,673 socket_client.py [line:55] _connect_and_send_forever INFO (OSError(98, 'Address already in use'), None) 
2024-07-12 15:18:35,673 socket_client.py [line:55] _connect_and_send_forever INFO (OSError(98, 'Address already in use'), None) 
2024-07-12 15:18:35,677 socket_client.py [line:55] _connect_and_send_forever INFO (OSError(98, 'Address already in use'), None) 
2024-07-12 15:18:35,678 socket_client.py [line:55] _connect_and_send_forever INFO (OSError(98, 'Address already in use'), None) 
2024-07-12 15:18:35,679 socket_client.py [line:55] _connect_and_send_forever INFO (OSError(98, 'Address already in use'), None) 
2024-07-12 15:18:35,679 socket_client.py [line:55] _connect_and_send_forever INFO (OSError(98, 'Address already in use'), None) 
2024-07-12 15:18:35,682 socket_client.py [line:55] _connect_and_send_forever INFO (OSError(98, 'Address already in use'), None) 
2024-07-12 15:18:35,683 socket_client.py [line:55] _connect_and_send_forever INFO (OSError(98, 'Address already in use'), None) 
2024-07-12 15:18:35,683 socket_client.py [line:55] _connect_and_send_forever INFO (OSError(98, 'Address already in use'), None) 
2024-07-12 15:18:35,684 socket_client.py [line:55] _connect_and_send_forever INFO (OSError(98, 'Address already in use'), None) 
2024-07-12 15:18:35,685 socket_client.py [line:55] _connect_and_send_forever INFO (OSError(98, 'Address already in use'), None) 
2024-07-12 15:18:35,689 socket_client.py [line:55] _connect_and_send_forever INFO (OSError(98, 'Address already in use'), None) 
2024-07-12 15:18:35,690 socket_client.py [line:55] _connect_and_send_forever INFO (OSError(98, 'Address already in use'), None) 
2024-07-12 15:18:35,690 socket_client.py [line:55] _connect_and_send_forever INFO (OSError(98, 'Address already in use'), None) 
2024-07-12 15:18:35,690 socket_client.py [line:55] _connect_and_send_forever INFO (OSError(98, 'Address already in use'), None) 
2024-07-12 15:18:35,693 socket_client.py [line:55] _connect_and_send_forever INFO (OSError(98, 'Address already in use'), None) 
2024-07-12 15:18:35,693 socket_client.py [line:55] _connect_and_send_forever INFO (OSError(98, 'Address already in use'), None) 
2024-07-12 15:18:35,695 socket_client.py [line:55] _connect_and_send_forever INFO (OSError(98, 'Address already in use'), None) 
2024-07-12 15:18:35,695 socket_client.py [line:55] _connect_and_send_forever INFO (OSError(98, 'Address already in use'), None) 
2024-07-12 15:18:35,695 socket_client.py [line:55] _connect_and_send_forever INFO (OSError(98, 'Address already in use'), None) 
2024-07-12 15:18:35,696 socket_client.py [line:55] _connect_and_send_forever INFO (OSError(98, 'Address already in use'), None) 
2024-07-12 15:18:35,696 socket_client.py [line:55] _connect_and_send_forever INFO (OSError(98, 'Address already in use'), None) 
2024-07-12 15:18:35,699 socket_client.py [line:55] _connect_and_send_forever INFO (OSError(98, 'Address already in use'), None) 
2024-07-12 15:18:35,699 socket_client.py [line:55] _connect_and_send_forever INFO (OSError(98, 'Address already in use'), None) 
2024-07-12 15:18:35,699 socket_client.py [line:55] _connect_and_send_forever INFO (OSError(98, 'Address already in use'), None) 
2024-07-12 15:18:35,703 socket_client.py [line:55] _connect_and_send_forever INFO (OSError(98, 'Address already in use'), None) 
2024-07-12 15:18:35,704 socket_client.py [line:55] _connect_and_send_forever INFO (OSError(98, 'Address already in use'), None) 
2024-07-12 15:18:35,706 socket_client.py [line:55] _connect_and_send_forever INFO (OSError(98, 'Address already in use'), None) 
2024-07-12 15:18:35,707 socket_client.py [line:55] _connect_and_send_forever INFO (OSError(98, 'Address already in use'), None) 
2024-07-12 15:18:35,708 socket_client.py [line:55] _connect_and_send_forever INFO (OSError(98, 'Address already in use'), None) 
2024-07-12 15:18:35,709 socket_client.py [line:55] _connect_and_send_forever INFO (OSError(98, 'Address already in use'), None) 
2024-07-12 15:18:35,709 socket_client.py [line:55] _connect_and_send_forever INFO (OSError(98, 'Address already in use'), None) 
2024-07-12 15:18:35,720 socket_client.py [line:55] _connect_and_send_forever INFO (OSError(98, 'Address already in use'), None) 
2024-07-12 15:18:35,721 socket_client.py [line:55] _connect_and_send_forever INFO (OSError(98, 'Address already in use'), None) 
2024-07-12 15:18:35,721 socket_client.py [line:55] _connect_and_send_forever INFO (OSError(98, 'Address already in use'), None) 
2024-07-12 15:18:35,721 socket_client.py [line:55] _connect_and_send_forever INFO (OSError(98, 'Address already in use'), None) 
2024-07-12 15:18:35,721 socket_client.py [line:55] _connect_and_send_forever INFO (OSError(98, 'Address already in use'), None) 
2024-07-12 15:18:35,723 socket_client.py [line:55] _connect_and_send_forever INFO (OSError(98, 'Address already in use'), None) 
2024-07-12 15:18:35,724 socket_client.py [line:55] _connect_and_send_forever INFO (OSError(98, 'Address already in use'), None) 
2024-07-12 15:18:35,728 socket_client.py [line:55] _connect_and_send_forever INFO (OSError(98, 'Address already in use'), None) 
2024-07-12 15:18:35,728 socket_client.py [line:55] _connect_and_send_forever INFO (OSError(98, 'Address already in use'), None) 
2024-07-12 15:18:35,729 socket_client.py [line:55] _connect_and_send_forever INFO (OSError(98, 'Address already in use'), None) 
2024-07-12 15:18:35,729 socket_client.py [line:55] _connect_and_send_forever INFO (OSError(98, 'Address already in use'), None) 
2024-07-12 15:18:35,733 socket_client.py [line:55] _connect_and_send_forever INFO (OSError(98, 'Address already in use'), None) 
2024-07-12 15:18:35,734 socket_client.py [line:55] _connect_and_send_forever INFO (OSError(98, 'Address already in use'), None) 
2024-07-12 15:18:35,734 socket_client.py [line:55] _connect_and_send_forever INFO (OSError(98, 'Address already in use'), None) 
2024-07-12 15:18:35,734 socket_client.py [line:55] _connect_and_send_forever INFO (OSError(98, 'Address already in use'), None) 
2024-07-12 15:18:35,734 socket_client.py [line:55] _connect_and_send_forever INFO (OSError(98, 'Address already in use'), None) 
2024-07-12 15:18:35,734 socket_client.py [line:55] _connect_and_send_forever INFO (OSError(98, 'Address already in use'), None) 
2024-07-12 15:18:35,738 socket_client.py [line:55] _connect_and_send_forever INFO (OSError(98, 'Address already in use'), None) 
2024-07-12 15:18:35,741 socket_client.py [line:55] _connect_and_send_forever INFO (OSError(98, 'Address already in use'), None) 
2024-07-12 15:18:35,742 socket_client.py [line:55] _connect_and_send_forever INFO (OSError(98, 'Address already in use'), None) 
2024-07-12 15:18:35,745 socket_client.py [line:55] _connect_and_send_forever INFO (OSError(98, 'Address already in use'), None) 
2024-07-12 15:18:35,746 socket_client.py [line:55] _connect_and_send_forever INFO (OSError(98, 'Address already in use'), None) 
2024-07-12 15:18:35,746 socket_client.py [line:55] _connect_and_send_forever INFO (OSError(98, 'Address already in use'), None) 
2024-07-12 15:18:35,746 socket_client.py [line:55] _connect_and_send_forever INFO (OSError(98, 'Address already in use'), None) 
2024-07-12 15:18:35,748 socket_client.py [line:55] _connect_and_send_forever INFO (OSError(98, 'Address already in use'), None) 
2024-07-12 15:18:35,748 socket_client.py [line:55] _connect_and_send_forever INFO (OSError(98, 'Address already in use'), None) 
2024-07-12 15:18:35,750 socket_client.py [line:55] _connect_and_send_forever INFO (OSError(98, 'Address already in use'), None) 
2024-07-12 15:18:35,750 socket_client.py [line:55] _connect_and_send_forever INFO (OSError(98, 'Address already in use'), None) 
2024-07-12 15:18:35,756 socket_client.py [line:55] _connect_and_send_forever INFO (OSError(98, 'Address already in use'), None) 
2024-07-12 15:18:35,756 socket_client.py [line:55] _connect_and_send_forever INFO (OSError(98, 'Address already in use'), None) 
2024-07-12 15:18:35,757 socket_client.py [line:55] _connect_and_send_forever INFO (OSError(98, 'Address already in use'), None) 
2024-07-12 15:18:35,757 socket_client.py [line:55] _connect_and_send_forever INFO (OSError(98, 'Address already in use'), None) 
2024-07-12 15:18:35,762 socket_client.py [line:55] _connect_and_send_forever INFO (OSError(98, 'Address already in use'), None) 
2024-07-12 15:18:35,762 socket_client.py [line:55] _connect_and_send_forever INFO (OSError(98, 'Address already in use'), None) 
2024-07-12 15:18:35,763 socket_client.py [line:55] _connect_and_send_forever INFO (OSError(98, 'Address already in use'), None) 
2024-07-12 15:18:35,763 socket_client.py [line:55] _connect_and_send_forever INFO (OSError(98, 'Address already in use'), None) 
2024-07-12 15:18:35,763 socket_client.py [line:55] _connect_and_send_forever INFO (OSError(98, 'Address already in use'), None) 
2024-07-12 15:18:35,766 socket_client.py [line:55] _connect_and_send_forever INFO (OSError(98, 'Address already in use'), None) 
2024-07-12 15:18:35,766 socket_client.py [line:55] _connect_and_send_forever INFO (OSError(98, 'Address already in use'), None) 
2024-07-12 15:18:35,766 socket_client.py [line:55] _connect_and_send_forever INFO (OSError(98, 'Address already in use'), None) 
2024-07-12 15:18:35,767 socket_client.py [line:55] _connect_and_send_forever INFO (OSError(98, 'Address already in use'), None) 
2024-07-12 15:18:35,767 socket_client.py [line:55] _connect_and_send_forever INFO (OSError(98, 'Address already in use'), None) 
2024-07-12 15:18:35,768 socket_client.py [line:55] _connect_and_send_forever INFO (OSError(98, 'Address already in use'), None) 
2024-07-12 15:18:35,768 socket_client.py [line:55] _connect_and_send_forever INFO (OSError(98, 'Address already in use'), None) 
2024-07-12 15:18:35,770 socket_client.py [line:55] _connect_and_send_forever INFO (OSError(98, 'Address already in use'), None) 
2024-07-12 15:18:35,770 socket_client.py [line:55] _connect_and_send_forever INFO (OSError(98, 'Address already in use'), None) 
2024-07-12 15:18:35,776 socket_client.py [line:55] _connect_and_send_forever INFO (OSError(98, 'Address already in use'), None) 
2024-07-12 15:18:35,776 socket_client.py [line:55] _connect_and_send_forever INFO (OSError(98, 'Address already in use'), None) 
2024-07-12 15:18:35,777 socket_client.py [line:55] _connect_and_send_forever INFO (OSError(98, 'Address already in use'), None) 
2024-07-12 15:18:35,777 socket_client.py [line:55] _connect_and_send_forever INFO (OSError(98, 'Address already in use'), None) 
2024-07-12 15:18:35,778 socket_client.py [line:55] _connect_and_send_forever INFO (OSError(98, 'Address already in use'), None) 
2024-07-12 15:18:35,778 socket_client.py [line:55] _connect_and_send_forever INFO (OSError(98, 'Address already in use'), None) 
2024-07-12 15:18:35,780 socket_client.py [line:55] _connect_and_send_forever INFO (OSError(98, 'Address already in use'), None) 
2024-07-12 15:18:35,780 socket_client.py [line:55] _connect_and_send_forever INFO (OSError(98, 'Address already in use'), None) 
2024-07-12 15:18:35,782 socket_client.py [line:55] _connect_and_send_forever INFO (OSError(98, 'Address already in use'), None) 
2024-07-12 15:18:35,782 socket_client.py [line:55] _connect_and_send_forever INFO (OSError(98, 'Address already in use'), None) 
2024-07-12 15:18:35,786 socket_client.py [line:55] _connect_and_send_forever INFO (OSError(98, 'Address already in use'), None) 
2024-07-12 15:18:35,787 socket_client.py [line:55] _connect_and_send_forever INFO (OSError(98, 'Address already in use'), None) 
2024-07-12 15:18:35,787 socket_client.py [line:55] _connect_and_send_forever INFO (OSError(98, 'Address already in use'), None) 
2024-07-12 15:18:35,788 socket_client.py [line:55] _connect_and_send_forever INFO (OSError(98, 'Address already in use'), None) 
2024-07-12 15:18:35,789 socket_client.py [line:55] _connect_and_send_forever INFO (OSError(98, 'Address already in use'), None) 
2024-07-12 15:18:35,789 socket_client.py [line:55] _connect_and_send_forever INFO (OSError(98, 'Address already in use'), None) 
2024-07-12 15:18:35,792 socket_client.py [line:55] _connect_and_send_forever INFO (OSError(98, 'Address already in use'), None) 
2024-07-12 15:18:35,793 socket_client.py [line:55] _connect_and_send_forever INFO (OSError(98, 'Address already in use'), None) 
2024-07-12 15:18:35,793 socket_client.py [line:55] _connect_and_send_forever INFO (OSError(98, 'Address already in use'), None) 
2024-07-12 15:18:35,797 socket_client.py [line:55] _connect_and_send_forever INFO (OSError(98, 'Address already in use'), None) 
2024-07-12 15:18:35,799 socket_client.py [line:55] _connect_and_send_forever INFO (OSError(98, 'Address already in use'), None) 
2024-07-12 15:18:35,799 socket_client.py [line:55] _connect_and_send_forever INFO (OSError(98, 'Address already in use'), None) 
2024-07-12 15:18:35,799 socket_client.py [line:55] _connect_and_send_forever INFO (OSError(98, 'Address already in use'), None) 
2024-07-12 15:18:35,804 socket_client.py [line:55] _connect_and_send_forever INFO (OSError(98, 'Address already in use'), None) 
2024-07-12 15:18:35,804 socket_client.py [line:55] _connect_and_send_forever INFO (OSError(98, 'Address already in use'), None) 
2024-07-12 15:18:35,804 socket_client.py [line:55] _connect_and_send_forever INFO (OSError(98, 'Address already in use'), None) 
2024-07-12 15:18:35,805 socket_client.py [line:55] _connect_and_send_forever INFO (OSError(98, 'Address already in use'), None) 
2024-07-12 15:18:35,805 socket_client.py [line:55] _connect_and_send_forever INFO (OSError(98, 'Address already in use'), None) 
2024-07-12 15:18:35,805 socket_client.py [line:55] _connect_and_send_forever INFO (OSError(98, 'Address already in use'), None) 
2024-07-12 15:18:35,806 socket_client.py [line:55] _connect_and_send_forever INFO (OSError(98, 'Address already in use'), None) 
2024-07-12 15:18:35,807 socket_client.py [line:55] _connect_and_send_forever INFO (OSError(98, 'Address already in use'), None) 
2024-07-12 15:18:35,808 socket_client.py [line:55] _connect_and_send_forever INFO (OSError(98, 'Address already in use'), None) 
2024-07-12 15:18:35,809 socket_client.py [line:55] _connect_and_send_forever INFO (OSError(98, 'Address already in use'), None) 
2024-07-12 15:18:35,816 socket_client.py [line:55] _connect_and_send_forever INFO (OSError(98, 'Address already in use'), None) 
2024-07-12 15:18:35,816 socket_client.py [line:55] _connect_and_send_forever INFO (OSError(98, 'Address already in use'), None) 
2024-07-12 15:18:35,818 socket_client.py [line:55] _connect_and_send_forever INFO (OSError(98, 'Address already in use'), None) 
2024-07-12 15:18:35,818 socket_client.py [line:55] _connect_and_send_forever INFO (OSError(98, 'Address already in use'), None) 
2024-07-12 15:18:35,821 socket_client.py [line:55] _connect_and_send_forever INFO (OSError(98, 'Address already in use'), None) 
2024-07-12 15:18:35,821 socket_client.py [line:55] _connect_and_send_forever INFO (OSError(98, 'Address already in use'), None) 
2024-07-12 15:18:35,826 socket_client.py [line:55] _connect_and_send_forever INFO (OSError(98, 'Address already in use'), None) 
2024-07-12 15:18:35,826 socket_client.py [line:55] _connect_and_send_forever INFO (OSError(98, 'Address already in use'), None) 
2024-07-12 15:18:35,826 socket_client.py [line:55] _connect_and_send_forever INFO (OSError(98, 'Address already in use'), None) 
2024-07-12 15:18:35,827 socket_client.py [line:55] _connect_and_send_forever INFO (OSError(98, 'Address already in use'), None) 
2024-07-12 15:18:35,828 socket_client.py [line:55] _connect_and_send_forever INFO (OSError(98, 'Address already in use'), None) 
2024-07-12 15:18:35,828 socket_client.py [line:55] _connect_and_send_forever INFO (OSError(98, 'Address already in use'), None) 
2024-07-12 15:18:35,830 socket_client.py [line:55] _connect_and_send_forever INFO (OSError(98, 'Address already in use'), None) 
2024-07-12 15:18:35,831 socket_client.py [line:55] _connect_and_send_forever INFO (OSError(98, 'Address already in use'), None) 
2024-07-12 15:18:35,832 socket_client.py [line:55] _connect_and_send_forever INFO (OSError(98, 'Address already in use'), None) 
2024-07-12 15:18:35,833 socket_client.py [line:55] _connect_and_send_forever INFO (OSError(98, 'Address already in use'), None) 
2024-07-12 15:18:35,838 socket_client.py [line:55] _connect_and_send_forever INFO (OSError(98, 'Address already in use'), None) 
2024-07-12 15:18:35,838 socket_client.py [line:55] _connect_and_send_forever INFO (OSError(98, 'Address already in use'), None) 
2024-07-12 15:18:35,838 socket_client.py [line:55] _connect_and_send_forever INFO (OSError(98, 'Address already in use'), None) 
2024-07-12 15:18:35,838 socket_client.py [line:55] _connect_and_send_forever INFO (OSError(98, 'Address already in use'), None) 
2024-07-12 15:18:35,844 socket_client.py [line:55] _connect_and_send_forever INFO (OSError(98, 'Address already in use'), None) 
2024-07-12 15:18:35,845 socket_client.py [line:55] _connect_and_send_forever INFO (OSError(98, 'Address already in use'), None) 
2024-07-12 15:18:35,845 socket_client.py [line:55] _connect_and_send_forever INFO (OSError(98, 'Address already in use'), None) 
2024-07-12 15:18:35,845 socket_client.py [line:55] _connect_and_send_forever INFO (OSError(98, 'Address already in use'), None) 
2024-07-12 15:18:35,846 socket_client.py [line:55] _connect_and_send_forever INFO (OSError(98, 'Address already in use'), None) 
2024-07-12 15:18:35,846 socket_client.py [line:55] _connect_and_send_forever INFO (OSError(98, 'Address already in use'), None) 
2024-07-12 15:18:35,848 socket_client.py [line:55] _connect_and_send_forever INFO (OSError(98, 'Address already in use'), None) 
2024-07-12 15:18:35,848 socket_client.py [line:55] _connect_and_send_forever INFO (OSError(98, 'Address already in use'), None) 
2024-07-12 15:18:35,853 socket_client.py [line:55] _connect_and_send_forever INFO (OSError(98, 'Address already in use'), None) 
2024-07-12 15:18:35,854 socket_client.py [line:55] _connect_and_send_forever INFO (OSError(98, 'Address already in use'), None) 
2024-07-12 15:18:35,854 socket_client.py [line:55] _connect_and_send_forever INFO (OSError(98, 'Address already in use'), None) 
2024-07-12 15:18:35,854 socket_client.py [line:55] _connect_and_send_forever INFO (OSError(98, 'Address already in use'), None) 
2024-07-12 15:18:35,858 socket_client.py [line:55] _connect_and_send_forever INFO (OSError(98, 'Address already in use'), None) 
2024-07-12 15:18:35,859 socket_client.py [line:55] _connect_and_send_forever INFO (OSError(98, 'Address already in use'), None) 
2024-07-12 15:18:35,860 socket_client.py [line:55] _connect_and_send_forever INFO (OSError(98, 'Address already in use'), None) 
2024-07-12 15:18:35,861 socket_client.py [line:55] _connect_and_send_forever INFO (OSError(98, 'Address already in use'), None) 
2024-07-12 15:18:35,864 socket_client.py [line:55] _connect_and_send_forever INFO (OSError(98, 'Address already in use'), None) 
2024-07-12 15:18:35,865 socket_client.py [line:55] _connect_and_send_forever INFO (OSError(98, 'Address already in use'), None) 
2024-07-12 15:18:35,865 socket_client.py [line:55] _connect_and_send_forever INFO (OSError(98, 'Address already in use'), None) 
2024-07-12 15:18:35,865 socket_client.py [line:55] _connect_and_send_forever INFO (OSError(98, 'Address already in use'), None) 
2024-07-12 15:18:35,865 socket_client.py [line:55] _connect_and_send_forever INFO (OSError(98, 'Address already in use'), None) 
2024-07-12 15:18:35,867 socket_client.py [line:55] _connect_and_send_forever INFO (OSError(98, 'Address already in use'), None) 
2024-07-12 15:18:35,867 socket_client.py [line:55] _connect_and_send_forever INFO (OSError(98, 'Address already in use'), None) 
2024-07-12 15:18:35,868 socket_client.py [line:55] _connect_and_send_forever INFO (OSError(98, 'Address already in use'), None) 
2024-07-12 15:18:35,869 socket_client.py [line:55] _connect_and_send_forever INFO (OSError(98, 'Address already in use'), None) 
2024-07-12 15:18:35,869 socket_client.py [line:55] _connect_and_send_forever INFO (OSError(98, 'Address already in use'), None) 
2024-07-12 15:18:35,871 socket_client.py [line:55] _connect_and_send_forever INFO (OSError(98, 'Address already in use'), None) 
2024-07-12 15:18:35,871 socket_client.py [line:55] _connect_and_send_forever INFO (OSError(98, 'Address already in use'), None) 
2024-07-12 15:18:35,873 socket_client.py [line:55] _connect_and_send_forever INFO (OSError(98, 'Address already in use'), None) 
2024-07-12 15:18:35,873 socket_client.py [line:55] _connect_and_send_forever INFO (OSError(98, 'Address already in use'), None) 
2024-07-12 15:18:35,874 socket_client.py [line:55] _connect_and_send_forever INFO (OSError(98, 'Address already in use'), None) 
2024-07-12 15:18:35,875 socket_client.py [line:55] _connect_and_send_forever INFO (OSError(98, 'Address already in use'), None) 
2024-07-12 15:18:35,881 socket_client.py [line:55] _connect_and_send_forever INFO (OSError(98, 'Address already in use'), None) 
2024-07-12 15:18:35,885 socket_client.py [line:55] _connect_and_send_forever INFO (OSError(98, 'Address already in use'), None) 
2024-07-12 15:18:35,885 socket_client.py [line:55] _connect_and_send_forever INFO (OSError(98, 'Address already in use'), None) 
2024-07-12 15:18:35,885 socket_client.py [line:55] _connect_and_send_forever INFO (OSError(98, 'Address already in use'), None) 
2024-07-12 15:18:35,885 socket_client.py [line:55] _connect_and_send_forever INFO (OSError(98, 'Address already in use'), None) 
2024-07-12 15:18:35,885 socket_client.py [line:55] _connect_and_send_forever INFO (OSError(98, 'Address already in use'), None) 
2024-07-12 15:18:35,886 socket_client.py [line:55] _connect_and_send_forever INFO (OSError(98, 'Address already in use'), None) 
2024-07-12 15:18:35,886 socket_client.py [line:55] _connect_and_send_forever INFO (OSError(98, 'Address already in use'), None) 
2024-07-12 15:18:35,886 socket_client.py [line:55] _connect_and_send_forever INFO (OSError(98, 'Address already in use'), None) 
2024-07-12 15:18:35,886 socket_client.py [line:55] _connect_and_send_forever INFO (OSError(98, 'Address already in use'), None) 
2024-07-12 15:18:35,890 socket_client.py [line:55] _connect_and_send_forever INFO (OSError(98, 'Address already in use'), None) 
2024-07-12 15:18:35,890 socket_client.py [line:55] _connect_and_send_forever INFO (OSError(98, 'Address already in use'), None) 
2024-07-12 15:18:35,890 socket_client.py [line:55] _connect_and_send_forever INFO (OSError(98, 'Address already in use'), None) 
2024-07-12 15:18:35,891 socket_client.py [line:55] _connect_and_send_forever INFO (OSError(98, 'Address already in use'), None) 
2024-07-12 15:18:35,891 socket_client.py [line:55] _connect_and_send_forever INFO (OSError(98, 'Address already in use'), None) 
2024-07-12 15:18:35,892 socket_client.py [line:55] _connect_and_send_forever INFO (OSError(98, 'Address already in use'), None) 
2024-07-12 15:18:35,892 socket_client.py [line:55] _connect_and_send_forever INFO (OSError(98, 'Address already in use'), None) 
2024-07-12 15:18:35,894 socket_client.py [line:55] _connect_and_send_forever INFO (OSError(98, 'Address already in use'), None) 
2024-07-12 15:18:35,894 socket_client.py [line:55] _connect_and_send_forever INFO (OSError(98, 'Address already in use'), None) 
2024-07-12 15:18:35,900 socket_client.py [line:55] _connect_and_send_forever INFO (OSError(98, 'Address already in use'), None) 
2024-07-12 15:18:35,901 socket_client.py [line:55] _connect_and_send_forever INFO (OSError(98, 'Address already in use'), None) 
2024-07-12 15:18:35,901 socket_client.py [line:55] _connect_and_send_forever INFO (OSError(98, 'Address already in use'), None) 
2024-07-12 15:18:35,902 socket_client.py [line:55] _connect_and_send_forever INFO (OSError(98, 'Address already in use'), None) 
2024-07-12 15:18:35,904 socket_client.py [line:55] _connect_and_send_forever INFO (OSError(98, 'Address already in use'), None) 
2024-07-12 15:18:35,904 socket_client.py [line:55] _connect_and_send_forever INFO (OSError(98, 'Address already in use'), None) 
2024-07-12 15:18:35,905 socket_client.py [line:55] _connect_and_send_forever INFO (OSError(98, 'Address already in use'), None) 
2024-07-12 15:18:35,909 socket_client.py [line:55] _connect_and_send_forever INFO (OSError(98, 'Address already in use'), None) 
2024-07-12 15:18:35,910 socket_client.py [line:55] _connect_and_send_forever INFO (OSError(98, 'Address already in use'), None) 
2024-07-12 15:18:35,921 socket_client.py [line:55] _connect_and_send_forever INFO (OSError(98, 'Address already in use'), None) 
2024-07-12 15:18:35,922 socket_client.py [line:55] _connect_and_send_forever INFO (OSError(98, 'Address already in use'), None) 
2024-07-12 15:18:35,922 socket_client.py [line:55] _connect_and_send_forever INFO (OSError(98, 'Address already in use'), None) 
2024-07-12 15:18:35,923 socket_client.py [line:55] _connect_and_send_forever INFO (OSError(98, 'Address already in use'), None) 
2024-07-12 15:18:35,930 socket_client.py [line:55] _connect_and_send_forever INFO (OSError(98, 'Address already in use'), None) 
2024-07-12 15:18:35,931 socket_client.py [line:55] _connect_and_send_forever INFO (OSError(98, 'Address already in use'), None) 
2024-07-12 15:18:35,931 socket_client.py [line:55] _connect_and_send_forever INFO (OSError(98, 'Address already in use'), None) 
2024-07-12 15:18:35,932 socket_client.py [line:55] _connect_and_send_forever INFO (OSError(98, 'Address already in use'), None) 
2024-07-12 15:18:35,933 socket_client.py [line:55] _connect_and_send_forever INFO (OSError(98, 'Address already in use'), None) 
2024-07-12 15:18:35,935 socket_client.py [line:55] _connect_and_send_forever INFO (OSError(98, 'Address already in use'), None) 
2024-07-12 15:18:35,936 socket_client.py [line:55] _connect_and_send_forever INFO (OSError(98, 'Address already in use'), None) 
2024-07-12 15:18:35,945 socket_client.py [line:55] _connect_and_send_forever INFO (OSError(98, 'Address already in use'), None) 
2024-07-12 15:18:35,946 socket_client.py [line:55] _connect_and_send_forever INFO (OSError(98, 'Address already in use'), None) 
2024-07-12 15:18:35,950 socket_client.py [line:55] _connect_and_send_forever INFO (OSError(98, 'Address already in use'), None) 
2024-07-12 15:18:35,950 socket_client.py [line:55] _connect_and_send_forever INFO (OSError(98, 'Address already in use'), None) 
2024-07-12 15:18:35,951 socket_client.py [line:55] _connect_and_send_forever INFO (OSError(98, 'Address already in use'), None) 
2024-07-12 15:18:35,951 socket_client.py [line:55] _connect_and_send_forever INFO (OSError(98, 'Address already in use'), None) 
2024-07-12 15:18:35,951 socket_client.py [line:55] _connect_and_send_forever INFO (OSError(98, 'Address already in use'), None) 
2024-07-12 15:18:35,951 socket_client.py [line:55] _connect_and_send_forever INFO (OSError(98, 'Address already in use'), None) 
2024-07-12 15:18:35,951 socket_client.py [line:55] _connect_and_send_forever INFO (OSError(98, 'Address already in use'), None) 
2024-07-12 15:18:35,951 socket_client.py [line:55] _connect_and_send_forever INFO (OSError(98, 'Address already in use'), None) 
2024-07-12 15:18:35,951 socket_client.py [line:55] _connect_and_send_forever INFO (OSError(98, 'Address already in use'), None) 
2024-07-12 15:18:35,952 socket_client.py [line:55] _connect_and_send_forever INFO (OSError(98, 'Address already in use'), None) 
2024-07-12 15:18:35,952 socket_client.py [line:55] _connect_and_send_forever INFO (OSError(98, 'Address already in use'), None) 
2024-07-12 15:18:35,952 socket_client.py [line:55] _connect_and_send_forever INFO (OSError(98, 'Address already in use'), None) 
2024-07-12 15:18:35,952 socket_client.py [line:55] _connect_and_send_forever INFO (OSError(98, 'Address already in use'), None) 
2024-07-12 15:18:35,952 socket_client.py [line:55] _connect_and_send_forever INFO (OSError(98, 'Address already in use'), None) 
2024-07-12 15:18:35,952 socket_client.py [line:55] _connect_and_send_forever INFO (OSError(98, 'Address already in use'), None) 
2024-07-12 15:18:35,953 socket_client.py [line:55] _connect_and_send_forever INFO (OSError(98, 'Address already in use'), None) 
2024-07-12 15:18:35,953 socket_client.py [line:55] _connect_and_send_forever INFO (OSError(98, 'Address already in use'), None) 
2024-07-12 15:18:35,953 socket_client.py [line:55] _connect_and_send_forever INFO (OSError(98, 'Address already in use'), None) 
2024-07-12 15:18:35,953 socket_client.py [line:55] _connect_and_send_forever INFO (OSError(98, 'Address already in use'), None) 
2024-07-12 15:18:35,953 socket_client.py [line:55] _connect_and_send_forever INFO (OSError(98, 'Address already in use'), None) 
2024-07-12 15:18:35,953 socket_client.py [line:55] _connect_and_send_forever INFO (OSError(98, 'Address already in use'), None) 
2024-07-12 15:18:35,953 socket_client.py [line:55] _connect_and_send_forever INFO (OSError(98, 'Address already in use'), None) 
2024-07-12 15:18:35,954 socket_client.py [line:55] _connect_and_send_forever INFO (OSError(98, 'Address already in use'), None) 
2024-07-12 15:18:35,954 socket_client.py [line:55] _connect_and_send_forever INFO (OSError(98, 'Address already in use'), None) 
2024-07-12 15:18:35,954 socket_client.py [line:55] _connect_and_send_forever INFO (OSError(98, 'Address already in use'), None) 
2024-07-12 15:18:35,954 socket_client.py [line:55] _connect_and_send_forever INFO (OSError(98, 'Address already in use'), None) 
2024-07-12 15:18:35,955 socket_client.py [line:55] _connect_and_send_forever INFO (OSError(98, 'Address already in use'), None) 
2024-07-12 15:18:35,955 socket_client.py [line:55] _connect_and_send_forever INFO (OSError(98, 'Address already in use'), None) 
2024-07-12 15:18:35,956 socket_client.py [line:55] _connect_and_send_forever INFO (OSError(98, 'Address already in use'), None) 
2024-07-12 15:18:35,960 socket_client.py [line:55] _connect_and_send_forever INFO (OSError(98, 'Address already in use'), None) 
2024-07-12 15:18:35,961 socket_client.py [line:55] _connect_and_send_forever INFO (OSError(98, 'Address already in use'), None) 
2024-07-12 15:18:35,962 socket_client.py [line:55] _connect_and_send_forever INFO (OSError(98, 'Address already in use'), None) 
2024-07-12 15:18:35,962 socket_client.py [line:55] _connect_and_send_forever INFO (OSError(98, 'Address already in use'), None) 
2024-07-12 15:18:35,966 socket_client.py [line:55] _connect_and_send_forever INFO (OSError(98, 'Address already in use'), None) 
2024-07-12 15:18:35,966 socket_client.py [line:55] _connect_and_send_forever INFO (OSError(98, 'Address already in use'), None) 
2024-07-12 15:18:35,966 socket_client.py [line:55] _connect_and_send_forever INFO (OSError(98, 'Address already in use'), None) 
2024-07-12 15:18:35,967 socket_client.py [line:55] _connect_and_send_forever INFO (OSError(98, 'Address already in use'), None) 
2024-07-12 15:18:35,968 socket_client.py [line:55] _connect_and_send_forever INFO (OSError(98, 'Address already in use'), None) 
2024-07-12 15:18:35,969 socket_client.py [line:55] _connect_and_send_forever INFO (OSError(98, 'Address already in use'), None) 
2024-07-12 15:18:35,969 socket_client.py [line:55] _connect_and_send_forever INFO (OSError(98, 'Address already in use'), None) 
2024-07-12 15:18:35,970 socket_client.py [line:55] _connect_and_send_forever INFO (OSError(98, 'Address already in use'), None) 
2024-07-12 15:18:35,971 socket_client.py [line:55] _connect_and_send_forever INFO (OSError(98, 'Address already in use'), None) 
2024-07-12 15:18:35,972 socket_client.py [line:55] _connect_and_send_forever INFO (OSError(98, 'Address already in use'), None) 
2024-07-12 15:18:35,973 socket_client.py [line:55] _connect_and_send_forever INFO (OSError(98, 'Address already in use'), None) 
2024-07-12 15:18:35,973 socket_client.py [line:55] _connect_and_send_forever INFO (OSError(98, 'Address already in use'), None) 
2024-07-12 15:18:35,976 socket_client.py [line:55] _connect_and_send_forever INFO (OSError(98, 'Address already in use'), None) 
2024-07-12 15:18:35,979 socket_client.py [line:55] _connect_and_send_forever INFO (OSError(98, 'Address already in use'), None) 
2024-07-12 15:18:35,980 socket_client.py [line:55] _connect_and_send_forever INFO (OSError(98, 'Address already in use'), None) 
2024-07-12 15:18:35,980 socket_client.py [line:55] _connect_and_send_forever INFO (OSError(98, 'Address already in use'), None) 
2024-07-12 15:18:35,981 socket_client.py [line:55] _connect_and_send_forever INFO (OSError(98, 'Address already in use'), None) 
2024-07-12 15:18:35,982 socket_client.py [line:55] _connect_and_send_forever INFO (OSError(98, 'Address already in use'), None) 
2024-07-12 15:18:35,982 socket_client.py [line:55] _connect_and_send_forever INFO (OSError(98, 'Address already in use'), None) 
2024-07-12 15:18:35,985 socket_client.py [line:55] _connect_and_send_forever INFO (OSError(98, 'Address already in use'), None) 
2024-07-12 15:18:35,986 socket_client.py [line:55] _connect_and_send_forever INFO (OSError(98, 'Address already in use'), None) 
2024-07-12 15:18:35,986 socket_client.py [line:55] _connect_and_send_forever INFO (OSError(98, 'Address already in use'), None) 
2024-07-12 15:18:35,987 socket_client.py [line:55] _connect_and_send_forever INFO (OSError(98, 'Address already in use'), None) 
2024-07-12 15:18:35,988 socket_client.py [line:55] _connect_and_send_forever INFO (OSError(98, 'Address already in use'), None) 
2024-07-12 15:18:35,992 socket_client.py [line:55] _connect_and_send_forever INFO (OSError(98, 'Address already in use'), None) 
2024-07-12 15:18:35,992 socket_client.py [line:55] _connect_and_send_forever INFO (OSError(98, 'Address already in use'), None) 
2024-07-12 15:18:35,994 socket_client.py [line:55] _connect_and_send_forever INFO (OSError(98, 'Address already in use'), None) 
2024-07-12 15:18:35,994 socket_client.py [line:55] _connect_and_send_forever INFO (OSError(98, 'Address already in use'), None) 
2024-07-12 15:18:36,003 socket_client.py [line:55] _connect_and_send_forever INFO (OSError(98, 'Address already in use'), None) 
2024-07-12 15:18:36,003 socket_client.py [line:55] _connect_and_send_forever INFO (OSError(98, 'Address already in use'), None) 
2024-07-12 15:18:36,004 socket_client.py [line:55] _connect_and_send_forever INFO (OSError(98, 'Address already in use'), None) 
2024-07-12 15:18:36,006 socket_client.py [line:55] _connect_and_send_forever INFO (OSError(98, 'Address already in use'), None) 
2024-07-12 15:18:36,007 socket_client.py [line:55] _connect_and_send_forever INFO (OSError(98, 'Address already in use'), None) 
2024-07-12 15:18:36,007 socket_client.py [line:55] _connect_and_send_forever INFO (OSError(98, 'Address already in use'), None) 
2024-07-12 15:18:36,008 socket_client.py [line:55] _connect_and_send_forever INFO (OSError(98, 'Address already in use'), None) 
2024-07-12 15:18:36,009 socket_client.py [line:55] _connect_and_send_forever INFO (OSError(98, 'Address already in use'), None) 
2024-07-12 15:18:36,009 socket_client.py [line:55] _connect_and_send_forever INFO (OSError(98, 'Address already in use'), None) 
2024-07-12 15:18:36,009 socket_client.py [line:55] _connect_and_send_forever INFO (OSError(98, 'Address already in use'), None) 
2024-07-12 15:18:36,010 socket_client.py [line:55] _connect_and_send_forever INFO (OSError(98, 'Address already in use'), None) 
2024-07-12 15:18:36,010 socket_client.py [line:55] _connect_and_send_forever INFO (OSError(98, 'Address already in use'), None) 
2024-07-12 15:18:36,014 socket_client.py [line:55] _connect_and_send_forever INFO (OSError(98, 'Address already in use'), None) 
2024-07-12 15:18:36,014 socket_client.py [line:55] _connect_and_send_forever INFO (OSError(98, 'Address already in use'), None) 
2024-07-12 15:18:36,015 socket_client.py [line:55] _connect_and_send_forever INFO (OSError(98, 'Address already in use'), None) 
2024-07-12 15:18:36,015 socket_client.py [line:55] _connect_and_send_forever INFO (OSError(98, 'Address already in use'), None) 
2024-07-12 15:18:36,028 socket_client.py [line:55] _connect_and_send_forever INFO (OSError(98, 'Address already in use'), None) 
2024-07-12 15:18:36,030 socket_client.py [line:55] _connect_and_send_forever INFO (OSError(98, 'Address already in use'), None) 
2024-07-12 15:18:36,031 socket_client.py [line:55] _connect_and_send_forever INFO (OSError(98, 'Address already in use'), None) 
2024-07-12 15:18:36,031 socket_client.py [line:55] _connect_and_send_forever INFO (OSError(98, 'Address already in use'), None) 
2024-07-12 15:18:36,045 socket_client.py [line:55] _connect_and_send_forever INFO (OSError(98, 'Address already in use'), None) 
2024-07-12 15:18:36,046 socket_client.py [line:55] _connect_and_send_forever INFO (OSError(98, 'Address already in use'), None) 
2024-07-12 15:18:36,046 socket_client.py [line:55] _connect_and_send_forever INFO (OSError(98, 'Address already in use'), None) 
2024-07-12 15:18:36,046 socket_client.py [line:55] _connect_and_send_forever INFO (OSError(98, 'Address already in use'), None) 
2024-07-12 15:18:36,046 socket_client.py [line:55] _connect_and_send_forever INFO (OSError(98, 'Address already in use'), None) 
2024-07-12 15:18:36,047 socket_client.py [line:55] _connect_and_send_forever INFO (OSError(98, 'Address already in use'), None) 
2024-07-12 15:18:36,047 socket_client.py [line:55] _connect_and_send_forever INFO (OSError(98, 'Address already in use'), None) 
2024-07-12 15:18:36,047 socket_client.py [line:55] _connect_and_send_forever INFO (OSError(98, 'Address already in use'), None) 
2024-07-12 15:18:36,048 socket_client.py [line:55] _connect_and_send_forever INFO (OSError(98, 'Address already in use'), None) 
2024-07-12 15:18:36,048 socket_client.py [line:55] _connect_and_send_forever INFO (OSError(98, 'Address already in use'), None) 
2024-07-12 15:18:36,048 socket_client.py [line:55] _connect_and_send_forever INFO (OSError(98, 'Address already in use'), None) 
2024-07-12 15:18:36,049 socket_client.py [line:55] _connect_and_send_forever INFO (OSError(98, 'Address already in use'), None) 
2024-07-12 15:18:36,050 socket_client.py [line:55] _connect_and_send_forever INFO (OSError(98, 'Address already in use'), None) 
2024-07-12 15:18:36,050 socket_client.py [line:55] _connect_and_send_forever INFO (OSError(98, 'Address already in use'), None) 
2024-07-12 15:18:36,050 socket_client.py [line:55] _connect_and_send_forever INFO (OSError(98, 'Address already in use'), None) 
2024-07-12 15:18:36,106 socket_client.py [line:55] _connect_and_send_forever INFO (OSError(98, 'Address already in use'), None) 
2024-07-12 15:18:36,106 socket_client.py [line:55] _connect_and_send_forever INFO (OSError(98, 'Address already in use'), None) 
2024-07-12 15:18:36,107 socket_client.py [line:55] _connect_and_send_forever INFO (OSError(98, 'Address already in use'), None) 
2024-07-12 15:18:36,108 socket_client.py [line:55] _connect_and_send_forever INFO (OSError(98, 'Address already in use'), None) 
2024-07-12 15:18:36,108 socket_client.py [line:55] _connect_and_send_forever INFO (OSError(98, 'Address already in use'), None) 
2024-07-12 15:18:36,110 socket_client.py [line:55] _connect_and_send_forever INFO (OSError(98, 'Address already in use'), None) 
2024-07-12 15:18:36,110 socket_client.py [line:55] _connect_and_send_forever INFO (OSError(98, 'Address already in use'), None) 
2024-07-12 15:18:36,111 socket_client.py [line:55] _connect_and_send_forever INFO (OSError(98, 'Address already in use'), None) 
2024-07-12 15:18:36,112 socket_client.py [line:55] _connect_and_send_forever INFO (OSError(98, 'Address already in use'), None) 
2024-07-12 15:18:36,115 socket_client.py [line:55] _connect_and_send_forever INFO (OSError(98, 'Address already in use'), None) 
2024-07-12 15:18:36,116 socket_client.py [line:55] _connect_and_send_forever INFO (OSError(98, 'Address already in use'), None) 
2024-07-12 15:18:36,118 socket_client.py [line:55] _connect_and_send_forever INFO (OSError(98, 'Address already in use'), None) 
2024-07-12 15:18:36,120 socket_client.py [line:55] _connect_and_send_forever INFO (OSError(98, 'Address already in use'), None) 
2024-07-12 15:18:36,120 socket_client.py [line:55] _connect_and_send_forever INFO (OSError(98, 'Address already in use'), None) 
2024-07-12 15:18:36,124 socket_client.py [line:55] _connect_and_send_forever INFO (OSError(98, 'Address already in use'), None) 
2024-07-12 15:18:36,126 socket_client.py [line:55] _connect_and_send_forever INFO (OSError(98, 'Address already in use'), None) 
2024-07-12 15:18:36,127 socket_client.py [line:55] _connect_and_send_forever INFO (OSError(98, 'Address already in use'), None) 
2024-07-12 15:18:36,127 socket_client.py [line:55] _connect_and_send_forever INFO (OSError(98, 'Address already in use'), None) 
2024-07-12 15:18:36,127 socket_client.py [line:55] _connect_and_send_forever INFO (OSError(98, 'Address already in use'), None) 
2024-07-12 15:18:36,129 socket_client.py [line:55] _connect_and_send_forever INFO (OSError(98, 'Address already in use'), None) 
2024-07-12 15:18:36,129 socket_client.py [line:55] _connect_and_send_forever INFO (OSError(98, 'Address already in use'), None) 
2024-07-12 15:18:36,131 socket_client.py [line:55] _connect_and_send_forever INFO (OSError(98, 'Address already in use'), None) 
2024-07-12 15:18:36,133 socket_client.py [line:55] _connect_and_send_forever INFO (OSError(98, 'Address already in use'), None) 
2024-07-12 15:18:36,133 socket_client.py [line:55] _connect_and_send_forever INFO (OSError(98, 'Address already in use'), None) 
2024-07-12 15:18:36,133 socket_client.py [line:55] _connect_and_send_forever INFO (OSError(98, 'Address already in use'), None) 
2024-07-12 15:18:36,137 socket_client.py [line:55] _connect_and_send_forever INFO (OSError(98, 'Address already in use'), None) 
2024-07-12 15:18:36,138 socket_client.py [line:55] _connect_and_send_forever INFO (OSError(98, 'Address already in use'), None) 
2024-07-12 15:18:36,139 socket_client.py [line:55] _connect_and_send_forever INFO (OSError(98, 'Address already in use'), None) 
2024-07-12 15:18:36,139 socket_client.py [line:55] _connect_and_send_forever INFO (OSError(98, 'Address already in use'), None) 
2024-07-12 15:18:36,140 socket_client.py [line:55] _connect_and_send_forever INFO (OSError(98, 'Address already in use'), None) 
2024-07-12 15:18:36,141 socket_client.py [line:55] _connect_and_send_forever INFO (OSError(98, 'Address already in use'), None) 
2024-07-12 15:18:36,146 socket_client.py [line:55] _connect_and_send_forever INFO (OSError(98, 'Address already in use'), None) 
2024-07-12 15:18:36,147 socket_client.py [line:55] _connect_and_send_forever INFO (OSError(98, 'Address already in use'), None) 
2024-07-12 15:18:36,148 socket_client.py [line:55] _connect_and_send_forever INFO (OSError(98, 'Address already in use'), None) 
2024-07-12 15:18:36,148 socket_client.py [line:55] _connect_and_send_forever INFO (OSError(98, 'Address already in use'), None) 
2024-07-12 15:18:36,148 socket_client.py [line:55] _connect_and_send_forever INFO (OSError(98, 'Address already in use'), None) 
2024-07-12 15:18:36,149 socket_client.py [line:55] _connect_and_send_forever INFO (OSError(98, 'Address already in use'), None) 
2024-07-12 15:18:36,150 socket_client.py [line:55] _connect_and_send_forever INFO (OSError(98, 'Address already in use'), None) 
2024-07-12 15:18:36,151 socket_client.py [line:55] _connect_and_send_forever INFO (OSError(98, 'Address already in use'), None) 
2024-07-12 15:18:36,151 socket_client.py [line:55] _connect_and_send_forever INFO (OSError(98, 'Address already in use'), None) 
2024-07-12 15:18:36,152 socket_client.py [line:55] _connect_and_send_forever INFO (OSError(98, 'Address already in use'), None) 
2024-07-12 15:18:36,152 socket_client.py [line:55] _connect_and_send_forever INFO (OSError(98, 'Address already in use'), None) 
2024-07-12 15:18:36,153 socket_client.py [line:55] _connect_and_send_forever INFO (OSError(98, 'Address already in use'), None) 
2024-07-12 15:18:36,154 socket_client.py [line:55] _connect_and_send_forever INFO (OSError(98, 'Address already in use'), None) 
2024-07-12 15:18:36,158 socket_client.py [line:55] _connect_and_send_forever INFO (OSError(98, 'Address already in use'), None) 
2024-07-12 15:18:36,159 socket_client.py [line:55] _connect_and_send_forever INFO (OSError(98, 'Address already in use'), None) 
2024-07-12 15:18:36,159 socket_client.py [line:55] _connect_and_send_forever INFO (OSError(98, 'Address already in use'), None) 
2024-07-12 15:18:36,159 socket_client.py [line:55] _connect_and_send_forever INFO (OSError(98, 'Address already in use'), None) 
2024-07-12 15:18:36,160 socket_client.py [line:55] _connect_and_send_forever INFO (OSError(98, 'Address already in use'), None) 
2024-07-12 15:18:36,161 socket_client.py [line:55] _connect_and_send_forever INFO (OSError(98, 'Address already in use'), None) 
2024-07-12 15:18:36,161 socket_client.py [line:55] _connect_and_send_forever INFO (OSError(98, 'Address already in use'), None) 
2024-07-12 15:18:36,162 socket_client.py [line:55] _connect_and_send_forever INFO (OSError(98, 'Address already in use'), None) 
2024-07-12 15:18:36,163 socket_client.py [line:55] _connect_and_send_forever INFO (OSError(98, 'Address already in use'), None) 
2024-07-12 15:18:36,165 socket_client.py [line:55] _connect_and_send_forever INFO (OSError(98, 'Address already in use'), None) 
2024-07-12 15:18:36,166 socket_client.py [line:55] _connect_and_send_forever INFO (OSError(98, 'Address already in use'), None) 
2024-07-12 15:18:36,166 socket_client.py [line:55] _connect_and_send_forever INFO (OSError(98, 'Address already in use'), None) 
2024-07-12 15:18:36,167 socket_client.py [line:55] _connect_and_send_forever INFO (OSError(98, 'Address already in use'), None) 
2024-07-12 15:18:36,168 socket_client.py [line:55] _connect_and_send_forever INFO (OSError(98, 'Address already in use'), None) 
2024-07-12 15:18:36,170 socket_client.py [line:55] _connect_and_send_forever INFO (OSError(98, 'Address already in use'), None) 
2024-07-12 15:18:36,170 socket_client.py [line:55] _connect_and_send_forever INFO (OSError(98, 'Address already in use'), None) 
2024-07-12 15:18:36,171 socket_client.py [line:55] _connect_and_send_forever INFO (OSError(98, 'Address already in use'), None) 
2024-07-12 15:18:36,171 socket_client.py [line:55] _connect_and_send_forever INFO (OSError(98, 'Address already in use'), None) 
2024-07-12 15:18:36,171 socket_client.py [line:55] _connect_and_send_forever INFO (OSError(98, 'Address already in use'), None) 
2024-07-12 15:18:36,172 socket_client.py [line:55] _connect_and_send_forever INFO (OSError(98, 'Address already in use'), None) 
2024-07-12 15:18:36,173 socket_client.py [line:55] _connect_and_send_forever INFO (OSError(98, 'Address already in use'), None) 
2024-07-12 15:18:36,177 socket_client.py [line:55] _connect_and_send_forever INFO (OSError(98, 'Address already in use'), None) 
2024-07-12 15:18:36,177 socket_client.py [line:55] _connect_and_send_forever INFO (OSError(98, 'Address already in use'), None) 
2024-07-12 15:18:36,178 socket_client.py [line:55] _connect_and_send_forever INFO (OSError(98, 'Address already in use'), None) 
2024-07-12 15:18:36,179 socket_client.py [line:55] _connect_and_send_forever INFO (OSError(98, 'Address already in use'), None) 
2024-07-12 15:18:36,180 socket_client.py [line:55] _connect_and_send_forever INFO (OSError(98, 'Address already in use'), None) 
2024-07-12 15:18:36,181 socket_client.py [line:55] _connect_and_send_forever INFO (OSError(98, 'Address already in use'), None) 
2024-07-12 15:18:36,182 socket_client.py [line:55] _connect_and_send_forever INFO (OSError(98, 'Address already in use'), None) 
2024-07-12 15:18:36,183 socket_client.py [line:55] _connect_and_send_forever INFO (OSError(98, 'Address already in use'), None) 
2024-07-12 15:18:36,187 socket_client.py [line:55] _connect_and_send_forever INFO (OSError(98, 'Address already in use'), None) 
2024-07-12 15:18:36,189 socket_client.py [line:55] _connect_and_send_forever INFO (OSError(98, 'Address already in use'), None) 
2024-07-12 15:18:36,190 socket_client.py [line:55] _connect_and_send_forever INFO (OSError(98, 'Address already in use'), None) 
2024-07-12 15:18:36,201 socket_client.py [line:55] _connect_and_send_forever INFO (OSError(98, 'Address already in use'), None) 
2024-07-12 15:18:36,202 socket_client.py [line:55] _connect_and_send_forever INFO (OSError(98, 'Address already in use'), None) 
2024-07-12 15:18:36,202 socket_client.py [line:55] _connect_and_send_forever INFO (OSError(98, 'Address already in use'), None) 
2024-07-12 15:18:36,203 socket_client.py [line:55] _connect_and_send_forever INFO (OSError(98, 'Address already in use'), None) 
2024-07-12 15:18:36,209 socket_client.py [line:55] _connect_and_send_forever INFO (OSError(98, 'Address already in use'), None) 
2024-07-12 15:18:36,210 socket_client.py [line:55] _connect_and_send_forever INFO (OSError(98, 'Address already in use'), None) 
2024-07-12 15:18:36,210 socket_client.py [line:55] _connect_and_send_forever INFO (OSError(98, 'Address already in use'), None) 
2024-07-12 15:18:36,211 socket_client.py [line:55] _connect_and_send_forever INFO (OSError(98, 'Address already in use'), None) 
2024-07-12 15:18:36,212 socket_client.py [line:55] _connect_and_send_forever INFO (OSError(98, 'Address already in use'), None) 
2024-07-12 15:18:36,214 socket_client.py [line:55] _connect_and_send_forever INFO (OSError(98, 'Address already in use'), None) 
2024-07-12 15:18:36,215 socket_client.py [line:55] _connect_and_send_forever INFO (OSError(98, 'Address already in use'), None) 
2024-07-12 15:18:36,215 socket_client.py [line:55] _connect_and_send_forever INFO (OSError(98, 'Address already in use'), None) 
2024-07-12 15:18:36,215 socket_client.py [line:55] _connect_and_send_forever INFO (OSError(98, 'Address already in use'), None) 
2024-07-12 15:18:36,216 socket_client.py [line:55] _connect_and_send_forever INFO (OSError(98, 'Address already in use'), None) 
2024-07-12 15:18:36,216 socket_client.py [line:55] _connect_and_send_forever INFO (OSError(98, 'Address already in use'), None) 
2024-07-12 15:18:36,219 socket_client.py [line:55] _connect_and_send_forever INFO (OSError(98, 'Address already in use'), None) 
2024-07-12 15:18:36,220 socket_client.py [line:55] _connect_and_send_forever INFO (OSError(98, 'Address already in use'), None) 
2024-07-12 15:18:36,220 socket_client.py [line:55] _connect_and_send_forever INFO (OSError(98, 'Address already in use'), None) 
2024-07-12 15:18:36,220 socket_client.py [line:55] _connect_and_send_forever INFO (OSError(98, 'Address already in use'), None) 
2024-07-12 15:18:36,221 socket_client.py [line:55] _connect_and_send_forever INFO (OSError(98, 'Address already in use'), None) 
2024-07-12 15:18:36,221 socket_client.py [line:55] _connect_and_send_forever INFO (OSError(98, 'Address already in use'), None) 
2024-07-12 15:18:36,222 socket_client.py [line:55] _connect_and_send_forever INFO (OSError(98, 'Address already in use'), None) 
2024-07-12 15:18:36,224 socket_client.py [line:55] _connect_and_send_forever INFO (OSError(98, 'Address already in use'), None) 
2024-07-12 15:18:36,225 socket_client.py [line:55] _connect_and_send_forever INFO (OSError(98, 'Address already in use'), None) 
2024-07-12 15:18:36,226 socket_client.py [line:55] _connect_and_send_forever INFO (OSError(98, 'Address already in use'), None) 
2024-07-12 15:18:36,226 socket_client.py [line:55] _connect_and_send_forever INFO (OSError(98, 'Address already in use'), None) 
2024-07-12 15:18:36,229 socket_client.py [line:55] _connect_and_send_forever INFO (OSError(98, 'Address already in use'), None) 
2024-07-12 15:18:36,229 socket_client.py [line:55] _connect_and_send_forever INFO (OSError(98, 'Address already in use'), None) 
2024-07-12 15:18:36,232 socket_client.py [line:55] _connect_and_send_forever INFO (OSError(98, 'Address already in use'), None) 
2024-07-12 15:18:36,232 socket_client.py [line:55] _connect_and_send_forever INFO (OSError(98, 'Address already in use'), None) 
2024-07-12 15:18:36,232 socket_client.py [line:55] _connect_and_send_forever INFO (OSError(98, 'Address already in use'), None) 
2024-07-12 15:18:36,233 socket_client.py [line:55] _connect_and_send_forever INFO (OSError(98, 'Address already in use'), None) 
2024-07-12 15:18:36,236 socket_client.py [line:55] _connect_and_send_forever INFO (OSError(98, 'Address already in use'), None) 
2024-07-12 15:18:36,237 socket_client.py [line:55] _connect_and_send_forever INFO (OSError(98, 'Address already in use'), None) 
2024-07-12 15:18:36,237 socket_client.py [line:55] _connect_and_send_forever INFO (OSError(98, 'Address already in use'), None) 
2024-07-12 15:18:36,239 socket_client.py [line:55] _connect_and_send_forever INFO (OSError(98, 'Address already in use'), None) 
2024-07-12 15:18:36,239 socket_client.py [line:55] _connect_and_send_forever INFO (OSError(98, 'Address already in use'), None) 
2024-07-12 15:18:36,241 socket_client.py [line:55] _connect_and_send_forever INFO (OSError(98, 'Address already in use'), None) 
2024-07-12 15:18:36,241 socket_client.py [line:55] _connect_and_send_forever INFO (OSError(98, 'Address already in use'), None) 
2024-07-12 15:18:36,243 socket_client.py [line:55] _connect_and_send_forever INFO (OSError(98, 'Address already in use'), None) 
2024-07-12 15:18:36,243 socket_client.py [line:55] _connect_and_send_forever INFO (OSError(98, 'Address already in use'), None) 
2024-07-12 15:18:36,247 socket_client.py [line:55] _connect_and_send_forever INFO (OSError(98, 'Address already in use'), None) 
2024-07-12 15:18:36,247 socket_client.py [line:55] _connect_and_send_forever INFO (OSError(98, 'Address already in use'), None) 
2024-07-12 15:18:36,247 socket_client.py [line:55] _connect_and_send_forever INFO (OSError(98, 'Address already in use'), None) 
2024-07-12 15:18:36,248 socket_client.py [line:55] _connect_and_send_forever INFO (OSError(98, 'Address already in use'), None) 
2024-07-12 15:18:36,248 socket_client.py [line:55] _connect_and_send_forever INFO (OSError(98, 'Address already in use'), None) 
2024-07-12 15:18:36,249 socket_client.py [line:55] _connect_and_send_forever INFO (OSError(98, 'Address already in use'), None) 
2024-07-12 15:18:36,250 socket_client.py [line:55] _connect_and_send_forever INFO (OSError(98, 'Address already in use'), None) 
2024-07-12 15:18:36,250 socket_client.py [line:55] _connect_and_send_forever INFO (OSError(98, 'Address already in use'), None) 
2024-07-12 15:18:36,253 socket_client.py [line:55] _connect_and_send_forever INFO (OSError(98, 'Address already in use'), None) 
2024-07-12 15:18:36,254 socket_client.py [line:55] _connect_and_send_forever INFO (OSError(98, 'Address already in use'), None) 
2024-07-12 15:18:36,256 socket_client.py [line:55] _connect_and_send_forever INFO (OSError(98, 'Address already in use'), None) 
2024-07-12 15:18:36,256 socket_client.py [line:55] _connect_and_send_forever INFO (OSError(98, 'Address already in use'), None) 
2024-07-12 15:18:36,257 socket_client.py [line:55] _connect_and_send_forever INFO (OSError(98, 'Address already in use'), None) 
2024-07-12 15:18:36,259 socket_client.py [line:55] _connect_and_send_forever INFO (OSError(98, 'Address already in use'), None) 
2024-07-12 15:18:36,262 socket_client.py [line:55] _connect_and_send_forever INFO (OSError(98, 'Address already in use'), None) 
2024-07-12 15:18:36,263 socket_client.py [line:55] _connect_and_send_forever INFO (OSError(98, 'Address already in use'), None) 
2024-07-12 15:18:36,263 socket_client.py [line:55] _connect_and_send_forever INFO (OSError(98, 'Address already in use'), None) 
2024-07-12 15:18:36,263 socket_client.py [line:55] _connect_and_send_forever INFO (OSError(98, 'Address already in use'), None) 
2024-07-12 15:18:36,266 socket_client.py [line:55] _connect_and_send_forever INFO (OSError(98, 'Address already in use'), None) 
2024-07-12 15:18:36,266 socket_client.py [line:55] _connect_and_send_forever INFO (OSError(98, 'Address already in use'), None) 
2024-07-12 15:18:36,267 socket_client.py [line:55] _connect_and_send_forever INFO (OSError(98, 'Address already in use'), None) 
2024-07-12 15:18:36,268 socket_client.py [line:55] _connect_and_send_forever INFO (OSError(98, 'Address already in use'), None) 
2024-07-12 15:18:36,268 socket_client.py [line:55] _connect_and_send_forever INFO (OSError(98, 'Address already in use'), None) 
2024-07-12 15:18:36,268 socket_client.py [line:55] _connect_and_send_forever INFO (OSError(98, 'Address already in use'), None) 
2024-07-12 15:18:36,270 socket_client.py [line:55] _connect_and_send_forever INFO (OSError(98, 'Address already in use'), None) 
2024-07-12 15:18:36,271 socket_client.py [line:55] _connect_and_send_forever INFO (OSError(98, 'Address already in use'), None) 
2024-07-12 15:18:36,273 socket_client.py [line:55] _connect_and_send_forever INFO (OSError(98, 'Address already in use'), None) 
2024-07-12 15:18:36,273 socket_client.py [line:55] _connect_and_send_forever INFO (OSError(98, 'Address already in use'), None) 
2024-07-12 15:18:36,274 socket_client.py [line:55] _connect_and_send_forever INFO (OSError(98, 'Address already in use'), None) 
2024-07-12 15:18:36,275 socket_client.py [line:55] _connect_and_send_forever INFO (OSError(98, 'Address already in use'), None) 
2024-07-12 15:18:36,276 socket_client.py [line:55] _connect_and_send_forever INFO (OSError(98, 'Address already in use'), None) 
2024-07-12 15:18:36,277 socket_client.py [line:55] _connect_and_send_forever INFO (OSError(98, 'Address already in use'), None) 
2024-07-12 15:18:36,277 socket_client.py [line:55] _connect_and_send_forever INFO (OSError(98, 'Address already in use'), None) 
2024-07-12 15:18:36,279 socket_client.py [line:55] _connect_and_send_forever INFO (OSError(98, 'Address already in use'), None) 
2024-07-12 15:18:36,279 socket_client.py [line:55] _connect_and_send_forever INFO (OSError(98, 'Address already in use'), None) 
2024-07-12 15:18:36,281 socket_client.py [line:55] _connect_and_send_forever INFO (OSError(98, 'Address already in use'), None) 
2024-07-12 15:18:36,281 socket_client.py [line:55] _connect_and_send_forever INFO (OSError(98, 'Address already in use'), None) 
2024-07-12 15:18:36,283 socket_client.py [line:55] _connect_and_send_forever INFO (OSError(98, 'Address already in use'), None) 
2024-07-12 15:18:36,284 socket_client.py [line:55] _connect_and_send_forever INFO (OSError(98, 'Address already in use'), None) 
2024-07-12 15:18:36,289 socket_client.py [line:55] _connect_and_send_forever INFO (OSError(98, 'Address already in use'), None) 
2024-07-12 15:18:36,289 socket_client.py [line:55] _connect_and_send_forever INFO (OSError(98, 'Address already in use'), None) 
2024-07-12 15:18:36,291 socket_client.py [line:55] _connect_and_send_forever INFO (OSError(98, 'Address already in use'), None) 
2024-07-12 15:18:36,291 socket_client.py [line:55] _connect_and_send_forever INFO (OSError(98, 'Address already in use'), None) 
2024-07-12 15:18:36,293 socket_client.py [line:55] _connect_and_send_forever INFO (OSError(98, 'Address already in use'), None) 
2024-07-12 15:18:36,293 socket_client.py [line:55] _connect_and_send_forever INFO (OSError(98, 'Address already in use'), None) 
2024-07-12 15:18:36,294 socket_client.py [line:55] _connect_and_send_forever INFO (OSError(98, 'Address already in use'), None) 
2024-07-12 15:18:36,295 socket_client.py [line:55] _connect_and_send_forever INFO (OSError(98, 'Address already in use'), None) 
2024-07-12 15:18:36,295 socket_client.py [line:55] _connect_and_send_forever INFO (OSError(98, 'Address already in use'), None) 
2024-07-12 15:18:36,301 socket_client.py [line:55] _connect_and_send_forever INFO (OSError(98, 'Address already in use'), None) 
2024-07-12 15:18:36,302 socket_client.py [line:55] _connect_and_send_forever INFO (OSError(98, 'Address already in use'), None) 
2024-07-12 15:18:36,302 socket_client.py [line:55] _connect_and_send_forever INFO (OSError(98, 'Address already in use'), None) 
2024-07-12 15:18:36,306 socket_client.py [line:55] _connect_and_send_forever INFO (OSError(98, 'Address already in use'), None) 
2024-07-12 15:18:36,307 socket_client.py [line:55] _connect_and_send_forever INFO (OSError(98, 'Address already in use'), None) 
2024-07-12 15:18:36,307 socket_client.py [line:55] _connect_and_send_forever INFO (OSError(98, 'Address already in use'), None) 
2024-07-12 15:18:36,309 socket_client.py [line:55] _connect_and_send_forever INFO (OSError(98, 'Address already in use'), None) 
2024-07-12 15:18:36,310 socket_client.py [line:55] _connect_and_send_forever INFO (OSError(98, 'Address already in use'), None) 
2024-07-12 15:18:36,310 socket_client.py [line:55] _connect_and_send_forever INFO (OSError(98, 'Address already in use'), None) 
2024-07-12 15:18:36,310 socket_client.py [line:55] _connect_and_send_forever INFO (OSError(98, 'Address already in use'), None) 
2024-07-12 15:18:36,311 socket_client.py [line:55] _connect_and_send_forever INFO (OSError(98, 'Address already in use'), None) 
2024-07-12 15:18:36,313 socket_client.py [line:55] _connect_and_send_forever INFO (OSError(98, 'Address already in use'), None) 
2024-07-12 15:18:36,313 socket_client.py [line:55] _connect_and_send_forever INFO (OSError(98, 'Address already in use'), None) 
2024-07-12 15:18:36,313 socket_client.py [line:55] _connect_and_send_forever INFO (OSError(98, 'Address already in use'), None) 
2024-07-12 15:18:36,313 socket_client.py [line:55] _connect_and_send_forever INFO (OSError(98, 'Address already in use'), None) 
2024-07-12 15:18:36,314 socket_client.py [line:55] _connect_and_send_forever INFO (OSError(98, 'Address already in use'), None) 
2024-07-12 15:18:36,314 socket_client.py [line:55] _connect_and_send_forever INFO (OSError(98, 'Address already in use'), None) 
2024-07-12 15:18:36,316 socket_client.py [line:55] _connect_and_send_forever INFO (OSError(98, 'Address already in use'), None) 
2024-07-12 15:18:36,317 socket_client.py [line:55] _connect_and_send_forever INFO (OSError(98, 'Address already in use'), None) 
2024-07-12 15:18:36,317 socket_client.py [line:55] _connect_and_send_forever INFO (OSError(98, 'Address already in use'), None) 
2024-07-12 15:18:36,317 socket_client.py [line:55] _connect_and_send_forever INFO (OSError(98, 'Address already in use'), None) 
2024-07-12 15:18:36,317 socket_client.py [line:55] _connect_and_send_forever INFO (OSError(98, 'Address already in use'), None) 
2024-07-12 15:18:36,317 socket_client.py [line:55] _connect_and_send_forever INFO (OSError(98, 'Address already in use'), None) 
2024-07-12 15:18:36,318 socket_client.py [line:55] _connect_and_send_forever INFO (OSError(98, 'Address already in use'), None) 
2024-07-12 15:18:36,319 socket_client.py [line:55] _connect_and_send_forever INFO (OSError(98, 'Address already in use'), None) 
2024-07-12 15:18:36,320 socket_client.py [line:55] _connect_and_send_forever INFO (OSError(98, 'Address already in use'), None) 
2024-07-12 15:18:36,320 socket_client.py [line:55] _connect_and_send_forever INFO (OSError(98, 'Address already in use'), None) 
2024-07-12 15:18:36,321 socket_client.py [line:55] _connect_and_send_forever INFO (OSError(98, 'Address already in use'), None) 
2024-07-12 15:18:36,322 socket_client.py [line:55] _connect_and_send_forever INFO (OSError(98, 'Address already in use'), None) 
2024-07-12 15:18:36,329 socket_client.py [line:55] _connect_and_send_forever INFO (OSError(98, 'Address already in use'), None) 
2024-07-12 15:18:36,329 socket_client.py [line:55] _connect_and_send_forever INFO (OSError(98, 'Address already in use'), None) 
2024-07-12 15:18:36,332 socket_client.py [line:55] _connect_and_send_forever INFO (OSError(98, 'Address already in use'), None) 
2024-07-12 15:18:36,332 socket_client.py [line:55] _connect_and_send_forever INFO (OSError(98, 'Address already in use'), None) 
2024-07-12 15:18:36,332 socket_client.py [line:55] _connect_and_send_forever INFO (OSError(98, 'Address already in use'), None) 
2024-07-12 15:18:36,333 socket_client.py [line:55] _connect_and_send_forever INFO (OSError(98, 'Address already in use'), None) 
2024-07-12 15:18:36,336 socket_client.py [line:55] _connect_and_send_forever INFO (OSError(98, 'Address already in use'), None) 
2024-07-12 15:18:36,337 socket_client.py [line:55] _connect_and_send_forever INFO (OSError(98, 'Address already in use'), None) 
2024-07-12 15:18:36,337 socket_client.py [line:55] _connect_and_send_forever INFO (OSError(98, 'Address already in use'), None) 
2024-07-12 15:18:36,339 socket_client.py [line:55] _connect_and_send_forever INFO (OSError(98, 'Address already in use'), None) 
2024-07-12 15:18:36,339 socket_client.py [line:55] _connect_and_send_forever INFO (OSError(98, 'Address already in use'), None) 
2024-07-12 15:18:36,340 socket_client.py [line:55] _connect_and_send_forever INFO (OSError(98, 'Address already in use'), None) 
2024-07-12 15:18:36,341 socket_client.py [line:55] _connect_and_send_forever INFO (OSError(98, 'Address already in use'), None) 
2024-07-12 15:18:36,343 socket_client.py [line:55] _connect_and_send_forever INFO (OSError(98, 'Address already in use'), None) 
2024-07-12 15:18:36,343 socket_client.py [line:55] _connect_and_send_forever INFO (OSError(98, 'Address already in use'), None) 
2024-07-12 15:18:36,343 socket_client.py [line:55] _connect_and_send_forever INFO (OSError(98, 'Address already in use'), None) 
2024-07-12 15:18:36,348 socket_client.py [line:55] _connect_and_send_forever INFO (OSError(98, 'Address already in use'), None) 
2024-07-12 15:18:36,349 socket_client.py [line:55] _connect_and_send_forever INFO (OSError(98, 'Address already in use'), None) 
2024-07-12 15:18:36,351 socket_client.py [line:55] _connect_and_send_forever INFO (OSError(98, 'Address already in use'), None) 
2024-07-12 15:18:36,352 socket_client.py [line:55] _connect_and_send_forever INFO (OSError(98, 'Address already in use'), None) 
2024-07-12 15:18:36,352 socket_client.py [line:55] _connect_and_send_forever INFO (OSError(98, 'Address already in use'), None) 
2024-07-12 15:18:36,354 socket_client.py [line:55] _connect_and_send_forever INFO (OSError(98, 'Address already in use'), None) 
2024-07-12 15:18:36,354 socket_client.py [line:55] _connect_and_send_forever INFO (OSError(98, 'Address already in use'), None) 
2024-07-12 15:18:36,356 socket_client.py [line:55] _connect_and_send_forever INFO (OSError(98, 'Address already in use'), None) 
2024-07-12 15:18:36,356 socket_client.py [line:55] _connect_and_send_forever INFO (OSError(98, 'Address already in use'), None) 
2024-07-12 15:18:36,357 socket_client.py [line:55] _connect_and_send_forever INFO (OSError(98, 'Address already in use'), None) 
2024-07-12 15:18:36,358 socket_client.py [line:55] _connect_and_send_forever INFO (OSError(98, 'Address already in use'), None) 
2024-07-12 15:18:36,358 socket_client.py [line:55] _connect_and_send_forever INFO (OSError(98, 'Address already in use'), None) 
2024-07-12 15:18:36,359 socket_client.py [line:55] _connect_and_send_forever INFO (OSError(98, 'Address already in use'), None) 
2024-07-12 15:18:36,360 socket_client.py [line:55] _connect_and_send_forever INFO (OSError(98, 'Address already in use'), None) 
2024-07-12 15:18:36,360 socket_client.py [line:55] _connect_and_send_forever INFO (OSError(98, 'Address already in use'), None) 
2024-07-12 15:18:36,361 socket_client.py [line:55] _connect_and_send_forever INFO (OSError(98, 'Address already in use'), None) 
2024-07-12 15:18:36,362 socket_client.py [line:55] _connect_and_send_forever INFO (OSError(98, 'Address already in use'), None) 
2024-07-12 15:18:36,366 socket_client.py [line:55] _connect_and_send_forever INFO (OSError(98, 'Address already in use'), None) 
2024-07-12 15:18:36,367 socket_client.py [line:55] _connect_and_send_forever INFO (OSError(98, 'Address already in use'), None) 
2024-07-12 15:18:36,367 socket_client.py [line:55] _connect_and_send_forever INFO (OSError(98, 'Address already in use'), None) 
2024-07-12 15:18:36,368 socket_client.py [line:55] _connect_and_send_forever INFO (OSError(98, 'Address already in use'), None) 
2024-07-12 15:18:36,368 socket_client.py [line:55] _connect_and_send_forever INFO (OSError(98, 'Address already in use'), None) 
2024-07-12 15:18:36,369 socket_client.py [line:55] _connect_and_send_forever INFO (OSError(98, 'Address already in use'), None) 
2024-07-12 15:18:36,369 socket_client.py [line:55] _connect_and_send_forever INFO (OSError(98, 'Address already in use'), None) 
2024-07-12 15:18:36,371 socket_client.py [line:55] _connect_and_send_forever INFO (OSError(98, 'Address already in use'), None) 
2024-07-12 15:18:36,376 socket_client.py [line:55] _connect_and_send_forever INFO (OSError(98, 'Address already in use'), None) 
2024-07-12 15:18:36,377 socket_client.py [line:55] _connect_and_send_forever INFO (OSError(98, 'Address already in use'), None) 
2024-07-12 15:18:36,377 socket_client.py [line:55] _connect_and_send_forever INFO (OSError(98, 'Address already in use'), None) 
2024-07-12 15:18:36,377 socket_client.py [line:55] _connect_and_send_forever INFO (OSError(98, 'Address already in use'), None) 
2024-07-12 15:18:36,378 socket_client.py [line:55] _connect_and_send_forever INFO (OSError(98, 'Address already in use'), None) 
2024-07-12 15:18:36,379 socket_client.py [line:55] _connect_and_send_forever INFO (OSError(98, 'Address already in use'), None) 
2024-07-12 15:18:36,381 socket_client.py [line:55] _connect_and_send_forever INFO (OSError(98, 'Address already in use'), None) 
2024-07-12 15:18:36,381 socket_client.py [line:55] _connect_and_send_forever INFO (OSError(98, 'Address already in use'), None) 
2024-07-12 15:18:36,383 socket_client.py [line:55] _connect_and_send_forever INFO (OSError(98, 'Address already in use'), None) 
2024-07-12 15:18:36,384 socket_client.py [line:55] _connect_and_send_forever INFO (OSError(98, 'Address already in use'), None) 
2024-07-12 15:18:36,384 socket_client.py [line:55] _connect_and_send_forever INFO (OSError(98, 'Address already in use'), None) 
2024-07-12 15:18:36,392 socket_client.py [line:55] _connect_and_send_forever INFO (OSError(98, 'Address already in use'), None) 
2024-07-12 15:18:36,394 socket_client.py [line:55] _connect_and_send_forever INFO (OSError(98, 'Address already in use'), None) 
2024-07-12 15:18:36,394 socket_client.py [line:55] _connect_and_send_forever INFO (OSError(98, 'Address already in use'), None) 
2024-07-12 15:18:36,395 socket_client.py [line:55] _connect_and_send_forever INFO (OSError(98, 'Address already in use'), None) 
2024-07-12 15:18:36,396 socket_client.py [line:55] _connect_and_send_forever INFO (OSError(98, 'Address already in use'), None) 
2024-07-12 15:18:36,396 socket_client.py [line:55] _connect_and_send_forever INFO (OSError(98, 'Address already in use'), None) 
2024-07-12 15:18:36,408 socket_client.py [line:55] _connect_and_send_forever INFO (OSError(98, 'Address already in use'), None) 
2024-07-12 15:18:36,409 socket_client.py [line:55] _connect_and_send_forever INFO (OSError(98, 'Address already in use'), None) 
2024-07-12 15:18:36,410 socket_client.py [line:55] _connect_and_send_forever INFO (OSError(98, 'Address already in use'), None) 
2024-07-12 15:18:36,410 socket_client.py [line:55] _connect_and_send_forever INFO (OSError(98, 'Address already in use'), None) 
2024-07-12 15:18:36,411 socket_client.py [line:55] _connect_and_send_forever INFO (OSError(98, 'Address already in use'), None) 
2024-07-12 15:18:36,412 socket_client.py [line:55] _connect_and_send_forever INFO (OSError(98, 'Address already in use'), None) 
2024-07-12 15:18:36,416 socket_client.py [line:55] _connect_and_send_forever INFO (OSError(98, 'Address already in use'), None) 
2024-07-12 15:18:36,416 socket_client.py [line:55] _connect_and_send_forever INFO (OSError(98, 'Address already in use'), None) 
2024-07-12 15:18:36,417 socket_client.py [line:55] _connect_and_send_forever INFO (OSError(98, 'Address already in use'), None) 
2024-07-12 15:18:36,417 socket_client.py [line:55] _connect_and_send_forever INFO (OSError(98, 'Address already in use'), None) 
2024-07-12 15:18:36,418 socket_client.py [line:55] _connect_and_send_forever INFO (OSError(98, 'Address already in use'), None) 
2024-07-12 15:18:36,419 socket_client.py [line:55] _connect_and_send_forever INFO (OSError(98, 'Address already in use'), None) 
2024-07-12 15:18:36,419 socket_client.py [line:55] _connect_and_send_forever INFO (OSError(98, 'Address already in use'), None) 
2024-07-12 15:18:36,421 socket_client.py [line:55] _connect_and_send_forever INFO (OSError(98, 'Address already in use'), None) 
2024-07-12 15:18:36,422 socket_client.py [line:55] _connect_and_send_forever INFO (OSError(98, 'Address already in use'), None) 
2024-07-12 15:18:36,423 socket_client.py [line:55] _connect_and_send_forever INFO (OSError(98, 'Address already in use'), None) 
2024-07-12 15:18:36,424 socket_client.py [line:55] _connect_and_send_forever INFO (OSError(98, 'Address already in use'), None) 
2024-07-12 15:18:36,428 socket_client.py [line:55] _connect_and_send_forever INFO (OSError(98, 'Address already in use'), None) 
2024-07-12 15:18:36,429 socket_client.py [line:55] _connect_and_send_forever INFO (OSError(98, 'Address already in use'), None) 
2024-07-12 15:18:36,429 socket_client.py [line:55] _connect_and_send_forever INFO (OSError(98, 'Address already in use'), None) 
2024-07-12 15:18:36,429 socket_client.py [line:55] _connect_and_send_forever INFO (OSError(98, 'Address already in use'), None) 
2024-07-12 15:18:36,432 socket_client.py [line:55] _connect_and_send_forever INFO (OSError(98, 'Address already in use'), None) 
2024-07-12 15:18:36,432 socket_client.py [line:55] _connect_and_send_forever INFO (OSError(98, 'Address already in use'), None) 
2024-07-12 15:18:36,433 socket_client.py [line:55] _connect_and_send_forever INFO (OSError(98, 'Address already in use'), None) 
2024-07-12 15:18:36,433 socket_client.py [line:55] _connect_and_send_forever INFO (OSError(98, 'Address already in use'), None) 
2024-07-12 15:18:36,434 socket_client.py [line:55] _connect_and_send_forever INFO (OSError(98, 'Address already in use'), None) 
2024-07-12 15:18:36,439 socket_client.py [line:55] _connect_and_send_forever INFO (OSError(98, 'Address already in use'), None) 
2024-07-12 15:18:36,439 socket_client.py [line:55] _connect_and_send_forever INFO (OSError(98, 'Address already in use'), None) 
2024-07-12 15:18:36,441 socket_client.py [line:55] _connect_and_send_forever INFO (OSError(98, 'Address already in use'), None) 
2024-07-12 15:18:36,444 socket_client.py [line:55] _connect_and_send_forever INFO (OSError(98, 'Address already in use'), None) 
2024-07-12 15:18:36,444 socket_client.py [line:55] _connect_and_send_forever INFO (OSError(98, 'Address already in use'), None) 
2024-07-12 15:18:36,446 socket_client.py [line:55] _connect_and_send_forever INFO (OSError(98, 'Address already in use'), None) 
2024-07-12 15:18:36,446 socket_client.py [line:55] _connect_and_send_forever INFO (OSError(98, 'Address already in use'), None) 
2024-07-12 15:18:36,446 socket_client.py [line:55] _connect_and_send_forever INFO (OSError(98, 'Address already in use'), None) 
2024-07-12 15:18:36,452 socket_client.py [line:55] _connect_and_send_forever INFO (OSError(98, 'Address already in use'), None) 
2024-07-12 15:18:36,452 socket_client.py [line:55] _connect_and_send_forever INFO (OSError(98, 'Address already in use'), None) 
2024-07-12 15:18:36,454 socket_client.py [line:55] _connect_and_send_forever INFO (OSError(98, 'Address already in use'), None) 
2024-07-12 15:18:36,454 socket_client.py [line:55] _connect_and_send_forever INFO (OSError(98, 'Address already in use'), None) 
2024-07-12 15:18:36,456 socket_client.py [line:55] _connect_and_send_forever INFO (OSError(98, 'Address already in use'), None) 
2024-07-12 15:18:36,457 socket_client.py [line:55] _connect_and_send_forever INFO (OSError(98, 'Address already in use'), None) 
2024-07-12 15:18:36,459 socket_client.py [line:55] _connect_and_send_forever INFO (OSError(98, 'Address already in use'), None) 
2024-07-12 15:18:36,459 socket_client.py [line:55] _connect_and_send_forever INFO (OSError(98, 'Address already in use'), None) 
2024-07-12 15:18:36,462 socket_client.py [line:55] _connect_and_send_forever INFO (OSError(98, 'Address already in use'), None) 
2024-07-12 15:18:36,462 socket_client.py [line:55] _connect_and_send_forever INFO (OSError(98, 'Address already in use'), None) 
2024-07-12 15:18:36,462 socket_client.py [line:55] _connect_and_send_forever INFO (OSError(98, 'Address already in use'), None) 
2024-07-12 15:18:36,463 socket_client.py [line:55] _connect_and_send_forever INFO (OSError(98, 'Address already in use'), None) 
2024-07-12 15:18:36,464 socket_client.py [line:55] _connect_and_send_forever INFO (OSError(98, 'Address already in use'), None) 
2024-07-12 15:18:36,465 socket_client.py [line:55] _connect_and_send_forever INFO (OSError(98, 'Address already in use'), None) 
2024-07-12 15:18:36,466 socket_client.py [line:55] _connect_and_send_forever INFO (OSError(98, 'Address already in use'), None) 
2024-07-12 15:18:36,471 socket_client.py [line:55] _connect_and_send_forever INFO (OSError(98, 'Address already in use'), None) 
2024-07-12 15:18:36,471 socket_client.py [line:55] _connect_and_send_forever INFO (OSError(98, 'Address already in use'), None) 
2024-07-12 15:18:36,471 socket_client.py [line:55] _connect_and_send_forever INFO (OSError(98, 'Address already in use'), None) 
2024-07-12 15:18:36,472 socket_client.py [line:55] _connect_and_send_forever INFO (OSError(98, 'Address already in use'), None) 
2024-07-12 15:18:36,473 socket_client.py [line:55] _connect_and_send_forever INFO (OSError(98, 'Address already in use'), None) 
2024-07-12 15:18:36,473 socket_client.py [line:55] _connect_and_send_forever INFO (OSError(98, 'Address already in use'), None) 
2024-07-12 15:18:36,473 socket_client.py [line:55] _connect_and_send_forever INFO (OSError(98, 'Address already in use'), None) 
2024-07-12 15:18:36,475 socket_client.py [line:55] _connect_and_send_forever INFO (OSError(98, 'Address already in use'), None) 
2024-07-12 15:18:36,475 socket_client.py [line:55] _connect_and_send_forever INFO (OSError(98, 'Address already in use'), None) 
2024-07-12 15:18:36,476 socket_client.py [line:55] _connect_and_send_forever INFO (OSError(98, 'Address already in use'), None) 
2024-07-12 15:18:36,477 socket_client.py [line:55] _connect_and_send_forever INFO (OSError(98, 'Address already in use'), None) 
2024-07-12 15:18:36,478 socket_client.py [line:55] _connect_and_send_forever INFO (OSError(98, 'Address already in use'), None) 
2024-07-12 15:18:36,478 socket_client.py [line:55] _connect_and_send_forever INFO (OSError(98, 'Address already in use'), None) 
2024-07-12 15:18:36,479 socket_client.py [line:55] _connect_and_send_forever INFO (OSError(98, 'Address already in use'), None) 
2024-07-12 15:18:36,480 socket_client.py [line:55] _connect_and_send_forever INFO (OSError(98, 'Address already in use'), None) 
2024-07-12 15:18:36,480 socket_client.py [line:55] _connect_and_send_forever INFO (OSError(98, 'Address already in use'), None) 
2024-07-12 15:18:36,481 socket_client.py [line:55] _connect_and_send_forever INFO (OSError(98, 'Address already in use'), None) 
2024-07-12 15:18:36,482 socket_client.py [line:55] _connect_and_send_forever INFO (OSError(98, 'Address already in use'), None) 
2024-07-12 15:18:36,482 socket_client.py [line:55] _connect_and_send_forever INFO (OSError(98, 'Address already in use'), None) 
2024-07-12 15:18:36,483 socket_client.py [line:55] _connect_and_send_forever INFO (OSError(98, 'Address already in use'), None) 
2024-07-12 15:18:36,483 socket_client.py [line:55] _connect_and_send_forever INFO (OSError(98, 'Address already in use'), None) 
2024-07-12 15:18:36,484 socket_client.py [line:55] _connect_and_send_forever INFO (OSError(98, 'Address already in use'), None) 
2024-07-12 15:18:36,484 socket_client.py [line:55] _connect_and_send_forever INFO (OSError(98, 'Address already in use'), None) 
2024-07-12 15:18:36,486 socket_client.py [line:55] _connect_and_send_forever INFO (OSError(98, 'Address already in use'), None) 
2024-07-12 15:18:36,486 socket_client.py [line:55] _connect_and_send_forever INFO (OSError(98, 'Address already in use'), None) 
2024-07-12 15:18:36,488 socket_client.py [line:55] _connect_and_send_forever INFO (OSError(98, 'Address already in use'), None) 
2024-07-12 15:18:36,489 socket_client.py [line:55] _connect_and_send_forever INFO (OSError(98, 'Address already in use'), None) 
2024-07-12 15:18:36,489 socket_client.py [line:55] _connect_and_send_forever INFO (OSError(98, 'Address already in use'), None) 
2024-07-12 15:18:36,492 socket_client.py [line:55] _connect_and_send_forever INFO (OSError(98, 'Address already in use'), None) 
2024-07-12 15:18:36,492 socket_client.py [line:55] _connect_and_send_forever INFO (OSError(98, 'Address already in use'), None) 
2024-07-12 15:18:36,493 socket_client.py [line:55] _connect_and_send_forever INFO (OSError(98, 'Address already in use'), None) 
2024-07-12 15:18:36,493 socket_client.py [line:55] _connect_and_send_forever INFO (OSError(98, 'Address already in use'), None) 
2024-07-12 15:18:36,495 socket_client.py [line:55] _connect_and_send_forever INFO (OSError(98, 'Address already in use'), None) 
2024-07-12 15:18:36,495 socket_client.py [line:55] _connect_and_send_forever INFO (OSError(98, 'Address already in use'), None) 
2024-07-12 15:18:36,496 socket_client.py [line:55] _connect_and_send_forever INFO (OSError(98, 'Address already in use'), None) 
2024-07-12 15:18:36,505 socket_client.py [line:55] _connect_and_send_forever INFO (OSError(98, 'Address already in use'), None) 
2024-07-12 15:18:36,506 socket_client.py [line:55] _connect_and_send_forever INFO (OSError(98, 'Address already in use'), None) 
2024-07-12 15:18:36,515 socket_client.py [line:55] _connect_and_send_forever INFO (OSError(98, 'Address already in use'), None) 
2024-07-12 15:18:36,515 socket_client.py [line:55] _connect_and_send_forever INFO (OSError(98, 'Address already in use'), None) 
2024-07-12 15:18:36,515 socket_client.py [line:55] _connect_and_send_forever INFO (OSError(98, 'Address already in use'), None) 
2024-07-12 15:18:36,518 socket_client.py [line:55] _connect_and_send_forever INFO (OSError(98, 'Address already in use'), None) 
2024-07-12 15:18:36,519 socket_client.py [line:55] _connect_and_send_forever INFO (OSError(98, 'Address already in use'), None) 
2024-07-12 15:18:36,519 socket_client.py [line:55] _connect_and_send_forever INFO (OSError(98, 'Address already in use'), None) 
2024-07-12 15:18:36,520 socket_client.py [line:55] _connect_and_send_forever INFO (OSError(98, 'Address already in use'), None) 
2024-07-12 15:18:36,521 socket_client.py [line:55] _connect_and_send_forever INFO (OSError(98, 'Address already in use'), None) 
2024-07-12 15:18:36,523 socket_client.py [line:55] _connect_and_send_forever INFO (OSError(98, 'Address already in use'), None) 
2024-07-12 15:18:36,524 socket_client.py [line:55] _connect_and_send_forever INFO (OSError(98, 'Address already in use'), None) 
2024-07-12 15:18:36,525 socket_client.py [line:55] _connect_and_send_forever INFO (OSError(98, 'Address already in use'), None) 
2024-07-12 15:18:36,526 socket_client.py [line:55] _connect_and_send_forever INFO (OSError(98, 'Address already in use'), None) 
2024-07-12 15:18:36,530 socket_client.py [line:55] _connect_and_send_forever INFO (OSError(98, 'Address already in use'), None) 
2024-07-12 15:18:36,530 socket_client.py [line:55] _connect_and_send_forever INFO (OSError(98, 'Address already in use'), None) 
2024-07-12 15:18:36,531 socket_client.py [line:55] _connect_and_send_forever INFO (OSError(98, 'Address already in use'), None) 
2024-07-12 15:18:36,534 socket_client.py [line:55] _connect_and_send_forever INFO (OSError(98, 'Address already in use'), None) 
2024-07-12 15:18:36,535 socket_client.py [line:55] _connect_and_send_forever INFO (OSError(98, 'Address already in use'), None) 
2024-07-12 15:18:36,537 socket_client.py [line:55] _connect_and_send_forever INFO (OSError(98, 'Address already in use'), None) 
2024-07-12 15:18:36,537 socket_client.py [line:55] _connect_and_send_forever INFO (OSError(98, 'Address already in use'), None) 
2024-07-12 15:18:36,538 socket_client.py [line:55] _connect_and_send_forever INFO (OSError(98, 'Address already in use'), None) 
2024-07-12 15:18:36,539 socket_client.py [line:55] _connect_and_send_forever INFO (OSError(98, 'Address already in use'), None) 
2024-07-12 15:18:36,540 socket_client.py [line:55] _connect_and_send_forever INFO (OSError(98, 'Address already in use'), None) 
2024-07-12 15:18:36,541 socket_client.py [line:55] _connect_and_send_forever INFO (OSError(98, 'Address already in use'), None) 
2024-07-12 15:18:36,542 socket_client.py [line:55] _connect_and_send_forever INFO (OSError(98, 'Address already in use'), None) 
2024-07-12 15:18:36,544 socket_client.py [line:55] _connect_and_send_forever INFO (OSError(98, 'Address already in use'), None) 
2024-07-12 15:18:36,544 socket_client.py [line:55] _connect_and_send_forever INFO (OSError(98, 'Address already in use'), None) 
2024-07-12 15:18:36,546 socket_client.py [line:55] _connect_and_send_forever INFO (OSError(98, 'Address already in use'), None) 
2024-07-12 15:18:36,546 socket_client.py [line:55] _connect_and_send_forever INFO (OSError(98, 'Address already in use'), None) 
2024-07-12 15:18:36,549 socket_client.py [line:55] _connect_and_send_forever INFO (OSError(98, 'Address already in use'), None) 
2024-07-12 15:18:36,549 socket_client.py [line:55] _connect_and_send_forever INFO (OSError(98, 'Address already in use'), None) 
2024-07-12 15:18:36,549 socket_client.py [line:55] _connect_and_send_forever INFO (OSError(98, 'Address already in use'), None) 
2024-07-12 15:18:36,551 socket_client.py [line:55] _connect_and_send_forever INFO (OSError(98, 'Address already in use'), None) 
2024-07-12 15:18:36,551 socket_client.py [line:55] _connect_and_send_forever INFO (OSError(98, 'Address already in use'), None) 
2024-07-12 15:18:36,551 socket_client.py [line:55] _connect_and_send_forever INFO (OSError(98, 'Address already in use'), None) 
2024-07-12 15:18:36,553 socket_client.py [line:55] _connect_and_send_forever INFO (OSError(98, 'Address already in use'), None) 
2024-07-12 15:18:36,554 socket_client.py [line:55] _connect_and_send_forever INFO (OSError(98, 'Address already in use'), None) 
2024-07-12 15:18:36,559 socket_client.py [line:55] _connect_and_send_forever INFO (OSError(98, 'Address already in use'), None) 
2024-07-12 15:18:36,559 socket_client.py [line:55] _connect_and_send_forever INFO (OSError(98, 'Address already in use'), None) 
2024-07-12 15:18:36,559 socket_client.py [line:55] _connect_and_send_forever INFO (OSError(98, 'Address already in use'), None) 
2024-07-12 15:18:36,559 socket_client.py [line:55] _connect_and_send_forever INFO (OSError(98, 'Address already in use'), None) 
2024-07-12 15:18:36,563 socket_client.py [line:55] _connect_and_send_forever INFO (OSError(98, 'Address already in use'), None) 
2024-07-12 15:18:36,563 socket_client.py [line:55] _connect_and_send_forever INFO (OSError(98, 'Address already in use'), None) 
2024-07-12 15:18:36,564 socket_client.py [line:55] _connect_and_send_forever INFO (OSError(98, 'Address already in use'), None) 
2024-07-12 15:18:36,571 socket_client.py [line:55] _connect_and_send_forever INFO (OSError(98, 'Address already in use'), None) 
2024-07-12 15:18:36,571 socket_client.py [line:55] _connect_and_send_forever INFO (OSError(98, 'Address already in use'), None) 
2024-07-12 15:18:36,571 socket_client.py [line:55] _connect_and_send_forever INFO (OSError(98, 'Address already in use'), None) 
2024-07-12 15:18:36,572 socket_client.py [line:55] _connect_and_send_forever INFO (OSError(98, 'Address already in use'), None) 
2024-07-12 15:18:36,572 socket_client.py [line:55] _connect_and_send_forever INFO (OSError(98, 'Address already in use'), None) 
2024-07-12 15:18:36,573 socket_client.py [line:55] _connect_and_send_forever INFO (OSError(98, 'Address already in use'), None) 
2024-07-12 15:18:36,573 socket_client.py [line:55] _connect_and_send_forever INFO (OSError(98, 'Address already in use'), None) 
2024-07-12 15:18:36,573 socket_client.py [line:55] _connect_and_send_forever INFO (OSError(98, 'Address already in use'), None) 
2024-07-12 15:18:36,575 socket_client.py [line:55] _connect_and_send_forever INFO (OSError(98, 'Address already in use'), None) 
2024-07-12 15:18:36,575 socket_client.py [line:55] _connect_and_send_forever INFO (OSError(98, 'Address already in use'), None) 
2024-07-12 15:18:36,579 socket_client.py [line:55] _connect_and_send_forever INFO (OSError(98, 'Address already in use'), None) 
2024-07-12 15:18:36,579 socket_client.py [line:55] _connect_and_send_forever INFO (OSError(98, 'Address already in use'), None) 
2024-07-12 15:18:36,579 socket_client.py [line:55] _connect_and_send_forever INFO (OSError(98, 'Address already in use'), None) 
2024-07-12 15:18:36,581 socket_client.py [line:55] _connect_and_send_forever INFO (OSError(98, 'Address already in use'), None) 
2024-07-12 15:18:36,581 socket_client.py [line:55] _connect_and_send_forever INFO (OSError(98, 'Address already in use'), None) 
2024-07-12 15:18:36,583 socket_client.py [line:55] _connect_and_send_forever INFO (OSError(98, 'Address already in use'), None) 
2024-07-12 15:18:36,583 socket_client.py [line:55] _connect_and_send_forever INFO (OSError(98, 'Address already in use'), None) 
2024-07-12 15:18:36,586 socket_client.py [line:55] _connect_and_send_forever INFO (OSError(98, 'Address already in use'), None) 
2024-07-12 15:18:36,587 socket_client.py [line:55] _connect_and_send_forever INFO (OSError(98, 'Address already in use'), None) 
2024-07-12 15:18:36,587 socket_client.py [line:55] _connect_and_send_forever INFO (OSError(98, 'Address already in use'), None) 
2024-07-12 15:18:36,587 socket_client.py [line:55] _connect_and_send_forever INFO (OSError(98, 'Address already in use'), None) 
2024-07-12 15:18:36,589 socket_client.py [line:55] _connect_and_send_forever INFO (OSError(98, 'Address already in use'), None) 
2024-07-12 15:18:36,590 socket_client.py [line:55] _connect_and_send_forever INFO (OSError(98, 'Address already in use'), None) 
2024-07-12 15:18:36,593 socket_client.py [line:55] _connect_and_send_forever INFO (OSError(98, 'Address already in use'), None) 
2024-07-12 15:18:36,593 socket_client.py [line:55] _connect_and_send_forever INFO (OSError(98, 'Address already in use'), None) 
2024-07-12 15:18:36,594 socket_client.py [line:55] _connect_and_send_forever INFO (OSError(98, 'Address already in use'), None) 
2024-07-12 15:18:36,595 socket_client.py [line:55] _connect_and_send_forever INFO (OSError(98, 'Address already in use'), None) 
2024-07-12 15:18:36,595 socket_client.py [line:55] _connect_and_send_forever INFO (OSError(98, 'Address already in use'), None) 
2024-07-12 15:18:36,596 socket_client.py [line:55] _connect_and_send_forever INFO (OSError(98, 'Address already in use'), None) 
2024-07-12 15:18:36,597 socket_client.py [line:55] _connect_and_send_forever INFO (OSError(98, 'Address already in use'), None) 
2024-07-12 15:18:36,599 socket_client.py [line:55] _connect_and_send_forever INFO (OSError(98, 'Address already in use'), None) 
2024-07-12 15:18:36,601 socket_client.py [line:55] _connect_and_send_forever INFO (OSError(98, 'Address already in use'), None) 
2024-07-12 15:18:36,602 socket_client.py [line:55] _connect_and_send_forever INFO (OSError(98, 'Address already in use'), None) 
2024-07-12 15:18:36,604 socket_client.py [line:55] _connect_and_send_forever INFO (OSError(98, 'Address already in use'), None) 
2024-07-12 15:18:36,604 socket_client.py [line:55] _connect_and_send_forever INFO (OSError(98, 'Address already in use'), None) 
2024-07-12 15:18:36,606 socket_client.py [line:55] _connect_and_send_forever INFO (OSError(98, 'Address already in use'), None) 
2024-07-12 15:18:36,607 socket_client.py [line:55] _connect_and_send_forever INFO (OSError(98, 'Address already in use'), None) 
2024-07-12 15:18:36,607 socket_client.py [line:55] _connect_and_send_forever INFO (OSError(98, 'Address already in use'), None) 
2024-07-12 15:18:36,610 socket_client.py [line:55] _connect_and_send_forever INFO (OSError(98, 'Address already in use'), None) 
2024-07-12 15:18:36,611 socket_client.py [line:55] _connect_and_send_forever INFO (OSError(98, 'Address already in use'), None) 
2024-07-12 15:18:36,612 socket_client.py [line:55] _connect_and_send_forever INFO (OSError(98, 'Address already in use'), None) 
2024-07-12 15:18:36,613 socket_client.py [line:55] _connect_and_send_forever INFO (OSError(98, 'Address already in use'), None) 
2024-07-12 15:18:36,613 socket_client.py [line:55] _connect_and_send_forever INFO (OSError(98, 'Address already in use'), None) 
2024-07-12 15:18:36,614 socket_client.py [line:55] _connect_and_send_forever INFO (OSError(98, 'Address already in use'), None) 
2024-07-12 15:18:36,615 socket_client.py [line:55] _connect_and_send_forever INFO (OSError(98, 'Address already in use'), None) 
2024-07-12 15:18:36,625 socket_client.py [line:55] _connect_and_send_forever INFO (OSError(98, 'Address already in use'), None) 
2024-07-12 15:18:36,626 socket_client.py [line:55] _connect_and_send_forever INFO (OSError(98, 'Address already in use'), None) 
2024-07-12 15:18:36,626 socket_client.py [line:55] _connect_and_send_forever INFO (OSError(98, 'Address already in use'), None) 
2024-07-12 15:18:36,626 socket_client.py [line:55] _connect_and_send_forever INFO (OSError(98, 'Address already in use'), None) 
2024-07-12 15:18:36,629 socket_client.py [line:55] _connect_and_send_forever INFO (OSError(98, 'Address already in use'), None) 
2024-07-12 15:18:36,630 socket_client.py [line:55] _connect_and_send_forever INFO (OSError(98, 'Address already in use'), None) 
2024-07-12 15:18:36,631 socket_client.py [line:55] _connect_and_send_forever INFO (OSError(98, 'Address already in use'), None) 
2024-07-12 15:18:36,632 socket_client.py [line:55] _connect_and_send_forever INFO (OSError(98, 'Address already in use'), None) 
2024-07-12 15:18:36,634 socket_client.py [line:55] _connect_and_send_forever INFO (OSError(98, 'Address already in use'), None) 
2024-07-12 15:18:36,635 socket_client.py [line:55] _connect_and_send_forever INFO (OSError(98, 'Address already in use'), None) 
2024-07-12 15:18:36,637 socket_client.py [line:55] _connect_and_send_forever INFO (OSError(98, 'Address already in use'), None) 
2024-07-12 15:18:36,641 socket_client.py [line:55] _connect_and_send_forever INFO (OSError(98, 'Address already in use'), None) 
2024-07-12 15:18:36,642 socket_client.py [line:55] _connect_and_send_forever INFO (OSError(98, 'Address already in use'), None) 
2024-07-12 15:18:36,643 socket_client.py [line:55] _connect_and_send_forever INFO (OSError(98, 'Address already in use'), None) 
2024-07-12 15:18:36,643 socket_client.py [line:55] _connect_and_send_forever INFO (OSError(98, 'Address already in use'), None) 
2024-07-12 15:18:36,644 socket_client.py [line:55] _connect_and_send_forever INFO (OSError(98, 'Address already in use'), None) 
2024-07-12 15:18:36,645 socket_client.py [line:55] _connect_and_send_forever INFO (OSError(98, 'Address already in use'), None) 
2024-07-12 15:18:36,646 socket_client.py [line:55] _connect_and_send_forever INFO (OSError(98, 'Address already in use'), None) 
2024-07-12 15:18:36,646 socket_client.py [line:55] _connect_and_send_forever INFO (OSError(98, 'Address already in use'), None) 
2024-07-12 15:18:36,655 socket_client.py [line:55] _connect_and_send_forever INFO (OSError(98, 'Address already in use'), None) 
2024-07-12 15:18:36,655 socket_client.py [line:55] _connect_and_send_forever INFO (OSError(98, 'Address already in use'), None) 
2024-07-12 15:18:36,655 socket_client.py [line:55] _connect_and_send_forever INFO (OSError(98, 'Address already in use'), None) 
2024-07-12 15:18:36,656 socket_client.py [line:55] _connect_and_send_forever INFO (OSError(98, 'Address already in use'), None) 
2024-07-12 15:18:36,659 socket_client.py [line:55] _connect_and_send_forever INFO (OSError(98, 'Address already in use'), None) 
2024-07-12 15:18:36,660 socket_client.py [line:55] _connect_and_send_forever INFO (OSError(98, 'Address already in use'), None) 
2024-07-12 15:18:36,660 socket_client.py [line:55] _connect_and_send_forever INFO (OSError(98, 'Address already in use'), None) 
2024-07-12 15:18:36,660 socket_client.py [line:55] _connect_and_send_forever INFO (OSError(98, 'Address already in use'), None) 
2024-07-12 15:18:36,660 socket_client.py [line:55] _connect_and_send_forever INFO (OSError(98, 'Address already in use'), None) 
2024-07-12 15:18:36,663 socket_client.py [line:55] _connect_and_send_forever INFO (OSError(98, 'Address already in use'), None) 
2024-07-12 15:18:36,664 socket_client.py [line:55] _connect_and_send_forever INFO (OSError(98, 'Address already in use'), None) 
2024-07-12 15:18:36,664 socket_client.py [line:55] _connect_and_send_forever INFO (OSError(98, 'Address already in use'), None) 
2024-07-12 15:18:36,664 socket_client.py [line:55] _connect_and_send_forever INFO (OSError(98, 'Address already in use'), None) 
2024-07-12 15:18:36,666 socket_client.py [line:55] _connect_and_send_forever INFO (OSError(98, 'Address already in use'), None) 
2024-07-12 15:18:36,666 socket_client.py [line:55] _connect_and_send_forever INFO (OSError(98, 'Address already in use'), None) 
2024-07-12 15:18:36,670 socket_client.py [line:55] _connect_and_send_forever INFO (OSError(98, 'Address already in use'), None) 
2024-07-12 15:18:36,671 socket_client.py [line:55] _connect_and_send_forever INFO (OSError(98, 'Address already in use'), None) 
2024-07-12 15:18:36,672 socket_client.py [line:55] _connect_and_send_forever INFO (OSError(98, 'Address already in use'), None) 
2024-07-12 15:18:36,672 socket_client.py [line:55] _connect_and_send_forever INFO (OSError(98, 'Address already in use'), None) 
2024-07-12 15:18:36,674 socket_client.py [line:55] _connect_and_send_forever INFO (OSError(98, 'Address already in use'), None) 
2024-07-12 15:18:36,674 socket_client.py [line:55] _connect_and_send_forever INFO (OSError(98, 'Address already in use'), None) 
2024-07-12 15:18:36,677 socket_client.py [line:55] _connect_and_send_forever INFO (OSError(98, 'Address already in use'), None) 
2024-07-12 15:18:36,677 socket_client.py [line:55] _connect_and_send_forever INFO (OSError(98, 'Address already in use'), None) 
2024-07-12 15:18:36,677 socket_client.py [line:55] _connect_and_send_forever INFO (OSError(98, 'Address already in use'), None) 
2024-07-12 15:18:36,678 socket_client.py [line:55] _connect_and_send_forever INFO (OSError(98, 'Address already in use'), None) 
2024-07-12 15:18:36,680 socket_client.py [line:55] _connect_and_send_forever INFO (OSError(98, 'Address already in use'), None) 
2024-07-12 15:18:36,680 socket_client.py [line:55] _connect_and_send_forever INFO (OSError(98, 'Address already in use'), None) 
2024-07-12 15:18:36,680 socket_client.py [line:55] _connect_and_send_forever INFO (OSError(98, 'Address already in use'), None) 
2024-07-12 15:18:36,681 socket_client.py [line:55] _connect_and_send_forever INFO (OSError(98, 'Address already in use'), None) 
2024-07-12 15:18:36,681 socket_client.py [line:55] _connect_and_send_forever INFO (OSError(98, 'Address already in use'), None) 
2024-07-12 15:18:36,683 socket_client.py [line:55] _connect_and_send_forever INFO (OSError(98, 'Address already in use'), None) 
2024-07-12 15:18:36,683 socket_client.py [line:55] _connect_and_send_forever INFO (OSError(98, 'Address already in use'), None) 
2024-07-12 15:18:36,683 socket_client.py [line:55] _connect_and_send_forever INFO (OSError(98, 'Address already in use'), None) 
2024-07-12 15:18:36,684 socket_client.py [line:55] _connect_and_send_forever INFO (OSError(98, 'Address already in use'), None) 
2024-07-12 15:18:36,685 socket_client.py [line:55] _connect_and_send_forever INFO (OSError(98, 'Address already in use'), None) 
2024-07-12 15:18:36,685 socket_client.py [line:55] _connect_and_send_forever INFO (OSError(98, 'Address already in use'), None) 
2024-07-12 15:18:36,686 socket_client.py [line:55] _connect_and_send_forever INFO (OSError(98, 'Address already in use'), None) 
2024-07-12 15:18:36,687 socket_client.py [line:55] _connect_and_send_forever INFO (OSError(98, 'Address already in use'), None) 
2024-07-12 15:18:36,689 socket_client.py [line:55] _connect_and_send_forever INFO (OSError(98, 'Address already in use'), None) 
2024-07-12 15:18:36,689 socket_client.py [line:55] _connect_and_send_forever INFO (OSError(98, 'Address already in use'), None) 
2024-07-12 15:18:36,692 socket_client.py [line:55] _connect_and_send_forever INFO (OSError(98, 'Address already in use'), None) 
2024-07-12 15:18:36,692 socket_client.py [line:55] _connect_and_send_forever INFO (OSError(98, 'Address already in use'), None) 
2024-07-12 15:18:36,692 socket_client.py [line:55] _connect_and_send_forever INFO (OSError(98, 'Address already in use'), None) 
2024-07-12 15:18:36,692 socket_client.py [line:55] _connect_and_send_forever INFO (OSError(98, 'Address already in use'), None) 
2024-07-12 15:18:36,695 socket_client.py [line:55] _connect_and_send_forever INFO (OSError(98, 'Address already in use'), None) 
2024-07-12 15:18:36,695 socket_client.py [line:55] _connect_and_send_forever INFO (OSError(98, 'Address already in use'), None) 
2024-07-12 15:18:36,695 socket_client.py [line:55] _connect_and_send_forever INFO (OSError(98, 'Address already in use'), None) 
2024-07-12 15:18:36,696 socket_client.py [line:55] _connect_and_send_forever INFO (OSError(98, 'Address already in use'), None) 
2024-07-12 15:18:36,696 socket_client.py [line:55] _connect_and_send_forever INFO (OSError(98, 'Address already in use'), None) 
2024-07-12 15:18:36,698 socket_client.py [line:55] _connect_and_send_forever INFO (OSError(98, 'Address already in use'), None) 
2024-07-12 15:18:36,698 socket_client.py [line:55] _connect_and_send_forever INFO (OSError(98, 'Address already in use'), None) 
2024-07-12 15:18:36,700 socket_client.py [line:55] _connect_and_send_forever INFO (OSError(98, 'Address already in use'), None) 
2024-07-12 15:18:36,701 socket_client.py [line:55] _connect_and_send_forever INFO (OSError(98, 'Address already in use'), None) 
2024-07-12 15:18:36,702 socket_client.py [line:55] _connect_and_send_forever INFO (OSError(98, 'Address already in use'), None) 
2024-07-12 15:18:36,703 socket_client.py [line:55] _connect_and_send_forever INFO (OSError(98, 'Address already in use'), None) 
2024-07-12 15:18:36,704 socket_client.py [line:55] _connect_and_send_forever INFO (OSError(98, 'Address already in use'), None) 
2024-07-12 15:18:36,704 socket_client.py [line:55] _connect_and_send_forever INFO (OSError(98, 'Address already in use'), None) 
2024-07-12 15:18:36,706 socket_client.py [line:55] _connect_and_send_forever INFO (OSError(98, 'Address already in use'), None) 
2024-07-12 15:18:36,706 socket_client.py [line:55] _connect_and_send_forever INFO (OSError(98, 'Address already in use'), None) 
2024-07-12 15:18:36,710 socket_client.py [line:55] _connect_and_send_forever INFO (OSError(98, 'Address already in use'), None) 
2024-07-12 15:18:36,710 socket_client.py [line:55] _connect_and_send_forever INFO (OSError(98, 'Address already in use'), None) 
2024-07-12 15:18:36,711 socket_client.py [line:55] _connect_and_send_forever INFO (OSError(98, 'Address already in use'), None) 
2024-07-12 15:18:36,711 socket_client.py [line:55] _connect_and_send_forever INFO (OSError(98, 'Address already in use'), None) 
2024-07-12 15:18:36,712 socket_client.py [line:55] _connect_and_send_forever INFO (OSError(98, 'Address already in use'), None) 
2024-07-12 15:18:36,713 socket_client.py [line:55] _connect_and_send_forever INFO (OSError(98, 'Address already in use'), None) 
2024-07-12 15:18:36,713 socket_client.py [line:55] _connect_and_send_forever INFO (OSError(98, 'Address already in use'), None) 
2024-07-12 15:18:36,715 socket_client.py [line:55] _connect_and_send_forever INFO (OSError(98, 'Address already in use'), None) 
2024-07-12 15:18:36,715 socket_client.py [line:55] _connect_and_send_forever INFO (OSError(98, 'Address already in use'), None) 
2024-07-12 15:18:36,716 socket_client.py [line:55] _connect_and_send_forever INFO (OSError(98, 'Address already in use'), None) 
2024-07-12 15:18:36,716 socket_client.py [line:55] _connect_and_send_forever INFO (OSError(98, 'Address already in use'), None) 
2024-07-12 15:18:36,720 socket_client.py [line:55] _connect_and_send_forever INFO (OSError(98, 'Address already in use'), None) 
2024-07-12 15:18:36,720 socket_client.py [line:55] _connect_and_send_forever INFO (OSError(98, 'Address already in use'), None) 
2024-07-12 15:18:36,721 socket_client.py [line:55] _connect_and_send_forever INFO (OSError(98, 'Address already in use'), None) 
2024-07-12 15:18:36,721 socket_client.py [line:55] _connect_and_send_forever INFO (OSError(98, 'Address already in use'), None) 
2024-07-12 15:18:36,721 socket_client.py [line:55] _connect_and_send_forever INFO (OSError(98, 'Address already in use'), None) 
2024-07-12 15:18:36,730 socket_client.py [line:55] _connect_and_send_forever INFO (OSError(98, 'Address already in use'), None) 
2024-07-12 15:18:36,731 socket_client.py [line:55] _connect_and_send_forever INFO (OSError(98, 'Address already in use'), None) 
2024-07-12 15:18:36,731 socket_client.py [line:55] _connect_and_send_forever INFO (OSError(98, 'Address already in use'), None) 
2024-07-12 15:18:36,732 socket_client.py [line:55] _connect_and_send_forever INFO (OSError(98, 'Address already in use'), None) 
2024-07-12 15:18:36,732 socket_client.py [line:55] _connect_and_send_forever INFO (OSError(98, 'Address already in use'), None) 
2024-07-12 15:18:36,733 socket_client.py [line:55] _connect_and_send_forever INFO (OSError(98, 'Address already in use'), None) 
2024-07-12 15:18:36,733 socket_client.py [line:55] _connect_and_send_forever INFO (OSError(98, 'Address already in use'), None) 
2024-07-12 15:18:36,735 socket_client.py [line:55] _connect_and_send_forever INFO (OSError(98, 'Address already in use'), None) 
2024-07-12 15:18:36,736 socket_client.py [line:55] _connect_and_send_forever INFO (OSError(98, 'Address already in use'), None) 
2024-07-12 15:18:36,737 socket_client.py [line:55] _connect_and_send_forever INFO (OSError(98, 'Address already in use'), None) 
2024-07-12 15:18:36,739 socket_client.py [line:55] _connect_and_send_forever INFO (OSError(98, 'Address already in use'), None) 
2024-07-12 15:18:36,740 socket_client.py [line:55] _connect_and_send_forever INFO (OSError(98, 'Address already in use'), None) 
2024-07-12 15:18:36,741 socket_client.py [line:55] _connect_and_send_forever INFO (OSError(98, 'Address already in use'), None) 
2024-07-12 15:18:36,741 socket_client.py [line:55] _connect_and_send_forever INFO (OSError(98, 'Address already in use'), None) 
2024-07-12 15:18:36,742 socket_client.py [line:55] _connect_and_send_forever INFO (OSError(98, 'Address already in use'), None) 
2024-07-12 15:18:36,742 socket_client.py [line:55] _connect_and_send_forever INFO (OSError(98, 'Address already in use'), None) 
2024-07-12 15:18:36,743 socket_client.py [line:55] _connect_and_send_forever INFO (OSError(98, 'Address already in use'), None) 
2024-07-12 15:18:36,765 socket_client.py [line:55] _connect_and_send_forever INFO (OSError(98, 'Address already in use'), None) 
2024-07-12 15:18:36,765 socket_client.py [line:55] _connect_and_send_forever INFO (OSError(98, 'Address already in use'), None) 
2024-07-12 15:18:36,765 socket_client.py [line:55] _connect_and_send_forever INFO (OSError(98, 'Address already in use'), None) 
2024-07-12 15:18:36,766 socket_client.py [line:55] _connect_and_send_forever INFO (OSError(98, 'Address already in use'), None) 
2024-07-12 15:18:36,766 socket_client.py [line:55] _connect_and_send_forever INFO (OSError(98, 'Address already in use'), None) 
2024-07-12 15:18:36,768 socket_client.py [line:55] _connect_and_send_forever INFO (OSError(98, 'Address already in use'), None) 
2024-07-12 15:18:36,768 socket_client.py [line:55] _connect_and_send_forever INFO (OSError(98, 'Address already in use'), None) 
2024-07-12 15:18:36,769 socket_client.py [line:55] _connect_and_send_forever INFO (OSError(98, 'Address already in use'), None) 
2024-07-12 15:18:36,769 socket_client.py [line:55] _connect_and_send_forever INFO (OSError(98, 'Address already in use'), None) 
2024-07-12 15:18:36,770 socket_client.py [line:55] _connect_and_send_forever INFO (OSError(98, 'Address already in use'), None) 
2024-07-12 15:18:36,771 socket_client.py [line:55] _connect_and_send_forever INFO (OSError(98, 'Address already in use'), None) 
2024-07-12 15:18:36,771 socket_client.py [line:55] _connect_and_send_forever INFO (OSError(98, 'Address already in use'), None) 
2024-07-12 15:18:36,772 socket_client.py [line:55] _connect_and_send_forever INFO (OSError(98, 'Address already in use'), None) 
2024-07-12 15:18:36,773 socket_client.py [line:55] _connect_and_send_forever INFO (OSError(98, 'Address already in use'), None) 
2024-07-12 15:18:36,774 socket_client.py [line:55] _connect_and_send_forever INFO (OSError(98, 'Address already in use'), None) 
2024-07-12 15:18:36,774 socket_client.py [line:55] _connect_and_send_forever INFO (OSError(98, 'Address already in use'), None) 
2024-07-12 15:18:36,775 socket_client.py [line:55] _connect_and_send_forever INFO (OSError(98, 'Address already in use'), None) 
2024-07-12 15:18:36,775 socket_client.py [line:55] _connect_and_send_forever INFO (OSError(98, 'Address already in use'), None) 
2024-07-12 15:18:36,776 socket_client.py [line:55] _connect_and_send_forever INFO (OSError(98, 'Address already in use'), None) 
2024-07-12 15:18:36,776 socket_client.py [line:55] _connect_and_send_forever INFO (OSError(98, 'Address already in use'), None) 
2024-07-12 15:18:36,778 socket_client.py [line:55] _connect_and_send_forever INFO (OSError(98, 'Address already in use'), None) 
2024-07-12 15:18:36,778 socket_client.py [line:55] _connect_and_send_forever INFO (OSError(98, 'Address already in use'), None) 
2024-07-12 15:18:36,779 socket_client.py [line:55] _connect_and_send_forever INFO (OSError(98, 'Address already in use'), None) 
2024-07-12 15:18:36,779 socket_client.py [line:55] _connect_and_send_forever INFO (OSError(98, 'Address already in use'), None) 
2024-07-12 15:18:36,780 socket_client.py [line:55] _connect_and_send_forever INFO (OSError(98, 'Address already in use'), None) 
2024-07-12 15:18:36,781 socket_client.py [line:55] _connect_and_send_forever INFO (OSError(98, 'Address already in use'), None) 
2024-07-12 15:18:36,781 socket_client.py [line:55] _connect_and_send_forever INFO (OSError(98, 'Address already in use'), None) 
2024-07-12 15:18:36,784 socket_client.py [line:55] _connect_and_send_forever INFO (OSError(98, 'Address already in use'), None) 
2024-07-12 15:18:36,784 socket_client.py [line:55] _connect_and_send_forever INFO (OSError(98, 'Address already in use'), None) 
2024-07-12 15:18:36,786 socket_client.py [line:55] _connect_and_send_forever INFO (OSError(98, 'Address already in use'), None) 
2024-07-12 15:18:36,786 socket_client.py [line:55] _connect_and_send_forever INFO (OSError(98, 'Address already in use'), None) 
2024-07-12 15:18:36,788 socket_client.py [line:55] _connect_and_send_forever INFO (OSError(98, 'Address already in use'), None) 
2024-07-12 15:18:36,789 socket_client.py [line:55] _connect_and_send_forever INFO (OSError(98, 'Address already in use'), None) 
2024-07-12 15:18:36,789 socket_client.py [line:55] _connect_and_send_forever INFO (OSError(98, 'Address already in use'), None) 
2024-07-12 15:18:36,792 socket_client.py [line:55] _connect_and_send_forever INFO (OSError(98, 'Address already in use'), None) 
2024-07-12 15:18:36,792 socket_client.py [line:55] _connect_and_send_forever INFO (OSError(98, 'Address already in use'), None) 
2024-07-12 15:18:36,793 socket_client.py [line:55] _connect_and_send_forever INFO (OSError(98, 'Address already in use'), None) 
2024-07-12 15:18:36,793 socket_client.py [line:55] _connect_and_send_forever INFO (OSError(98, 'Address already in use'), None) 
2024-07-12 15:18:36,793 socket_client.py [line:55] _connect_and_send_forever INFO (OSError(98, 'Address already in use'), None) 
2024-07-12 15:18:36,794 socket_client.py [line:55] _connect_and_send_forever INFO (OSError(98, 'Address already in use'), None) 
2024-07-12 15:18:36,795 socket_client.py [line:55] _connect_and_send_forever INFO (OSError(98, 'Address already in use'), None) 
2024-07-12 15:18:36,795 socket_client.py [line:55] _connect_and_send_forever INFO (OSError(98, 'Address already in use'), None) 
2024-07-12 15:18:36,796 socket_client.py [line:55] _connect_and_send_forever INFO (OSError(98, 'Address already in use'), None) 
2024-07-12 15:18:36,797 socket_client.py [line:55] _connect_and_send_forever INFO (OSError(98, 'Address already in use'), None) 
2024-07-12 15:18:36,797 socket_client.py [line:55] _connect_and_send_forever INFO (OSError(98, 'Address already in use'), None) 
2024-07-12 15:18:36,798 socket_client.py [line:55] _connect_and_send_forever INFO (OSError(98, 'Address already in use'), None) 
2024-07-12 15:18:36,799 socket_client.py [line:55] _connect_and_send_forever INFO (OSError(98, 'Address already in use'), None) 
2024-07-12 15:18:36,799 socket_client.py [line:55] _connect_and_send_forever INFO (OSError(98, 'Address already in use'), None) 
2024-07-12 15:18:36,800 socket_client.py [line:55] _connect_and_send_forever INFO (OSError(98, 'Address already in use'), None) 
2024-07-12 15:18:36,801 socket_client.py [line:55] _connect_and_send_forever INFO (OSError(98, 'Address already in use'), None) 
2024-07-12 15:18:36,805 socket_client.py [line:55] _connect_and_send_forever INFO (OSError(98, 'Address already in use'), None) 
2024-07-12 15:18:36,805 socket_client.py [line:55] _connect_and_send_forever INFO (OSError(98, 'Address already in use'), None) 
2024-07-12 15:18:36,806 socket_client.py [line:55] _connect_and_send_forever INFO (OSError(98, 'Address already in use'), None) 
2024-07-12 15:18:36,807 socket_client.py [line:55] _connect_and_send_forever INFO (OSError(98, 'Address already in use'), None) 
2024-07-12 15:18:36,808 socket_client.py [line:55] _connect_and_send_forever INFO (OSError(98, 'Address already in use'), None) 
2024-07-12 15:18:36,808 socket_client.py [line:55] _connect_and_send_forever INFO (OSError(98, 'Address already in use'), None) 
2024-07-12 15:18:36,809 socket_client.py [line:55] _connect_and_send_forever INFO (OSError(98, 'Address already in use'), None) 
2024-07-12 15:18:36,809 socket_client.py [line:55] _connect_and_send_forever INFO (OSError(98, 'Address already in use'), None) 
2024-07-12 15:18:36,811 socket_client.py [line:55] _connect_and_send_forever INFO (OSError(98, 'Address already in use'), None) 
2024-07-12 15:18:36,811 socket_client.py [line:55] _connect_and_send_forever INFO (OSError(98, 'Address already in use'), None) 
2024-07-12 15:18:36,812 socket_client.py [line:55] _connect_and_send_forever INFO (OSError(98, 'Address already in use'), None) 
2024-07-12 15:18:36,813 socket_client.py [line:55] _connect_and_send_forever INFO (OSError(98, 'Address already in use'), None) 
2024-07-12 15:18:36,814 socket_client.py [line:55] _connect_and_send_forever INFO (OSError(98, 'Address already in use'), None) 
2024-07-12 15:18:36,814 socket_client.py [line:55] _connect_and_send_forever INFO (OSError(98, 'Address already in use'), None) 
2024-07-12 15:18:36,815 socket_client.py [line:55] _connect_and_send_forever INFO (OSError(98, 'Address already in use'), None) 
2024-07-12 15:18:36,815 socket_client.py [line:55] _connect_and_send_forever INFO (OSError(98, 'Address already in use'), None) 
2024-07-12 15:18:36,816 socket_client.py [line:55] _connect_and_send_forever INFO (OSError(98, 'Address already in use'), None) 
2024-07-12 15:18:36,816 socket_client.py [line:55] _connect_and_send_forever INFO (OSError(98, 'Address already in use'), None) 
2024-07-12 15:18:36,818 socket_client.py [line:55] _connect_and_send_forever INFO (OSError(98, 'Address already in use'), None) 
2024-07-12 15:18:36,818 socket_client.py [line:55] _connect_and_send_forever INFO (OSError(98, 'Address already in use'), None) 
2024-07-12 15:18:36,819 socket_client.py [line:55] _connect_and_send_forever INFO (OSError(98, 'Address already in use'), None) 
2024-07-12 15:18:36,819 socket_client.py [line:55] _connect_and_send_forever INFO (OSError(98, 'Address already in use'), None) 
2024-07-12 15:18:36,820 socket_client.py [line:55] _connect_and_send_forever INFO (OSError(98, 'Address already in use'), None) 
2024-07-12 15:18:36,821 socket_client.py [line:55] _connect_and_send_forever INFO (OSError(98, 'Address already in use'), None) 
2024-07-12 15:18:36,823 socket_client.py [line:55] _connect_and_send_forever INFO (OSError(98, 'Address already in use'), None) 
2024-07-12 15:18:36,823 socket_client.py [line:55] _connect_and_send_forever INFO (OSError(98, 'Address already in use'), None) 
2024-07-12 15:18:36,825 socket_client.py [line:55] _connect_and_send_forever INFO (OSError(98, 'Address already in use'), None) 
2024-07-12 15:18:36,825 socket_client.py [line:55] _connect_and_send_forever INFO (OSError(98, 'Address already in use'), None) 
2024-07-12 15:18:36,826 socket_client.py [line:55] _connect_and_send_forever INFO (OSError(98, 'Address already in use'), None) 
2024-07-12 15:18:36,826 socket_client.py [line:55] _connect_and_send_forever INFO (OSError(98, 'Address already in use'), None) 
2024-07-12 15:18:36,827 socket_client.py [line:55] _connect_and_send_forever INFO (OSError(98, 'Address already in use'), None) 
2024-07-12 15:18:36,829 socket_client.py [line:55] _connect_and_send_forever INFO (OSError(98, 'Address already in use'), None) 
2024-07-12 15:18:36,829 socket_client.py [line:55] _connect_and_send_forever INFO (OSError(98, 'Address already in use'), None) 
2024-07-12 15:18:36,830 socket_client.py [line:55] _connect_and_send_forever INFO (OSError(98, 'Address already in use'), None) 
2024-07-12 15:18:36,830 socket_client.py [line:55] _connect_and_send_forever INFO (OSError(98, 'Address already in use'), None) 
2024-07-12 15:18:36,832 socket_client.py [line:55] _connect_and_send_forever INFO (OSError(98, 'Address already in use'), None) 
2024-07-12 15:18:36,834 socket_client.py [line:55] _connect_and_send_forever INFO (OSError(98, 'Address already in use'), None) 
2024-07-12 15:18:36,834 socket_client.py [line:55] _connect_and_send_forever INFO (OSError(98, 'Address already in use'), None) 
2024-07-12 15:18:36,836 socket_client.py [line:55] _connect_and_send_forever INFO (OSError(98, 'Address already in use'), None) 
2024-07-12 15:18:36,836 socket_client.py [line:55] _connect_and_send_forever INFO (OSError(98, 'Address already in use'), None) 
2024-07-12 15:18:36,838 socket_client.py [line:55] _connect_and_send_forever INFO (OSError(98, 'Address already in use'), None) 
2024-07-12 15:18:36,838 socket_client.py [line:55] _connect_and_send_forever INFO (OSError(98, 'Address already in use'), None) 
2024-07-12 15:18:36,839 socket_client.py [line:55] _connect_and_send_forever INFO (OSError(98, 'Address already in use'), None) 
2024-07-12 15:18:36,840 socket_client.py [line:55] _connect_and_send_forever INFO (OSError(98, 'Address already in use'), None) 
2024-07-12 15:18:36,841 socket_client.py [line:55] _connect_and_send_forever INFO (OSError(98, 'Address already in use'), None) 
2024-07-12 15:18:36,841 socket_client.py [line:55] _connect_and_send_forever INFO (OSError(98, 'Address already in use'), None) 
2024-07-12 15:18:36,856 socket_client.py [line:55] _connect_and_send_forever INFO (OSError(98, 'Address already in use'), None) 
2024-07-12 15:18:36,857 socket_client.py [line:55] _connect_and_send_forever INFO (OSError(98, 'Address already in use'), None) 
2024-07-12 15:18:36,858 socket_client.py [line:55] _connect_and_send_forever INFO (OSError(98, 'Address already in use'), None) 
2024-07-12 15:18:36,858 socket_client.py [line:55] _connect_and_send_forever INFO (OSError(98, 'Address already in use'), None) 
2024-07-12 15:18:36,861 socket_client.py [line:55] _connect_and_send_forever INFO (OSError(98, 'Address already in use'), None) 
2024-07-12 15:18:36,862 socket_client.py [line:55] _connect_and_send_forever INFO (OSError(98, 'Address already in use'), None) 
2024-07-12 15:18:36,862 socket_client.py [line:55] _connect_and_send_forever INFO (OSError(98, 'Address already in use'), None) 
2024-07-12 15:18:36,862 socket_client.py [line:55] _connect_and_send_forever INFO (OSError(98, 'Address already in use'), None) 
2024-07-12 15:18:36,862 socket_client.py [line:55] _connect_and_send_forever INFO (OSError(98, 'Address already in use'), None) 
2024-07-12 15:18:36,865 socket_client.py [line:55] _connect_and_send_forever INFO (OSError(98, 'Address already in use'), None) 
2024-07-12 15:18:36,865 socket_client.py [line:55] _connect_and_send_forever INFO (OSError(98, 'Address already in use'), None) 
2024-07-12 15:18:36,865 socket_client.py [line:55] _connect_and_send_forever INFO (OSError(98, 'Address already in use'), None) 
2024-07-12 15:18:36,865 socket_client.py [line:55] _connect_and_send_forever INFO (OSError(98, 'Address already in use'), None) 
2024-07-12 15:18:36,869 socket_client.py [line:55] _connect_and_send_forever INFO (OSError(98, 'Address already in use'), None) 
2024-07-12 15:18:36,870 socket_client.py [line:55] _connect_and_send_forever INFO (OSError(98, 'Address already in use'), None) 
2024-07-12 15:18:36,870 socket_client.py [line:55] _connect_and_send_forever INFO (OSError(98, 'Address already in use'), None) 
2024-07-12 15:18:36,874 socket_client.py [line:55] _connect_and_send_forever INFO (OSError(98, 'Address already in use'), None) 
2024-07-12 15:18:36,875 socket_client.py [line:55] _connect_and_send_forever INFO (OSError(98, 'Address already in use'), None) 
2024-07-12 15:18:36,875 socket_client.py [line:55] _connect_and_send_forever INFO (OSError(98, 'Address already in use'), None) 
2024-07-12 15:18:36,876 socket_client.py [line:55] _connect_and_send_forever INFO (OSError(98, 'Address already in use'), None) 
2024-07-12 15:18:36,877 socket_client.py [line:55] _connect_and_send_forever INFO (OSError(98, 'Address already in use'), None) 
2024-07-12 15:18:36,878 socket_client.py [line:55] _connect_and_send_forever INFO (OSError(98, 'Address already in use'), None) 
2024-07-12 15:18:36,878 socket_client.py [line:55] _connect_and_send_forever INFO (OSError(98, 'Address already in use'), None) 
2024-07-12 15:18:36,879 socket_client.py [line:55] _connect_and_send_forever INFO (OSError(98, 'Address already in use'), None) 
2024-07-12 15:18:36,887 socket_client.py [line:55] _connect_and_send_forever INFO (OSError(98, 'Address already in use'), None) 
2024-07-12 15:18:36,888 socket_client.py [line:55] _connect_and_send_forever INFO (OSError(98, 'Address already in use'), None) 
2024-07-12 15:18:36,888 socket_client.py [line:55] _connect_and_send_forever INFO (OSError(98, 'Address already in use'), None) 
2024-07-12 15:18:36,888 socket_client.py [line:55] _connect_and_send_forever INFO (OSError(98, 'Address already in use'), None) 
2024-07-12 15:18:36,891 socket_client.py [line:55] _connect_and_send_forever INFO (OSError(98, 'Address already in use'), None) 
2024-07-12 15:18:36,891 socket_client.py [line:55] _connect_and_send_forever INFO (OSError(98, 'Address already in use'), None) 
2024-07-12 15:18:36,893 socket_client.py [line:55] _connect_and_send_forever INFO (OSError(98, 'Address already in use'), None) 
2024-07-12 15:18:36,893 socket_client.py [line:55] _connect_and_send_forever INFO (OSError(98, 'Address already in use'), None) 
2024-07-12 15:18:36,895 socket_client.py [line:55] _connect_and_send_forever INFO (OSError(98, 'Address already in use'), None) 
2024-07-12 15:18:36,895 socket_client.py [line:55] _connect_and_send_forever INFO (OSError(98, 'Address already in use'), None) 
2024-07-12 15:18:36,899 socket_client.py [line:55] _connect_and_send_forever INFO (OSError(98, 'Address already in use'), None) 
2024-07-12 15:18:36,900 socket_client.py [line:55] _connect_and_send_forever INFO (OSError(98, 'Address already in use'), None) 
2024-07-12 15:18:36,906 socket_client.py [line:55] _connect_and_send_forever INFO (OSError(98, 'Address already in use'), None) 
2024-07-12 15:18:36,907 socket_client.py [line:55] _connect_and_send_forever INFO (OSError(98, 'Address already in use'), None) 
2024-07-12 15:18:36,907 socket_client.py [line:55] _connect_and_send_forever INFO (OSError(98, 'Address already in use'), None) 
2024-07-12 15:18:36,907 socket_client.py [line:55] _connect_and_send_forever INFO (OSError(98, 'Address already in use'), None) 
2024-07-12 15:18:36,908 socket_client.py [line:55] _connect_and_send_forever INFO (OSError(98, 'Address already in use'), None) 
2024-07-12 15:18:36,909 socket_client.py [line:55] _connect_and_send_forever INFO (OSError(98, 'Address already in use'), None) 
2024-07-12 15:18:36,909 socket_client.py [line:55] _connect_and_send_forever INFO (OSError(98, 'Address already in use'), None) 
2024-07-12 15:18:36,912 socket_client.py [line:55] _connect_and_send_forever INFO (OSError(98, 'Address already in use'), None) 
2024-07-12 15:18:36,913 socket_client.py [line:55] _connect_and_send_forever INFO (OSError(98, 'Address already in use'), None) 
2024-07-12 15:18:36,914 socket_client.py [line:55] _connect_and_send_forever INFO (OSError(98, 'Address already in use'), None) 
2024-07-12 15:18:36,914 socket_client.py [line:55] _connect_and_send_forever INFO (OSError(98, 'Address already in use'), None) 
2024-07-12 15:18:36,916 socket_client.py [line:55] _connect_and_send_forever INFO (OSError(98, 'Address already in use'), None) 
2024-07-12 15:18:36,916 socket_client.py [line:55] _connect_and_send_forever INFO (OSError(98, 'Address already in use'), None) 
2024-07-12 15:18:36,916 socket_client.py [line:55] _connect_and_send_forever INFO (OSError(98, 'Address already in use'), None) 
2024-07-12 15:18:36,920 socket_client.py [line:55] _connect_and_send_forever INFO (OSError(98, 'Address already in use'), None) 
2024-07-12 15:18:36,920 socket_client.py [line:55] _connect_and_send_forever INFO (OSError(98, 'Address already in use'), None) 
2024-07-12 15:18:36,920 socket_client.py [line:55] _connect_and_send_forever INFO (OSError(98, 'Address already in use'), None) 
2024-07-12 15:18:36,920 socket_client.py [line:55] _connect_and_send_forever INFO (OSError(98, 'Address already in use'), None) 
2024-07-12 15:18:36,921 socket_client.py [line:55] _connect_and_send_forever INFO (OSError(98, 'Address already in use'), None) 
2024-07-12 15:18:36,922 socket_client.py [line:55] _connect_and_send_forever INFO (OSError(98, 'Address already in use'), None) 
2024-07-12 15:18:36,925 socket_client.py [line:55] _connect_and_send_forever INFO (OSError(98, 'Address already in use'), None) 
2024-07-12 15:18:36,927 socket_client.py [line:55] _connect_and_send_forever INFO (OSError(98, 'Address already in use'), None) 
2024-07-12 15:18:36,927 socket_client.py [line:55] _connect_and_send_forever INFO (OSError(98, 'Address already in use'), None) 
2024-07-12 15:18:36,928 socket_client.py [line:55] _connect_and_send_forever INFO (OSError(98, 'Address already in use'), None) 
2024-07-12 15:18:36,929 socket_client.py [line:55] _connect_and_send_forever INFO (OSError(98, 'Address already in use'), None) 
2024-07-12 15:18:36,929 socket_client.py [line:55] _connect_and_send_forever INFO (OSError(98, 'Address already in use'), None) 
2024-07-12 15:18:36,931 socket_client.py [line:55] _connect_and_send_forever INFO (OSError(98, 'Address already in use'), None) 
2024-07-12 15:18:36,931 socket_client.py [line:55] _connect_and_send_forever INFO (OSError(98, 'Address already in use'), None) 
2024-07-12 15:18:36,931 socket_client.py [line:55] _connect_and_send_forever INFO (OSError(98, 'Address already in use'), None) 
2024-07-12 15:18:36,932 socket_client.py [line:55] _connect_and_send_forever INFO (OSError(98, 'Address already in use'), None) 
2024-07-12 15:18:36,933 socket_client.py [line:55] _connect_and_send_forever INFO (OSError(98, 'Address already in use'), None) 
2024-07-12 15:18:36,933 socket_client.py [line:55] _connect_and_send_forever INFO (OSError(98, 'Address already in use'), None) 
2024-07-12 15:18:36,935 socket_client.py [line:55] _connect_and_send_forever INFO (OSError(98, 'Address already in use'), None) 
2024-07-12 15:18:36,936 socket_client.py [line:55] _connect_and_send_forever INFO (OSError(98, 'Address already in use'), None) 
2024-07-12 15:18:36,936 socket_client.py [line:55] _connect_and_send_forever INFO (OSError(98, 'Address already in use'), None) 
2024-07-12 15:18:36,938 socket_client.py [line:55] _connect_and_send_forever INFO (OSError(98, 'Address already in use'), None) 
2024-07-12 15:18:36,939 socket_client.py [line:55] _connect_and_send_forever INFO (OSError(98, 'Address already in use'), None) 
2024-07-12 15:18:36,940 socket_client.py [line:55] _connect_and_send_forever INFO (OSError(98, 'Address already in use'), None) 
2024-07-12 15:18:36,942 socket_client.py [line:55] _connect_and_send_forever INFO (OSError(98, 'Address already in use'), None) 
2024-07-12 15:18:36,943 socket_client.py [line:55] _connect_and_send_forever INFO (OSError(98, 'Address already in use'), None) 
2024-07-12 15:18:36,943 socket_client.py [line:55] _connect_and_send_forever INFO (OSError(98, 'Address already in use'), None) 
2024-07-12 15:18:36,947 socket_client.py [line:55] _connect_and_send_forever INFO (OSError(98, 'Address already in use'), None) 
2024-07-12 15:18:36,947 socket_client.py [line:55] _connect_and_send_forever INFO (OSError(98, 'Address already in use'), None) 
2024-07-12 15:18:36,949 socket_client.py [line:55] _connect_and_send_forever INFO (OSError(98, 'Address already in use'), None) 
2024-07-12 15:18:36,950 socket_client.py [line:55] _connect_and_send_forever INFO (OSError(98, 'Address already in use'), None) 
2024-07-12 15:18:36,952 socket_client.py [line:55] _connect_and_send_forever INFO (OSError(98, 'Address already in use'), None) 
2024-07-12 15:18:36,953 socket_client.py [line:55] _connect_and_send_forever INFO (OSError(98, 'Address already in use'), None) 
2024-07-12 15:18:36,953 socket_client.py [line:55] _connect_and_send_forever INFO (OSError(98, 'Address already in use'), None) 
2024-07-12 15:18:36,957 socket_client.py [line:55] _connect_and_send_forever INFO (OSError(98, 'Address already in use'), None) 
2024-07-12 15:18:36,957 socket_client.py [line:55] _connect_and_send_forever INFO (OSError(98, 'Address already in use'), None) 
2024-07-12 15:18:36,959 socket_client.py [line:55] _connect_and_send_forever INFO (OSError(98, 'Address already in use'), None) 
2024-07-12 15:18:36,960 socket_client.py [line:55] _connect_and_send_forever INFO (OSError(98, 'Address already in use'), None) 
2024-07-12 15:18:36,961 socket_client.py [line:55] _connect_and_send_forever INFO (OSError(98, 'Address already in use'), None) 
2024-07-12 15:18:36,962 socket_client.py [line:55] _connect_and_send_forever INFO (OSError(98, 'Address already in use'), None) 
2024-07-12 15:18:36,971 socket_client.py [line:55] _connect_and_send_forever INFO (OSError(98, 'Address already in use'), None) 
2024-07-12 15:18:36,971 socket_client.py [line:55] _connect_and_send_forever INFO (OSError(98, 'Address already in use'), None) 
2024-07-12 15:18:36,972 socket_client.py [line:55] _connect_and_send_forever INFO (OSError(98, 'Address already in use'), None) 
2024-07-12 15:18:36,974 socket_client.py [line:55] _connect_and_send_forever INFO (OSError(98, 'Address already in use'), None) 
2024-07-12 15:18:36,974 socket_client.py [line:55] _connect_and_send_forever INFO (OSError(98, 'Address already in use'), None) 
2024-07-12 15:18:36,974 socket_client.py [line:55] _connect_and_send_forever INFO (OSError(98, 'Address already in use'), None) 
2024-07-12 15:18:36,976 socket_client.py [line:55] _connect_and_send_forever INFO (OSError(98, 'Address already in use'), None) 
2024-07-12 15:18:36,976 socket_client.py [line:55] _connect_and_send_forever INFO (OSError(98, 'Address already in use'), None) 
2024-07-12 15:18:36,983 socket_client.py [line:55] _connect_and_send_forever INFO (OSError(98, 'Address already in use'), None) 
2024-07-12 15:18:36,984 socket_client.py [line:55] _connect_and_send_forever INFO (OSError(98, 'Address already in use'), None) 
2024-07-12 15:18:36,988 socket_client.py [line:55] _connect_and_send_forever INFO (OSError(98, 'Address already in use'), None) 
2024-07-12 15:18:36,989 socket_client.py [line:55] _connect_and_send_forever INFO (OSError(98, 'Address already in use'), None) 
2024-07-12 15:18:36,991 socket_client.py [line:55] _connect_and_send_forever INFO (OSError(98, 'Address already in use'), None) 
2024-07-12 15:18:36,991 socket_client.py [line:55] _connect_and_send_forever INFO (OSError(98, 'Address already in use'), None) 
2024-07-12 15:18:36,991 socket_client.py [line:55] _connect_and_send_forever INFO (OSError(98, 'Address already in use'), None) 
2024-07-12 15:18:36,993 socket_client.py [line:55] _connect_and_send_forever INFO (OSError(98, 'Address already in use'), None) 
2024-07-12 15:18:36,993 socket_client.py [line:55] _connect_and_send_forever INFO (OSError(98, 'Address already in use'), None) 
2024-07-12 15:18:36,995 socket_client.py [line:55] _connect_and_send_forever INFO (OSError(98, 'Address already in use'), None) 
2024-07-12 15:18:36,995 socket_client.py [line:55] _connect_and_send_forever INFO (OSError(98, 'Address already in use'), None) 
2024-07-12 15:18:36,995 socket_client.py [line:55] _connect_and_send_forever INFO (OSError(98, 'Address already in use'), None) 
2024-07-12 15:18:36,997 socket_client.py [line:55] _connect_and_send_forever INFO (OSError(98, 'Address already in use'), None) 
2024-07-12 15:18:36,997 socket_client.py [line:55] _connect_and_send_forever INFO (OSError(98, 'Address already in use'), None) 
2024-07-12 15:18:36,998 socket_client.py [line:55] _connect_and_send_forever INFO (OSError(98, 'Address already in use'), None) 
2024-07-12 15:18:36,999 socket_client.py [line:55] _connect_and_send_forever INFO (OSError(98, 'Address already in use'), None) 
2024-07-12 15:18:36,999 socket_client.py [line:55] _connect_and_send_forever INFO (OSError(98, 'Address already in use'), None) 
2024-07-12 15:18:37,001 socket_client.py [line:55] _connect_and_send_forever INFO (OSError(98, 'Address already in use'), None) 
2024-07-12 15:18:37,001 socket_client.py [line:55] _connect_and_send_forever INFO (OSError(98, 'Address already in use'), None) 
2024-07-12 15:18:37,003 socket_client.py [line:55] _connect_and_send_forever INFO (OSError(98, 'Address already in use'), None) 
2024-07-12 15:18:37,003 socket_client.py [line:55] _connect_and_send_forever INFO (OSError(98, 'Address already in use'), None) 
2024-07-12 15:18:37,009 socket_client.py [line:55] _connect_and_send_forever INFO (OSError(98, 'Address already in use'), None) 
2024-07-12 15:18:37,009 socket_client.py [line:55] _connect_and_send_forever INFO (OSError(98, 'Address already in use'), None) 
2024-07-12 15:18:37,013 socket_client.py [line:55] _connect_and_send_forever INFO (OSError(98, 'Address already in use'), None) 
2024-07-12 15:18:37,013 socket_client.py [line:55] _connect_and_send_forever INFO (OSError(98, 'Address already in use'), None) 
2024-07-12 15:18:37,015 socket_client.py [line:55] _connect_and_send_forever INFO (OSError(98, 'Address already in use'), None) 
2024-07-12 15:18:37,016 socket_client.py [line:55] _connect_and_send_forever INFO (OSError(98, 'Address already in use'), None) 
2024-07-12 15:18:37,018 socket_client.py [line:55] _connect_and_send_forever INFO (OSError(98, 'Address already in use'), None) 
2024-07-12 15:18:37,019 socket_client.py [line:55] _connect_and_send_forever INFO (OSError(98, 'Address already in use'), None) 
2024-07-12 15:18:37,020 socket_client.py [line:55] _connect_and_send_forever INFO (OSError(98, 'Address already in use'), None) 
2024-07-12 15:18:37,021 socket_client.py [line:55] _connect_and_send_forever INFO (OSError(98, 'Address already in use'), None) 
2024-07-12 15:18:37,021 socket_client.py [line:55] _connect_and_send_forever INFO (OSError(98, 'Address already in use'), None) 
2024-07-12 15:18:37,023 socket_client.py [line:55] _connect_and_send_forever INFO (OSError(98, 'Address already in use'), None) 
2024-07-12 15:18:37,023 socket_client.py [line:55] _connect_and_send_forever INFO (OSError(98, 'Address already in use'), None) 
2024-07-12 15:18:37,023 socket_client.py [line:55] _connect_and_send_forever INFO (OSError(98, 'Address already in use'), None) 
2024-07-12 15:18:37,026 socket_client.py [line:55] _connect_and_send_forever INFO (OSError(98, 'Address already in use'), None) 
2024-07-12 15:18:37,028 socket_client.py [line:55] _connect_and_send_forever INFO (OSError(98, 'Address already in use'), None) 
2024-07-12 15:18:37,029 socket_client.py [line:55] _connect_and_send_forever INFO (OSError(98, 'Address already in use'), None) 
2024-07-12 15:18:37,032 socket_client.py [line:55] _connect_and_send_forever INFO (OSError(98, 'Address already in use'), None) 
2024-07-12 15:18:37,035 socket_client.py [line:55] _connect_and_send_forever INFO (OSError(98, 'Address already in use'), None) 
2024-07-12 15:18:37,036 socket_client.py [line:55] _connect_and_send_forever INFO (OSError(98, 'Address already in use'), None) 
2024-07-12 15:18:37,036 socket_client.py [line:55] _connect_and_send_forever INFO (OSError(98, 'Address already in use'), None) 
2024-07-12 15:18:37,040 socket_client.py [line:55] _connect_and_send_forever INFO (OSError(98, 'Address already in use'), None) 
2024-07-12 15:18:37,040 socket_client.py [line:55] _connect_and_send_forever INFO (OSError(98, 'Address already in use'), None) 
2024-07-12 15:18:37,041 socket_client.py [line:55] _connect_and_send_forever INFO (OSError(98, 'Address already in use'), None) 
2024-07-12 15:18:37,041 socket_client.py [line:55] _connect_and_send_forever INFO (OSError(98, 'Address already in use'), None) 
2024-07-12 15:18:37,042 socket_client.py [line:55] _connect_and_send_forever INFO (OSError(98, 'Address already in use'), None) 
2024-07-12 15:18:37,042 socket_client.py [line:55] _connect_and_send_forever INFO (OSError(98, 'Address already in use'), None) 
2024-07-12 15:18:37,044 socket_client.py [line:55] _connect_and_send_forever INFO (OSError(98, 'Address already in use'), None) 
2024-07-12 15:18:37,044 socket_client.py [line:55] _connect_and_send_forever INFO (OSError(98, 'Address already in use'), None) 
2024-07-12 15:18:37,054 socket_client.py [line:55] _connect_and_send_forever INFO (OSError(98, 'Address already in use'), None) 
2024-07-12 15:18:37,054 socket_client.py [line:55] _connect_and_send_forever INFO (OSError(98, 'Address already in use'), None) 
2024-07-12 15:18:37,055 socket_client.py [line:55] _connect_and_send_forever INFO (OSError(98, 'Address already in use'), None) 
2024-07-12 15:18:37,055 socket_client.py [line:55] _connect_and_send_forever INFO (OSError(98, 'Address already in use'), None) 
2024-07-12 15:18:37,056 socket_client.py [line:55] _connect_and_send_forever INFO (OSError(98, 'Address already in use'), None) 
2024-07-12 15:18:37,056 socket_client.py [line:55] _connect_and_send_forever INFO (OSError(98, 'Address already in use'), None) 
2024-07-12 15:18:37,057 socket_client.py [line:55] _connect_and_send_forever INFO (OSError(98, 'Address already in use'), None) 
2024-07-12 15:18:37,057 socket_client.py [line:55] _connect_and_send_forever INFO (OSError(98, 'Address already in use'), None) 
2024-07-12 15:18:37,057 socket_client.py [line:55] _connect_and_send_forever INFO (OSError(98, 'Address already in use'), None) 
2024-07-12 15:18:37,058 socket_client.py [line:55] _connect_and_send_forever INFO (OSError(98, 'Address already in use'), None) 
2024-07-12 15:18:37,059 socket_client.py [line:55] _connect_and_send_forever INFO (OSError(98, 'Address already in use'), None) 
2024-07-12 15:18:37,059 socket_client.py [line:55] _connect_and_send_forever INFO (OSError(98, 'Address already in use'), None) 
2024-07-12 15:18:37,060 socket_client.py [line:55] _connect_and_send_forever INFO (OSError(98, 'Address already in use'), None) 
2024-07-12 15:18:37,061 socket_client.py [line:55] _connect_and_send_forever INFO (OSError(98, 'Address already in use'), None) 
2024-07-12 15:18:37,062 socket_client.py [line:55] _connect_and_send_forever INFO (OSError(98, 'Address already in use'), None) 
2024-07-12 15:18:37,062 socket_client.py [line:55] _connect_and_send_forever INFO (OSError(98, 'Address already in use'), None) 
2024-07-12 15:18:37,063 socket_client.py [line:55] _connect_and_send_forever INFO (OSError(98, 'Address already in use'), None) 
2024-07-12 15:18:37,066 socket_client.py [line:55] _connect_and_send_forever INFO (OSError(98, 'Address already in use'), None) 
2024-07-12 15:18:37,066 socket_client.py [line:55] _connect_and_send_forever INFO (OSError(98, 'Address already in use'), None) 
2024-07-12 15:18:37,072 socket_client.py [line:55] _connect_and_send_forever INFO (OSError(98, 'Address already in use'), None) 
2024-07-12 15:18:37,072 socket_client.py [line:55] _connect_and_send_forever INFO (OSError(98, 'Address already in use'), None) 
2024-07-12 15:18:37,073 socket_client.py [line:55] _connect_and_send_forever INFO (OSError(98, 'Address already in use'), None) 
2024-07-12 15:18:37,073 socket_client.py [line:55] _connect_and_send_forever INFO (OSError(98, 'Address already in use'), None) 
2024-07-12 15:18:37,077 socket_client.py [line:55] _connect_and_send_forever INFO (OSError(98, 'Address already in use'), None) 
2024-07-12 15:18:37,078 socket_client.py [line:55] _connect_and_send_forever INFO (OSError(98, 'Address already in use'), None) 
2024-07-12 15:18:37,078 socket_client.py [line:55] _connect_and_send_forever INFO (OSError(98, 'Address already in use'), None) 
2024-07-12 15:18:37,079 socket_client.py [line:55] _connect_and_send_forever INFO (OSError(98, 'Address already in use'), None) 
2024-07-12 15:18:37,079 socket_client.py [line:55] _connect_and_send_forever INFO (OSError(98, 'Address already in use'), None) 
2024-07-12 15:18:37,080 socket_client.py [line:55] _connect_and_send_forever INFO (OSError(98, 'Address already in use'), None) 
2024-07-12 15:18:37,081 socket_client.py [line:55] _connect_and_send_forever INFO (OSError(98, 'Address already in use'), None) 
2024-07-12 15:18:37,081 socket_client.py [line:55] _connect_and_send_forever INFO (OSError(98, 'Address already in use'), None) 
2024-07-12 15:18:37,083 socket_client.py [line:55] _connect_and_send_forever INFO (OSError(98, 'Address already in use'), None) 
2024-07-12 15:18:37,088 socket_client.py [line:55] _connect_and_send_forever INFO (OSError(98, 'Address already in use'), None) 
2024-07-12 15:18:37,088 socket_client.py [line:55] _connect_and_send_forever INFO (OSError(98, 'Address already in use'), None) 
2024-07-12 15:18:37,089 socket_client.py [line:55] _connect_and_send_forever INFO (OSError(98, 'Address already in use'), None) 
2024-07-12 15:18:37,090 socket_client.py [line:55] _connect_and_send_forever INFO (OSError(98, 'Address already in use'), None) 
2024-07-12 15:18:37,090 socket_client.py [line:55] _connect_and_send_forever INFO (OSError(98, 'Address already in use'), None) 
2024-07-12 15:18:37,091 socket_client.py [line:55] _connect_and_send_forever INFO (OSError(98, 'Address already in use'), None) 
2024-07-12 15:18:37,092 socket_client.py [line:55] _connect_and_send_forever INFO (OSError(98, 'Address already in use'), None) 
2024-07-12 15:18:37,092 socket_client.py [line:55] _connect_and_send_forever INFO (OSError(98, 'Address already in use'), None) 
2024-07-12 15:18:37,093 socket_client.py [line:55] _connect_and_send_forever INFO (OSError(98, 'Address already in use'), None) 
2024-07-12 15:18:37,093 socket_client.py [line:55] _connect_and_send_forever INFO (OSError(98, 'Address already in use'), None) 
2024-07-12 15:18:37,095 socket_client.py [line:55] _connect_and_send_forever INFO (OSError(98, 'Address already in use'), None) 
2024-07-12 15:18:37,095 socket_client.py [line:55] _connect_and_send_forever INFO (OSError(98, 'Address already in use'), None) 
2024-07-12 15:18:37,095 socket_client.py [line:55] _connect_and_send_forever INFO (OSError(98, 'Address already in use'), None) 
2024-07-12 15:18:37,097 socket_client.py [line:55] _connect_and_send_forever INFO (OSError(98, 'Address already in use'), None) 
2024-07-12 15:18:37,097 socket_client.py [line:55] _connect_and_send_forever INFO (OSError(98, 'Address already in use'), None) 
2024-07-12 15:18:37,099 socket_client.py [line:55] _connect_and_send_forever INFO (OSError(98, 'Address already in use'), None) 
2024-07-12 15:18:37,099 socket_client.py [line:55] _connect_and_send_forever INFO (OSError(98, 'Address already in use'), None) 
2024-07-12 15:18:37,102 socket_client.py [line:55] _connect_and_send_forever INFO (OSError(98, 'Address already in use'), None) 
2024-07-12 15:18:37,103 socket_client.py [line:55] _connect_and_send_forever INFO (OSError(98, 'Address already in use'), None) 
2024-07-12 15:18:37,103 socket_client.py [line:55] _connect_and_send_forever INFO (OSError(98, 'Address already in use'), None) 
2024-07-12 15:18:37,103 socket_client.py [line:55] _connect_and_send_forever INFO (OSError(98, 'Address already in use'), None) 
2024-07-12 15:18:37,104 socket_client.py [line:55] _connect_and_send_forever INFO (OSError(98, 'Address already in use'), None) 
2024-07-12 15:18:37,104 socket_client.py [line:55] _connect_and_send_forever INFO (OSError(98, 'Address already in use'), None) 
2024-07-12 15:18:37,108 socket_client.py [line:55] _connect_and_send_forever INFO (OSError(98, 'Address already in use'), None) 
2024-07-12 15:18:37,108 socket_client.py [line:55] _connect_and_send_forever INFO (OSError(98, 'Address already in use'), None) 
2024-07-12 15:18:37,108 socket_client.py [line:55] _connect_and_send_forever INFO (OSError(98, 'Address already in use'), None) 
2024-07-12 15:18:37,117 socket_client.py [line:55] _connect_and_send_forever INFO (OSError(98, 'Address already in use'), None) 
2024-07-12 15:18:37,118 socket_client.py [line:55] _connect_and_send_forever INFO (OSError(98, 'Address already in use'), None) 
2024-07-12 15:18:37,120 socket_client.py [line:55] _connect_and_send_forever INFO (OSError(98, 'Address already in use'), None) 
2024-07-12 15:18:37,121 socket_client.py [line:55] _connect_and_send_forever INFO (OSError(98, 'Address already in use'), None) 
2024-07-12 15:18:37,122 socket_client.py [line:55] _connect_and_send_forever INFO (OSError(98, 'Address already in use'), None) 
2024-07-12 15:18:37,123 socket_client.py [line:55] _connect_and_send_forever INFO (OSError(98, 'Address already in use'), None) 
2024-07-12 15:18:37,124 socket_client.py [line:55] _connect_and_send_forever INFO (OSError(98, 'Address already in use'), None) 
2024-07-12 15:18:37,124 socket_client.py [line:55] _connect_and_send_forever INFO (OSError(98, 'Address already in use'), None) 
2024-07-12 15:18:37,128 socket_client.py [line:55] _connect_and_send_forever INFO (OSError(98, 'Address already in use'), None) 
2024-07-12 15:18:37,128 socket_client.py [line:55] _connect_and_send_forever INFO (OSError(98, 'Address already in use'), None) 
2024-07-12 15:18:37,128 socket_client.py [line:55] _connect_and_send_forever INFO (OSError(98, 'Address already in use'), None) 
2024-07-12 15:18:37,128 socket_client.py [line:55] _connect_and_send_forever INFO (OSError(98, 'Address already in use'), None) 
2024-07-12 15:18:37,129 socket_client.py [line:55] _connect_and_send_forever INFO (OSError(98, 'Address already in use'), None) 
2024-07-12 15:18:37,130 socket_client.py [line:55] _connect_and_send_forever INFO (OSError(98, 'Address already in use'), None) 
2024-07-12 15:18:37,130 socket_client.py [line:55] _connect_and_send_forever INFO (OSError(98, 'Address already in use'), None) 
2024-07-12 15:18:37,133 socket_client.py [line:55] _connect_and_send_forever INFO (OSError(98, 'Address already in use'), None) 
2024-07-12 15:18:37,133 socket_client.py [line:55] _connect_and_send_forever INFO (OSError(98, 'Address already in use'), None) 
2024-07-12 15:18:37,136 socket_client.py [line:55] _connect_and_send_forever INFO (OSError(98, 'Address already in use'), None) 
2024-07-12 15:18:37,138 socket_client.py [line:55] _connect_and_send_forever INFO (OSError(98, 'Address already in use'), None) 
2024-07-12 15:18:37,138 socket_client.py [line:55] _connect_and_send_forever INFO (OSError(98, 'Address already in use'), None) 
2024-07-12 15:18:37,140 socket_client.py [line:55] _connect_and_send_forever INFO (OSError(98, 'Address already in use'), None) 
2024-07-12 15:18:37,140 socket_client.py [line:55] _connect_and_send_forever INFO (OSError(98, 'Address already in use'), None) 
2024-07-12 15:18:37,142 socket_client.py [line:55] _connect_and_send_forever INFO (OSError(98, 'Address already in use'), None) 
2024-07-12 15:18:37,142 socket_client.py [line:55] _connect_and_send_forever INFO (OSError(98, 'Address already in use'), None) 
2024-07-12 15:18:37,144 socket_client.py [line:55] _connect_and_send_forever INFO (OSError(98, 'Address already in use'), None) 
2024-07-12 15:18:37,148 socket_client.py [line:55] _connect_and_send_forever INFO (OSError(98, 'Address already in use'), None) 
2024-07-12 15:18:37,148 socket_client.py [line:55] _connect_and_send_forever INFO (OSError(98, 'Address already in use'), None) 
2024-07-12 15:18:37,150 socket_client.py [line:55] _connect_and_send_forever INFO (OSError(98, 'Address already in use'), None) 
2024-07-12 15:18:37,151 socket_client.py [line:55] _connect_and_send_forever INFO (OSError(98, 'Address already in use'), None) 
2024-07-12 15:18:37,151 socket_client.py [line:55] _connect_and_send_forever INFO (OSError(98, 'Address already in use'), None) 
2024-07-12 15:18:37,156 socket_client.py [line:55] _connect_and_send_forever INFO (OSError(98, 'Address already in use'), None) 
2024-07-12 15:18:37,157 socket_client.py [line:55] _connect_and_send_forever INFO (OSError(98, 'Address already in use'), None) 
2024-07-12 15:18:37,158 socket_client.py [line:55] _connect_and_send_forever INFO (OSError(98, 'Address already in use'), None) 
2024-07-12 15:18:37,158 socket_client.py [line:55] _connect_and_send_forever INFO (OSError(98, 'Address already in use'), None) 
2024-07-12 15:18:37,160 socket_client.py [line:55] _connect_and_send_forever INFO (OSError(98, 'Address already in use'), None) 
2024-07-12 15:18:37,160 socket_client.py [line:55] _connect_and_send_forever INFO (OSError(98, 'Address already in use'), None) 
2024-07-12 15:18:37,164 socket_client.py [line:55] _connect_and_send_forever INFO (OSError(98, 'Address already in use'), None) 
2024-07-12 15:18:37,165 socket_client.py [line:55] _connect_and_send_forever INFO (OSError(98, 'Address already in use'), None) 
2024-07-12 15:18:37,165 socket_client.py [line:55] _connect_and_send_forever INFO (OSError(98, 'Address already in use'), None) 
2024-07-12 15:18:37,165 socket_client.py [line:55] _connect_and_send_forever INFO (OSError(98, 'Address already in use'), None) 
2024-07-12 15:18:37,170 socket_client.py [line:55] _connect_and_send_forever INFO (OSError(98, 'Address already in use'), None) 
2024-07-12 15:18:37,171 socket_client.py [line:55] _connect_and_send_forever INFO (OSError(98, 'Address already in use'), None) 
2024-07-12 15:18:37,171 socket_client.py [line:55] _connect_and_send_forever INFO (OSError(98, 'Address already in use'), None) 
2024-07-12 15:18:37,171 socket_client.py [line:55] _connect_and_send_forever INFO (OSError(98, 'Address already in use'), None) 
2024-07-12 15:18:37,172 socket_client.py [line:55] _connect_and_send_forever INFO (OSError(98, 'Address already in use'), None) 
2024-07-12 15:18:37,173 socket_client.py [line:55] _connect_and_send_forever INFO (OSError(98, 'Address already in use'), None) 
2024-07-12 15:18:37,173 socket_client.py [line:55] _connect_and_send_forever INFO (OSError(98, 'Address already in use'), None) 
2024-07-12 15:18:37,176 socket_client.py [line:55] _connect_and_send_forever INFO (OSError(98, 'Address already in use'), None) 
2024-07-12 15:18:37,176 socket_client.py [line:55] _connect_and_send_forever INFO (OSError(98, 'Address already in use'), None) 
2024-07-12 15:18:37,176 socket_client.py [line:55] _connect_and_send_forever INFO (OSError(98, 'Address already in use'), None) 
2024-07-12 15:18:37,176 socket_client.py [line:55] _connect_and_send_forever INFO (OSError(98, 'Address already in use'), None) 
2024-07-12 15:18:37,177 socket_client.py [line:55] _connect_and_send_forever INFO (OSError(98, 'Address already in use'), None) 
2024-07-12 15:18:37,177 socket_client.py [line:55] _connect_and_send_forever INFO (OSError(98, 'Address already in use'), None) 
2024-07-12 15:18:37,177 socket_client.py [line:55] _connect_and_send_forever INFO (OSError(98, 'Address already in use'), None) 
2024-07-12 15:18:37,180 socket_client.py [line:55] _connect_and_send_forever INFO (OSError(98, 'Address already in use'), None) 
2024-07-12 15:18:37,180 socket_client.py [line:55] _connect_and_send_forever INFO (OSError(98, 'Address already in use'), None) 
2024-07-12 15:18:37,181 socket_client.py [line:55] _connect_and_send_forever INFO (OSError(98, 'Address already in use'), None) 
2024-07-12 15:18:37,181 socket_client.py [line:55] _connect_and_send_forever INFO (OSError(98, 'Address already in use'), None) 
2024-07-12 15:18:37,183 socket_client.py [line:55] _connect_and_send_forever INFO (OSError(98, 'Address already in use'), None) 
2024-07-12 15:18:37,183 socket_client.py [line:55] _connect_and_send_forever INFO (OSError(98, 'Address already in use'), None) 
2024-07-12 15:18:37,187 socket_client.py [line:55] _connect_and_send_forever INFO (OSError(98, 'Address already in use'), None) 
2024-07-12 15:18:37,188 socket_client.py [line:55] _connect_and_send_forever INFO (OSError(98, 'Address already in use'), None) 
2024-07-12 15:18:37,188 socket_client.py [line:55] _connect_and_send_forever INFO (OSError(98, 'Address already in use'), None) 
2024-07-12 15:18:37,191 socket_client.py [line:55] _connect_and_send_forever INFO (OSError(98, 'Address already in use'), None) 
2024-07-12 15:18:37,193 socket_client.py [line:55] _connect_and_send_forever INFO (OSError(98, 'Address already in use'), None) 
2024-07-12 15:18:37,193 socket_client.py [line:55] _connect_and_send_forever INFO (OSError(98, 'Address already in use'), None) 
2024-07-12 15:18:37,193 socket_client.py [line:55] _connect_and_send_forever INFO (OSError(98, 'Address already in use'), None) 
2024-07-12 15:18:37,196 socket_client.py [line:55] _connect_and_send_forever INFO (OSError(98, 'Address already in use'), None) 
2024-07-12 15:18:37,196 socket_client.py [line:55] _connect_and_send_forever INFO (OSError(98, 'Address already in use'), None) 
2024-07-12 15:18:37,196 socket_client.py [line:55] _connect_and_send_forever INFO (OSError(98, 'Address already in use'), None) 
2024-07-12 15:18:37,197 socket_client.py [line:55] _connect_and_send_forever INFO (OSError(98, 'Address already in use'), None) 
2024-07-12 15:18:37,197 socket_client.py [line:55] _connect_and_send_forever INFO (OSError(98, 'Address already in use'), None) 
2024-07-12 15:18:37,199 socket_client.py [line:55] _connect_and_send_forever INFO (OSError(98, 'Address already in use'), None) 
2024-07-12 15:18:37,200 socket_client.py [line:55] _connect_and_send_forever INFO (OSError(98, 'Address already in use'), None) 
2024-07-12 15:18:37,201 socket_client.py [line:55] _connect_and_send_forever INFO (OSError(98, 'Address already in use'), None) 
2024-07-12 15:18:37,202 socket_client.py [line:55] _connect_and_send_forever INFO (OSError(98, 'Address already in use'), None) 
2024-07-12 15:18:37,204 socket_client.py [line:55] _connect_and_send_forever INFO (OSError(98, 'Address already in use'), None) 
2024-07-12 15:18:37,204 socket_client.py [line:55] _connect_and_send_forever INFO (OSError(98, 'Address already in use'), None) 
2024-07-12 15:18:37,204 socket_client.py [line:55] _connect_and_send_forever INFO (OSError(98, 'Address already in use'), None) 
2024-07-12 15:18:37,208 socket_client.py [line:55] _connect_and_send_forever INFO (OSError(98, 'Address already in use'), None) 
2024-07-12 15:18:37,208 socket_client.py [line:55] _connect_and_send_forever INFO (OSError(98, 'Address already in use'), None) 
2024-07-12 15:18:37,210 socket_client.py [line:55] _connect_and_send_forever INFO (OSError(98, 'Address already in use'), None) 
2024-07-12 15:18:37,210 socket_client.py [line:55] _connect_and_send_forever INFO (OSError(98, 'Address already in use'), None) 
2024-07-12 15:18:37,212 socket_client.py [line:55] _connect_and_send_forever INFO (OSError(98, 'Address already in use'), None) 
2024-07-12 15:18:37,212 socket_client.py [line:55] _connect_and_send_forever INFO (OSError(98, 'Address already in use'), None) 
2024-07-12 15:18:37,212 socket_client.py [line:55] _connect_and_send_forever INFO (OSError(98, 'Address already in use'), None) 
2024-07-12 15:18:37,217 socket_client.py [line:55] _connect_and_send_forever INFO (OSError(98, 'Address already in use'), None) 
2024-07-12 15:18:37,217 socket_client.py [line:55] _connect_and_send_forever INFO (OSError(98, 'Address already in use'), None) 
2024-07-12 15:18:37,217 socket_client.py [line:55] _connect_and_send_forever INFO (OSError(98, 'Address already in use'), None) 
2024-07-12 15:18:37,218 socket_client.py [line:55] _connect_and_send_forever INFO (OSError(98, 'Address already in use'), None) 
2024-07-12 15:18:37,219 socket_client.py [line:55] _connect_and_send_forever INFO (OSError(98, 'Address already in use'), None) 
2024-07-12 15:18:37,220 socket_client.py [line:55] _connect_and_send_forever INFO (OSError(98, 'Address already in use'), None) 
2024-07-12 15:18:37,221 socket_client.py [line:55] _connect_and_send_forever INFO (OSError(98, 'Address already in use'), None) 
2024-07-12 15:18:37,222 socket_client.py [line:55] _connect_and_send_forever INFO (OSError(98, 'Address already in use'), None) 
2024-07-12 15:18:37,223 socket_client.py [line:55] _connect_and_send_forever INFO (OSError(98, 'Address already in use'), None) 
2024-07-12 15:18:37,223 socket_client.py [line:55] _connect_and_send_forever INFO (OSError(98, 'Address already in use'), None) 
2024-07-12 15:18:37,229 socket_client.py [line:55] _connect_and_send_forever INFO (OSError(98, 'Address already in use'), None) 
2024-07-12 15:18:37,230 socket_client.py [line:55] _connect_and_send_forever INFO (OSError(98, 'Address already in use'), None) 
2024-07-12 15:18:37,232 socket_client.py [line:55] _connect_and_send_forever INFO (OSError(98, 'Address already in use'), None) 
2024-07-12 15:18:37,239 socket_client.py [line:55] _connect_and_send_forever INFO (OSError(98, 'Address already in use'), None) 
2024-07-12 15:18:37,241 socket_client.py [line:55] _connect_and_send_forever INFO (OSError(98, 'Address already in use'), None) 
2024-07-12 15:18:37,242 socket_client.py [line:55] _connect_and_send_forever INFO (OSError(98, 'Address already in use'), None) 
2024-07-12 15:18:37,243 socket_client.py [line:55] _connect_and_send_forever INFO (OSError(98, 'Address already in use'), None) 
2024-07-12 15:18:37,243 socket_client.py [line:55] _connect_and_send_forever INFO (OSError(98, 'Address already in use'), None) 
2024-07-12 15:18:37,245 socket_client.py [line:55] _connect_and_send_forever INFO (OSError(98, 'Address already in use'), None) 
2024-07-12 15:18:37,245 socket_client.py [line:55] _connect_and_send_forever INFO (OSError(98, 'Address already in use'), None) 
2024-07-12 15:18:37,248 socket_client.py [line:55] _connect_and_send_forever INFO (OSError(98, 'Address already in use'), None) 
2024-07-12 15:18:37,248 socket_client.py [line:55] _connect_and_send_forever INFO (OSError(98, 'Address already in use'), None) 
2024-07-12 15:18:37,248 socket_client.py [line:55] _connect_and_send_forever INFO (OSError(98, 'Address already in use'), None) 
2024-07-12 15:18:37,250 socket_client.py [line:55] _connect_and_send_forever INFO (OSError(98, 'Address already in use'), None) 
2024-07-12 15:18:37,250 socket_client.py [line:55] _connect_and_send_forever INFO (OSError(98, 'Address already in use'), None) 
2024-07-12 15:18:37,253 socket_client.py [line:55] _connect_and_send_forever INFO (OSError(98, 'Address already in use'), None) 
2024-07-12 15:18:37,253 socket_client.py [line:55] _connect_and_send_forever INFO (OSError(98, 'Address already in use'), None) 
2024-07-12 15:18:37,258 socket_client.py [line:55] _connect_and_send_forever INFO (OSError(98, 'Address already in use'), None) 
2024-07-12 15:18:37,259 socket_client.py [line:55] _connect_and_send_forever INFO (OSError(98, 'Address already in use'), None) 
2024-07-12 15:18:37,259 socket_client.py [line:55] _connect_and_send_forever INFO (OSError(98, 'Address already in use'), None) 
2024-07-12 15:18:37,260 socket_client.py [line:55] _connect_and_send_forever INFO (OSError(98, 'Address already in use'), None) 
2024-07-12 15:18:37,260 socket_client.py [line:55] _connect_and_send_forever INFO (OSError(98, 'Address already in use'), None) 
2024-07-12 15:18:37,261 socket_client.py [line:55] _connect_and_send_forever INFO (OSError(98, 'Address already in use'), None) 
2024-07-12 15:18:37,262 socket_client.py [line:55] _connect_and_send_forever INFO (OSError(98, 'Address already in use'), None) 
2024-07-12 15:18:37,262 socket_client.py [line:55] _connect_and_send_forever INFO (OSError(98, 'Address already in use'), None) 
2024-07-12 15:18:37,264 socket_client.py [line:55] _connect_and_send_forever INFO (OSError(98, 'Address already in use'), None) 
2024-07-12 15:18:37,265 socket_client.py [line:55] _connect_and_send_forever INFO (OSError(98, 'Address already in use'), None) 
2024-07-12 15:18:37,269 socket_client.py [line:55] _connect_and_send_forever INFO (OSError(98, 'Address already in use'), None) 
2024-07-12 15:18:37,274 socket_client.py [line:55] _connect_and_send_forever INFO (OSError(98, 'Address already in use'), None) 
2024-07-12 15:18:37,274 socket_client.py [line:55] _connect_and_send_forever INFO (OSError(98, 'Address already in use'), None) 
2024-07-12 15:18:37,274 socket_client.py [line:55] _connect_and_send_forever INFO (OSError(98, 'Address already in use'), None) 
2024-07-12 15:18:37,274 socket_client.py [line:55] _connect_and_send_forever INFO (OSError(98, 'Address already in use'), None) 
2024-07-12 15:18:37,276 socket_client.py [line:55] _connect_and_send_forever INFO (OSError(98, 'Address already in use'), None) 
2024-07-12 15:18:37,276 socket_client.py [line:55] _connect_and_send_forever INFO (OSError(98, 'Address already in use'), None) 
2024-07-12 15:18:37,276 socket_client.py [line:55] _connect_and_send_forever INFO (OSError(98, 'Address already in use'), None) 
2024-07-12 15:18:37,278 socket_client.py [line:55] _connect_and_send_forever INFO (OSError(98, 'Address already in use'), None) 
2024-07-12 15:18:37,279 socket_client.py [line:55] _connect_and_send_forever INFO (OSError(98, 'Address already in use'), None) 
2024-07-12 15:18:37,280 socket_client.py [line:55] _connect_and_send_forever INFO (OSError(98, 'Address already in use'), None) 
2024-07-12 15:18:37,281 socket_client.py [line:55] _connect_and_send_forever INFO (OSError(98, 'Address already in use'), None) 
2024-07-12 15:18:37,282 socket_client.py [line:55] _connect_and_send_forever INFO (OSError(98, 'Address already in use'), None) 
2024-07-12 15:18:37,282 socket_client.py [line:55] _connect_and_send_forever INFO (OSError(98, 'Address already in use'), None) 
2024-07-12 15:18:37,283 socket_client.py [line:55] _connect_and_send_forever INFO (OSError(98, 'Address already in use'), None) 
2024-07-12 15:18:37,284 socket_client.py [line:55] _connect_and_send_forever INFO (OSError(98, 'Address already in use'), None) 
2024-07-12 15:18:37,284 socket_client.py [line:55] _connect_and_send_forever INFO (OSError(98, 'Address already in use'), None) 
2024-07-12 15:18:37,287 socket_client.py [line:55] _connect_and_send_forever INFO (OSError(98, 'Address already in use'), None) 
2024-07-12 15:18:37,287 socket_client.py [line:55] _connect_and_send_forever INFO (OSError(98, 'Address already in use'), None) 
2024-07-12 15:18:37,287 socket_client.py [line:55] _connect_and_send_forever INFO (OSError(98, 'Address already in use'), None) 
2024-07-12 15:18:37,289 socket_client.py [line:55] _connect_and_send_forever INFO (OSError(98, 'Address already in use'), None) 
2024-07-12 15:18:37,290 socket_client.py [line:55] _connect_and_send_forever INFO (OSError(98, 'Address already in use'), None) 
2024-07-12 15:18:37,291 socket_client.py [line:55] _connect_and_send_forever INFO (OSError(98, 'Address already in use'), None) 
2024-07-12 15:18:37,291 socket_client.py [line:55] _connect_and_send_forever INFO (OSError(98, 'Address already in use'), None) 
2024-07-12 15:18:37,295 socket_client.py [line:55] _connect_and_send_forever INFO (OSError(98, 'Address already in use'), None) 
2024-07-12 15:18:37,296 socket_client.py [line:55] _connect_and_send_forever INFO (OSError(98, 'Address already in use'), None) 
2024-07-12 15:18:37,296 socket_client.py [line:55] _connect_and_send_forever INFO (OSError(98, 'Address already in use'), None) 
2024-07-12 15:18:37,298 socket_client.py [line:55] _connect_and_send_forever INFO (OSError(98, 'Address already in use'), None) 
2024-07-12 15:18:37,300 socket_client.py [line:55] _connect_and_send_forever INFO (OSError(98, 'Address already in use'), None) 
2024-07-12 15:18:37,300 socket_client.py [line:55] _connect_and_send_forever INFO (OSError(98, 'Address already in use'), None) 
2024-07-12 15:18:37,302 socket_client.py [line:55] _connect_and_send_forever INFO (OSError(98, 'Address already in use'), None) 
2024-07-12 15:18:37,302 socket_client.py [line:55] _connect_and_send_forever INFO (OSError(98, 'Address already in use'), None) 
2024-07-12 15:18:37,303 socket_client.py [line:55] _connect_and_send_forever INFO (OSError(98, 'Address already in use'), None) 
2024-07-12 15:18:37,312 socket_client.py [line:55] _connect_and_send_forever INFO (OSError(98, 'Address already in use'), None) 
2024-07-12 15:18:37,313 socket_client.py [line:55] _connect_and_send_forever INFO (OSError(98, 'Address already in use'), None) 
2024-07-12 15:18:37,313 socket_client.py [line:55] _connect_and_send_forever INFO (OSError(98, 'Address already in use'), None) 
2024-07-12 15:18:37,315 socket_client.py [line:55] _connect_and_send_forever INFO (OSError(98, 'Address already in use'), None) 
2024-07-12 15:18:37,315 socket_client.py [line:55] _connect_and_send_forever INFO (OSError(98, 'Address already in use'), None) 
2024-07-12 15:18:37,318 socket_client.py [line:55] _connect_and_send_forever INFO (OSError(98, 'Address already in use'), None) 
2024-07-12 15:18:37,320 socket_client.py [line:55] _connect_and_send_forever INFO (OSError(98, 'Address already in use'), None) 
2024-07-12 15:18:37,323 socket_client.py [line:55] _connect_and_send_forever INFO (OSError(98, 'Address already in use'), None) 
2024-07-12 15:18:37,324 socket_client.py [line:55] _connect_and_send_forever INFO (OSError(98, 'Address already in use'), None) 
2024-07-12 15:18:37,325 socket_client.py [line:55] _connect_and_send_forever INFO (OSError(98, 'Address already in use'), None) 
2024-07-12 15:18:37,325 socket_client.py [line:55] _connect_and_send_forever INFO (OSError(98, 'Address already in use'), None) 
2024-07-12 15:18:37,332 socket_client.py [line:55] _connect_and_send_forever INFO (OSError(98, 'Address already in use'), None) 
2024-07-12 15:18:37,335 socket_client.py [line:55] _connect_and_send_forever INFO (OSError(98, 'Address already in use'), None) 
2024-07-12 15:18:37,336 socket_client.py [line:55] _connect_and_send_forever INFO (OSError(98, 'Address already in use'), None) 
2024-07-12 15:18:37,338 socket_client.py [line:55] _connect_and_send_forever INFO (OSError(98, 'Address already in use'), None) 
2024-07-12 15:18:37,339 socket_client.py [line:55] _connect_and_send_forever INFO (OSError(98, 'Address already in use'), None) 
2024-07-12 15:18:37,339 socket_client.py [line:55] _connect_and_send_forever INFO (OSError(98, 'Address already in use'), None) 
2024-07-12 15:18:37,341 socket_client.py [line:55] _connect_and_send_forever INFO (OSError(98, 'Address already in use'), None) 
2024-07-12 15:18:37,341 socket_client.py [line:55] _connect_and_send_forever INFO (OSError(98, 'Address already in use'), None) 
2024-07-12 15:18:37,344 socket_client.py [line:55] _connect_and_send_forever INFO (OSError(98, 'Address already in use'), None) 
2024-07-12 15:18:37,345 socket_client.py [line:55] _connect_and_send_forever INFO (OSError(98, 'Address already in use'), None) 
2024-07-12 15:18:37,345 socket_client.py [line:55] _connect_and_send_forever INFO (OSError(98, 'Address already in use'), None) 
2024-07-12 15:18:37,345 socket_client.py [line:55] _connect_and_send_forever INFO (OSError(98, 'Address already in use'), None) 
2024-07-12 15:18:37,350 socket_client.py [line:55] _connect_and_send_forever INFO (OSError(98, 'Address already in use'), None) 
2024-07-12 15:18:37,351 socket_client.py [line:55] _connect_and_send_forever INFO (OSError(98, 'Address already in use'), None) 
2024-07-12 15:18:37,354 socket_client.py [line:55] _connect_and_send_forever INFO (OSError(98, 'Address already in use'), None) 
2024-07-12 15:18:37,355 socket_client.py [line:55] _connect_and_send_forever INFO (OSError(98, 'Address already in use'), None) 
2024-07-12 15:18:37,355 socket_client.py [line:55] _connect_and_send_forever INFO (OSError(98, 'Address already in use'), None) 
2024-07-12 15:18:37,355 socket_client.py [line:55] _connect_and_send_forever INFO (OSError(98, 'Address already in use'), None) 
2024-07-12 15:18:37,358 socket_client.py [line:55] _connect_and_send_forever INFO (OSError(98, 'Address already in use'), None) 
2024-07-12 15:18:37,358 socket_client.py [line:55] _connect_and_send_forever INFO (OSError(98, 'Address already in use'), None) 
2024-07-12 15:18:37,359 socket_client.py [line:55] _connect_and_send_forever INFO (OSError(98, 'Address already in use'), None) 
2024-07-12 15:18:37,368 socket_client.py [line:55] _connect_and_send_forever INFO (OSError(98, 'Address already in use'), None) 
2024-07-12 15:18:37,368 socket_client.py [line:55] _connect_and_send_forever INFO (OSError(98, 'Address already in use'), None) 
2024-07-12 15:18:37,368 socket_client.py [line:55] _connect_and_send_forever INFO (OSError(98, 'Address already in use'), None) 
2024-07-12 15:18:37,369 socket_client.py [line:55] _connect_and_send_forever INFO (OSError(98, 'Address already in use'), None) 
2024-07-12 15:18:37,369 socket_client.py [line:55] _connect_and_send_forever INFO (OSError(98, 'Address already in use'), None) 
2024-07-12 15:18:37,371 socket_client.py [line:55] _connect_and_send_forever INFO (OSError(98, 'Address already in use'), None) 
2024-07-12 15:18:37,372 socket_client.py [line:55] _connect_and_send_forever INFO (OSError(98, 'Address already in use'), None) 
2024-07-12 15:18:37,373 socket_client.py [line:55] _connect_and_send_forever INFO (OSError(98, 'Address already in use'), None) 
2024-07-12 15:18:37,373 socket_client.py [line:55] _connect_and_send_forever INFO (OSError(98, 'Address already in use'), None) 
2024-07-12 15:18:37,374 socket_client.py [line:55] _connect_and_send_forever INFO (OSError(98, 'Address already in use'), None) 
2024-07-12 15:18:37,375 socket_client.py [line:55] _connect_and_send_forever INFO (OSError(98, 'Address already in use'), None) 
2024-07-12 15:18:37,375 socket_client.py [line:55] _connect_and_send_forever INFO (OSError(98, 'Address already in use'), None) 
2024-07-12 15:18:37,375 socket_client.py [line:55] _connect_and_send_forever INFO (OSError(98, 'Address already in use'), None) 
2024-07-12 15:18:37,377 socket_client.py [line:55] _connect_and_send_forever INFO (OSError(98, 'Address already in use'), None) 
2024-07-12 15:18:37,377 socket_client.py [line:55] _connect_and_send_forever INFO (OSError(98, 'Address already in use'), None) 
2024-07-12 15:18:37,380 socket_client.py [line:55] _connect_and_send_forever INFO (OSError(98, 'Address already in use'), None) 
2024-07-12 15:18:37,381 socket_client.py [line:55] _connect_and_send_forever INFO (OSError(98, 'Address already in use'), None) 
2024-07-12 15:18:37,382 socket_client.py [line:55] _connect_and_send_forever INFO (OSError(98, 'Address already in use'), None) 
2024-07-12 15:18:37,382 socket_client.py [line:55] _connect_and_send_forever INFO (OSError(98, 'Address already in use'), None) 
2024-07-12 15:18:37,384 socket_client.py [line:55] _connect_and_send_forever INFO (OSError(98, 'Address already in use'), None) 
2024-07-12 15:18:37,384 socket_client.py [line:55] _connect_and_send_forever INFO (OSError(98, 'Address already in use'), None) 
2024-07-12 15:18:37,385 socket_client.py [line:55] _connect_and_send_forever INFO (OSError(98, 'Address already in use'), None) 
2024-07-12 15:18:37,386 socket_client.py [line:55] _connect_and_send_forever INFO (OSError(98, 'Address already in use'), None) 
2024-07-12 15:18:37,387 socket_client.py [line:55] _connect_and_send_forever INFO (OSError(98, 'Address already in use'), None) 
2024-07-12 15:18:37,387 socket_client.py [line:55] _connect_and_send_forever INFO (OSError(98, 'Address already in use'), None) 
2024-07-12 15:18:37,394 socket_client.py [line:55] _connect_and_send_forever INFO (OSError(98, 'Address already in use'), None) 
2024-07-12 15:18:37,394 socket_client.py [line:55] _connect_and_send_forever INFO (OSError(98, 'Address already in use'), None) 
2024-07-12 15:18:37,395 socket_client.py [line:55] _connect_and_send_forever INFO (OSError(98, 'Address already in use'), None) 
2024-07-12 15:18:37,396 socket_client.py [line:55] _connect_and_send_forever INFO (OSError(98, 'Address already in use'), None) 
2024-07-12 15:18:37,397 socket_client.py [line:55] _connect_and_send_forever INFO (OSError(98, 'Address already in use'), None) 
2024-07-12 15:18:37,397 socket_client.py [line:55] _connect_and_send_forever INFO (OSError(98, 'Address already in use'), None) 
2024-07-12 15:18:37,400 socket_client.py [line:55] _connect_and_send_forever INFO (OSError(98, 'Address already in use'), None) 
2024-07-12 15:18:37,400 socket_client.py [line:55] _connect_and_send_forever INFO (OSError(98, 'Address already in use'), None) 
2024-07-12 15:18:37,400 socket_client.py [line:55] _connect_and_send_forever INFO (OSError(98, 'Address already in use'), None) 
2024-07-12 15:18:37,402 socket_client.py [line:55] _connect_and_send_forever INFO (OSError(98, 'Address already in use'), None) 
2024-07-12 15:18:37,403 socket_client.py [line:55] _connect_and_send_forever INFO (OSError(98, 'Address already in use'), None) 
2024-07-12 15:18:37,404 socket_client.py [line:55] _connect_and_send_forever INFO (OSError(98, 'Address already in use'), None) 
2024-07-12 15:18:37,405 socket_client.py [line:55] _connect_and_send_forever INFO (OSError(98, 'Address already in use'), None) 
2024-07-12 15:18:37,407 socket_client.py [line:55] _connect_and_send_forever INFO (OSError(98, 'Address already in use'), None) 
2024-07-12 15:18:37,407 socket_client.py [line:55] _connect_and_send_forever INFO (OSError(98, 'Address already in use'), None) 
2024-07-12 15:18:37,413 socket_client.py [line:55] _connect_and_send_forever INFO (OSError(98, 'Address already in use'), None) 
2024-07-12 15:18:37,413 socket_client.py [line:55] _connect_and_send_forever INFO (OSError(98, 'Address already in use'), None) 
2024-07-12 15:18:37,414 socket_client.py [line:55] _connect_and_send_forever INFO (OSError(98, 'Address already in use'), None) 
2024-07-12 15:18:37,415 socket_client.py [line:55] _connect_and_send_forever INFO (OSError(98, 'Address already in use'), None) 
2024-07-12 15:18:37,415 socket_client.py [line:55] _connect_and_send_forever INFO (OSError(98, 'Address already in use'), None) 
2024-07-12 15:18:37,417 socket_client.py [line:55] _connect_and_send_forever INFO (OSError(98, 'Address already in use'), None) 
2024-07-12 15:18:37,418 socket_client.py [line:55] _connect_and_send_forever INFO (OSError(98, 'Address already in use'), None) 
2024-07-12 15:18:37,418 socket_client.py [line:55] _connect_and_send_forever INFO (OSError(98, 'Address already in use'), None) 
2024-07-12 15:18:37,420 socket_client.py [line:55] _connect_and_send_forever INFO (OSError(98, 'Address already in use'), None) 
2024-07-12 15:18:37,421 socket_client.py [line:55] _connect_and_send_forever INFO (OSError(98, 'Address already in use'), None) 
2024-07-12 15:18:37,422 socket_client.py [line:55] _connect_and_send_forever INFO (OSError(98, 'Address already in use'), None) 
2024-07-12 15:18:37,424 socket_client.py [line:55] _connect_and_send_forever INFO (OSError(98, 'Address already in use'), None) 
2024-07-12 15:18:37,424 socket_client.py [line:55] _connect_and_send_forever INFO (OSError(98, 'Address already in use'), None) 
2024-07-12 15:18:37,426 socket_client.py [line:55] _connect_and_send_forever INFO (OSError(98, 'Address already in use'), None) 
2024-07-12 15:18:37,427 socket_client.py [line:55] _connect_and_send_forever INFO (OSError(98, 'Address already in use'), None) 
2024-07-12 15:18:37,433 socket_client.py [line:55] _connect_and_send_forever INFO (OSError(98, 'Address already in use'), None) 
2024-07-12 15:18:37,434 socket_client.py [line:55] _connect_and_send_forever INFO (OSError(98, 'Address already in use'), None) 
2024-07-12 15:18:37,436 socket_client.py [line:55] _connect_and_send_forever INFO (OSError(98, 'Address already in use'), None) 
2024-07-12 15:18:37,436 socket_client.py [line:55] _connect_and_send_forever INFO (OSError(98, 'Address already in use'), None) 
2024-07-12 15:18:37,438 socket_client.py [line:55] _connect_and_send_forever INFO (OSError(98, 'Address already in use'), None) 
2024-07-12 15:18:37,439 socket_client.py [line:55] _connect_and_send_forever INFO (OSError(98, 'Address already in use'), None) 
2024-07-12 15:18:37,441 socket_client.py [line:55] _connect_and_send_forever INFO (OSError(98, 'Address already in use'), None) 
2024-07-12 15:18:37,441 socket_client.py [line:55] _connect_and_send_forever INFO (OSError(98, 'Address already in use'), None) 
2024-07-12 15:18:37,441 socket_client.py [line:55] _connect_and_send_forever INFO (OSError(98, 'Address already in use'), None) 
2024-07-12 15:18:37,443 socket_client.py [line:55] _connect_and_send_forever INFO (OSError(98, 'Address already in use'), None) 
2024-07-12 15:18:37,443 socket_client.py [line:55] _connect_and_send_forever INFO (OSError(98, 'Address already in use'), None) 
2024-07-12 15:18:37,445 socket_client.py [line:55] _connect_and_send_forever INFO (OSError(98, 'Address already in use'), None) 
2024-07-12 15:18:37,445 socket_client.py [line:55] _connect_and_send_forever INFO (OSError(98, 'Address already in use'), None) 
2024-07-12 15:18:37,451 socket_client.py [line:55] _connect_and_send_forever INFO (OSError(98, 'Address already in use'), None) 
2024-07-12 15:18:37,452 socket_client.py [line:55] _connect_and_send_forever INFO (OSError(98, 'Address already in use'), None) 
2024-07-12 15:18:37,452 socket_client.py [line:55] _connect_and_send_forever INFO (OSError(98, 'Address already in use'), None) 
2024-07-12 15:18:37,455 socket_client.py [line:55] _connect_and_send_forever INFO (OSError(98, 'Address already in use'), None) 
2024-07-12 15:18:37,456 socket_client.py [line:55] _connect_and_send_forever INFO (OSError(98, 'Address already in use'), None) 
2024-07-12 15:18:37,456 socket_client.py [line:55] _connect_and_send_forever INFO (OSError(98, 'Address already in use'), None) 
2024-07-12 15:18:37,456 socket_client.py [line:55] _connect_and_send_forever INFO (OSError(98, 'Address already in use'), None) 
2024-07-12 15:18:37,456 socket_client.py [line:55] _connect_and_send_forever INFO (OSError(98, 'Address already in use'), None) 
2024-07-12 15:18:37,457 socket_client.py [line:55] _connect_and_send_forever INFO (OSError(98, 'Address already in use'), None) 
2024-07-12 15:18:37,457 socket_client.py [line:55] _connect_and_send_forever INFO (OSError(98, 'Address already in use'), None) 
2024-07-12 15:18:37,457 socket_client.py [line:55] _connect_and_send_forever INFO (OSError(98, 'Address already in use'), None) 
2024-07-12 15:18:37,458 socket_client.py [line:55] _connect_and_send_forever INFO (OSError(98, 'Address already in use'), None) 
2024-07-12 15:18:37,461 socket_client.py [line:55] _connect_and_send_forever INFO (OSError(98, 'Address already in use'), None) 
2024-07-12 15:18:37,461 socket_client.py [line:55] _connect_and_send_forever INFO (OSError(98, 'Address already in use'), None) 
2024-07-12 15:18:37,461 socket_client.py [line:55] _connect_and_send_forever INFO (OSError(98, 'Address already in use'), None) 
2024-07-12 15:18:37,463 socket_client.py [line:55] _connect_and_send_forever INFO (OSError(98, 'Address already in use'), None) 
2024-07-12 15:18:37,464 socket_client.py [line:55] _connect_and_send_forever INFO (OSError(98, 'Address already in use'), None) 
2024-07-12 15:18:37,465 socket_client.py [line:55] _connect_and_send_forever INFO (OSError(98, 'Address already in use'), None) 
2024-07-12 15:18:37,465 socket_client.py [line:55] _connect_and_send_forever INFO (OSError(98, 'Address already in use'), None) 
2024-07-12 15:18:37,466 socket_client.py [line:55] _connect_and_send_forever INFO (OSError(98, 'Address already in use'), None) 
2024-07-12 15:18:37,467 socket_client.py [line:55] _connect_and_send_forever INFO (OSError(98, 'Address already in use'), None) 
2024-07-12 15:18:37,468 socket_client.py [line:55] _connect_and_send_forever INFO (OSError(98, 'Address already in use'), None) 
2024-07-12 15:18:37,468 socket_client.py [line:55] _connect_and_send_forever INFO (OSError(98, 'Address already in use'), None) 
2024-07-12 15:18:37,475 socket_client.py [line:55] _connect_and_send_forever INFO (OSError(98, 'Address already in use'), None) 
2024-07-12 15:18:37,475 socket_client.py [line:55] _connect_and_send_forever INFO (OSError(98, 'Address already in use'), None) 
2024-07-12 15:18:37,476 socket_client.py [line:55] _connect_and_send_forever INFO (OSError(98, 'Address already in use'), None) 
2024-07-12 15:18:37,476 socket_client.py [line:55] _connect_and_send_forever INFO (OSError(98, 'Address already in use'), None) 
2024-07-12 15:18:37,476 socket_client.py [line:55] _connect_and_send_forever INFO (OSError(98, 'Address already in use'), None) 
2024-07-12 15:18:37,476 socket_client.py [line:55] _connect_and_send_forever INFO (OSError(98, 'Address already in use'), None) 
2024-07-12 15:18:37,476 socket_client.py [line:55] _connect_and_send_forever INFO (OSError(98, 'Address already in use'), None) 
2024-07-12 15:18:37,476 socket_client.py [line:55] _connect_and_send_forever INFO (OSError(98, 'Address already in use'), None) 
2024-07-12 15:18:37,476 socket_client.py [line:55] _connect_and_send_forever INFO (OSError(98, 'Address already in use'), None) 
2024-07-12 15:18:37,477 socket_client.py [line:55] _connect_and_send_forever INFO (OSError(98, 'Address already in use'), None) 
2024-07-12 15:18:37,477 socket_client.py [line:55] _connect_and_send_forever INFO (OSError(98, 'Address already in use'), None) 
2024-07-12 15:18:37,478 socket_client.py [line:55] _connect_and_send_forever INFO (OSError(98, 'Address already in use'), None) 
2024-07-12 15:18:37,478 socket_client.py [line:55] _connect_and_send_forever INFO (OSError(98, 'Address already in use'), None) 
2024-07-12 15:18:37,482 socket_client.py [line:55] _connect_and_send_forever INFO (OSError(98, 'Address already in use'), None) 
2024-07-12 15:18:37,482 socket_client.py [line:55] _connect_and_send_forever INFO (OSError(98, 'Address already in use'), None) 
2024-07-12 15:18:37,483 socket_client.py [line:55] _connect_and_send_forever INFO (OSError(98, 'Address already in use'), None) 
2024-07-12 15:18:37,483 socket_client.py [line:55] _connect_and_send_forever INFO (OSError(98, 'Address already in use'), None) 
2024-07-12 15:18:37,485 socket_client.py [line:55] _connect_and_send_forever INFO (OSError(98, 'Address already in use'), None) 
2024-07-12 15:18:37,485 socket_client.py [line:55] _connect_and_send_forever INFO (OSError(98, 'Address already in use'), None) 
2024-07-12 15:18:37,487 socket_client.py [line:55] _connect_and_send_forever INFO (OSError(98, 'Address already in use'), None) 
2024-07-12 15:18:37,494 socket_client.py [line:55] _connect_and_send_forever INFO (OSError(98, 'Address already in use'), None) 
2024-07-12 15:18:37,494 socket_client.py [line:55] _connect_and_send_forever INFO (OSError(98, 'Address already in use'), None) 
2024-07-12 15:18:37,494 socket_client.py [line:55] _connect_and_send_forever INFO (OSError(98, 'Address already in use'), None) 
2024-07-12 15:18:37,497 socket_client.py [line:55] _connect_and_send_forever INFO (OSError(98, 'Address already in use'), None) 
2024-07-12 15:18:37,498 socket_client.py [line:55] _connect_and_send_forever INFO (OSError(98, 'Address already in use'), None) 
2024-07-12 15:18:37,500 socket_client.py [line:55] _connect_and_send_forever INFO (OSError(98, 'Address already in use'), None) 
2024-07-12 15:18:37,505 socket_client.py [line:55] _connect_and_send_forever INFO (OSError(98, 'Address already in use'), None) 
2024-07-12 15:18:37,505 socket_client.py [line:55] _connect_and_send_forever INFO (OSError(98, 'Address already in use'), None) 
2024-07-12 15:18:37,511 socket_client.py [line:55] _connect_and_send_forever INFO (OSError(98, 'Address already in use'), None) 
2024-07-12 15:18:37,511 socket_client.py [line:55] _connect_and_send_forever INFO (OSError(98, 'Address already in use'), None) 
2024-07-12 15:18:37,511 socket_client.py [line:55] _connect_and_send_forever INFO (OSError(98, 'Address already in use'), None) 
2024-07-12 15:18:37,512 socket_client.py [line:55] _connect_and_send_forever INFO (OSError(98, 'Address already in use'), None) 
2024-07-12 15:18:37,512 socket_client.py [line:55] _connect_and_send_forever INFO (OSError(98, 'Address already in use'), None) 
2024-07-12 15:18:37,512 socket_client.py [line:55] _connect_and_send_forever INFO (OSError(98, 'Address already in use'), None) 
2024-07-12 15:18:37,512 socket_client.py [line:55] _connect_and_send_forever INFO (OSError(98, 'Address already in use'), None) 
2024-07-12 15:18:37,570 socket_client.py [line:55] _connect_and_send_forever INFO (OSError(98, 'Address already in use'), None) 
2024-07-12 15:18:37,571 socket_client.py [line:55] _connect_and_send_forever INFO (OSError(98, 'Address already in use'), None) 
2024-07-12 15:18:37,571 socket_client.py [line:55] _connect_and_send_forever INFO (OSError(98, 'Address already in use'), None) 
2024-07-12 15:18:37,572 socket_client.py [line:55] _connect_and_send_forever INFO (OSError(98, 'Address already in use'), None) 
2024-07-12 15:18:37,573 socket_client.py [line:55] _connect_and_send_forever INFO (OSError(98, 'Address already in use'), None) 
2024-07-12 15:18:37,573 socket_client.py [line:55] _connect_and_send_forever INFO (OSError(98, 'Address already in use'), None) 
2024-07-12 15:18:37,578 socket_client.py [line:55] _connect_and_send_forever INFO (OSError(98, 'Address already in use'), None) 
2024-07-12 15:18:37,578 socket_client.py [line:55] _connect_and_send_forever INFO (OSError(98, 'Address already in use'), None) 
2024-07-12 15:18:37,580 socket_client.py [line:55] _connect_and_send_forever INFO (OSError(98, 'Address already in use'), None) 
2024-07-12 15:18:37,580 socket_client.py [line:55] _connect_and_send_forever INFO (OSError(98, 'Address already in use'), None) 
2024-07-12 15:18:37,584 socket_client.py [line:55] _connect_and_send_forever INFO (OSError(98, 'Address already in use'), None) 
2024-07-12 15:18:37,584 socket_client.py [line:55] _connect_and_send_forever INFO (OSError(98, 'Address already in use'), None) 
2024-07-12 15:18:37,584 socket_client.py [line:55] _connect_and_send_forever INFO (OSError(98, 'Address already in use'), None) 
2024-07-12 15:18:37,585 socket_client.py [line:55] _connect_and_send_forever INFO (OSError(98, 'Address already in use'), None) 
2024-07-12 15:18:37,585 socket_client.py [line:55] _connect_and_send_forever INFO (OSError(98, 'Address already in use'), None) 
2024-07-12 15:18:37,589 socket_client.py [line:55] _connect_and_send_forever INFO (OSError(98, 'Address already in use'), None) 
2024-07-12 15:18:37,589 socket_client.py [line:55] _connect_and_send_forever INFO (OSError(98, 'Address already in use'), None) 
2024-07-12 15:18:37,591 socket_client.py [line:55] _connect_and_send_forever INFO (OSError(98, 'Address already in use'), None) 
2024-07-12 15:18:37,591 socket_client.py [line:55] _connect_and_send_forever INFO (OSError(98, 'Address already in use'), None) 
2024-07-12 15:18:37,591 socket_client.py [line:55] _connect_and_send_forever INFO (OSError(98, 'Address already in use'), None) 
2024-07-12 15:18:37,595 socket_client.py [line:55] _connect_and_send_forever INFO (OSError(98, 'Address already in use'), None) 
2024-07-12 15:18:37,595 socket_client.py [line:55] _connect_and_send_forever INFO (OSError(98, 'Address already in use'), None) 
2024-07-12 15:18:37,595 socket_client.py [line:55] _connect_and_send_forever INFO (OSError(98, 'Address already in use'), None) 
2024-07-12 15:18:37,596 socket_client.py [line:55] _connect_and_send_forever INFO (OSError(98, 'Address already in use'), None) 
2024-07-12 15:18:37,597 socket_client.py [line:55] _connect_and_send_forever INFO (OSError(98, 'Address already in use'), None) 
2024-07-12 15:18:37,597 socket_client.py [line:55] _connect_and_send_forever INFO (OSError(98, 'Address already in use'), None) 
2024-07-12 15:18:37,599 socket_client.py [line:55] _connect_and_send_forever INFO (OSError(98, 'Address already in use'), None) 
2024-07-12 15:18:37,600 socket_client.py [line:55] _connect_and_send_forever INFO (OSError(98, 'Address already in use'), None) 
2024-07-12 15:18:37,600 socket_client.py [line:55] _connect_and_send_forever INFO (OSError(98, 'Address already in use'), None) 
2024-07-12 15:18:37,602 socket_client.py [line:55] _connect_and_send_forever INFO (OSError(98, 'Address already in use'), None) 
2024-07-12 15:18:37,602 socket_client.py [line:55] _connect_and_send_forever INFO (OSError(98, 'Address already in use'), None) 
2024-07-12 15:18:37,604 socket_client.py [line:55] _connect_and_send_forever INFO (OSError(98, 'Address already in use'), None) 
2024-07-12 15:18:37,605 socket_client.py [line:55] _connect_and_send_forever INFO (OSError(98, 'Address already in use'), None) 
2024-07-12 15:18:37,608 socket_client.py [line:55] _connect_and_send_forever INFO (OSError(98, 'Address already in use'), None) 
2024-07-12 15:18:37,609 socket_client.py [line:55] _connect_and_send_forever INFO (OSError(98, 'Address already in use'), None) 
2024-07-12 15:18:37,610 socket_client.py [line:55] _connect_and_send_forever INFO (OSError(98, 'Address already in use'), None) 
2024-07-12 15:18:37,611 socket_client.py [line:55] _connect_and_send_forever INFO (OSError(98, 'Address already in use'), None) 
2024-07-12 15:18:37,611 socket_client.py [line:55] _connect_and_send_forever INFO (OSError(98, 'Address already in use'), None) 
2024-07-12 15:18:37,612 socket_client.py [line:55] _connect_and_send_forever INFO (OSError(98, 'Address already in use'), None) 
2024-07-12 15:18:37,614 socket_client.py [line:55] _connect_and_send_forever INFO (OSError(98, 'Address already in use'), None) 
2024-07-12 15:18:37,614 socket_client.py [line:55] _connect_and_send_forever INFO (OSError(98, 'Address already in use'), None) 
2024-07-12 15:18:37,617 socket_client.py [line:55] _connect_and_send_forever INFO (OSError(98, 'Address already in use'), None) 
2024-07-12 15:18:37,617 socket_client.py [line:55] _connect_and_send_forever INFO (OSError(98, 'Address already in use'), None) 
2024-07-12 15:18:37,619 socket_client.py [line:55] _connect_and_send_forever INFO (OSError(98, 'Address already in use'), None) 
2024-07-12 15:18:37,620 socket_client.py [line:55] _connect_and_send_forever INFO (OSError(98, 'Address already in use'), None) 
2024-07-12 15:18:37,621 socket_client.py [line:55] _connect_and_send_forever INFO (OSError(98, 'Address already in use'), None) 
2024-07-12 15:18:37,622 socket_client.py [line:55] _connect_and_send_forever INFO (OSError(98, 'Address already in use'), None) 
2024-07-12 15:18:37,624 socket_client.py [line:55] _connect_and_send_forever INFO (OSError(98, 'Address already in use'), None) 
2024-07-12 15:18:37,624 socket_client.py [line:55] _connect_and_send_forever INFO (OSError(98, 'Address already in use'), None) 
2024-07-12 15:18:37,628 socket_client.py [line:55] _connect_and_send_forever INFO (OSError(98, 'Address already in use'), None) 
2024-07-12 15:18:37,628 socket_client.py [line:55] _connect_and_send_forever INFO (OSError(98, 'Address already in use'), None) 
2024-07-12 15:18:37,629 socket_client.py [line:55] _connect_and_send_forever INFO (OSError(98, 'Address already in use'), None) 
2024-07-12 15:18:37,630 socket_client.py [line:55] _connect_and_send_forever INFO (OSError(98, 'Address already in use'), None) 
2024-07-12 15:18:37,631 socket_client.py [line:55] _connect_and_send_forever INFO (OSError(98, 'Address already in use'), None) 
2024-07-12 15:18:37,631 socket_client.py [line:55] _connect_and_send_forever INFO (OSError(98, 'Address already in use'), None) 
2024-07-12 15:18:37,633 socket_client.py [line:55] _connect_and_send_forever INFO (OSError(98, 'Address already in use'), None) 
2024-07-12 15:18:37,633 socket_client.py [line:55] _connect_and_send_forever INFO (OSError(98, 'Address already in use'), None) 
2024-07-12 15:18:37,635 socket_client.py [line:55] _connect_and_send_forever INFO (OSError(98, 'Address already in use'), None) 
2024-07-12 15:18:37,636 socket_client.py [line:55] _connect_and_send_forever INFO (OSError(98, 'Address already in use'), None) 
2024-07-12 15:18:37,636 socket_client.py [line:55] _connect_and_send_forever INFO (OSError(98, 'Address already in use'), None) 
2024-07-12 15:18:37,637 socket_client.py [line:55] _connect_and_send_forever INFO (OSError(98, 'Address already in use'), None) 
2024-07-12 15:18:37,639 socket_client.py [line:55] _connect_and_send_forever INFO (OSError(98, 'Address already in use'), None) 
2024-07-12 15:18:37,639 socket_client.py [line:55] _connect_and_send_forever INFO (OSError(98, 'Address already in use'), None) 
2024-07-12 15:18:37,641 socket_client.py [line:55] _connect_and_send_forever INFO (OSError(98, 'Address already in use'), None) 
2024-07-12 15:18:37,641 socket_client.py [line:55] _connect_and_send_forever INFO (OSError(98, 'Address already in use'), None) 
2024-07-12 15:18:37,643 socket_client.py [line:55] _connect_and_send_forever INFO (OSError(98, 'Address already in use'), None) 
2024-07-12 15:18:37,643 socket_client.py [line:55] _connect_and_send_forever INFO (OSError(98, 'Address already in use'), None) 
2024-07-12 15:18:37,650 socket_client.py [line:55] _connect_and_send_forever INFO (OSError(98, 'Address already in use'), None) 
2024-07-12 15:18:37,650 socket_client.py [line:55] _connect_and_send_forever INFO (OSError(98, 'Address already in use'), None) 
2024-07-12 15:18:37,651 socket_client.py [line:55] _connect_and_send_forever INFO (OSError(98, 'Address already in use'), None) 
2024-07-12 15:18:37,657 socket_client.py [line:55] _connect_and_send_forever INFO (OSError(98, 'Address already in use'), None) 
2024-07-12 15:18:37,657 socket_client.py [line:55] _connect_and_send_forever INFO (OSError(98, 'Address already in use'), None) 
2024-07-12 15:18:37,659 socket_client.py [line:55] _connect_and_send_forever INFO (OSError(98, 'Address already in use'), None) 
2024-07-12 15:18:37,659 socket_client.py [line:55] _connect_and_send_forever INFO (OSError(98, 'Address already in use'), None) 
2024-07-12 15:18:37,659 socket_client.py [line:55] _connect_and_send_forever INFO (OSError(98, 'Address already in use'), None) 
2024-07-12 15:18:37,661 socket_client.py [line:55] _connect_and_send_forever INFO (OSError(98, 'Address already in use'), None) 
2024-07-12 15:18:37,661 socket_client.py [line:55] _connect_and_send_forever INFO (OSError(98, 'Address already in use'), None) 
2024-07-12 15:18:37,663 socket_client.py [line:55] _connect_and_send_forever INFO (OSError(98, 'Address already in use'), None) 
2024-07-12 15:18:37,664 socket_client.py [line:55] _connect_and_send_forever INFO (OSError(98, 'Address already in use'), None) 
2024-07-12 15:18:37,667 socket_client.py [line:55] _connect_and_send_forever INFO (OSError(98, 'Address already in use'), None) 
2024-07-12 15:18:37,668 socket_client.py [line:55] _connect_and_send_forever INFO (OSError(98, 'Address already in use'), None) 
2024-07-12 15:18:37,669 socket_client.py [line:55] _connect_and_send_forever INFO (OSError(98, 'Address already in use'), None) 
2024-07-12 15:18:37,669 socket_client.py [line:55] _connect_and_send_forever INFO (OSError(98, 'Address already in use'), None) 
2024-07-12 15:18:37,670 socket_client.py [line:55] _connect_and_send_forever INFO (OSError(98, 'Address already in use'), None) 
2024-07-12 15:18:37,671 socket_client.py [line:55] _connect_and_send_forever INFO (OSError(98, 'Address already in use'), None) 
2024-07-12 15:18:37,678 socket_client.py [line:55] _connect_and_send_forever INFO (OSError(98, 'Address already in use'), None) 
2024-07-12 15:18:37,678 socket_client.py [line:55] _connect_and_send_forever INFO (OSError(98, 'Address already in use'), None) 
2024-07-12 15:18:37,680 socket_client.py [line:55] _connect_and_send_forever INFO (OSError(98, 'Address already in use'), None) 
2024-07-12 15:18:37,680 socket_client.py [line:55] _connect_and_send_forever INFO (OSError(98, 'Address already in use'), None) 
2024-07-12 15:18:37,680 socket_client.py [line:55] _connect_and_send_forever INFO (OSError(98, 'Address already in use'), None) 
2024-07-12 15:18:37,681 socket_client.py [line:55] _connect_and_send_forever INFO (OSError(98, 'Address already in use'), None) 
2024-07-12 15:18:37,681 socket_client.py [line:55] _connect_and_send_forever INFO (OSError(98, 'Address already in use'), None) 
2024-07-12 15:18:37,683 socket_client.py [line:55] _connect_and_send_forever INFO (OSError(98, 'Address already in use'), None) 
2024-07-12 15:18:37,683 socket_client.py [line:55] _connect_and_send_forever INFO (OSError(98, 'Address already in use'), None) 
2024-07-12 15:18:37,684 socket_client.py [line:55] _connect_and_send_forever INFO (OSError(98, 'Address already in use'), None) 
2024-07-12 15:18:37,685 socket_client.py [line:55] _connect_and_send_forever INFO (OSError(98, 'Address already in use'), None) 
2024-07-12 15:18:37,689 socket_client.py [line:55] _connect_and_send_forever INFO (OSError(98, 'Address already in use'), None) 
2024-07-12 15:18:37,690 socket_client.py [line:55] _connect_and_send_forever INFO (OSError(98, 'Address already in use'), None) 
2024-07-12 15:18:37,690 socket_client.py [line:55] _connect_and_send_forever INFO (OSError(98, 'Address already in use'), None) 
2024-07-12 15:18:37,691 socket_client.py [line:55] _connect_and_send_forever INFO (OSError(98, 'Address already in use'), None) 
2024-07-12 15:18:37,691 socket_client.py [line:55] _connect_and_send_forever INFO (OSError(98, 'Address already in use'), None) 
2024-07-12 15:18:37,692 socket_client.py [line:55] _connect_and_send_forever INFO (OSError(98, 'Address already in use'), None) 
2024-07-12 15:18:37,693 socket_client.py [line:55] _connect_and_send_forever INFO (OSError(98, 'Address already in use'), None) 
2024-07-12 15:18:37,693 socket_client.py [line:55] _connect_and_send_forever INFO (OSError(98, 'Address already in use'), None) 
2024-07-12 15:18:37,694 socket_client.py [line:55] _connect_and_send_forever INFO (OSError(98, 'Address already in use'), None) 
2024-07-12 15:18:37,694 socket_client.py [line:55] _connect_and_send_forever INFO (OSError(98, 'Address already in use'), None) 
2024-07-12 15:18:37,696 socket_client.py [line:55] _connect_and_send_forever INFO (OSError(98, 'Address already in use'), None) 
2024-07-12 15:18:37,697 socket_client.py [line:55] _connect_and_send_forever INFO (OSError(98, 'Address already in use'), None) 
2024-07-12 15:18:37,700 socket_client.py [line:55] _connect_and_send_forever INFO (OSError(98, 'Address already in use'), None) 
2024-07-12 15:18:37,701 socket_client.py [line:55] _connect_and_send_forever INFO (OSError(98, 'Address already in use'), None) 
2024-07-12 15:18:37,702 socket_client.py [line:55] _connect_and_send_forever INFO (OSError(98, 'Address already in use'), None) 
2024-07-12 15:18:37,703 socket_client.py [line:55] _connect_and_send_forever INFO (OSError(98, 'Address already in use'), None) 
2024-07-12 15:18:37,704 socket_client.py [line:55] _connect_and_send_forever INFO (OSError(98, 'Address already in use'), None) 
2024-07-12 15:18:37,707 socket_client.py [line:55] _connect_and_send_forever INFO (OSError(98, 'Address already in use'), None) 
2024-07-12 15:18:37,707 socket_client.py [line:55] _connect_and_send_forever INFO (OSError(98, 'Address already in use'), None) 
2024-07-12 15:18:37,709 socket_client.py [line:55] _connect_and_send_forever INFO (OSError(98, 'Address already in use'), None) 
2024-07-12 15:18:37,709 socket_client.py [line:55] _connect_and_send_forever INFO (OSError(98, 'Address already in use'), None) 
2024-07-12 15:18:37,710 socket_client.py [line:55] _connect_and_send_forever INFO (OSError(98, 'Address already in use'), None) 
2024-07-12 15:18:37,710 socket_client.py [line:55] _connect_and_send_forever INFO (OSError(98, 'Address already in use'), None) 
2024-07-12 15:18:37,711 socket_client.py [line:55] _connect_and_send_forever INFO (OSError(98, 'Address already in use'), None) 
2024-07-12 15:18:37,712 socket_client.py [line:55] _connect_and_send_forever INFO (OSError(98, 'Address already in use'), None) 
2024-07-12 15:18:37,712 socket_client.py [line:55] _connect_and_send_forever INFO (OSError(98, 'Address already in use'), None) 
2024-07-12 15:18:37,716 socket_client.py [line:55] _connect_and_send_forever INFO (OSError(98, 'Address already in use'), None) 
2024-07-12 15:18:37,717 socket_client.py [line:55] _connect_and_send_forever INFO (OSError(98, 'Address already in use'), None) 
2024-07-12 15:18:37,718 socket_client.py [line:55] _connect_and_send_forever INFO (OSError(98, 'Address already in use'), None) 
2024-07-12 15:18:37,719 socket_client.py [line:55] _connect_and_send_forever INFO (OSError(98, 'Address already in use'), None) 
2024-07-12 15:18:37,721 socket_client.py [line:55] _connect_and_send_forever INFO (OSError(98, 'Address already in use'), None) 
2024-07-12 15:18:37,721 socket_client.py [line:55] _connect_and_send_forever INFO (OSError(98, 'Address already in use'), None) 
2024-07-12 15:18:37,723 socket_client.py [line:55] _connect_and_send_forever INFO (OSError(98, 'Address already in use'), None) 
2024-07-12 15:18:37,723 socket_client.py [line:55] _connect_and_send_forever INFO (OSError(98, 'Address already in use'), None) 
2024-07-12 15:18:37,723 socket_client.py [line:55] _connect_and_send_forever INFO (OSError(98, 'Address already in use'), None) 
2024-07-12 15:18:37,725 socket_client.py [line:55] _connect_and_send_forever INFO (OSError(98, 'Address already in use'), None) 
2024-07-12 15:18:37,728 socket_client.py [line:55] _connect_and_send_forever INFO (OSError(98, 'Address already in use'), None) 
2024-07-12 15:18:37,729 socket_client.py [line:55] _connect_and_send_forever INFO (OSError(98, 'Address already in use'), None) 
2024-07-12 15:18:37,729 socket_client.py [line:55] _connect_and_send_forever INFO (OSError(98, 'Address already in use'), None) 
2024-07-12 15:18:37,730 socket_client.py [line:55] _connect_and_send_forever INFO (OSError(98, 'Address already in use'), None) 
2024-07-12 15:18:37,731 socket_client.py [line:55] _connect_and_send_forever INFO (OSError(98, 'Address already in use'), None) 
2024-07-12 15:18:37,733 socket_client.py [line:55] _connect_and_send_forever INFO (OSError(98, 'Address already in use'), None) 
2024-07-12 15:18:37,734 socket_client.py [line:55] _connect_and_send_forever INFO (OSError(98, 'Address already in use'), None) 
2024-07-12 15:18:37,736 socket_client.py [line:55] _connect_and_send_forever INFO (OSError(98, 'Address already in use'), None) 
2024-07-12 15:18:37,736 socket_client.py [line:55] _connect_and_send_forever INFO (OSError(98, 'Address already in use'), None) 
2024-07-12 15:18:37,738 socket_client.py [line:55] _connect_and_send_forever INFO (OSError(98, 'Address already in use'), None) 
2024-07-12 15:18:37,738 socket_client.py [line:55] _connect_and_send_forever INFO (OSError(98, 'Address already in use'), None) 
2024-07-12 15:18:37,740 socket_client.py [line:55] _connect_and_send_forever INFO (OSError(98, 'Address already in use'), None) 
2024-07-12 15:18:37,740 socket_client.py [line:55] _connect_and_send_forever INFO (OSError(98, 'Address already in use'), None) 
2024-07-12 15:18:37,741 socket_client.py [line:55] _connect_and_send_forever INFO (OSError(98, 'Address already in use'), None) 
2024-07-12 15:18:37,742 socket_client.py [line:55] _connect_and_send_forever INFO (OSError(98, 'Address already in use'), None) 
2024-07-12 15:18:37,743 socket_client.py [line:55] _connect_and_send_forever INFO (OSError(98, 'Address already in use'), None) 
2024-07-12 15:18:37,743 socket_client.py [line:55] _connect_and_send_forever INFO (OSError(98, 'Address already in use'), None) 
2024-07-12 15:18:37,744 socket_client.py [line:55] _connect_and_send_forever INFO (OSError(98, 'Address already in use'), None) 
2024-07-12 15:18:37,745 socket_client.py [line:55] _connect_and_send_forever INFO (OSError(98, 'Address already in use'), None) 
2024-07-12 15:18:37,745 socket_client.py [line:55] _connect_and_send_forever INFO (OSError(98, 'Address already in use'), None) 
2024-07-12 15:18:37,745 socket_client.py [line:55] _connect_and_send_forever INFO (OSError(98, 'Address already in use'), None) 
2024-07-12 15:18:37,749 socket_client.py [line:55] _connect_and_send_forever INFO (OSError(98, 'Address already in use'), None) 
2024-07-12 15:18:37,749 socket_client.py [line:55] _connect_and_send_forever INFO (OSError(98, 'Address already in use'), None) 
2024-07-12 15:18:37,751 socket_client.py [line:55] _connect_and_send_forever INFO (OSError(98, 'Address already in use'), None) 
2024-07-12 15:18:37,752 socket_client.py [line:55] _connect_and_send_forever INFO (OSError(98, 'Address already in use'), None) 
2024-07-12 15:18:37,752 socket_client.py [line:55] _connect_and_send_forever INFO (OSError(98, 'Address already in use'), None) 
2024-07-12 15:18:37,753 socket_client.py [line:55] _connect_and_send_forever INFO (OSError(98, 'Address already in use'), None) 
2024-07-12 15:18:37,753 socket_client.py [line:55] _connect_and_send_forever INFO (OSError(98, 'Address already in use'), None) 
2024-07-12 15:18:37,755 socket_client.py [line:55] _connect_and_send_forever INFO (OSError(98, 'Address already in use'), None) 
2024-07-12 15:18:37,757 socket_client.py [line:55] _connect_and_send_forever INFO (OSError(98, 'Address already in use'), None) 
2024-07-12 15:18:37,757 socket_client.py [line:55] _connect_and_send_forever INFO (OSError(98, 'Address already in use'), None) 
2024-07-12 15:18:37,758 socket_client.py [line:55] _connect_and_send_forever INFO (OSError(98, 'Address already in use'), None) 
2024-07-12 15:18:37,759 socket_client.py [line:55] _connect_and_send_forever INFO (OSError(98, 'Address already in use'), None) 
2024-07-12 15:18:37,762 socket_client.py [line:55] _connect_and_send_forever INFO (OSError(98, 'Address already in use'), None) 
2024-07-12 15:18:37,763 socket_client.py [line:55] _connect_and_send_forever INFO (OSError(98, 'Address already in use'), None) 
2024-07-12 15:18:37,763 socket_client.py [line:55] _connect_and_send_forever INFO (OSError(98, 'Address already in use'), None) 
2024-07-12 15:18:37,763 socket_client.py [line:55] _connect_and_send_forever INFO (OSError(98, 'Address already in use'), None) 
2024-07-12 15:18:37,765 socket_client.py [line:55] _connect_and_send_forever INFO (OSError(98, 'Address already in use'), None) 
2024-07-12 15:18:37,765 socket_client.py [line:55] _connect_and_send_forever INFO (OSError(98, 'Address already in use'), None) 
2024-07-12 15:18:37,769 socket_client.py [line:55] _connect_and_send_forever INFO (OSError(98, 'Address already in use'), None) 
2024-07-12 15:18:37,770 socket_client.py [line:55] _connect_and_send_forever INFO (OSError(98, 'Address already in use'), None) 
2024-07-12 15:18:37,771 socket_client.py [line:55] _connect_and_send_forever INFO (OSError(98, 'Address already in use'), None) 
2024-07-12 15:18:37,772 socket_client.py [line:55] _connect_and_send_forever INFO (OSError(98, 'Address already in use'), None) 
2024-07-12 15:18:37,772 socket_client.py [line:55] _connect_and_send_forever INFO (OSError(98, 'Address already in use'), None) 
2024-07-12 15:18:37,773 socket_client.py [line:55] _connect_and_send_forever INFO (OSError(98, 'Address already in use'), None) 
2024-07-12 15:18:37,773 socket_client.py [line:55] _connect_and_send_forever INFO (OSError(98, 'Address already in use'), None) 
2024-07-12 15:18:37,773 socket_client.py [line:55] _connect_and_send_forever INFO (OSError(98, 'Address already in use'), None) 
2024-07-12 15:18:37,776 socket_client.py [line:55] _connect_and_send_forever INFO (OSError(98, 'Address already in use'), None) 
2024-07-12 15:18:37,777 socket_client.py [line:55] _connect_and_send_forever INFO (OSError(98, 'Address already in use'), None) 
2024-07-12 15:18:37,777 socket_client.py [line:55] _connect_and_send_forever INFO (OSError(98, 'Address already in use'), None) 
2024-07-12 15:18:37,778 socket_client.py [line:55] _connect_and_send_forever INFO (OSError(98, 'Address already in use'), None) 
2024-07-12 15:18:37,778 socket_client.py [line:55] _connect_and_send_forever INFO (OSError(98, 'Address already in use'), None) 
2024-07-12 15:18:37,780 socket_client.py [line:55] _connect_and_send_forever INFO (OSError(98, 'Address already in use'), None) 
2024-07-12 15:18:37,780 socket_client.py [line:55] _connect_and_send_forever INFO (OSError(98, 'Address already in use'), None) 
2024-07-12 15:18:37,781 socket_client.py [line:55] _connect_and_send_forever INFO (OSError(98, 'Address already in use'), None) 
2024-07-12 15:18:37,782 socket_client.py [line:55] _connect_and_send_forever INFO (OSError(98, 'Address already in use'), None) 
2024-07-12 15:18:37,783 socket_client.py [line:55] _connect_and_send_forever INFO (OSError(98, 'Address already in use'), None) 
2024-07-12 15:18:37,783 socket_client.py [line:55] _connect_and_send_forever INFO (OSError(98, 'Address already in use'), None) 
2024-07-12 15:18:37,784 socket_client.py [line:55] _connect_and_send_forever INFO (OSError(98, 'Address already in use'), None) 
2024-07-12 15:18:37,785 socket_client.py [line:55] _connect_and_send_forever INFO (OSError(98, 'Address already in use'), None) 
2024-07-12 15:18:37,788 socket_client.py [line:55] _connect_and_send_forever INFO (OSError(98, 'Address already in use'), None) 
2024-07-12 15:18:37,794 socket_client.py [line:55] _connect_and_send_forever INFO (OSError(98, 'Address already in use'), None) 
2024-07-12 15:18:37,794 socket_client.py [line:55] _connect_and_send_forever INFO (OSError(98, 'Address already in use'), None) 
2024-07-12 15:18:37,794 socket_client.py [line:55] _connect_and_send_forever INFO (OSError(98, 'Address already in use'), None) 
2024-07-12 15:18:37,795 socket_client.py [line:55] _connect_and_send_forever INFO (OSError(98, 'Address already in use'), None) 
2024-07-12 15:18:37,796 socket_client.py [line:55] _connect_and_send_forever INFO (OSError(98, 'Address already in use'), None) 
2024-07-12 15:18:37,798 socket_client.py [line:55] _connect_and_send_forever INFO (OSError(98, 'Address already in use'), None) 
2024-07-12 15:18:37,799 socket_client.py [line:55] _connect_and_send_forever INFO (OSError(98, 'Address already in use'), None) 
2024-07-12 15:18:37,801 socket_client.py [line:55] _connect_and_send_forever INFO (OSError(98, 'Address already in use'), None) 
2024-07-12 15:18:37,801 socket_client.py [line:55] _connect_and_send_forever INFO (OSError(98, 'Address already in use'), None) 
2024-07-12 15:18:37,803 socket_client.py [line:55] _connect_and_send_forever INFO (OSError(98, 'Address already in use'), None) 
2024-07-12 15:18:37,803 socket_client.py [line:55] _connect_and_send_forever INFO (OSError(98, 'Address already in use'), None) 
2024-07-12 15:18:37,804 socket_client.py [line:55] _connect_and_send_forever INFO (OSError(98, 'Address already in use'), None) 
2024-07-12 15:18:37,805 socket_client.py [line:55] _connect_and_send_forever INFO (OSError(98, 'Address already in use'), None) 
2024-07-12 15:18:37,809 socket_client.py [line:55] _connect_and_send_forever INFO (OSError(98, 'Address already in use'), None) 
2024-07-12 15:18:37,810 socket_client.py [line:55] _connect_and_send_forever INFO (OSError(98, 'Address already in use'), None) 
2024-07-12 15:18:37,819 socket_client.py [line:55] _connect_and_send_forever INFO (OSError(98, 'Address already in use'), None) 
2024-07-12 15:18:37,819 socket_client.py [line:55] _connect_and_send_forever INFO (OSError(98, 'Address already in use'), None) 
2024-07-12 15:18:37,820 socket_client.py [line:55] _connect_and_send_forever INFO (OSError(98, 'Address already in use'), None) 
2024-07-12 15:18:37,820 socket_client.py [line:55] _connect_and_send_forever INFO (OSError(98, 'Address already in use'), None) 
2024-07-12 15:18:37,820 socket_client.py [line:55] _connect_and_send_forever INFO (OSError(98, 'Address already in use'), None) 
2024-07-12 15:18:37,821 socket_client.py [line:55] _connect_and_send_forever INFO (OSError(98, 'Address already in use'), None) 
2024-07-12 15:18:37,822 socket_client.py [line:55] _connect_and_send_forever INFO (OSError(98, 'Address already in use'), None) 
2024-07-12 15:18:37,822 socket_client.py [line:55] _connect_and_send_forever INFO (OSError(98, 'Address already in use'), None) 
2024-07-12 15:18:37,823 socket_client.py [line:55] _connect_and_send_forever INFO (OSError(98, 'Address already in use'), None) 
2024-07-12 15:18:37,824 socket_client.py [line:55] _connect_and_send_forever INFO (OSError(98, 'Address already in use'), None) 
2024-07-12 15:18:37,825 socket_client.py [line:55] _connect_and_send_forever INFO (OSError(98, 'Address already in use'), None) 
2024-07-12 15:18:37,825 socket_client.py [line:55] _connect_and_send_forever INFO (OSError(98, 'Address already in use'), None) 
2024-07-12 15:18:37,826 socket_client.py [line:55] _connect_and_send_forever INFO (OSError(98, 'Address already in use'), None) 
2024-07-12 15:18:37,828 socket_client.py [line:55] _connect_and_send_forever INFO (OSError(98, 'Address already in use'), None) 
2024-07-12 15:18:37,829 socket_client.py [line:55] _connect_and_send_forever INFO (OSError(98, 'Address already in use'), None) 
2024-07-12 15:18:37,831 socket_client.py [line:55] _connect_and_send_forever INFO (OSError(98, 'Address already in use'), None) 
2024-07-12 15:18:37,833 socket_client.py [line:55] _connect_and_send_forever INFO (OSError(98, 'Address already in use'), None) 
2024-07-12 15:18:37,834 socket_client.py [line:55] _connect_and_send_forever INFO (OSError(98, 'Address already in use'), None) 
2024-07-12 15:18:37,838 socket_client.py [line:55] _connect_and_send_forever INFO (OSError(98, 'Address already in use'), None) 
2024-07-12 15:18:37,839 socket_client.py [line:55] _connect_and_send_forever INFO (OSError(98, 'Address already in use'), None) 
2024-07-12 15:18:37,839 socket_client.py [line:55] _connect_and_send_forever INFO (OSError(98, 'Address already in use'), None) 
2024-07-12 15:18:37,839 socket_client.py [line:55] _connect_and_send_forever INFO (OSError(98, 'Address already in use'), None) 
2024-07-12 15:18:37,840 socket_client.py [line:55] _connect_and_send_forever INFO (OSError(98, 'Address already in use'), None) 
2024-07-12 15:18:37,840 socket_client.py [line:55] _connect_and_send_forever INFO (OSError(98, 'Address already in use'), None) 
2024-07-12 15:18:37,842 socket_client.py [line:55] _connect_and_send_forever INFO (OSError(98, 'Address already in use'), None) 
2024-07-12 15:18:37,842 socket_client.py [line:55] _connect_and_send_forever INFO (OSError(98, 'Address already in use'), None) 
2024-07-12 15:18:37,844 socket_client.py [line:55] _connect_and_send_forever INFO (OSError(98, 'Address already in use'), None) 
2024-07-12 15:18:37,844 socket_client.py [line:55] _connect_and_send_forever INFO (OSError(98, 'Address already in use'), None) 
2024-07-12 15:18:37,849 socket_client.py [line:55] _connect_and_send_forever INFO (OSError(98, 'Address already in use'), None) 
2024-07-12 15:18:37,850 socket_client.py [line:55] _connect_and_send_forever INFO (OSError(98, 'Address already in use'), None) 
2024-07-12 15:18:37,851 socket_client.py [line:55] _connect_and_send_forever INFO (OSError(98, 'Address already in use'), None) 
2024-07-12 15:18:37,851 socket_client.py [line:55] _connect_and_send_forever INFO (OSError(98, 'Address already in use'), None) 
2024-07-12 15:18:37,853 socket_client.py [line:55] _connect_and_send_forever INFO (OSError(98, 'Address already in use'), None) 
2024-07-12 15:18:37,853 socket_client.py [line:55] _connect_and_send_forever INFO (OSError(98, 'Address already in use'), None) 
2024-07-12 15:18:37,854 socket_client.py [line:55] _connect_and_send_forever INFO (OSError(98, 'Address already in use'), None) 
2024-07-12 15:18:37,855 socket_client.py [line:55] _connect_and_send_forever INFO (OSError(98, 'Address already in use'), None) 
2024-07-12 15:18:37,855 socket_client.py [line:55] _connect_and_send_forever INFO (OSError(98, 'Address already in use'), None) 
2024-07-12 15:18:37,857 socket_client.py [line:55] _connect_and_send_forever INFO (OSError(98, 'Address already in use'), None) 
2024-07-12 15:18:37,858 socket_client.py [line:55] _connect_and_send_forever INFO (OSError(98, 'Address already in use'), None) 
2024-07-12 15:18:37,858 socket_client.py [line:55] _connect_and_send_forever INFO (OSError(98, 'Address already in use'), None) 
2024-07-12 15:18:37,859 socket_client.py [line:55] _connect_and_send_forever INFO (OSError(98, 'Address already in use'), None) 
2024-07-12 15:18:37,859 socket_client.py [line:55] _connect_and_send_forever INFO (OSError(98, 'Address already in use'), None) 
2024-07-12 15:18:37,859 socket_client.py [line:55] _connect_and_send_forever INFO (OSError(98, 'Address already in use'), None) 
2024-07-12 15:18:37,859 socket_client.py [line:55] _connect_and_send_forever INFO (OSError(98, 'Address already in use'), None) 
2024-07-12 15:18:37,859 socket_client.py [line:55] _connect_and_send_forever INFO (OSError(98, 'Address already in use'), None) 
2024-07-12 15:18:37,861 socket_client.py [line:55] _connect_and_send_forever INFO (OSError(98, 'Address already in use'), None) 
2024-07-12 15:18:37,861 socket_client.py [line:55] _connect_and_send_forever INFO (OSError(98, 'Address already in use'), None) 
2024-07-12 15:18:37,861 socket_client.py [line:55] _connect_and_send_forever INFO (OSError(98, 'Address already in use'), None) 
2024-07-12 15:18:37,863 socket_client.py [line:55] _connect_and_send_forever INFO (OSError(98, 'Address already in use'), None) 
2024-07-12 15:18:37,864 socket_client.py [line:55] _connect_and_send_forever INFO (OSError(98, 'Address already in use'), None) 
2024-07-12 15:18:37,865 socket_client.py [line:55] _connect_and_send_forever INFO (OSError(98, 'Address already in use'), None) 
2024-07-12 15:18:37,866 socket_client.py [line:55] _connect_and_send_forever INFO (OSError(98, 'Address already in use'), None) 
2024-07-12 15:18:37,879 socket_client.py [line:55] _connect_and_send_forever INFO (OSError(98, 'Address already in use'), None) 
2024-07-12 15:18:37,879 socket_client.py [line:55] _connect_and_send_forever INFO (OSError(98, 'Address already in use'), None) 
2024-07-12 15:18:37,879 socket_client.py [line:55] _connect_and_send_forever INFO (OSError(98, 'Address already in use'), None) 
2024-07-12 15:18:37,879 socket_client.py [line:55] _connect_and_send_forever INFO (OSError(98, 'Address already in use'), None) 
2024-07-12 15:18:37,880 socket_client.py [line:55] _connect_and_send_forever INFO (OSError(98, 'Address already in use'), None) 
2024-07-12 15:18:37,880 socket_client.py [line:55] _connect_and_send_forever INFO (OSError(98, 'Address already in use'), None) 
2024-07-12 15:18:37,882 socket_client.py [line:55] _connect_and_send_forever INFO (OSError(98, 'Address already in use'), None) 
2024-07-12 15:18:37,882 socket_client.py [line:55] _connect_and_send_forever INFO (OSError(98, 'Address already in use'), None) 
2024-07-12 15:18:37,883 socket_client.py [line:55] _connect_and_send_forever INFO (OSError(98, 'Address already in use'), None) 
2024-07-12 15:18:37,884 socket_client.py [line:55] _connect_and_send_forever INFO (OSError(98, 'Address already in use'), None) 
2024-07-12 15:18:37,885 socket_client.py [line:55] _connect_and_send_forever INFO (OSError(98, 'Address already in use'), None) 
2024-07-12 15:18:37,885 socket_client.py [line:55] _connect_and_send_forever INFO (OSError(98, 'Address already in use'), None) 
2024-07-12 15:18:37,887 socket_client.py [line:55] _connect_and_send_forever INFO (OSError(98, 'Address already in use'), None) 
2024-07-12 15:18:37,888 socket_client.py [line:55] _connect_and_send_forever INFO (OSError(98, 'Address already in use'), None) 
2024-07-12 15:18:37,888 socket_client.py [line:55] _connect_and_send_forever INFO (OSError(98, 'Address already in use'), None) 
2024-07-12 15:18:37,889 socket_client.py [line:55] _connect_and_send_forever INFO (OSError(98, 'Address already in use'), None) 
2024-07-12 15:18:37,889 socket_client.py [line:55] _connect_and_send_forever INFO (OSError(98, 'Address already in use'), None) 
2024-07-12 15:18:37,892 socket_client.py [line:55] _connect_and_send_forever INFO (OSError(98, 'Address already in use'), None) 
2024-07-12 15:18:37,892 socket_client.py [line:55] _connect_and_send_forever INFO (OSError(98, 'Address already in use'), None) 
2024-07-12 15:18:37,893 socket_client.py [line:55] _connect_and_send_forever INFO (OSError(98, 'Address already in use'), None) 
2024-07-12 15:18:37,893 socket_client.py [line:55] _connect_and_send_forever INFO (OSError(98, 'Address already in use'), None) 
2024-07-12 15:18:37,893 socket_client.py [line:55] _connect_and_send_forever INFO (OSError(98, 'Address already in use'), None) 
2024-07-12 15:18:37,893 socket_client.py [line:55] _connect_and_send_forever INFO (OSError(98, 'Address already in use'), None) 
2024-07-12 15:18:37,894 socket_client.py [line:55] _connect_and_send_forever INFO (OSError(98, 'Address already in use'), None) 
2024-07-12 15:18:37,894 socket_client.py [line:55] _connect_and_send_forever INFO (OSError(98, 'Address already in use'), None) 
2024-07-12 15:18:37,894 socket_client.py [line:55] _connect_and_send_forever INFO (OSError(98, 'Address already in use'), None) 
2024-07-12 15:18:37,895 socket_client.py [line:55] _connect_and_send_forever INFO (OSError(98, 'Address already in use'), None) 
2024-07-12 15:18:37,896 socket_client.py [line:55] _connect_and_send_forever INFO (OSError(98, 'Address already in use'), None) 
2024-07-12 15:18:37,900 socket_client.py [line:55] _connect_and_send_forever INFO (OSError(98, 'Address already in use'), None) 
2024-07-12 15:18:37,900 socket_client.py [line:55] _connect_and_send_forever INFO (OSError(98, 'Address already in use'), None) 
2024-07-12 15:18:37,901 socket_client.py [line:55] _connect_and_send_forever INFO (OSError(98, 'Address already in use'), None) 
2024-07-12 15:18:37,901 socket_client.py [line:55] _connect_and_send_forever INFO (OSError(98, 'Address already in use'), None) 
2024-07-12 15:18:37,902 socket_client.py [line:55] _connect_and_send_forever INFO (OSError(98, 'Address already in use'), None) 
2024-07-12 15:18:37,902 socket_client.py [line:55] _connect_and_send_forever INFO (OSError(98, 'Address already in use'), None) 
2024-07-12 15:18:37,904 socket_client.py [line:55] _connect_and_send_forever INFO (OSError(98, 'Address already in use'), None) 
2024-07-12 15:18:37,904 socket_client.py [line:55] _connect_and_send_forever INFO (OSError(98, 'Address already in use'), None) 
2024-07-12 15:18:37,906 socket_client.py [line:55] _connect_and_send_forever INFO (OSError(98, 'Address already in use'), None) 
2024-07-12 15:18:37,906 socket_client.py [line:55] _connect_and_send_forever INFO (OSError(98, 'Address already in use'), None) 
2024-07-12 15:18:37,906 socket_client.py [line:55] _connect_and_send_forever INFO (OSError(98, 'Address already in use'), None) 
2024-07-12 15:18:37,909 socket_client.py [line:55] _connect_and_send_forever INFO (OSError(98, 'Address already in use'), None) 
2024-07-12 15:18:37,910 socket_client.py [line:55] _connect_and_send_forever INFO (OSError(98, 'Address already in use'), None) 
2024-07-12 15:18:37,910 socket_client.py [line:55] _connect_and_send_forever INFO (OSError(98, 'Address already in use'), None) 
2024-07-12 15:18:37,911 socket_client.py [line:55] _connect_and_send_forever INFO (OSError(98, 'Address already in use'), None) 
2024-07-12 15:18:37,912 socket_client.py [line:55] _connect_and_send_forever INFO (OSError(98, 'Address already in use'), None) 
2024-07-12 15:18:37,914 socket_client.py [line:55] _connect_and_send_forever INFO (OSError(98, 'Address already in use'), None) 
2024-07-12 15:18:37,921 socket_client.py [line:55] _connect_and_send_forever INFO (OSError(98, 'Address already in use'), None) 
2024-07-12 15:18:37,922 socket_client.py [line:55] _connect_and_send_forever INFO (OSError(98, 'Address already in use'), None) 
2024-07-12 15:18:37,923 socket_client.py [line:55] _connect_and_send_forever INFO (OSError(98, 'Address already in use'), None) 
2024-07-12 15:18:37,923 socket_client.py [line:55] _connect_and_send_forever INFO (OSError(98, 'Address already in use'), None) 
2024-07-12 15:18:37,925 socket_client.py [line:55] _connect_and_send_forever INFO (OSError(98, 'Address already in use'), None) 
2024-07-12 15:18:37,925 socket_client.py [line:55] _connect_and_send_forever INFO (OSError(98, 'Address already in use'), None) 
2024-07-12 15:18:37,928 socket_client.py [line:55] _connect_and_send_forever INFO (OSError(98, 'Address already in use'), None) 
2024-07-12 15:18:37,929 socket_client.py [line:55] _connect_and_send_forever INFO (OSError(98, 'Address already in use'), None) 
2024-07-12 15:18:37,929 socket_client.py [line:55] _connect_and_send_forever INFO (OSError(98, 'Address already in use'), None) 
2024-07-12 15:18:37,930 socket_client.py [line:55] _connect_and_send_forever INFO (OSError(98, 'Address already in use'), None) 
2024-07-12 15:18:37,930 socket_client.py [line:55] _connect_and_send_forever INFO (OSError(98, 'Address already in use'), None) 
2024-07-12 15:18:37,932 socket_client.py [line:55] _connect_and_send_forever INFO (OSError(98, 'Address already in use'), None) 
2024-07-12 15:18:37,933 socket_client.py [line:55] _connect_and_send_forever INFO (OSError(98, 'Address already in use'), None) 
2024-07-12 15:18:37,935 socket_client.py [line:55] _connect_and_send_forever INFO (OSError(98, 'Address already in use'), None) 
2024-07-12 15:18:37,935 socket_client.py [line:55] _connect_and_send_forever INFO (OSError(98, 'Address already in use'), None) 
2024-07-12 15:18:37,936 socket_client.py [line:55] _connect_and_send_forever INFO (OSError(98, 'Address already in use'), None) 
2024-07-12 15:18:37,937 socket_client.py [line:55] _connect_and_send_forever INFO (OSError(98, 'Address already in use'), None) 
2024-07-12 15:18:37,938 socket_client.py [line:55] _connect_and_send_forever INFO (OSError(98, 'Address already in use'), None) 
2024-07-12 15:18:37,938 socket_client.py [line:55] _connect_and_send_forever INFO (OSError(98, 'Address already in use'), None) 
2024-07-12 15:18:37,939 socket_client.py [line:55] _connect_and_send_forever INFO (OSError(98, 'Address already in use'), None) 
2024-07-12 15:18:37,940 socket_client.py [line:55] _connect_and_send_forever INFO (OSError(98, 'Address already in use'), None) 
2024-07-12 15:18:37,941 socket_client.py [line:55] _connect_and_send_forever INFO (OSError(98, 'Address already in use'), None) 
2024-07-12 15:18:37,941 socket_client.py [line:55] _connect_and_send_forever INFO (OSError(98, 'Address already in use'), None) 
2024-07-12 15:18:37,941 socket_client.py [line:55] _connect_and_send_forever INFO (OSError(98, 'Address already in use'), None) 
2024-07-12 15:18:37,943 socket_client.py [line:55] _connect_and_send_forever INFO (OSError(98, 'Address already in use'), None) 
2024-07-12 15:18:37,943 socket_client.py [line:55] _connect_and_send_forever INFO (OSError(98, 'Address already in use'), None) 
2024-07-12 15:18:37,945 socket_client.py [line:55] _connect_and_send_forever INFO (OSError(98, 'Address already in use'), None) 
2024-07-12 15:18:37,945 socket_client.py [line:55] _connect_and_send_forever INFO (OSError(98, 'Address already in use'), None) 
2024-07-12 15:18:37,949 socket_client.py [line:55] _connect_and_send_forever INFO (OSError(98, 'Address already in use'), None) 
2024-07-12 15:18:37,950 socket_client.py [line:55] _connect_and_send_forever INFO (OSError(98, 'Address already in use'), None) 
2024-07-12 15:18:37,951 socket_client.py [line:55] _connect_and_send_forever INFO (OSError(98, 'Address already in use'), None) 
2024-07-12 15:18:37,951 socket_client.py [line:55] _connect_and_send_forever INFO (OSError(98, 'Address already in use'), None) 
2024-07-12 15:18:37,952 socket_client.py [line:55] _connect_and_send_forever INFO (OSError(98, 'Address already in use'), None) 
2024-07-12 15:18:37,952 socket_client.py [line:55] _connect_and_send_forever INFO (OSError(98, 'Address already in use'), None) 
2024-07-12 15:18:37,953 socket_client.py [line:55] _connect_and_send_forever INFO (OSError(98, 'Address already in use'), None) 
2024-07-12 15:18:37,953 socket_client.py [line:55] _connect_and_send_forever INFO (OSError(98, 'Address already in use'), None) 
2024-07-12 15:18:37,953 socket_client.py [line:55] _connect_and_send_forever INFO (OSError(98, 'Address already in use'), None) 
2024-07-12 15:18:37,954 socket_client.py [line:55] _connect_and_send_forever INFO (OSError(98, 'Address already in use'), None) 
2024-07-12 15:18:37,955 socket_client.py [line:55] _connect_and_send_forever INFO (OSError(98, 'Address already in use'), None) 
2024-07-12 15:18:37,955 socket_client.py [line:55] _connect_and_send_forever INFO (OSError(98, 'Address already in use'), None) 
2024-07-12 15:18:37,955 socket_client.py [line:55] _connect_and_send_forever INFO (OSError(98, 'Address already in use'), None) 
2024-07-12 15:18:37,958 socket_client.py [line:55] _connect_and_send_forever INFO (OSError(98, 'Address already in use'), None) 
2024-07-12 15:18:37,959 socket_client.py [line:55] _connect_and_send_forever INFO (OSError(98, 'Address already in use'), None) 
2024-07-12 15:18:37,960 socket_client.py [line:55] _connect_and_send_forever INFO (OSError(98, 'Address already in use'), None) 
2024-07-12 15:18:37,961 socket_client.py [line:55] _connect_and_send_forever INFO (OSError(98, 'Address already in use'), None) 
2024-07-12 15:18:37,961 socket_client.py [line:55] _connect_and_send_forever INFO (OSError(98, 'Address already in use'), None) 
2024-07-12 15:18:37,962 socket_client.py [line:55] _connect_and_send_forever INFO (OSError(98, 'Address already in use'), None) 
2024-07-12 15:18:37,963 socket_client.py [line:55] _connect_and_send_forever INFO (OSError(98, 'Address already in use'), None) 
2024-07-12 15:18:37,964 socket_client.py [line:55] _connect_and_send_forever INFO (OSError(98, 'Address already in use'), None) 
2024-07-12 15:18:37,964 socket_client.py [line:55] _connect_and_send_forever INFO (OSError(98, 'Address already in use'), None) 
2024-07-12 15:18:37,966 socket_client.py [line:55] _connect_and_send_forever INFO (OSError(98, 'Address already in use'), None) 
2024-07-12 15:18:37,969 socket_client.py [line:55] _connect_and_send_forever INFO (OSError(98, 'Address already in use'), None) 
2024-07-12 15:18:37,970 socket_client.py [line:55] _connect_and_send_forever INFO (OSError(98, 'Address already in use'), None) 
2024-07-12 15:18:37,971 socket_client.py [line:55] _connect_and_send_forever INFO (OSError(98, 'Address already in use'), None) 
2024-07-12 15:18:37,971 socket_client.py [line:55] _connect_and_send_forever INFO (OSError(98, 'Address already in use'), None) 
2024-07-12 15:18:37,972 socket_client.py [line:55] _connect_and_send_forever INFO (OSError(98, 'Address already in use'), None) 
2024-07-12 15:18:37,973 socket_client.py [line:55] _connect_and_send_forever INFO (OSError(98, 'Address already in use'), None) 
2024-07-12 15:18:37,973 socket_client.py [line:55] _connect_and_send_forever INFO (OSError(98, 'Address already in use'), None) 
2024-07-12 15:18:37,974 socket_client.py [line:55] _connect_and_send_forever INFO (OSError(98, 'Address already in use'), None) 
2024-07-12 15:18:37,974 socket_client.py [line:55] _connect_and_send_forever INFO (OSError(98, 'Address already in use'), None) 
2024-07-12 15:18:37,975 socket_client.py [line:55] _connect_and_send_forever INFO (OSError(98, 'Address already in use'), None) 
2024-07-12 15:18:37,976 socket_client.py [line:55] _connect_and_send_forever INFO (OSError(98, 'Address already in use'), None) 
2024-07-12 15:18:37,976 socket_client.py [line:55] _connect_and_send_forever INFO (OSError(98, 'Address already in use'), None) 
2024-07-12 15:18:37,977 socket_client.py [line:55] _connect_and_send_forever INFO (OSError(98, 'Address already in use'), None) 
2024-07-12 15:18:37,983 socket_client.py [line:55] _connect_and_send_forever INFO (OSError(98, 'Address already in use'), None) 
2024-07-12 15:18:37,984 socket_client.py [line:55] _connect_and_send_forever INFO (OSError(98, 'Address already in use'), None) 
2024-07-12 15:18:37,984 socket_client.py [line:55] _connect_and_send_forever INFO (OSError(98, 'Address already in use'), None) 
2024-07-12 15:18:37,986 socket_client.py [line:55] _connect_and_send_forever INFO (OSError(98, 'Address already in use'), None) 
2024-07-12 15:18:37,986 socket_client.py [line:55] _connect_and_send_forever INFO (OSError(98, 'Address already in use'), None) 
2024-07-12 15:18:37,991 socket_client.py [line:55] _connect_and_send_forever INFO (OSError(98, 'Address already in use'), None) 
2024-07-12 15:18:37,992 socket_client.py [line:55] _connect_and_send_forever INFO (OSError(98, 'Address already in use'), None) 
2024-07-12 15:18:37,992 socket_client.py [line:55] _connect_and_send_forever INFO (OSError(98, 'Address already in use'), None) 
2024-07-12 15:18:37,992 socket_client.py [line:55] _connect_and_send_forever INFO (OSError(98, 'Address already in use'), None) 
2024-07-12 15:18:37,993 socket_client.py [line:55] _connect_and_send_forever INFO (OSError(98, 'Address already in use'), None) 
2024-07-12 15:18:37,993 socket_client.py [line:55] _connect_and_send_forever INFO (OSError(98, 'Address already in use'), None) 
2024-07-12 15:18:37,994 socket_client.py [line:55] _connect_and_send_forever INFO (OSError(98, 'Address already in use'), None) 
2024-07-12 15:18:37,995 socket_client.py [line:55] _connect_and_send_forever INFO (OSError(98, 'Address already in use'), None) 
2024-07-12 15:18:37,995 socket_client.py [line:55] _connect_and_send_forever INFO (OSError(98, 'Address already in use'), None) 
2024-07-12 15:18:37,996 socket_client.py [line:55] _connect_and_send_forever INFO (OSError(98, 'Address already in use'), None) 
2024-07-12 15:18:38,003 socket_client.py [line:55] _connect_and_send_forever INFO (OSError(98, 'Address already in use'), None) 
2024-07-12 15:18:38,003 socket_client.py [line:55] _connect_and_send_forever INFO (OSError(98, 'Address already in use'), None) 
2024-07-12 15:18:38,004 socket_client.py [line:55] _connect_and_send_forever INFO (OSError(98, 'Address already in use'), None) 
2024-07-12 15:18:38,004 socket_client.py [line:55] _connect_and_send_forever INFO (OSError(98, 'Address already in use'), None) 
2024-07-12 15:18:38,005 socket_client.py [line:55] _connect_and_send_forever INFO (OSError(98, 'Address already in use'), None) 
2024-07-12 15:18:38,005 socket_client.py [line:55] _connect_and_send_forever INFO (OSError(98, 'Address already in use'), None) 
2024-07-12 15:18:38,007 socket_client.py [line:55] _connect_and_send_forever INFO (OSError(98, 'Address already in use'), None) 
2024-07-12 15:18:38,007 socket_client.py [line:55] _connect_and_send_forever INFO (OSError(98, 'Address already in use'), None) 
2024-07-12 15:18:38,010 socket_client.py [line:55] _connect_and_send_forever INFO (OSError(98, 'Address already in use'), None) 
2024-07-12 15:18:38,010 socket_client.py [line:55] _connect_and_send_forever INFO (OSError(98, 'Address already in use'), None) 
2024-07-12 15:18:38,010 socket_client.py [line:55] _connect_and_send_forever INFO (OSError(98, 'Address already in use'), None) 
2024-07-12 15:18:38,012 socket_client.py [line:55] _connect_and_send_forever INFO (OSError(98, 'Address already in use'), None) 
2024-07-12 15:18:38,012 socket_client.py [line:55] _connect_and_send_forever INFO (OSError(98, 'Address already in use'), None) 
2024-07-12 15:18:38,012 socket_client.py [line:55] _connect_and_send_forever INFO (OSError(98, 'Address already in use'), None) 
2024-07-12 15:18:38,020 socket_client.py [line:55] _connect_and_send_forever INFO (OSError(98, 'Address already in use'), None) 
2024-07-12 15:18:38,020 socket_client.py [line:55] _connect_and_send_forever INFO (OSError(98, 'Address already in use'), None) 
2024-07-12 15:18:38,024 socket_client.py [line:55] _connect_and_send_forever INFO (OSError(98, 'Address already in use'), None) 
2024-07-12 15:18:38,024 socket_client.py [line:55] _connect_and_send_forever INFO (OSError(98, 'Address already in use'), None) 
2024-07-12 15:18:38,025 socket_client.py [line:55] _connect_and_send_forever INFO (OSError(98, 'Address already in use'), None) 
2024-07-12 15:18:38,025 socket_client.py [line:55] _connect_and_send_forever INFO (OSError(98, 'Address already in use'), None) 
2024-07-12 15:18:38,025 socket_client.py [line:55] _connect_and_send_forever INFO (OSError(98, 'Address already in use'), None) 
2024-07-12 15:18:38,025 socket_client.py [line:55] _connect_and_send_forever INFO (OSError(98, 'Address already in use'), None) 
2024-07-12 15:18:38,025 socket_client.py [line:55] _connect_and_send_forever INFO (OSError(98, 'Address already in use'), None) 
2024-07-12 15:18:38,026 socket_client.py [line:55] _connect_and_send_forever INFO (OSError(98, 'Address already in use'), None) 
2024-07-12 15:18:38,031 socket_client.py [line:55] _connect_and_send_forever INFO (OSError(98, 'Address already in use'), None) 
2024-07-12 15:18:38,032 socket_client.py [line:55] _connect_and_send_forever INFO (OSError(98, 'Address already in use'), None) 
2024-07-12 15:18:38,033 socket_client.py [line:55] _connect_and_send_forever INFO (OSError(98, 'Address already in use'), None) 
2024-07-12 15:18:38,034 socket_client.py [line:55] _connect_and_send_forever INFO (OSError(98, 'Address already in use'), None) 
2024-07-12 15:18:38,035 socket_client.py [line:55] _connect_and_send_forever INFO (OSError(98, 'Address already in use'), None) 
2024-07-12 15:18:38,042 socket_client.py [line:55] _connect_and_send_forever INFO (OSError(98, 'Address already in use'), None) 
2024-07-12 15:18:38,043 socket_client.py [line:55] _connect_and_send_forever INFO (OSError(98, 'Address already in use'), None) 
2024-07-12 15:18:38,044 socket_client.py [line:55] _connect_and_send_forever INFO (OSError(98, 'Address already in use'), None) 
2024-07-12 15:18:38,045 socket_client.py [line:55] _connect_and_send_forever INFO (OSError(98, 'Address already in use'), None) 
2024-07-12 15:18:38,047 socket_client.py [line:55] _connect_and_send_forever INFO (OSError(98, 'Address already in use'), None) 
2024-07-12 15:18:38,048 socket_client.py [line:55] _connect_and_send_forever INFO (OSError(98, 'Address already in use'), None) 
2024-07-12 15:18:38,054 socket_client.py [line:55] _connect_and_send_forever INFO (OSError(98, 'Address already in use'), None) 
2024-07-12 15:18:38,054 socket_client.py [line:55] _connect_and_send_forever INFO (OSError(98, 'Address already in use'), None) 
2024-07-12 15:18:38,054 socket_client.py [line:55] _connect_and_send_forever INFO (OSError(98, 'Address already in use'), None) 
2024-07-12 15:18:38,060 socket_client.py [line:55] _connect_and_send_forever INFO (OSError(98, 'Address already in use'), None) 
2024-07-12 15:18:38,061 socket_client.py [line:55] _connect_and_send_forever INFO (OSError(98, 'Address already in use'), None) 
2024-07-12 15:18:38,062 socket_client.py [line:55] _connect_and_send_forever INFO (OSError(98, 'Address already in use'), None) 
2024-07-12 15:18:38,063 socket_client.py [line:55] _connect_and_send_forever INFO (OSError(98, 'Address already in use'), None) 
2024-07-12 15:18:38,064 socket_client.py [line:55] _connect_and_send_forever INFO (OSError(98, 'Address already in use'), None) 
2024-07-12 15:18:38,065 socket_client.py [line:55] _connect_and_send_forever INFO (OSError(98, 'Address already in use'), None) 
2024-07-12 15:18:38,066 socket_client.py [line:55] _connect_and_send_forever INFO (OSError(98, 'Address already in use'), None) 
2024-07-12 15:18:38,066 socket_client.py [line:55] _connect_and_send_forever INFO (OSError(98, 'Address already in use'), None) 
2024-07-12 15:18:38,069 socket_client.py [line:55] _connect_and_send_forever INFO (OSError(98, 'Address already in use'), None) 
2024-07-12 15:18:38,070 socket_client.py [line:55] _connect_and_send_forever INFO (OSError(98, 'Address already in use'), None) 
2024-07-12 15:18:38,073 socket_client.py [line:55] _connect_and_send_forever INFO (OSError(98, 'Address already in use'), None) 
2024-07-12 15:18:38,073 socket_client.py [line:55] _connect_and_send_forever INFO (OSError(98, 'Address already in use'), None) 
2024-07-12 15:18:38,073 socket_client.py [line:55] _connect_and_send_forever INFO (OSError(98, 'Address already in use'), None) 
2024-07-12 15:18:38,077 socket_client.py [line:55] _connect_and_send_forever INFO (OSError(98, 'Address already in use'), None) 
2024-07-12 15:18:38,077 socket_client.py [line:55] _connect_and_send_forever INFO (OSError(98, 'Address already in use'), None) 
2024-07-12 15:18:38,078 socket_client.py [line:55] _connect_and_send_forever INFO (OSError(98, 'Address already in use'), None) 
2024-07-12 15:18:38,078 socket_client.py [line:55] _connect_and_send_forever INFO (OSError(98, 'Address already in use'), None) 
2024-07-12 15:18:38,080 socket_client.py [line:55] _connect_and_send_forever INFO (OSError(98, 'Address already in use'), None) 
2024-07-12 15:18:38,080 socket_client.py [line:55] _connect_and_send_forever INFO (OSError(98, 'Address already in use'), None) 
2024-07-12 15:18:38,084 socket_client.py [line:55] _connect_and_send_forever INFO (OSError(98, 'Address already in use'), None) 
2024-07-12 15:18:38,085 socket_client.py [line:55] _connect_and_send_forever INFO (OSError(98, 'Address already in use'), None) 
2024-07-12 15:18:38,085 socket_client.py [line:55] _connect_and_send_forever INFO (OSError(98, 'Address already in use'), None) 
2024-07-12 15:18:38,085 socket_client.py [line:55] _connect_and_send_forever INFO (OSError(98, 'Address already in use'), None) 
2024-07-12 15:18:38,085 socket_client.py [line:55] _connect_and_send_forever INFO (OSError(98, 'Address already in use'), None) 
2024-07-12 15:18:38,086 socket_client.py [line:55] _connect_and_send_forever INFO (OSError(98, 'Address already in use'), None) 
2024-07-12 15:18:38,086 socket_client.py [line:55] _connect_and_send_forever INFO (OSError(98, 'Address already in use'), None) 
2024-07-12 15:18:38,090 socket_client.py [line:55] _connect_and_send_forever INFO (OSError(98, 'Address already in use'), None) 
2024-07-12 15:18:38,091 socket_client.py [line:55] _connect_and_send_forever INFO (OSError(98, 'Address already in use'), None) 
2024-07-12 15:18:38,091 socket_client.py [line:55] _connect_and_send_forever INFO (OSError(98, 'Address already in use'), None) 
2024-07-12 15:18:38,091 socket_client.py [line:55] _connect_and_send_forever INFO (OSError(98, 'Address already in use'), None) 
2024-07-12 15:18:38,091 socket_client.py [line:55] _connect_and_send_forever INFO (OSError(98, 'Address already in use'), None) 
2024-07-12 15:18:38,092 socket_client.py [line:55] _connect_and_send_forever INFO (OSError(98, 'Address already in use'), None) 
2024-07-12 15:18:38,093 socket_client.py [line:55] _connect_and_send_forever INFO (OSError(98, 'Address already in use'), None) 
2024-07-12 15:18:38,096 socket_client.py [line:55] _connect_and_send_forever INFO (OSError(98, 'Address already in use'), None) 
2024-07-12 15:18:38,097 socket_client.py [line:55] _connect_and_send_forever INFO (OSError(98, 'Address already in use'), None) 
2024-07-12 15:18:38,097 socket_client.py [line:55] _connect_and_send_forever INFO (OSError(98, 'Address already in use'), None) 
2024-07-12 15:18:38,097 socket_client.py [line:55] _connect_and_send_forever INFO (OSError(98, 'Address already in use'), None) 
2024-07-12 15:18:38,097 socket_client.py [line:55] _connect_and_send_forever INFO (OSError(98, 'Address already in use'), None) 
2024-07-12 15:18:38,100 socket_client.py [line:55] _connect_and_send_forever INFO (OSError(98, 'Address already in use'), None) 
2024-07-12 15:18:38,101 socket_client.py [line:55] _connect_and_send_forever INFO (OSError(98, 'Address already in use'), None) 
2024-07-12 15:18:38,101 socket_client.py [line:55] _connect_and_send_forever INFO (OSError(98, 'Address already in use'), None) 
2024-07-12 15:18:38,101 socket_client.py [line:55] _connect_and_send_forever INFO (OSError(98, 'Address already in use'), None) 
2024-07-12 15:18:38,102 socket_client.py [line:55] _connect_and_send_forever INFO (OSError(98, 'Address already in use'), None) 
2024-07-12 15:18:38,103 socket_client.py [line:55] _connect_and_send_forever INFO (OSError(98, 'Address already in use'), None) 
2024-07-12 15:18:38,103 socket_client.py [line:55] _connect_and_send_forever INFO (OSError(98, 'Address already in use'), None) 
2024-07-12 15:18:38,104 socket_client.py [line:55] _connect_and_send_forever INFO (OSError(98, 'Address already in use'), None) 
2024-07-12 15:18:38,104 socket_client.py [line:55] _connect_and_send_forever INFO (OSError(98, 'Address already in use'), None) 
2024-07-12 15:18:38,105 socket_client.py [line:55] _connect_and_send_forever INFO (OSError(98, 'Address already in use'), None) 
2024-07-12 15:18:38,105 socket_client.py [line:55] _connect_and_send_forever INFO (OSError(98, 'Address already in use'), None) 
2024-07-12 15:18:38,107 socket_client.py [line:55] _connect_and_send_forever INFO (OSError(98, 'Address already in use'), None) 
2024-07-12 15:18:38,107 socket_client.py [line:55] _connect_and_send_forever INFO (OSError(98, 'Address already in use'), None) 
2024-07-12 15:18:38,107 socket_client.py [line:55] _connect_and_send_forever INFO (OSError(98, 'Address already in use'), None) 
2024-07-12 15:18:38,111 socket_client.py [line:55] _connect_and_send_forever INFO (OSError(98, 'Address already in use'), None) 
2024-07-12 15:18:38,111 socket_client.py [line:55] _connect_and_send_forever INFO (OSError(98, 'Address already in use'), None) 
2024-07-12 15:18:38,112 socket_client.py [line:55] _connect_and_send_forever INFO (OSError(98, 'Address already in use'), None) 
2024-07-12 15:18:38,112 socket_client.py [line:55] _connect_and_send_forever INFO (OSError(98, 'Address already in use'), None) 
2024-07-12 15:18:38,114 socket_client.py [line:55] _connect_and_send_forever INFO (OSError(98, 'Address already in use'), None) 
2024-07-12 15:18:38,115 socket_client.py [line:55] _connect_and_send_forever INFO (OSError(98, 'Address already in use'), None) 
2024-07-12 15:18:38,116 socket_client.py [line:55] _connect_and_send_forever INFO (OSError(98, 'Address already in use'), None) 
2024-07-12 15:18:38,117 socket_client.py [line:55] _connect_and_send_forever INFO (OSError(98, 'Address already in use'), None) 
2024-07-12 15:18:38,119 socket_client.py [line:55] _connect_and_send_forever INFO (OSError(98, 'Address already in use'), None) 
2024-07-12 15:18:38,119 socket_client.py [line:55] _connect_and_send_forever INFO (OSError(98, 'Address already in use'), None) 
2024-07-12 15:18:38,120 socket_client.py [line:55] _connect_and_send_forever INFO (OSError(98, 'Address already in use'), None) 
2024-07-12 15:18:38,121 socket_client.py [line:55] _connect_and_send_forever INFO (OSError(98, 'Address already in use'), None) 
2024-07-12 15:18:38,122 socket_client.py [line:55] _connect_and_send_forever INFO (OSError(98, 'Address already in use'), None) 
2024-07-12 15:18:38,122 socket_client.py [line:55] _connect_and_send_forever INFO (OSError(98, 'Address already in use'), None) 
2024-07-12 15:18:38,123 socket_client.py [line:55] _connect_and_send_forever INFO (OSError(98, 'Address already in use'), None) 
2024-07-12 15:18:38,125 socket_client.py [line:55] _connect_and_send_forever INFO (OSError(98, 'Address already in use'), None) 
2024-07-12 15:18:38,125 socket_client.py [line:55] _connect_and_send_forever INFO (OSError(98, 'Address already in use'), None) 
2024-07-12 15:18:38,127 socket_client.py [line:55] _connect_and_send_forever INFO (OSError(98, 'Address already in use'), None) 
2024-07-12 15:18:38,132 socket_client.py [line:55] _connect_and_send_forever INFO (OSError(98, 'Address already in use'), None) 
2024-07-12 15:18:38,132 socket_client.py [line:55] _connect_and_send_forever INFO (OSError(98, 'Address already in use'), None) 
2024-07-12 15:18:38,135 socket_client.py [line:55] _connect_and_send_forever INFO (OSError(98, 'Address already in use'), None) 
2024-07-12 15:18:38,135 socket_client.py [line:55] _connect_and_send_forever INFO (OSError(98, 'Address already in use'), None) 
2024-07-12 15:18:38,136 socket_client.py [line:55] _connect_and_send_forever INFO (OSError(98, 'Address already in use'), None) 
2024-07-12 15:18:38,137 socket_client.py [line:55] _connect_and_send_forever INFO (OSError(98, 'Address already in use'), None) 
2024-07-12 15:18:38,137 socket_client.py [line:55] _connect_and_send_forever INFO (OSError(98, 'Address already in use'), None) 
2024-07-12 15:18:38,138 socket_client.py [line:55] _connect_and_send_forever INFO (OSError(98, 'Address already in use'), None) 
2024-07-12 15:18:38,139 socket_client.py [line:55] _connect_and_send_forever INFO (OSError(98, 'Address already in use'), None) 
2024-07-12 15:18:38,140 socket_client.py [line:55] _connect_and_send_forever INFO (OSError(98, 'Address already in use'), None) 
2024-07-12 15:18:38,140 socket_client.py [line:55] _connect_and_send_forever INFO (OSError(98, 'Address already in use'), None) 
2024-07-12 15:18:38,141 socket_client.py [line:55] _connect_and_send_forever INFO (OSError(98, 'Address already in use'), None) 
2024-07-12 15:18:38,142 socket_client.py [line:55] _connect_and_send_forever INFO (OSError(98, 'Address already in use'), None) 
2024-07-12 15:18:38,143 socket_client.py [line:55] _connect_and_send_forever INFO (OSError(98, 'Address already in use'), None) 
2024-07-12 15:18:38,144 socket_client.py [line:55] _connect_and_send_forever INFO (OSError(98, 'Address already in use'), None) 
2024-07-12 15:18:38,144 socket_client.py [line:55] _connect_and_send_forever INFO (OSError(98, 'Address already in use'), None) 
2024-07-12 15:18:38,145 socket_client.py [line:55] _connect_and_send_forever INFO (OSError(98, 'Address already in use'), None) 
2024-07-12 15:18:38,146 socket_client.py [line:55] _connect_and_send_forever INFO (OSError(98, 'Address already in use'), None) 
2024-07-12 15:18:38,151 socket_client.py [line:55] _connect_and_send_forever INFO (OSError(98, 'Address already in use'), None) 
2024-07-12 15:18:38,151 socket_client.py [line:55] _connect_and_send_forever INFO (OSError(98, 'Address already in use'), None) 
2024-07-12 15:18:38,151 socket_client.py [line:55] _connect_and_send_forever INFO (OSError(98, 'Address already in use'), None) 
2024-07-12 15:18:38,152 socket_client.py [line:55] _connect_and_send_forever INFO (OSError(98, 'Address already in use'), None) 
2024-07-12 15:18:38,152 socket_client.py [line:55] _connect_and_send_forever INFO (OSError(98, 'Address already in use'), None) 
2024-07-12 15:18:38,153 socket_client.py [line:55] _connect_and_send_forever INFO (OSError(98, 'Address already in use'), None) 
2024-07-12 15:18:38,159 socket_client.py [line:55] _connect_and_send_forever INFO (OSError(98, 'Address already in use'), None) 
2024-07-12 15:18:38,159 socket_client.py [line:55] _connect_and_send_forever INFO (OSError(98, 'Address already in use'), None) 
2024-07-12 15:18:38,159 socket_client.py [line:55] _connect_and_send_forever INFO (OSError(98, 'Address already in use'), None) 
2024-07-12 15:18:38,161 socket_client.py [line:55] _connect_and_send_forever INFO (OSError(98, 'Address already in use'), None) 
2024-07-12 15:18:38,161 socket_client.py [line:55] _connect_and_send_forever INFO (OSError(98, 'Address already in use'), None) 
2024-07-12 15:18:38,164 socket_client.py [line:55] _connect_and_send_forever INFO (OSError(98, 'Address already in use'), None) 
2024-07-12 15:18:38,165 socket_client.py [line:55] _connect_and_send_forever INFO (OSError(98, 'Address already in use'), None) 
2024-07-12 15:18:38,166 socket_client.py [line:55] _connect_and_send_forever INFO (OSError(98, 'Address already in use'), None) 
2024-07-12 15:18:38,167 socket_client.py [line:55] _connect_and_send_forever INFO (OSError(98, 'Address already in use'), None) 
2024-07-12 15:18:38,170 socket_client.py [line:55] _connect_and_send_forever INFO (OSError(98, 'Address already in use'), None) 
2024-07-12 15:18:38,171 socket_client.py [line:55] _connect_and_send_forever INFO (OSError(98, 'Address already in use'), None) 
2024-07-12 15:18:38,171 socket_client.py [line:55] _connect_and_send_forever INFO (OSError(98, 'Address already in use'), None) 
2024-07-12 15:18:38,171 socket_client.py [line:55] _connect_and_send_forever INFO (OSError(98, 'Address already in use'), None) 
2024-07-12 15:18:38,181 socket_client.py [line:55] _connect_and_send_forever INFO (OSError(98, 'Address already in use'), None) 
2024-07-12 15:18:38,182 socket_client.py [line:55] _connect_and_send_forever INFO (OSError(98, 'Address already in use'), None) 
2024-07-12 15:18:38,182 socket_client.py [line:55] _connect_and_send_forever INFO (OSError(98, 'Address already in use'), None) 
2024-07-12 15:18:38,184 socket_client.py [line:55] _connect_and_send_forever INFO (OSError(98, 'Address already in use'), None) 
2024-07-12 15:18:38,184 socket_client.py [line:55] _connect_and_send_forever INFO (OSError(98, 'Address already in use'), None) 
2024-07-12 15:18:38,184 socket_client.py [line:55] _connect_and_send_forever INFO (OSError(98, 'Address already in use'), None) 
2024-07-12 15:18:38,187 socket_client.py [line:55] _connect_and_send_forever INFO (OSError(98, 'Address already in use'), None) 
2024-07-12 15:18:38,187 socket_client.py [line:55] _connect_and_send_forever INFO (OSError(98, 'Address already in use'), None) 
2024-07-12 15:18:38,187 socket_client.py [line:55] _connect_and_send_forever INFO (OSError(98, 'Address already in use'), None) 
2024-07-12 15:18:38,188 socket_client.py [line:55] _connect_and_send_forever INFO (OSError(98, 'Address already in use'), None) 
2024-07-12 15:18:38,191 socket_client.py [line:55] _connect_and_send_forever INFO (OSError(98, 'Address already in use'), None) 
2024-07-12 15:18:38,191 socket_client.py [line:55] _connect_and_send_forever INFO (OSError(98, 'Address already in use'), None) 
2024-07-12 15:18:38,195 socket_client.py [line:55] _connect_and_send_forever INFO (OSError(98, 'Address already in use'), None) 
2024-07-12 15:18:38,195 socket_client.py [line:55] _connect_and_send_forever INFO (OSError(98, 'Address already in use'), None) 
2024-07-12 15:18:38,195 socket_client.py [line:55] _connect_and_send_forever INFO (OSError(98, 'Address already in use'), None) 
2024-07-12 15:18:38,195 socket_client.py [line:55] _connect_and_send_forever INFO (OSError(98, 'Address already in use'), None) 
2024-07-12 15:18:38,199 socket_client.py [line:55] _connect_and_send_forever INFO (OSError(98, 'Address already in use'), None) 
2024-07-12 15:18:38,199 socket_client.py [line:55] _connect_and_send_forever INFO (OSError(98, 'Address already in use'), None) 
2024-07-12 15:18:38,200 socket_client.py [line:55] _connect_and_send_forever INFO (OSError(98, 'Address already in use'), None) 
2024-07-12 15:18:38,201 socket_client.py [line:55] _connect_and_send_forever INFO (OSError(98, 'Address already in use'), None) 
2024-07-12 15:18:38,202 socket_client.py [line:55] _connect_and_send_forever INFO (OSError(98, 'Address already in use'), None) 
2024-07-12 15:18:38,204 socket_client.py [line:55] _connect_and_send_forever INFO (OSError(98, 'Address already in use'), None) 
2024-07-12 15:18:38,205 socket_client.py [line:55] _connect_and_send_forever INFO (OSError(98, 'Address already in use'), None) 
2024-07-12 15:18:38,207 socket_client.py [line:55] _connect_and_send_forever INFO (OSError(98, 'Address already in use'), None) 
2024-07-12 15:18:38,207 socket_client.py [line:55] _connect_and_send_forever INFO (OSError(98, 'Address already in use'), None) 
2024-07-12 15:18:38,208 socket_client.py [line:55] _connect_and_send_forever INFO (OSError(98, 'Address already in use'), None) 
2024-07-12 15:18:38,210 socket_client.py [line:55] _connect_and_send_forever INFO (OSError(98, 'Address already in use'), None) 
2024-07-12 15:18:38,210 socket_client.py [line:55] _connect_and_send_forever INFO (OSError(98, 'Address already in use'), None) 
2024-07-12 15:18:38,212 socket_client.py [line:55] _connect_and_send_forever INFO (OSError(98, 'Address already in use'), None) 
2024-07-12 15:18:38,212 socket_client.py [line:55] _connect_and_send_forever INFO (OSError(98, 'Address already in use'), None) 
2024-07-12 15:18:38,217 socket_client.py [line:55] _connect_and_send_forever INFO (OSError(98, 'Address already in use'), None) 
2024-07-12 15:18:38,217 socket_client.py [line:55] _connect_and_send_forever INFO (OSError(98, 'Address already in use'), None) 
2024-07-12 15:18:38,218 socket_client.py [line:55] _connect_and_send_forever INFO (OSError(98, 'Address already in use'), None) 
2024-07-12 15:18:38,219 socket_client.py [line:55] _connect_and_send_forever INFO (OSError(98, 'Address already in use'), None) 
2024-07-12 15:18:38,220 socket_client.py [line:55] _connect_and_send_forever INFO (OSError(98, 'Address already in use'), None) 
2024-07-12 15:18:38,221 socket_client.py [line:55] _connect_and_send_forever INFO (OSError(98, 'Address already in use'), None) 
2024-07-12 15:18:38,222 socket_client.py [line:55] _connect_and_send_forever INFO (OSError(98, 'Address already in use'), None) 
2024-07-12 15:18:38,225 socket_client.py [line:55] _connect_and_send_forever INFO (OSError(98, 'Address already in use'), None) 
2024-07-12 15:18:38,225 socket_client.py [line:55] _connect_and_send_forever INFO (OSError(98, 'Address already in use'), None) 
2024-07-12 15:18:38,225 socket_client.py [line:55] _connect_and_send_forever INFO (OSError(98, 'Address already in use'), None) 
2024-07-12 15:18:38,226 socket_client.py [line:55] _connect_and_send_forever INFO (OSError(98, 'Address already in use'), None) 
2024-07-12 15:18:38,226 socket_client.py [line:55] _connect_and_send_forever INFO (OSError(98, 'Address already in use'), None) 
2024-07-12 15:18:38,228 socket_client.py [line:55] _connect_and_send_forever INFO (OSError(98, 'Address already in use'), None) 
2024-07-12 15:18:38,229 socket_client.py [line:55] _connect_and_send_forever INFO (OSError(98, 'Address already in use'), None) 
2024-07-12 15:18:38,233 socket_client.py [line:55] _connect_and_send_forever INFO (OSError(98, 'Address already in use'), None) 
2024-07-12 15:18:38,233 socket_client.py [line:55] _connect_and_send_forever INFO (OSError(98, 'Address already in use'), None) 
2024-07-12 15:18:38,233 socket_client.py [line:55] _connect_and_send_forever INFO (OSError(98, 'Address already in use'), None) 
2024-07-12 15:18:38,235 socket_client.py [line:55] _connect_and_send_forever INFO (OSError(98, 'Address already in use'), None) 
2024-07-12 15:18:38,235 socket_client.py [line:55] _connect_and_send_forever INFO (OSError(98, 'Address already in use'), None) 
2024-07-12 15:18:38,239 socket_client.py [line:55] _connect_and_send_forever INFO (OSError(98, 'Address already in use'), None) 
2024-07-12 15:18:38,239 socket_client.py [line:55] _connect_and_send_forever INFO (OSError(98, 'Address already in use'), None) 
2024-07-12 15:18:38,239 socket_client.py [line:55] _connect_and_send_forever INFO (OSError(98, 'Address already in use'), None) 
2024-07-12 15:18:38,239 socket_client.py [line:55] _connect_and_send_forever INFO (OSError(98, 'Address already in use'), None) 
2024-07-12 15:18:38,240 socket_client.py [line:55] _connect_and_send_forever INFO (OSError(98, 'Address already in use'), None) 
2024-07-12 15:18:38,243 socket_client.py [line:55] _connect_and_send_forever INFO (OSError(98, 'Address already in use'), None) 
2024-07-12 15:18:38,243 socket_client.py [line:55] _connect_and_send_forever INFO (OSError(98, 'Address already in use'), None) 
2024-07-12 15:18:38,243 socket_client.py [line:55] _connect_and_send_forever INFO (OSError(98, 'Address already in use'), None) 
2024-07-12 15:18:38,243 socket_client.py [line:55] _connect_and_send_forever INFO (OSError(98, 'Address already in use'), None) 
2024-07-12 15:18:38,244 socket_client.py [line:55] _connect_and_send_forever INFO (OSError(98, 'Address already in use'), None) 
2024-07-12 15:18:38,244 socket_client.py [line:55] _connect_and_send_forever INFO (OSError(98, 'Address already in use'), None) 
2024-07-12 15:18:38,245 socket_client.py [line:55] _connect_and_send_forever INFO (OSError(98, 'Address already in use'), None) 
2024-07-12 15:18:38,246 socket_client.py [line:55] _connect_and_send_forever INFO (OSError(98, 'Address already in use'), None) 
2024-07-12 15:18:38,246 socket_client.py [line:55] _connect_and_send_forever INFO (OSError(98, 'Address already in use'), None) 
2024-07-12 15:18:38,247 socket_client.py [line:55] _connect_and_send_forever INFO (OSError(98, 'Address already in use'), None) 
2024-07-12 15:18:38,248 socket_client.py [line:55] _connect_and_send_forever INFO (OSError(98, 'Address already in use'), None) 
2024-07-12 15:18:38,251 socket_client.py [line:55] _connect_and_send_forever INFO (OSError(98, 'Address already in use'), None) 
2024-07-12 15:18:38,251 socket_client.py [line:55] _connect_and_send_forever INFO (OSError(98, 'Address already in use'), None) 
2024-07-12 15:18:38,253 socket_client.py [line:55] _connect_and_send_forever INFO (OSError(98, 'Address already in use'), None) 
2024-07-12 15:18:38,253 socket_client.py [line:55] _connect_and_send_forever INFO (OSError(98, 'Address already in use'), None) 
2024-07-12 15:18:38,253 socket_client.py [line:55] _connect_and_send_forever INFO (OSError(98, 'Address already in use'), None) 
2024-07-12 15:18:38,254 socket_client.py [line:55] _connect_and_send_forever INFO (OSError(98, 'Address already in use'), None) 
2024-07-12 15:18:38,255 socket_client.py [line:55] _connect_and_send_forever INFO (OSError(98, 'Address already in use'), None) 
2024-07-12 15:18:38,258 socket_client.py [line:55] _connect_and_send_forever INFO (OSError(98, 'Address already in use'), None) 
2024-07-12 15:18:38,258 socket_client.py [line:55] _connect_and_send_forever INFO (OSError(98, 'Address already in use'), None) 
2024-07-12 15:18:38,258 socket_client.py [line:55] _connect_and_send_forever INFO (OSError(98, 'Address already in use'), None) 
2024-07-12 15:18:38,259 socket_client.py [line:55] _connect_and_send_forever INFO (OSError(98, 'Address already in use'), None) 
2024-07-12 15:18:38,259 socket_client.py [line:55] _connect_and_send_forever INFO (OSError(98, 'Address already in use'), None) 
2024-07-12 15:18:38,260 socket_client.py [line:55] _connect_and_send_forever INFO (OSError(98, 'Address already in use'), None) 
2024-07-12 15:18:38,260 socket_client.py [line:55] _connect_and_send_forever INFO (OSError(98, 'Address already in use'), None) 
2024-07-12 15:18:38,264 socket_client.py [line:55] _connect_and_send_forever INFO (OSError(98, 'Address already in use'), None) 
2024-07-12 15:18:38,264 socket_client.py [line:55] _connect_and_send_forever INFO (OSError(98, 'Address already in use'), None) 
2024-07-12 15:18:38,264 socket_client.py [line:55] _connect_and_send_forever INFO (OSError(98, 'Address already in use'), None) 
2024-07-12 15:18:38,265 socket_client.py [line:55] _connect_and_send_forever INFO (OSError(98, 'Address already in use'), None) 
2024-07-12 15:18:38,267 socket_client.py [line:55] _connect_and_send_forever INFO (OSError(98, 'Address already in use'), None) 
2024-07-12 15:18:38,268 socket_client.py [line:55] _connect_and_send_forever INFO (OSError(98, 'Address already in use'), None) 
2024-07-12 15:18:38,268 socket_client.py [line:55] _connect_and_send_forever INFO (OSError(98, 'Address already in use'), None) 
2024-07-12 15:18:38,268 socket_client.py [line:55] _connect_and_send_forever INFO (OSError(98, 'Address already in use'), None) 
2024-07-12 15:18:38,268 socket_client.py [line:55] _connect_and_send_forever INFO (OSError(98, 'Address already in use'), None) 
2024-07-12 15:18:38,270 socket_client.py [line:55] _connect_and_send_forever INFO (OSError(98, 'Address already in use'), None) 
2024-07-12 15:18:38,270 socket_client.py [line:55] _connect_and_send_forever INFO (OSError(98, 'Address already in use'), None) 
2024-07-12 15:18:38,271 socket_client.py [line:55] _connect_and_send_forever INFO (OSError(98, 'Address already in use'), None) 
2024-07-12 15:18:38,272 socket_client.py [line:55] _connect_and_send_forever INFO (OSError(98, 'Address already in use'), None) 
2024-07-12 15:18:38,273 socket_client.py [line:55] _connect_and_send_forever INFO (OSError(98, 'Address already in use'), None) 
2024-07-12 15:18:38,273 socket_client.py [line:55] _connect_and_send_forever INFO (OSError(98, 'Address already in use'), None) 
2024-07-12 15:18:38,275 socket_client.py [line:55] _connect_and_send_forever INFO (OSError(98, 'Address already in use'), None) 
2024-07-12 15:18:38,276 socket_client.py [line:55] _connect_and_send_forever INFO (OSError(98, 'Address already in use'), None) 
2024-07-12 15:18:38,276 socket_client.py [line:55] _connect_and_send_forever INFO (OSError(98, 'Address already in use'), None) 
2024-07-12 15:18:38,276 socket_client.py [line:55] _connect_and_send_forever INFO (OSError(98, 'Address already in use'), None) 
2024-07-12 15:18:38,277 socket_client.py [line:55] _connect_and_send_forever INFO (OSError(98, 'Address already in use'), None) 
2024-07-12 15:18:38,277 socket_client.py [line:55] _connect_and_send_forever INFO (OSError(98, 'Address already in use'), None) 
2024-07-12 15:18:38,278 socket_client.py [line:55] _connect_and_send_forever INFO (OSError(98, 'Address already in use'), None) 
2024-07-12 15:18:38,279 socket_client.py [line:55] _connect_and_send_forever INFO (OSError(98, 'Address already in use'), None) 
2024-07-12 15:18:38,280 socket_client.py [line:55] _connect_and_send_forever INFO (OSError(98, 'Address already in use'), None) 
2024-07-12 15:18:38,281 socket_client.py [line:55] _connect_and_send_forever INFO (OSError(98, 'Address already in use'), None) 
2024-07-12 15:18:38,282 socket_client.py [line:55] _connect_and_send_forever INFO (OSError(98, 'Address already in use'), None) 
2024-07-12 15:18:38,283 socket_client.py [line:55] _connect_and_send_forever INFO (OSError(98, 'Address already in use'), None) 
2024-07-12 15:18:38,284 socket_client.py [line:55] _connect_and_send_forever INFO (OSError(98, 'Address already in use'), None) 
2024-07-12 15:18:38,284 socket_client.py [line:55] _connect_and_send_forever INFO (OSError(98, 'Address already in use'), None) 
2024-07-12 15:18:38,286 socket_client.py [line:55] _connect_and_send_forever INFO (OSError(98, 'Address already in use'), None) 
2024-07-12 15:18:38,286 socket_client.py [line:55] _connect_and_send_forever INFO (OSError(98, 'Address already in use'), None) 
2024-07-12 15:18:38,286 socket_client.py [line:55] _connect_and_send_forever INFO (OSError(98, 'Address already in use'), None) 
2024-07-12 15:18:38,287 socket_client.py [line:55] _connect_and_send_forever INFO (OSError(98, 'Address already in use'), None) 
2024-07-12 15:18:38,300 socket_client.py [line:55] _connect_and_send_forever INFO (OSError(98, 'Address already in use'), None) 
2024-07-12 15:18:38,300 socket_client.py [line:55] _connect_and_send_forever INFO (OSError(98, 'Address already in use'), None) 
2024-07-12 15:18:38,302 socket_client.py [line:55] _connect_and_send_forever INFO (OSError(98, 'Address already in use'), None) 
2024-07-12 15:18:38,303 socket_client.py [line:55] _connect_and_send_forever INFO (OSError(98, 'Address already in use'), None) 
2024-07-12 15:18:38,307 socket_client.py [line:55] _connect_and_send_forever INFO (OSError(98, 'Address already in use'), None) 
2024-07-12 15:18:38,308 socket_client.py [line:55] _connect_and_send_forever INFO (OSError(98, 'Address already in use'), None) 
2024-07-12 15:18:38,308 socket_client.py [line:55] _connect_and_send_forever INFO (OSError(98, 'Address already in use'), None) 
2024-07-12 15:18:38,308 socket_client.py [line:55] _connect_and_send_forever INFO (OSError(98, 'Address already in use'), None) 
2024-07-12 15:18:38,308 socket_client.py [line:55] _connect_and_send_forever INFO (OSError(98, 'Address already in use'), None) 
2024-07-12 15:18:38,309 socket_client.py [line:55] _connect_and_send_forever INFO (OSError(98, 'Address already in use'), None) 
2024-07-12 15:18:38,309 socket_client.py [line:55] _connect_and_send_forever INFO (OSError(98, 'Address already in use'), None) 
2024-07-12 15:18:38,310 socket_client.py [line:55] _connect_and_send_forever INFO (OSError(98, 'Address already in use'), None) 
2024-07-12 15:18:38,310 socket_client.py [line:55] _connect_and_send_forever INFO (OSError(98, 'Address already in use'), None) 
2024-07-12 15:18:38,310 socket_client.py [line:55] _connect_and_send_forever INFO (OSError(98, 'Address already in use'), None) 
2024-07-12 15:18:38,312 socket_client.py [line:55] _connect_and_send_forever INFO (OSError(98, 'Address already in use'), None) 
2024-07-12 15:18:38,313 socket_client.py [line:55] _connect_and_send_forever INFO (OSError(98, 'Address already in use'), None) 
2024-07-12 15:18:38,313 socket_client.py [line:55] _connect_and_send_forever INFO (OSError(98, 'Address already in use'), None) 
2024-07-12 15:18:38,314 socket_client.py [line:55] _connect_and_send_forever INFO (OSError(98, 'Address already in use'), None) 
2024-07-12 15:18:38,315 socket_client.py [line:55] _connect_and_send_forever INFO (OSError(98, 'Address already in use'), None) 
2024-07-12 15:18:38,325 socket_client.py [line:55] _connect_and_send_forever INFO (OSError(98, 'Address already in use'), None) 
2024-07-12 15:18:38,325 socket_client.py [line:55] _connect_and_send_forever INFO (OSError(98, 'Address already in use'), None) 
2024-07-12 15:18:38,326 socket_client.py [line:55] _connect_and_send_forever INFO (OSError(98, 'Address already in use'), None) 
2024-07-12 15:18:38,326 socket_client.py [line:55] _connect_and_send_forever INFO (OSError(98, 'Address already in use'), None) 
2024-07-12 15:18:38,326 socket_client.py [line:55] _connect_and_send_forever INFO (OSError(98, 'Address already in use'), None) 
2024-07-12 15:18:38,326 socket_client.py [line:55] _connect_and_send_forever INFO (OSError(98, 'Address already in use'), None) 
2024-07-12 15:18:38,327 socket_client.py [line:55] _connect_and_send_forever INFO (OSError(98, 'Address already in use'), None) 
2024-07-12 15:18:38,328 socket_client.py [line:55] _connect_and_send_forever INFO (OSError(98, 'Address already in use'), None) 
2024-07-12 15:18:38,330 socket_client.py [line:55] _connect_and_send_forever INFO (OSError(98, 'Address already in use'), None) 
2024-07-12 15:18:38,331 socket_client.py [line:55] _connect_and_send_forever INFO (OSError(98, 'Address already in use'), None) 
2024-07-12 15:18:38,333 socket_client.py [line:55] _connect_and_send_forever INFO (OSError(98, 'Address already in use'), None) 
2024-07-12 15:18:38,333 socket_client.py [line:55] _connect_and_send_forever INFO (OSError(98, 'Address already in use'), None) 
2024-07-12 15:18:38,335 socket_client.py [line:55] _connect_and_send_forever INFO (OSError(98, 'Address already in use'), None) 
2024-07-12 15:18:38,335 socket_client.py [line:55] _connect_and_send_forever INFO (OSError(98, 'Address already in use'), None) 
2024-07-12 15:18:38,339 socket_client.py [line:55] _connect_and_send_forever INFO (OSError(98, 'Address already in use'), None) 
2024-07-12 15:18:38,340 socket_client.py [line:55] _connect_and_send_forever INFO (OSError(98, 'Address already in use'), None) 
2024-07-12 15:18:38,341 socket_client.py [line:55] _connect_and_send_forever INFO (OSError(98, 'Address already in use'), None) 
2024-07-12 15:18:38,342 socket_client.py [line:55] _connect_and_send_forever INFO (OSError(98, 'Address already in use'), None) 
2024-07-12 15:18:38,343 socket_client.py [line:55] _connect_and_send_forever INFO (OSError(98, 'Address already in use'), None) 
2024-07-12 15:18:38,344 socket_client.py [line:55] _connect_and_send_forever INFO (OSError(98, 'Address already in use'), None) 
2024-07-12 15:18:38,344 socket_client.py [line:55] _connect_and_send_forever INFO (OSError(98, 'Address already in use'), None) 
2024-07-12 15:18:38,345 socket_client.py [line:55] _connect_and_send_forever INFO (OSError(98, 'Address already in use'), None) 
2024-07-12 15:18:38,345 socket_client.py [line:55] _connect_and_send_forever INFO (OSError(98, 'Address already in use'), None) 
2024-07-12 15:18:38,347 socket_client.py [line:55] _connect_and_send_forever INFO (OSError(98, 'Address already in use'), None) 
2024-07-12 15:18:38,348 socket_client.py [line:55] _connect_and_send_forever INFO (OSError(98, 'Address already in use'), None) 
2024-07-12 15:18:38,348 socket_client.py [line:55] _connect_and_send_forever INFO (OSError(98, 'Address already in use'), None) 
2024-07-12 15:18:38,350 socket_client.py [line:55] _connect_and_send_forever INFO (OSError(98, 'Address already in use'), None) 
2024-07-12 15:18:38,350 socket_client.py [line:55] _connect_and_send_forever INFO (OSError(98, 'Address already in use'), None) 
2024-07-12 15:18:38,352 socket_client.py [line:55] _connect_and_send_forever INFO (OSError(98, 'Address already in use'), None) 
2024-07-12 15:18:38,353 socket_client.py [line:55] _connect_and_send_forever INFO (OSError(98, 'Address already in use'), None) 
2024-07-12 15:18:38,354 socket_client.py [line:55] _connect_and_send_forever INFO (OSError(98, 'Address already in use'), None) 
2024-07-12 15:18:38,355 socket_client.py [line:55] _connect_and_send_forever INFO (OSError(98, 'Address already in use'), None) 
2024-07-12 15:18:38,355 socket_client.py [line:55] _connect_and_send_forever INFO (OSError(98, 'Address already in use'), None) 
2024-07-12 15:18:38,360 socket_client.py [line:55] _connect_and_send_forever INFO (OSError(98, 'Address already in use'), None) 
2024-07-12 15:18:38,360 socket_client.py [line:55] _connect_and_send_forever INFO (OSError(98, 'Address already in use'), None) 
2024-07-12 15:18:38,362 socket_client.py [line:55] _connect_and_send_forever INFO (OSError(98, 'Address already in use'), None) 
2024-07-12 15:18:38,363 socket_client.py [line:55] _connect_and_send_forever INFO (OSError(98, 'Address already in use'), None) 
2024-07-12 15:18:38,365 socket_client.py [line:55] _connect_and_send_forever INFO (OSError(98, 'Address already in use'), None) 
2024-07-12 15:18:38,365 socket_client.py [line:55] _connect_and_send_forever INFO (OSError(98, 'Address already in use'), None) 
2024-07-12 15:18:38,368 socket_client.py [line:55] _connect_and_send_forever INFO (OSError(98, 'Address already in use'), None) 
2024-07-12 15:18:38,368 socket_client.py [line:55] _connect_and_send_forever INFO (OSError(98, 'Address already in use'), None) 
2024-07-12 15:18:38,369 socket_client.py [line:55] _connect_and_send_forever INFO (OSError(98, 'Address already in use'), None) 
2024-07-12 15:18:38,370 socket_client.py [line:55] _connect_and_send_forever INFO (OSError(98, 'Address already in use'), None) 
2024-07-12 15:18:38,371 socket_client.py [line:55] _connect_and_send_forever INFO (OSError(98, 'Address already in use'), None) 
2024-07-12 15:18:38,372 socket_client.py [line:55] _connect_and_send_forever INFO (OSError(98, 'Address already in use'), None) 
2024-07-12 15:18:38,373 socket_client.py [line:55] _connect_and_send_forever INFO (OSError(98, 'Address already in use'), None) 
2024-07-12 15:18:38,374 socket_client.py [line:55] _connect_and_send_forever INFO (OSError(98, 'Address already in use'), None) 
2024-07-12 15:18:38,375 socket_client.py [line:55] _connect_and_send_forever INFO (OSError(98, 'Address already in use'), None) 
2024-07-12 15:18:38,375 socket_client.py [line:55] _connect_and_send_forever INFO (OSError(98, 'Address already in use'), None) 
2024-07-12 15:18:38,384 socket_client.py [line:55] _connect_and_send_forever INFO (OSError(98, 'Address already in use'), None) 
2024-07-12 15:18:38,384 socket_client.py [line:55] _connect_and_send_forever INFO (OSError(98, 'Address already in use'), None) 
2024-07-12 15:18:38,385 socket_client.py [line:55] _connect_and_send_forever INFO (OSError(98, 'Address already in use'), None) 
2024-07-12 15:18:38,387 socket_client.py [line:55] _connect_and_send_forever INFO (OSError(98, 'Address already in use'), None) 
2024-07-12 15:18:38,387 socket_client.py [line:55] _connect_and_send_forever INFO (OSError(98, 'Address already in use'), None) 
2024-07-12 15:18:38,388 socket_client.py [line:55] _connect_and_send_forever INFO (OSError(98, 'Address already in use'), None) 
2024-07-12 15:18:38,389 socket_client.py [line:55] _connect_and_send_forever INFO (OSError(98, 'Address already in use'), None) 
2024-07-12 15:18:38,393 socket_client.py [line:55] _connect_and_send_forever INFO (OSError(98, 'Address already in use'), None) 
2024-07-12 15:18:38,393 socket_client.py [line:55] _connect_and_send_forever INFO (OSError(98, 'Address already in use'), None) 
2024-07-12 15:18:38,394 socket_client.py [line:55] _connect_and_send_forever INFO (OSError(98, 'Address already in use'), None) 
2024-07-12 15:18:38,394 socket_client.py [line:55] _connect_and_send_forever INFO (OSError(98, 'Address already in use'), None) 
2024-07-12 15:18:38,394 socket_client.py [line:55] _connect_and_send_forever INFO (OSError(98, 'Address already in use'), None) 
2024-07-12 15:18:38,400 socket_client.py [line:55] _connect_and_send_forever INFO (OSError(98, 'Address already in use'), None) 
2024-07-12 15:18:38,400 socket_client.py [line:55] _connect_and_send_forever INFO (OSError(98, 'Address already in use'), None) 
2024-07-12 15:18:38,400 socket_client.py [line:55] _connect_and_send_forever INFO (OSError(98, 'Address already in use'), None) 
2024-07-12 15:18:38,403 socket_client.py [line:55] _connect_and_send_forever INFO (OSError(98, 'Address already in use'), None) 
2024-07-12 15:18:38,404 socket_client.py [line:55] _connect_and_send_forever INFO (OSError(98, 'Address already in use'), None) 
2024-07-12 15:18:38,405 socket_client.py [line:55] _connect_and_send_forever INFO (OSError(98, 'Address already in use'), None) 
2024-07-12 15:18:38,406 socket_client.py [line:55] _connect_and_send_forever INFO (OSError(98, 'Address already in use'), None) 
2024-07-12 15:18:38,406 socket_client.py [line:55] _connect_and_send_forever INFO (OSError(98, 'Address already in use'), None) 
2024-07-12 15:18:38,409 socket_client.py [line:55] _connect_and_send_forever INFO (OSError(98, 'Address already in use'), None) 
2024-07-12 15:18:38,409 socket_client.py [line:55] _connect_and_send_forever INFO (OSError(98, 'Address already in use'), None) 
2024-07-12 15:18:38,412 socket_client.py [line:55] _connect_and_send_forever INFO (OSError(98, 'Address already in use'), None) 
2024-07-12 15:18:38,412 socket_client.py [line:55] _connect_and_send_forever INFO (OSError(98, 'Address already in use'), None) 
2024-07-12 15:18:38,414 socket_client.py [line:55] _connect_and_send_forever INFO (OSError(98, 'Address already in use'), None) 
2024-07-12 15:18:38,415 socket_client.py [line:55] _connect_and_send_forever INFO (OSError(98, 'Address already in use'), None) 
2024-07-12 15:18:38,419 socket_client.py [line:55] _connect_and_send_forever INFO (OSError(98, 'Address already in use'), None) 
2024-07-12 15:18:38,419 socket_client.py [line:55] _connect_and_send_forever INFO (OSError(98, 'Address already in use'), None) 
2024-07-12 15:18:38,421 socket_client.py [line:55] _connect_and_send_forever INFO (OSError(98, 'Address already in use'), None) 
2024-07-12 15:18:38,422 socket_client.py [line:55] _connect_and_send_forever INFO (OSError(98, 'Address already in use'), None) 
2024-07-12 15:18:38,425 socket_client.py [line:55] _connect_and_send_forever INFO (OSError(98, 'Address already in use'), None) 
2024-07-12 15:18:38,429 socket_client.py [line:55] _connect_and_send_forever INFO (OSError(98, 'Address already in use'), None) 
2024-07-12 15:18:38,429 socket_client.py [line:55] _connect_and_send_forever INFO (OSError(98, 'Address already in use'), None) 
2024-07-12 15:18:38,430 socket_client.py [line:55] _connect_and_send_forever INFO (OSError(98, 'Address already in use'), None) 
2024-07-12 15:18:38,430 socket_client.py [line:55] _connect_and_send_forever INFO (OSError(98, 'Address already in use'), None) 
2024-07-12 15:18:38,431 socket_client.py [line:55] _connect_and_send_forever INFO (OSError(98, 'Address already in use'), None) 
2024-07-12 15:18:38,431 socket_client.py [line:55] _connect_and_send_forever INFO (OSError(98, 'Address already in use'), None) 
2024-07-12 15:18:38,434 socket_client.py [line:55] _connect_and_send_forever INFO (OSError(98, 'Address already in use'), None) 
2024-07-12 15:18:38,434 socket_client.py [line:55] _connect_and_send_forever INFO (OSError(98, 'Address already in use'), None) 
2024-07-12 15:18:38,434 socket_client.py [line:55] _connect_and_send_forever INFO (OSError(98, 'Address already in use'), None) 
2024-07-12 15:18:38,435 socket_client.py [line:55] _connect_and_send_forever INFO (OSError(98, 'Address already in use'), None) 
2024-07-12 15:18:38,436 socket_client.py [line:55] _connect_and_send_forever INFO (OSError(98, 'Address already in use'), None) 
2024-07-12 15:18:38,436 socket_client.py [line:55] _connect_and_send_forever INFO (OSError(98, 'Address already in use'), None) 
2024-07-12 15:18:38,447 socket_client.py [line:55] _connect_and_send_forever INFO (OSError(98, 'Address already in use'), None) 
2024-07-12 15:18:38,448 socket_client.py [line:55] _connect_and_send_forever INFO (OSError(98, 'Address already in use'), None) 
2024-07-12 15:18:38,449 socket_client.py [line:55] _connect_and_send_forever INFO (OSError(98, 'Address already in use'), None) 
2024-07-12 15:18:38,450 socket_client.py [line:55] _connect_and_send_forever INFO (OSError(98, 'Address already in use'), None) 
2024-07-12 15:18:38,452 socket_client.py [line:55] _connect_and_send_forever INFO (OSError(98, 'Address already in use'), None) 
2024-07-12 15:18:38,453 socket_client.py [line:55] _connect_and_send_forever INFO (OSError(98, 'Address already in use'), None) 
2024-07-12 15:18:38,454 socket_client.py [line:55] _connect_and_send_forever INFO (OSError(98, 'Address already in use'), None) 
2024-07-12 15:18:38,455 socket_client.py [line:55] _connect_and_send_forever INFO (OSError(98, 'Address already in use'), None) 
2024-07-12 15:18:38,457 socket_client.py [line:55] _connect_and_send_forever INFO (OSError(98, 'Address already in use'), None) 
2024-07-12 15:18:38,458 socket_client.py [line:55] _connect_and_send_forever INFO (OSError(98, 'Address already in use'), None) 
2024-07-12 15:18:38,460 socket_client.py [line:55] _connect_and_send_forever INFO (OSError(98, 'Address already in use'), None) 
2024-07-12 15:18:38,460 socket_client.py [line:55] _connect_and_send_forever INFO (OSError(98, 'Address already in use'), None) 
2024-07-12 15:18:38,460 socket_client.py [line:55] _connect_and_send_forever INFO (OSError(98, 'Address already in use'), None) 
2024-07-12 15:18:38,462 socket_client.py [line:55] _connect_and_send_forever INFO (OSError(98, 'Address already in use'), None) 
2024-07-12 15:18:38,463 socket_client.py [line:55] _connect_and_send_forever INFO (OSError(98, 'Address already in use'), None) 
2024-07-12 15:18:38,463 socket_client.py [line:55] _connect_and_send_forever INFO (OSError(98, 'Address already in use'), None) 
2024-07-12 15:18:38,465 socket_client.py [line:55] _connect_and_send_forever INFO (OSError(98, 'Address already in use'), None) 
2024-07-12 15:18:38,465 socket_client.py [line:55] _connect_and_send_forever INFO (OSError(98, 'Address already in use'), None) 
2024-07-12 15:18:38,468 socket_client.py [line:55] _connect_and_send_forever INFO (OSError(98, 'Address already in use'), None) 
2024-07-12 15:18:38,470 socket_client.py [line:55] _connect_and_send_forever INFO (OSError(98, 'Address already in use'), None) 
2024-07-12 15:18:38,470 socket_client.py [line:55] _connect_and_send_forever INFO (OSError(98, 'Address already in use'), None) 
2024-07-12 15:18:38,470 socket_client.py [line:55] _connect_and_send_forever INFO (OSError(98, 'Address already in use'), None) 
2024-07-12 15:18:38,473 socket_client.py [line:55] _connect_and_send_forever INFO (OSError(98, 'Address already in use'), None) 
2024-07-12 15:18:38,474 socket_client.py [line:55] _connect_and_send_forever INFO (OSError(98, 'Address already in use'), None) 
2024-07-12 15:18:38,474 socket_client.py [line:55] _connect_and_send_forever INFO (OSError(98, 'Address already in use'), None) 
2024-07-12 15:18:38,474 socket_client.py [line:55] _connect_and_send_forever INFO (OSError(98, 'Address already in use'), None) 
2024-07-12 15:18:38,476 socket_client.py [line:55] _connect_and_send_forever INFO (OSError(98, 'Address already in use'), None) 
2024-07-12 15:18:38,476 socket_client.py [line:55] _connect_and_send_forever INFO (OSError(98, 'Address already in use'), None) 
2024-07-12 15:18:38,481 socket_client.py [line:55] _connect_and_send_forever INFO (OSError(98, 'Address already in use'), None) 
2024-07-12 15:18:38,481 socket_client.py [line:55] _connect_and_send_forever INFO (OSError(98, 'Address already in use'), None) 
2024-07-12 15:18:38,483 socket_client.py [line:55] _connect_and_send_forever INFO (OSError(98, 'Address already in use'), None) 
2024-07-12 15:18:38,485 socket_client.py [line:55] _connect_and_send_forever INFO (OSError(98, 'Address already in use'), None) 
2024-07-12 15:18:38,486 socket_client.py [line:55] _connect_and_send_forever INFO (OSError(98, 'Address already in use'), None) 
2024-07-12 15:18:38,486 socket_client.py [line:55] _connect_and_send_forever INFO (OSError(98, 'Address already in use'), None) 
2024-07-12 15:18:38,487 socket_client.py [line:55] _connect_and_send_forever INFO (OSError(98, 'Address already in use'), None) 
2024-07-12 15:18:38,488 socket_client.py [line:55] _connect_and_send_forever INFO (OSError(98, 'Address already in use'), None) 
2024-07-12 15:18:38,489 socket_client.py [line:55] _connect_and_send_forever INFO (OSError(98, 'Address already in use'), None) 
2024-07-12 15:18:38,490 socket_client.py [line:55] _connect_and_send_forever INFO (OSError(98, 'Address already in use'), None) 
2024-07-12 15:18:38,493 socket_client.py [line:55] _connect_and_send_forever INFO (OSError(98, 'Address already in use'), None) 
2024-07-12 15:18:38,494 socket_client.py [line:55] _connect_and_send_forever INFO (OSError(98, 'Address already in use'), None) 
2024-07-12 15:18:38,494 socket_client.py [line:55] _connect_and_send_forever INFO (OSError(98, 'Address already in use'), None) 
2024-07-12 15:18:38,496 socket_client.py [line:55] _connect_and_send_forever INFO (OSError(98, 'Address already in use'), None) 
2024-07-12 15:18:38,497 socket_client.py [line:55] _connect_and_send_forever INFO (OSError(98, 'Address already in use'), None) 
2024-07-12 15:18:38,500 socket_client.py [line:55] _connect_and_send_forever INFO (OSError(98, 'Address already in use'), None) 
2024-07-12 15:18:38,501 socket_client.py [line:55] _connect_and_send_forever INFO (OSError(98, 'Address already in use'), None) 
2024-07-12 15:18:38,501 socket_client.py [line:55] _connect_and_send_forever INFO (OSError(98, 'Address already in use'), None) 
2024-07-12 15:18:38,505 socket_client.py [line:55] _connect_and_send_forever INFO (OSError(98, 'Address already in use'), None) 
2024-07-12 15:18:38,505 socket_client.py [line:55] _connect_and_send_forever INFO (OSError(98, 'Address already in use'), None) 
2024-07-12 15:18:38,507 socket_client.py [line:55] _connect_and_send_forever INFO (OSError(98, 'Address already in use'), None) 
2024-07-12 15:18:38,507 socket_client.py [line:55] _connect_and_send_forever INFO (OSError(98, 'Address already in use'), None) 
2024-07-12 15:18:38,510 socket_client.py [line:55] _connect_and_send_forever INFO (OSError(98, 'Address already in use'), None) 
2024-07-12 15:18:38,510 socket_client.py [line:55] _connect_and_send_forever INFO (OSError(98, 'Address already in use'), None) 
2024-07-12 15:18:38,511 socket_client.py [line:55] _connect_and_send_forever INFO (OSError(98, 'Address already in use'), None) 
2024-07-12 15:18:38,511 socket_client.py [line:55] _connect_and_send_forever INFO (OSError(98, 'Address already in use'), None) 
2024-07-12 15:18:38,512 socket_client.py [line:55] _connect_and_send_forever INFO (OSError(98, 'Address already in use'), None) 
2024-07-12 15:18:38,512 socket_client.py [line:55] _connect_and_send_forever INFO (OSError(98, 'Address already in use'), None) 
2024-07-12 15:18:38,514 socket_client.py [line:55] _connect_and_send_forever INFO (OSError(98, 'Address already in use'), None) 
2024-07-12 15:18:38,516 socket_client.py [line:55] _connect_and_send_forever INFO (OSError(98, 'Address already in use'), None) 
2024-07-12 15:18:38,516 socket_client.py [line:55] _connect_and_send_forever INFO (OSError(98, 'Address already in use'), None) 
2024-07-12 15:18:38,520 socket_client.py [line:55] _connect_and_send_forever INFO (OSError(98, 'Address already in use'), None) 
2024-07-12 15:18:38,520 socket_client.py [line:55] _connect_and_send_forever INFO (OSError(98, 'Address already in use'), None) 
2024-07-12 15:18:38,520 socket_client.py [line:55] _connect_and_send_forever INFO (OSError(98, 'Address already in use'), None) 
2024-07-12 15:18:38,525 socket_client.py [line:55] _connect_and_send_forever INFO (OSError(98, 'Address already in use'), None) 
2024-07-12 15:18:38,525 socket_client.py [line:55] _connect_and_send_forever INFO (OSError(98, 'Address already in use'), None) 
2024-07-12 15:18:38,525 socket_client.py [line:55] _connect_and_send_forever INFO (OSError(98, 'Address already in use'), None) 
2024-07-12 15:18:38,526 socket_client.py [line:55] _connect_and_send_forever INFO (OSError(98, 'Address already in use'), None) 
2024-07-12 15:18:38,527 socket_client.py [line:55] _connect_and_send_forever INFO (OSError(98, 'Address already in use'), None) 
2024-07-12 15:18:38,527 socket_client.py [line:55] _connect_and_send_forever INFO (OSError(98, 'Address already in use'), None) 
2024-07-12 15:18:38,528 socket_client.py [line:55] _connect_and_send_forever INFO (OSError(98, 'Address already in use'), None) 
2024-07-12 15:18:38,528 socket_client.py [line:55] _connect_and_send_forever INFO (OSError(98, 'Address already in use'), None) 
2024-07-12 15:18:38,533 socket_client.py [line:55] _connect_and_send_forever INFO (OSError(98, 'Address already in use'), None) 
2024-07-12 15:18:38,533 socket_client.py [line:55] _connect_and_send_forever INFO (OSError(98, 'Address already in use'), None) 
2024-07-12 15:18:38,533 socket_client.py [line:55] _connect_and_send_forever INFO (OSError(98, 'Address already in use'), None) 
2024-07-12 15:18:38,534 socket_client.py [line:55] _connect_and_send_forever INFO (OSError(98, 'Address already in use'), None) 
2024-07-12 15:18:38,535 socket_client.py [line:55] _connect_and_send_forever INFO (OSError(98, 'Address already in use'), None) 
2024-07-12 15:18:38,535 socket_client.py [line:55] _connect_and_send_forever INFO (OSError(98, 'Address already in use'), None) 
2024-07-12 15:18:38,537 socket_client.py [line:55] _connect_and_send_forever INFO (OSError(98, 'Address already in use'), None) 
2024-07-12 15:18:38,537 socket_client.py [line:55] _connect_and_send_forever INFO (OSError(98, 'Address already in use'), None) 
2024-07-12 15:18:38,537 socket_client.py [line:55] _connect_and_send_forever INFO (OSError(98, 'Address already in use'), None) 
2024-07-12 15:18:38,543 socket_client.py [line:55] _connect_and_send_forever INFO (OSError(98, 'Address already in use'), None) 
2024-07-12 15:18:38,544 socket_client.py [line:55] _connect_and_send_forever INFO (OSError(98, 'Address already in use'), None) 
2024-07-12 15:18:38,549 socket_client.py [line:55] _connect_and_send_forever INFO (OSError(98, 'Address already in use'), None) 
2024-07-12 15:18:38,550 socket_client.py [line:55] _connect_and_send_forever INFO (OSError(98, 'Address already in use'), None) 
2024-07-12 15:18:38,550 socket_client.py [line:55] _connect_and_send_forever INFO (OSError(98, 'Address already in use'), None) 
2024-07-12 15:18:38,555 socket_client.py [line:55] _connect_and_send_forever INFO (OSError(98, 'Address already in use'), None) 
2024-07-12 15:18:38,555 socket_client.py [line:55] _connect_and_send_forever INFO (OSError(98, 'Address already in use'), None) 
2024-07-12 15:18:38,555 socket_client.py [line:55] _connect_and_send_forever INFO (OSError(98, 'Address already in use'), None) 
2024-07-12 15:18:38,555 socket_client.py [line:55] _connect_and_send_forever INFO (OSError(98, 'Address already in use'), None) 
2024-07-12 15:18:38,555 socket_client.py [line:55] _connect_and_send_forever INFO (OSError(98, 'Address already in use'), None) 
2024-07-12 15:18:38,561 socket_client.py [line:55] _connect_and_send_forever INFO (OSError(98, 'Address already in use'), None) 
2024-07-12 15:18:38,561 socket_client.py [line:55] _connect_and_send_forever INFO (OSError(98, 'Address already in use'), None) 
2024-07-12 15:18:38,562 socket_client.py [line:55] _connect_and_send_forever INFO (OSError(98, 'Address already in use'), None) 
2024-07-12 15:18:38,567 socket_client.py [line:55] _connect_and_send_forever INFO (OSError(98, 'Address already in use'), None) 
2024-07-12 15:18:38,568 socket_client.py [line:55] _connect_and_send_forever INFO (OSError(98, 'Address already in use'), None) 
2024-07-12 15:18:38,568 socket_client.py [line:55] _connect_and_send_forever INFO (OSError(98, 'Address already in use'), None) 
2024-07-12 15:18:38,568 socket_client.py [line:55] _connect_and_send_forever INFO (OSError(98, 'Address already in use'), None) 
2024-07-12 15:18:38,569 socket_client.py [line:55] _connect_and_send_forever INFO (OSError(98, 'Address already in use'), None) 
2024-07-12 15:18:38,572 socket_client.py [line:55] _connect_and_send_forever INFO (OSError(98, 'Address already in use'), None) 
2024-07-12 15:18:38,573 socket_client.py [line:55] _connect_and_send_forever INFO (OSError(98, 'Address already in use'), None) 
2024-07-12 15:18:38,574 socket_client.py [line:55] _connect_and_send_forever INFO (OSError(98, 'Address already in use'), None) 
2024-07-12 15:18:38,575 socket_client.py [line:55] _connect_and_send_forever INFO (OSError(98, 'Address already in use'), None) 
2024-07-12 15:18:38,576 socket_client.py [line:55] _connect_and_send_forever INFO (OSError(98, 'Address already in use'), None) 
2024-07-12 15:18:38,577 socket_client.py [line:55] _connect_and_send_forever INFO (OSError(98, 'Address already in use'), None) 
2024-07-12 15:18:38,582 socket_client.py [line:55] _connect_and_send_forever INFO (OSError(98, 'Address already in use'), None) 
2024-07-12 15:18:38,582 socket_client.py [line:55] _connect_and_send_forever INFO (OSError(98, 'Address already in use'), None) 
2024-07-12 15:18:38,584 socket_client.py [line:55] _connect_and_send_forever INFO (OSError(98, 'Address already in use'), None) 
2024-07-12 15:18:38,584 socket_client.py [line:55] _connect_and_send_forever INFO (OSError(98, 'Address already in use'), None) 
2024-07-12 15:18:38,592 socket_client.py [line:55] _connect_and_send_forever INFO (OSError(98, 'Address already in use'), None) 
2024-07-12 15:18:38,593 socket_client.py [line:55] _connect_and_send_forever INFO (OSError(98, 'Address already in use'), None) 
2024-07-12 15:18:38,593 socket_client.py [line:55] _connect_and_send_forever INFO (OSError(98, 'Address already in use'), None) 
2024-07-12 15:18:38,594 socket_client.py [line:55] _connect_and_send_forever INFO (OSError(98, 'Address already in use'), None) 
2024-07-12 15:18:38,594 socket_client.py [line:55] _connect_and_send_forever INFO (OSError(98, 'Address already in use'), None) 
2024-07-12 15:18:38,596 socket_client.py [line:55] _connect_and_send_forever INFO (OSError(98, 'Address already in use'), None) 
2024-07-12 15:18:38,596 socket_client.py [line:55] _connect_and_send_forever INFO (OSError(98, 'Address already in use'), None) 
2024-07-12 15:18:38,600 socket_client.py [line:55] _connect_and_send_forever INFO (OSError(98, 'Address already in use'), None) 
2024-07-12 15:18:38,601 socket_client.py [line:55] _connect_and_send_forever INFO (OSError(98, 'Address already in use'), None) 
2024-07-12 15:18:38,605 socket_client.py [line:55] _connect_and_send_forever INFO (OSError(98, 'Address already in use'), None) 
2024-07-12 15:18:38,605 socket_client.py [line:55] _connect_and_send_forever INFO (OSError(98, 'Address already in use'), None) 
2024-07-12 15:18:38,605 socket_client.py [line:55] _connect_and_send_forever INFO (OSError(98, 'Address already in use'), None) 
2024-07-12 15:18:38,606 socket_client.py [line:55] _connect_and_send_forever INFO (OSError(98, 'Address already in use'), None) 
2024-07-12 15:18:38,606 socket_client.py [line:55] _connect_and_send_forever INFO (OSError(98, 'Address already in use'), None) 
2024-07-12 15:18:38,606 socket_client.py [line:55] _connect_and_send_forever INFO (OSError(98, 'Address already in use'), None) 
2024-07-12 15:18:38,606 socket_client.py [line:55] _connect_and_send_forever INFO (OSError(98, 'Address already in use'), None) 
2024-07-12 15:18:38,606 socket_client.py [line:55] _connect_and_send_forever INFO (OSError(98, 'Address already in use'), None) 
2024-07-12 15:18:38,606 socket_client.py [line:55] _connect_and_send_forever INFO (OSError(98, 'Address already in use'), None) 
2024-07-12 15:18:38,612 socket_client.py [line:55] _connect_and_send_forever INFO (OSError(98, 'Address already in use'), None) 
2024-07-12 15:18:38,613 socket_client.py [line:55] _connect_and_send_forever INFO (OSError(98, 'Address already in use'), None) 
2024-07-12 15:18:38,615 socket_client.py [line:55] _connect_and_send_forever INFO (OSError(98, 'Address already in use'), None) 
2024-07-12 15:18:38,615 socket_client.py [line:55] _connect_and_send_forever INFO (OSError(98, 'Address already in use'), None) 
2024-07-12 15:18:38,615 socket_client.py [line:55] _connect_and_send_forever INFO (OSError(98, 'Address already in use'), None) 
2024-07-12 15:18:38,617 socket_client.py [line:55] _connect_and_send_forever INFO (OSError(98, 'Address already in use'), None) 
2024-07-12 15:18:38,618 socket_client.py [line:55] _connect_and_send_forever INFO (OSError(98, 'Address already in use'), None) 
2024-07-12 15:18:38,620 socket_client.py [line:55] _connect_and_send_forever INFO (OSError(98, 'Address already in use'), None) 
2024-07-12 15:18:38,621 socket_client.py [line:55] _connect_and_send_forever INFO (OSError(98, 'Address already in use'), None) 
2024-07-12 15:18:38,622 socket_client.py [line:55] _connect_and_send_forever INFO (OSError(98, 'Address already in use'), None) 
2024-07-12 15:18:38,623 socket_client.py [line:55] _connect_and_send_forever INFO (OSError(98, 'Address already in use'), None) 
2024-07-12 15:18:38,623 socket_client.py [line:55] _connect_and_send_forever INFO (OSError(98, 'Address already in use'), None) 
2024-07-12 15:18:38,624 socket_client.py [line:55] _connect_and_send_forever INFO (OSError(98, 'Address already in use'), None) 
2024-07-12 15:18:38,624 socket_client.py [line:55] _connect_and_send_forever INFO (OSError(98, 'Address already in use'), None) 
2024-07-12 15:18:38,624 socket_client.py [line:55] _connect_and_send_forever INFO (OSError(98, 'Address already in use'), None) 
2024-07-12 15:18:38,624 socket_client.py [line:55] _connect_and_send_forever INFO (OSError(98, 'Address already in use'), None) 
2024-07-12 15:18:38,627 socket_client.py [line:55] _connect_and_send_forever INFO (OSError(98, 'Address already in use'), None) 
2024-07-12 15:18:38,627 socket_client.py [line:55] _connect_and_send_forever INFO (OSError(98, 'Address already in use'), None) 
2024-07-12 15:18:38,630 socket_client.py [line:55] _connect_and_send_forever INFO (OSError(98, 'Address already in use'), None) 
2024-07-12 15:18:38,630 socket_client.py [line:55] _connect_and_send_forever INFO (OSError(98, 'Address already in use'), None) 
2024-07-12 15:18:38,632 socket_client.py [line:55] _connect_and_send_forever INFO (OSError(98, 'Address already in use'), None) 
2024-07-12 15:18:38,633 socket_client.py [line:55] _connect_and_send_forever INFO (OSError(98, 'Address already in use'), None) 
2024-07-12 15:18:38,634 socket_client.py [line:55] _connect_and_send_forever INFO (OSError(98, 'Address already in use'), None) 
2024-07-12 15:18:38,635 socket_client.py [line:55] _connect_and_send_forever INFO (OSError(98, 'Address already in use'), None) 
2024-07-12 15:18:38,635 socket_client.py [line:55] _connect_and_send_forever INFO (OSError(98, 'Address already in use'), None) 
2024-07-12 15:18:38,636 socket_client.py [line:55] _connect_and_send_forever INFO (OSError(98, 'Address already in use'), None) 
2024-07-12 15:18:38,640 socket_client.py [line:55] _connect_and_send_forever INFO (OSError(98, 'Address already in use'), None) 
2024-07-12 15:18:38,641 socket_client.py [line:55] _connect_and_send_forever INFO (OSError(98, 'Address already in use'), None) 
2024-07-12 15:18:38,641 socket_client.py [line:55] _connect_and_send_forever INFO (OSError(98, 'Address already in use'), None) 
2024-07-12 15:18:38,641 socket_client.py [line:55] _connect_and_send_forever INFO (OSError(98, 'Address already in use'), None) 
2024-07-12 15:18:38,642 socket_client.py [line:55] _connect_and_send_forever INFO (OSError(98, 'Address already in use'), None) 
2024-07-12 15:18:38,645 socket_client.py [line:55] _connect_and_send_forever INFO (OSError(98, 'Address already in use'), None) 
2024-07-12 15:18:38,645 socket_client.py [line:55] _connect_and_send_forever INFO (OSError(98, 'Address already in use'), None) 
2024-07-12 15:18:38,646 socket_client.py [line:55] _connect_and_send_forever INFO (OSError(98, 'Address already in use'), None) 
2024-07-12 15:18:38,646 socket_client.py [line:55] _connect_and_send_forever INFO (OSError(98, 'Address already in use'), None) 
2024-07-12 15:18:38,646 socket_client.py [line:55] _connect_and_send_forever INFO (OSError(98, 'Address already in use'), None) 
2024-07-12 15:18:38,648 socket_client.py [line:55] _connect_and_send_forever INFO (OSError(98, 'Address already in use'), None) 
2024-07-12 15:18:38,648 socket_client.py [line:55] _connect_and_send_forever INFO (OSError(98, 'Address already in use'), None) 
2024-07-12 15:18:38,650 socket_client.py [line:55] _connect_and_send_forever INFO (OSError(98, 'Address already in use'), None) 
2024-07-12 15:18:38,650 socket_client.py [line:55] _connect_and_send_forever INFO (OSError(98, 'Address already in use'), None) 
2024-07-12 15:18:38,650 socket_client.py [line:55] _connect_and_send_forever INFO (OSError(98, 'Address already in use'), None) 
2024-07-12 15:18:38,651 socket_client.py [line:55] _connect_and_send_forever INFO (OSError(98, 'Address already in use'), None) 
2024-07-12 15:18:38,652 socket_client.py [line:55] _connect_and_send_forever INFO (OSError(98, 'Address already in use'), None) 
2024-07-12 15:18:38,653 socket_client.py [line:55] _connect_and_send_forever INFO (OSError(98, 'Address already in use'), None) 
2024-07-12 15:18:38,653 socket_client.py [line:55] _connect_and_send_forever INFO (OSError(98, 'Address already in use'), None) 
2024-07-12 15:18:38,655 socket_client.py [line:55] _connect_and_send_forever INFO (OSError(98, 'Address already in use'), None) 
2024-07-12 15:18:38,655 socket_client.py [line:55] _connect_and_send_forever INFO (OSError(98, 'Address already in use'), None) 
2024-07-12 15:18:38,657 socket_client.py [line:55] _connect_and_send_forever INFO (OSError(98, 'Address already in use'), None) 
2024-07-12 15:18:38,657 socket_client.py [line:55] _connect_and_send_forever INFO (OSError(98, 'Address already in use'), None) 
2024-07-12 15:18:38,657 socket_client.py [line:55] _connect_and_send_forever INFO (OSError(98, 'Address already in use'), None) 
2024-07-12 15:18:38,660 socket_client.py [line:55] _connect_and_send_forever INFO (OSError(98, 'Address already in use'), None) 
2024-07-12 15:18:38,661 socket_client.py [line:55] _connect_and_send_forever INFO (OSError(98, 'Address already in use'), None) 
2024-07-12 15:18:38,661 socket_client.py [line:55] _connect_and_send_forever INFO (OSError(98, 'Address already in use'), None) 
2024-07-12 15:18:38,663 socket_client.py [line:55] _connect_and_send_forever INFO (OSError(98, 'Address already in use'), None) 
2024-07-12 15:18:38,663 socket_client.py [line:55] _connect_and_send_forever INFO (OSError(98, 'Address already in use'), None) 
2024-07-12 15:18:38,663 socket_client.py [line:55] _connect_and_send_forever INFO (OSError(98, 'Address already in use'), None) 
2024-07-12 15:18:38,665 socket_client.py [line:55] _connect_and_send_forever INFO (OSError(98, 'Address already in use'), None) 
2024-07-12 15:18:38,666 socket_client.py [line:55] _connect_and_send_forever INFO (OSError(98, 'Address already in use'), None) 
2024-07-12 15:18:38,666 socket_client.py [line:55] _connect_and_send_forever INFO (OSError(98, 'Address already in use'), None) 
2024-07-12 15:18:38,668 socket_client.py [line:55] _connect_and_send_forever INFO (OSError(98, 'Address already in use'), None) 
2024-07-12 15:18:38,668 socket_client.py [line:55] _connect_and_send_forever INFO (OSError(98, 'Address already in use'), None) 
2024-07-12 15:18:38,671 socket_client.py [line:55] _connect_and_send_forever INFO (OSError(98, 'Address already in use'), None) 
2024-07-12 15:18:38,672 socket_client.py [line:55] _connect_and_send_forever INFO (OSError(98, 'Address already in use'), None) 
2024-07-12 15:18:38,672 socket_client.py [line:55] _connect_and_send_forever INFO (OSError(98, 'Address already in use'), None) 
2024-07-12 15:18:38,672 socket_client.py [line:55] _connect_and_send_forever INFO (OSError(98, 'Address already in use'), None) 
2024-07-12 15:18:38,672 socket_client.py [line:55] _connect_and_send_forever INFO (OSError(98, 'Address already in use'), None) 
2024-07-12 15:18:38,672 socket_client.py [line:55] _connect_and_send_forever INFO (OSError(98, 'Address already in use'), None) 
2024-07-12 15:18:38,673 socket_client.py [line:55] _connect_and_send_forever INFO (OSError(98, 'Address already in use'), None) 
2024-07-12 15:18:38,673 socket_client.py [line:55] _connect_and_send_forever INFO (OSError(98, 'Address already in use'), None) 
2024-07-12 15:18:38,675 socket_client.py [line:55] _connect_and_send_forever INFO (OSError(98, 'Address already in use'), None) 
2024-07-12 15:18:38,675 socket_client.py [line:55] _connect_and_send_forever INFO (OSError(98, 'Address already in use'), None) 
2024-07-12 15:18:38,677 socket_client.py [line:55] _connect_and_send_forever INFO (OSError(98, 'Address already in use'), None) 
2024-07-12 15:18:38,678 socket_client.py [line:55] _connect_and_send_forever INFO (OSError(98, 'Address already in use'), None) 
2024-07-12 15:18:38,681 socket_client.py [line:55] _connect_and_send_forever INFO (OSError(98, 'Address already in use'), None) 
2024-07-12 15:18:38,681 socket_client.py [line:55] _connect_and_send_forever INFO (OSError(98, 'Address already in use'), None) 
2024-07-12 15:18:38,682 socket_client.py [line:55] _connect_and_send_forever INFO (OSError(98, 'Address already in use'), None) 
2024-07-12 15:18:38,683 socket_client.py [line:55] _connect_and_send_forever INFO (OSError(98, 'Address already in use'), None) 
2024-07-12 15:18:38,683 socket_client.py [line:55] _connect_and_send_forever INFO (OSError(98, 'Address already in use'), None) 
2024-07-12 15:18:38,684 socket_client.py [line:55] _connect_and_send_forever INFO (OSError(98, 'Address already in use'), None) 
2024-07-12 15:18:38,686 socket_client.py [line:55] _connect_and_send_forever INFO (OSError(98, 'Address already in use'), None) 
2024-07-12 15:18:38,686 socket_client.py [line:55] _connect_and_send_forever INFO (OSError(98, 'Address already in use'), None) 
2024-07-12 15:18:38,687 socket_client.py [line:55] _connect_and_send_forever INFO (OSError(98, 'Address already in use'), None) 
2024-07-12 15:18:38,688 socket_client.py [line:55] _connect_and_send_forever INFO (OSError(98, 'Address already in use'), None) 
2024-07-12 15:18:38,688 socket_client.py [line:55] _connect_and_send_forever INFO (OSError(98, 'Address already in use'), None) 
2024-07-12 15:18:38,691 socket_client.py [line:55] _connect_and_send_forever INFO (OSError(98, 'Address already in use'), None) 
2024-07-12 15:18:38,692 socket_client.py [line:55] _connect_and_send_forever INFO (OSError(98, 'Address already in use'), None) 
2024-07-12 15:18:38,692 socket_client.py [line:55] _connect_and_send_forever INFO (OSError(98, 'Address already in use'), None) 
2024-07-12 15:18:38,692 socket_client.py [line:55] _connect_and_send_forever INFO (OSError(98, 'Address already in use'), None) 
2024-07-12 15:18:38,693 socket_client.py [line:55] _connect_and_send_forever INFO (OSError(98, 'Address already in use'), None) 
2024-07-12 15:18:38,694 socket_client.py [line:55] _connect_and_send_forever INFO (OSError(98, 'Address already in use'), None) 
2024-07-12 15:18:38,696 socket_client.py [line:55] _connect_and_send_forever INFO (OSError(98, 'Address already in use'), None) 
2024-07-12 15:18:38,696 socket_client.py [line:55] _connect_and_send_forever INFO (OSError(98, 'Address already in use'), None) 
2024-07-12 15:18:38,698 socket_client.py [line:55] _connect_and_send_forever INFO (OSError(98, 'Address already in use'), None) 
2024-07-12 15:18:38,698 socket_client.py [line:55] _connect_and_send_forever INFO (OSError(98, 'Address already in use'), None) 
2024-07-12 15:18:38,699 socket_client.py [line:55] _connect_and_send_forever INFO (OSError(98, 'Address already in use'), None) 
2024-07-12 15:18:38,702 socket_client.py [line:55] _connect_and_send_forever INFO (OSError(98, 'Address already in use'), None) 
2024-07-12 15:18:38,705 socket_client.py [line:55] _connect_and_send_forever INFO (OSError(98, 'Address already in use'), None) 
2024-07-12 15:18:38,705 socket_client.py [line:55] _connect_and_send_forever INFO (OSError(98, 'Address already in use'), None) 
2024-07-12 15:18:38,707 socket_client.py [line:55] _connect_and_send_forever INFO (OSError(98, 'Address already in use'), None) 
2024-07-12 15:18:38,714 socket_client.py [line:55] _connect_and_send_forever INFO (OSError(98, 'Address already in use'), None) 
2024-07-12 15:18:38,715 socket_client.py [line:55] _connect_and_send_forever INFO (OSError(98, 'Address already in use'), None) 
2024-07-12 15:18:38,715 socket_client.py [line:55] _connect_and_send_forever INFO (OSError(98, 'Address already in use'), None) 
2024-07-12 15:18:38,715 socket_client.py [line:55] _connect_and_send_forever INFO (OSError(98, 'Address already in use'), None) 
2024-07-12 15:18:38,716 socket_client.py [line:55] _connect_and_send_forever INFO (OSError(98, 'Address already in use'), None) 
2024-07-12 15:18:38,716 socket_client.py [line:55] _connect_and_send_forever INFO (OSError(98, 'Address already in use'), None) 
2024-07-12 15:18:38,717 socket_client.py [line:55] _connect_and_send_forever INFO (OSError(98, 'Address already in use'), None) 
2024-07-12 15:18:38,717 socket_client.py [line:55] _connect_and_send_forever INFO (OSError(98, 'Address already in use'), None) 
2024-07-12 15:18:38,722 socket_client.py [line:55] _connect_and_send_forever INFO (OSError(98, 'Address already in use'), None) 
2024-07-12 15:18:38,722 socket_client.py [line:55] _connect_and_send_forever INFO (OSError(98, 'Address already in use'), None) 
2024-07-12 15:18:38,725 socket_client.py [line:55] _connect_and_send_forever INFO (OSError(98, 'Address already in use'), None) 
2024-07-12 15:18:38,725 socket_client.py [line:55] _connect_and_send_forever INFO (OSError(98, 'Address already in use'), None) 
2024-07-12 15:18:38,725 socket_client.py [line:55] _connect_and_send_forever INFO (OSError(98, 'Address already in use'), None) 
2024-07-12 15:18:38,725 socket_client.py [line:55] _connect_and_send_forever INFO (OSError(98, 'Address already in use'), None) 
2024-07-12 15:18:38,725 socket_client.py [line:55] _connect_and_send_forever INFO (OSError(98, 'Address already in use'), None) 
2024-07-12 15:18:38,728 socket_client.py [line:55] _connect_and_send_forever INFO (OSError(98, 'Address already in use'), None) 
2024-07-12 15:18:38,728 socket_client.py [line:55] _connect_and_send_forever INFO (OSError(98, 'Address already in use'), None) 
2024-07-12 15:18:38,728 socket_client.py [line:55] _connect_and_send_forever INFO (OSError(98, 'Address already in use'), None) 
2024-07-12 15:18:38,729 socket_client.py [line:55] _connect_and_send_forever INFO (OSError(98, 'Address already in use'), None) 
2024-07-12 15:18:38,729 socket_client.py [line:55] _connect_and_send_forever INFO (OSError(98, 'Address already in use'), None) 
2024-07-12 15:18:38,729 socket_client.py [line:55] _connect_and_send_forever INFO (OSError(98, 'Address already in use'), None) 
2024-07-12 15:18:38,730 socket_client.py [line:55] _connect_and_send_forever INFO (OSError(98, 'Address already in use'), None) 
2024-07-12 15:18:38,731 socket_client.py [line:55] _connect_and_send_forever INFO (OSError(98, 'Address already in use'), None) 
2024-07-12 15:18:38,733 socket_client.py [line:55] _connect_and_send_forever INFO (OSError(98, 'Address already in use'), None) 
2024-07-12 15:18:38,734 socket_client.py [line:55] _connect_and_send_forever INFO (OSError(98, 'Address already in use'), None) 
2024-07-12 15:18:38,735 socket_client.py [line:55] _connect_and_send_forever INFO (OSError(98, 'Address already in use'), None) 
2024-07-12 15:18:38,736 socket_client.py [line:55] _connect_and_send_forever INFO (OSError(98, 'Address already in use'), None) 
2024-07-12 15:18:38,737 socket_client.py [line:55] _connect_and_send_forever INFO (OSError(98, 'Address already in use'), None) 
2024-07-12 15:18:38,737 socket_client.py [line:55] _connect_and_send_forever INFO (OSError(98, 'Address already in use'), None) 
2024-07-12 15:18:38,741 socket_client.py [line:55] _connect_and_send_forever INFO (OSError(98, 'Address already in use'), None) 
2024-07-12 15:18:38,742 socket_client.py [line:55] _connect_and_send_forever INFO (OSError(98, 'Address already in use'), None) 
2024-07-12 15:18:38,743 socket_client.py [line:55] _connect_and_send_forever INFO (OSError(98, 'Address already in use'), None) 
2024-07-12 15:18:38,744 socket_client.py [line:55] _connect_and_send_forever INFO (OSError(98, 'Address already in use'), None) 
2024-07-12 15:18:38,750 socket_client.py [line:55] _connect_and_send_forever INFO (OSError(98, 'Address already in use'), None) 
2024-07-12 15:18:38,750 socket_client.py [line:55] _connect_and_send_forever INFO (OSError(98, 'Address already in use'), None) 
2024-07-12 15:18:38,753 socket_client.py [line:55] _connect_and_send_forever INFO (OSError(98, 'Address already in use'), None) 
2024-07-12 15:18:38,754 socket_client.py [line:55] _connect_and_send_forever INFO (OSError(98, 'Address already in use'), None) 
2024-07-12 15:18:38,754 socket_client.py [line:55] _connect_and_send_forever INFO (OSError(98, 'Address already in use'), None) 
2024-07-12 15:18:38,754 socket_client.py [line:55] _connect_and_send_forever INFO (OSError(98, 'Address already in use'), None) 
2024-07-12 15:18:38,755 socket_client.py [line:55] _connect_and_send_forever INFO (OSError(98, 'Address already in use'), None) 
2024-07-12 15:18:38,756 socket_client.py [line:55] _connect_and_send_forever INFO (OSError(98, 'Address already in use'), None) 
2024-07-12 15:18:38,757 socket_client.py [line:55] _connect_and_send_forever INFO (OSError(98, 'Address already in use'), None) 
2024-07-12 15:18:38,757 socket_client.py [line:55] _connect_and_send_forever INFO (OSError(98, 'Address already in use'), None) 
2024-07-12 15:18:38,767 socket_client.py [line:55] _connect_and_send_forever INFO (OSError(98, 'Address already in use'), None) 
2024-07-12 15:18:38,768 socket_client.py [line:55] _connect_and_send_forever INFO (OSError(98, 'Address already in use'), None) 
2024-07-12 15:18:38,768 socket_client.py [line:55] _connect_and_send_forever INFO (OSError(98, 'Address already in use'), None) 
2024-07-12 15:18:38,768 socket_client.py [line:55] _connect_and_send_forever INFO (OSError(98, 'Address already in use'), None) 
2024-07-12 15:18:38,768 socket_client.py [line:55] _connect_and_send_forever INFO (OSError(98, 'Address already in use'), None) 
2024-07-12 15:18:38,769 socket_client.py [line:55] _connect_and_send_forever INFO (OSError(98, 'Address already in use'), None) 
2024-07-12 15:18:38,769 socket_client.py [line:55] _connect_and_send_forever INFO (OSError(98, 'Address already in use'), None) 
2024-07-12 15:18:38,770 socket_client.py [line:55] _connect_and_send_forever INFO (OSError(98, 'Address already in use'), None) 
2024-07-12 15:18:38,771 socket_client.py [line:55] _connect_and_send_forever INFO (OSError(98, 'Address already in use'), None) 
2024-07-12 15:18:38,771 socket_client.py [line:55] _connect_and_send_forever INFO (OSError(98, 'Address already in use'), None) 
2024-07-12 15:18:38,773 socket_client.py [line:55] _connect_and_send_forever INFO (OSError(98, 'Address already in use'), None) 
2024-07-12 15:18:38,773 socket_client.py [line:55] _connect_and_send_forever INFO (OSError(98, 'Address already in use'), None) 
2024-07-12 15:18:38,776 socket_client.py [line:55] _connect_and_send_forever INFO (OSError(98, 'Address already in use'), None) 
2024-07-12 15:18:38,777 socket_client.py [line:55] _connect_and_send_forever INFO (OSError(98, 'Address already in use'), None) 
2024-07-12 15:18:38,778 socket_client.py [line:55] _connect_and_send_forever INFO (OSError(98, 'Address already in use'), None) 
2024-07-12 15:18:38,778 socket_client.py [line:55] _connect_and_send_forever INFO (OSError(98, 'Address already in use'), None) 
2024-07-12 15:18:38,782 socket_client.py [line:55] _connect_and_send_forever INFO (OSError(98, 'Address already in use'), None) 
2024-07-12 15:18:38,782 socket_client.py [line:55] _connect_and_send_forever INFO (OSError(98, 'Address already in use'), None) 
2024-07-12 15:18:38,782 socket_client.py [line:55] _connect_and_send_forever INFO (OSError(98, 'Address already in use'), None) 
2024-07-12 15:18:38,785 socket_client.py [line:55] _connect_and_send_forever INFO (OSError(98, 'Address already in use'), None) 
2024-07-12 15:18:38,786 socket_client.py [line:55] _connect_and_send_forever INFO (OSError(98, 'Address already in use'), None) 
2024-07-12 15:18:38,786 socket_client.py [line:55] _connect_and_send_forever INFO (OSError(98, 'Address already in use'), None) 
2024-07-12 15:18:38,787 socket_client.py [line:55] _connect_and_send_forever INFO (OSError(98, 'Address already in use'), None) 
2024-07-12 15:18:38,787 socket_client.py [line:55] _connect_and_send_forever INFO (OSError(98, 'Address already in use'), None) 
2024-07-12 15:18:38,788 socket_client.py [line:55] _connect_and_send_forever INFO (OSError(98, 'Address already in use'), None) 
2024-07-12 15:18:38,789 socket_client.py [line:55] _connect_and_send_forever INFO (OSError(98, 'Address already in use'), None) 
2024-07-12 15:18:38,791 socket_client.py [line:55] _connect_and_send_forever INFO (OSError(98, 'Address already in use'), None) 
2024-07-12 15:18:38,792 socket_client.py [line:55] _connect_and_send_forever INFO (OSError(98, 'Address already in use'), None) 
2024-07-12 15:18:38,792 socket_client.py [line:55] _connect_and_send_forever INFO (OSError(98, 'Address already in use'), None) 
2024-07-12 15:18:38,792 socket_client.py [line:55] _connect_and_send_forever INFO (OSError(98, 'Address already in use'), None) 
2024-07-12 15:18:38,792 socket_client.py [line:55] _connect_and_send_forever INFO (OSError(98, 'Address already in use'), None) 
2024-07-12 15:18:38,793 socket_client.py [line:55] _connect_and_send_forever INFO (OSError(98, 'Address already in use'), None) 
2024-07-12 15:18:38,793 socket_client.py [line:55] _connect_and_send_forever INFO (OSError(98, 'Address already in use'), None) 
2024-07-12 15:18:38,794 socket_client.py [line:55] _connect_and_send_forever INFO (OSError(98, 'Address already in use'), None) 
2024-07-12 15:18:38,795 socket_client.py [line:55] _connect_and_send_forever INFO (OSError(98, 'Address already in use'), None) 
2024-07-12 15:18:38,795 socket_client.py [line:55] _connect_and_send_forever INFO (OSError(98, 'Address already in use'), None) 
2024-07-12 15:18:38,796 socket_client.py [line:55] _connect_and_send_forever INFO (OSError(98, 'Address already in use'), None) 
2024-07-12 15:18:38,797 socket_client.py [line:55] _connect_and_send_forever INFO (OSError(98, 'Address already in use'), None) 
2024-07-12 15:18:38,798 socket_client.py [line:55] _connect_and_send_forever INFO (OSError(98, 'Address already in use'), None) 
2024-07-12 15:18:38,798 socket_client.py [line:55] _connect_and_send_forever INFO (OSError(98, 'Address already in use'), None) 
2024-07-12 15:18:38,798 socket_client.py [line:55] _connect_and_send_forever INFO (OSError(98, 'Address already in use'), None) 
2024-07-12 15:18:38,801 socket_client.py [line:55] _connect_and_send_forever INFO (OSError(98, 'Address already in use'), None) 
2024-07-12 15:18:38,801 socket_client.py [line:55] _connect_and_send_forever INFO (OSError(98, 'Address already in use'), None) 
2024-07-12 15:18:38,803 socket_client.py [line:55] _connect_and_send_forever INFO (OSError(98, 'Address already in use'), None) 
2024-07-12 15:18:38,803 socket_client.py [line:55] _connect_and_send_forever INFO (OSError(98, 'Address already in use'), None) 
2024-07-12 15:18:38,806 socket_client.py [line:55] _connect_and_send_forever INFO (OSError(98, 'Address already in use'), None) 
2024-07-12 15:18:38,806 socket_client.py [line:55] _connect_and_send_forever INFO (OSError(98, 'Address already in use'), None) 
2024-07-12 15:18:38,806 socket_client.py [line:55] _connect_and_send_forever INFO (OSError(98, 'Address already in use'), None) 
2024-07-12 15:18:38,807 socket_client.py [line:55] _connect_and_send_forever INFO (OSError(98, 'Address already in use'), None) 
2024-07-12 15:18:38,809 socket_client.py [line:55] _connect_and_send_forever INFO (OSError(98, 'Address already in use'), None) 
2024-07-12 15:18:38,810 socket_client.py [line:55] _connect_and_send_forever INFO (OSError(98, 'Address already in use'), None) 
2024-07-12 15:18:38,812 socket_client.py [line:55] _connect_and_send_forever INFO (OSError(98, 'Address already in use'), None) 
2024-07-12 15:18:38,812 socket_client.py [line:55] _connect_and_send_forever INFO (OSError(98, 'Address already in use'), None) 
2024-07-12 15:18:38,813 socket_client.py [line:55] _connect_and_send_forever INFO (OSError(98, 'Address already in use'), None) 
2024-07-12 15:18:38,814 socket_client.py [line:55] _connect_and_send_forever INFO (OSError(98, 'Address already in use'), None) 
2024-07-12 15:18:38,814 socket_client.py [line:55] _connect_and_send_forever INFO (OSError(98, 'Address already in use'), None) 
2024-07-12 15:18:38,816 socket_client.py [line:55] _connect_and_send_forever INFO (OSError(98, 'Address already in use'), None) 
2024-07-12 15:18:38,816 socket_client.py [line:55] _connect_and_send_forever INFO (OSError(98, 'Address already in use'), None) 
2024-07-12 15:18:38,816 socket_client.py [line:55] _connect_and_send_forever INFO (OSError(98, 'Address already in use'), None) 
2024-07-12 15:18:38,818 socket_client.py [line:55] _connect_and_send_forever INFO (OSError(98, 'Address already in use'), None) 
2024-07-12 15:18:38,818 socket_client.py [line:55] _connect_and_send_forever INFO (OSError(98, 'Address already in use'), None) 
2024-07-12 15:18:38,822 socket_client.py [line:55] _connect_and_send_forever INFO (OSError(98, 'Address already in use'), None) 
2024-07-12 15:18:38,822 socket_client.py [line:55] _connect_and_send_forever INFO (OSError(98, 'Address already in use'), None) 
2024-07-12 15:18:38,824 socket_client.py [line:55] _connect_and_send_forever INFO (OSError(98, 'Address already in use'), None) 
2024-07-12 15:18:38,824 socket_client.py [line:55] _connect_and_send_forever INFO (OSError(98, 'Address already in use'), None) 
2024-07-12 15:18:38,826 socket_client.py [line:55] _connect_and_send_forever INFO (OSError(98, 'Address already in use'), None) 
2024-07-12 15:18:38,826 socket_client.py [line:55] _connect_and_send_forever INFO (OSError(98, 'Address already in use'), None) 
2024-07-12 15:18:38,827 socket_client.py [line:55] _connect_and_send_forever INFO (OSError(98, 'Address already in use'), None) 
2024-07-12 15:18:38,828 socket_client.py [line:55] _connect_and_send_forever INFO (OSError(98, 'Address already in use'), None) 
2024-07-12 15:18:38,829 socket_client.py [line:55] _connect_and_send_forever INFO (OSError(98, 'Address already in use'), None) 
2024-07-12 15:18:38,829 socket_client.py [line:55] _connect_and_send_forever INFO (OSError(98, 'Address already in use'), None) 
2024-07-12 15:18:38,836 socket_client.py [line:55] _connect_and_send_forever INFO (OSError(98, 'Address already in use'), None) 
2024-07-12 15:18:38,837 socket_client.py [line:55] _connect_and_send_forever INFO (OSError(98, 'Address already in use'), None) 
2024-07-12 15:18:38,837 socket_client.py [line:55] _connect_and_send_forever INFO (OSError(98, 'Address already in use'), None) 
2024-07-12 15:18:38,838 socket_client.py [line:55] _connect_and_send_forever INFO (OSError(98, 'Address already in use'), None) 
2024-07-12 15:18:38,838 socket_client.py [line:55] _connect_and_send_forever INFO (OSError(98, 'Address already in use'), None) 
2024-07-12 15:18:38,842 socket_client.py [line:55] _connect_and_send_forever INFO (OSError(98, 'Address already in use'), None) 
2024-07-12 15:18:38,842 socket_client.py [line:55] _connect_and_send_forever INFO (OSError(98, 'Address already in use'), None) 
2024-07-12 15:18:38,848 socket_client.py [line:55] _connect_and_send_forever INFO (OSError(98, 'Address already in use'), None) 
2024-07-12 15:18:38,848 socket_client.py [line:55] _connect_and_send_forever INFO (OSError(98, 'Address already in use'), None) 
2024-07-12 15:18:38,848 socket_client.py [line:55] _connect_and_send_forever INFO (OSError(98, 'Address already in use'), None) 
2024-07-12 15:18:38,849 socket_client.py [line:55] _connect_and_send_forever INFO (OSError(98, 'Address already in use'), None) 
2024-07-12 15:18:38,849 socket_client.py [line:55] _connect_and_send_forever INFO (OSError(98, 'Address already in use'), None) 
2024-07-12 15:18:38,849 socket_client.py [line:55] _connect_and_send_forever INFO (OSError(98, 'Address already in use'), None) 
2024-07-12 15:18:38,851 socket_client.py [line:55] _connect_and_send_forever INFO (OSError(98, 'Address already in use'), None) 
2024-07-12 15:18:38,851 socket_client.py [line:55] _connect_and_send_forever INFO (OSError(98, 'Address already in use'), None) 
2024-07-12 15:18:38,855 socket_client.py [line:55] _connect_and_send_forever INFO (OSError(98, 'Address already in use'), None) 
2024-07-12 15:18:38,856 socket_client.py [line:55] _connect_and_send_forever INFO (OSError(98, 'Address already in use'), None) 
2024-07-12 15:18:38,856 socket_client.py [line:55] _connect_and_send_forever INFO (OSError(98, 'Address already in use'), None) 
2024-07-12 15:18:38,857 socket_client.py [line:55] _connect_and_send_forever INFO (OSError(98, 'Address already in use'), None) 
2024-07-12 15:18:38,857 socket_client.py [line:55] _connect_and_send_forever INFO (OSError(98, 'Address already in use'), None) 
2024-07-12 15:18:38,858 socket_client.py [line:55] _connect_and_send_forever INFO (OSError(98, 'Address already in use'), None) 
2024-07-12 15:18:38,863 socket_client.py [line:55] _connect_and_send_forever INFO (OSError(98, 'Address already in use'), None) 
2024-07-12 15:18:38,867 socket_client.py [line:55] _connect_and_send_forever INFO (OSError(98, 'Address already in use'), None) 
2024-07-12 15:18:38,868 socket_client.py [line:55] _connect_and_send_forever INFO (OSError(98, 'Address already in use'), None) 
2024-07-12 15:18:38,869 socket_client.py [line:55] _connect_and_send_forever INFO (OSError(98, 'Address already in use'), None) 
2024-07-12 15:18:38,870 socket_client.py [line:55] _connect_and_send_forever INFO (OSError(98, 'Address already in use'), None) 
2024-07-12 15:18:38,871 socket_client.py [line:55] _connect_and_send_forever INFO (OSError(98, 'Address already in use'), None) 
2024-07-12 15:18:38,871 socket_client.py [line:55] _connect_and_send_forever INFO (OSError(98, 'Address already in use'), None) 
2024-07-12 15:18:38,873 socket_client.py [line:55] _connect_and_send_forever INFO (OSError(98, 'Address already in use'), None) 
2024-07-12 15:18:38,873 socket_client.py [line:55] _connect_and_send_forever INFO (OSError(98, 'Address already in use'), None) 
2024-07-12 15:18:38,875 socket_client.py [line:55] _connect_and_send_forever INFO (OSError(98, 'Address already in use'), None) 
2024-07-12 15:18:38,875 socket_client.py [line:55] _connect_and_send_forever INFO (OSError(98, 'Address already in use'), None) 
2024-07-12 15:18:38,876 socket_client.py [line:55] _connect_and_send_forever INFO (OSError(98, 'Address already in use'), None) 
2024-07-12 15:18:38,877 socket_client.py [line:55] _connect_and_send_forever INFO (OSError(98, 'Address already in use'), None) 
2024-07-12 15:18:38,878 socket_client.py [line:55] _connect_and_send_forever INFO (OSError(98, 'Address already in use'), None) 
2024-07-12 15:18:38,878 socket_client.py [line:55] _connect_and_send_forever INFO (OSError(98, 'Address already in use'), None) 
2024-07-12 15:18:38,883 socket_client.py [line:55] _connect_and_send_forever INFO (OSError(98, 'Address already in use'), None) 
2024-07-12 15:18:38,884 socket_client.py [line:55] _connect_and_send_forever INFO (OSError(98, 'Address already in use'), None) 
2024-07-12 15:18:38,884 socket_client.py [line:55] _connect_and_send_forever INFO (OSError(98, 'Address already in use'), None) 
2024-07-12 15:18:38,884 socket_client.py [line:55] _connect_and_send_forever INFO (OSError(98, 'Address already in use'), None) 
2024-07-12 15:18:38,884 socket_client.py [line:55] _connect_and_send_forever INFO (OSError(98, 'Address already in use'), None) 
2024-07-12 15:18:38,889 socket_client.py [line:55] _connect_and_send_forever INFO (OSError(98, 'Address already in use'), None) 
2024-07-12 15:18:38,889 socket_client.py [line:55] _connect_and_send_forever INFO (OSError(98, 'Address already in use'), None) 
2024-07-12 15:18:38,891 socket_client.py [line:55] _connect_and_send_forever INFO (OSError(98, 'Address already in use'), None) 
2024-07-12 15:18:38,891 socket_client.py [line:55] _connect_and_send_forever INFO (OSError(98, 'Address already in use'), None) 
2024-07-12 15:18:38,895 socket_client.py [line:55] _connect_and_send_forever INFO (OSError(98, 'Address already in use'), None) 
2024-07-12 15:18:38,895 socket_client.py [line:55] _connect_and_send_forever INFO (OSError(98, 'Address already in use'), None) 
2024-07-12 15:18:38,896 socket_client.py [line:55] _connect_and_send_forever INFO (OSError(98, 'Address already in use'), None) 
2024-07-12 15:18:38,896 socket_client.py [line:55] _connect_and_send_forever INFO (OSError(98, 'Address already in use'), None) 
2024-07-12 15:18:38,899 socket_client.py [line:55] _connect_and_send_forever INFO (OSError(98, 'Address already in use'), None) 
2024-07-12 15:18:38,900 socket_client.py [line:55] _connect_and_send_forever INFO (OSError(98, 'Address already in use'), None) 
2024-07-12 15:18:38,900 socket_client.py [line:55] _connect_and_send_forever INFO (OSError(98, 'Address already in use'), None) 
2024-07-12 15:18:38,900 socket_client.py [line:55] _connect_and_send_forever INFO (OSError(98, 'Address already in use'), None) 
2024-07-12 15:18:38,900 socket_client.py [line:55] _connect_and_send_forever INFO (OSError(98, 'Address already in use'), None) 
2024-07-12 15:18:38,904 socket_client.py [line:55] _connect_and_send_forever INFO (OSError(98, 'Address already in use'), None) 
2024-07-12 15:18:38,904 socket_client.py [line:55] _connect_and_send_forever INFO (OSError(98, 'Address already in use'), None) 
2024-07-12 15:18:38,905 socket_client.py [line:55] _connect_and_send_forever INFO (OSError(98, 'Address already in use'), None) 
2024-07-12 15:18:38,906 socket_client.py [line:55] _connect_and_send_forever INFO (OSError(98, 'Address already in use'), None) 
2024-07-12 15:18:38,906 socket_client.py [line:55] _connect_and_send_forever INFO (OSError(98, 'Address already in use'), None) 
2024-07-12 15:18:38,908 socket_client.py [line:55] _connect_and_send_forever INFO (OSError(98, 'Address already in use'), None) 
2024-07-12 15:18:38,908 socket_client.py [line:55] _connect_and_send_forever INFO (OSError(98, 'Address already in use'), None) 
2024-07-12 15:18:38,910 socket_client.py [line:55] _connect_and_send_forever INFO (OSError(98, 'Address already in use'), None) 
2024-07-12 15:18:38,910 socket_client.py [line:55] _connect_and_send_forever INFO (OSError(98, 'Address already in use'), None) 
2024-07-12 15:18:38,912 socket_client.py [line:55] _connect_and_send_forever INFO (OSError(98, 'Address already in use'), None) 
2024-07-12 15:18:38,913 socket_client.py [line:55] _connect_and_send_forever INFO (OSError(98, 'Address already in use'), None) 
2024-07-12 15:18:38,915 socket_client.py [line:55] _connect_and_send_forever INFO (OSError(98, 'Address already in use'), None) 
2024-07-12 15:18:38,916 socket_client.py [line:55] _connect_and_send_forever INFO (OSError(98, 'Address already in use'), None) 
2024-07-12 15:18:38,917 socket_client.py [line:55] _connect_and_send_forever INFO (OSError(98, 'Address already in use'), None) 
2024-07-12 15:18:38,918 socket_client.py [line:55] _connect_and_send_forever INFO (OSError(98, 'Address already in use'), None) 
2024-07-12 15:18:38,919 socket_client.py [line:55] _connect_and_send_forever INFO (OSError(98, 'Address already in use'), None) 
2024-07-12 15:18:38,920 socket_client.py [line:55] _connect_and_send_forever INFO (OSError(98, 'Address already in use'), None) 
2024-07-12 15:18:38,923 socket_client.py [line:55] _connect_and_send_forever INFO (OSError(98, 'Address already in use'), None) 
2024-07-12 15:18:38,923 socket_client.py [line:55] _connect_and_send_forever INFO (OSError(98, 'Address already in use'), None) 
2024-07-12 15:18:38,923 socket_client.py [line:55] _connect_and_send_forever INFO (OSError(98, 'Address already in use'), None) 
2024-07-12 15:18:38,925 socket_client.py [line:55] _connect_and_send_forever INFO (OSError(98, 'Address already in use'), None) 
2024-07-12 15:18:38,925 socket_client.py [line:55] _connect_and_send_forever INFO (OSError(98, 'Address already in use'), None) 
2024-07-12 15:18:38,927 socket_client.py [line:55] _connect_and_send_forever INFO (OSError(98, 'Address already in use'), None) 
2024-07-12 15:18:38,928 socket_client.py [line:55] _connect_and_send_forever INFO (OSError(98, 'Address already in use'), None) 
2024-07-12 15:18:38,928 socket_client.py [line:55] _connect_and_send_forever INFO (OSError(98, 'Address already in use'), None) 
2024-07-12 15:18:38,930 socket_client.py [line:55] _connect_and_send_forever INFO (OSError(98, 'Address already in use'), None) 
2024-07-12 15:18:38,930 socket_client.py [line:55] _connect_and_send_forever INFO (OSError(98, 'Address already in use'), None) 
2024-07-12 15:18:38,931 socket_client.py [line:55] _connect_and_send_forever INFO (OSError(98, 'Address already in use'), None) 
2024-07-12 15:18:38,935 socket_client.py [line:55] _connect_and_send_forever INFO (OSError(98, 'Address already in use'), None) 
2024-07-12 15:18:38,935 socket_client.py [line:55] _connect_and_send_forever INFO (OSError(98, 'Address already in use'), None) 
2024-07-12 15:18:38,937 socket_client.py [line:55] _connect_and_send_forever INFO (OSError(98, 'Address already in use'), None) 
2024-07-12 15:18:38,937 socket_client.py [line:55] _connect_and_send_forever INFO (OSError(98, 'Address already in use'), None) 
2024-07-12 15:18:38,939 socket_client.py [line:55] _connect_and_send_forever INFO (OSError(98, 'Address already in use'), None) 
2024-07-12 15:18:38,939 socket_client.py [line:55] _connect_and_send_forever INFO (OSError(98, 'Address already in use'), None) 
2024-07-12 15:18:38,943 socket_client.py [line:55] _connect_and_send_forever INFO (OSError(98, 'Address already in use'), None) 
2024-07-12 15:18:38,943 socket_client.py [line:55] _connect_and_send_forever INFO (OSError(98, 'Address already in use'), None) 
2024-07-12 15:18:38,944 socket_client.py [line:55] _connect_and_send_forever INFO (OSError(98, 'Address already in use'), None) 
2024-07-12 15:18:38,945 socket_client.py [line:55] _connect_and_send_forever INFO (OSError(98, 'Address already in use'), None) 
2024-07-12 15:18:38,946 socket_client.py [line:55] _connect_and_send_forever INFO (OSError(98, 'Address already in use'), None) 
2024-07-12 15:18:38,946 socket_client.py [line:55] _connect_and_send_forever INFO (OSError(98, 'Address already in use'), None) 
2024-07-12 15:18:38,948 socket_client.py [line:55] _connect_and_send_forever INFO (OSError(98, 'Address already in use'), None) 
2024-07-12 15:18:38,949 socket_client.py [line:55] _connect_and_send_forever INFO (OSError(98, 'Address already in use'), None) 
2024-07-12 15:18:38,949 socket_client.py [line:55] _connect_and_send_forever INFO (OSError(98, 'Address already in use'), None) 
2024-07-12 15:18:38,953 socket_client.py [line:55] _connect_and_send_forever INFO (OSError(98, 'Address already in use'), None) 
2024-07-12 15:18:38,953 socket_client.py [line:55] _connect_and_send_forever INFO (OSError(98, 'Address already in use'), None) 
2024-07-12 15:18:38,954 socket_client.py [line:55] _connect_and_send_forever INFO (OSError(98, 'Address already in use'), None) 
2024-07-12 15:18:38,954 socket_client.py [line:55] _connect_and_send_forever INFO (OSError(98, 'Address already in use'), None) 
2024-07-12 15:18:39,005 socket_client.py [line:55] _connect_and_send_forever INFO (OSError(98, 'Address already in use'), None) 
2024-07-12 15:18:39,006 socket_client.py [line:55] _connect_and_send_forever INFO (OSError(98, 'Address already in use'), None) 
2024-07-12 15:18:39,008 socket_client.py [line:55] _connect_and_send_forever INFO (OSError(98, 'Address already in use'), None) 
2024-07-12 15:18:39,008 socket_client.py [line:55] _connect_and_send_forever INFO (OSError(98, 'Address already in use'), None) 
2024-07-12 15:18:39,009 socket_client.py [line:55] _connect_and_send_forever INFO (OSError(98, 'Address already in use'), None) 
2024-07-12 15:18:39,010 socket_client.py [line:55] _connect_and_send_forever INFO (OSError(98, 'Address already in use'), None) 
2024-07-12 15:18:39,011 socket_client.py [line:55] _connect_and_send_forever INFO (OSError(98, 'Address already in use'), None) 
2024-07-12 15:18:39,015 socket_client.py [line:55] _connect_and_send_forever INFO (OSError(98, 'Address already in use'), None) 
2024-07-12 15:18:39,015 socket_client.py [line:55] _connect_and_send_forever INFO (OSError(98, 'Address already in use'), None) 
2024-07-12 15:18:39,015 socket_client.py [line:55] _connect_and_send_forever INFO (OSError(98, 'Address already in use'), None) 
2024-07-12 15:18:39,022 socket_client.py [line:55] _connect_and_send_forever INFO (OSError(98, 'Address already in use'), None) 
2024-07-12 15:18:39,022 socket_client.py [line:55] _connect_and_send_forever INFO (OSError(98, 'Address already in use'), None) 
2024-07-12 15:18:39,027 socket_client.py [line:55] _connect_and_send_forever INFO (OSError(98, 'Address already in use'), None) 
2024-07-12 15:18:39,028 socket_client.py [line:55] _connect_and_send_forever INFO (OSError(98, 'Address already in use'), None) 
2024-07-12 15:18:39,028 socket_client.py [line:55] _connect_and_send_forever INFO (OSError(98, 'Address already in use'), None) 
2024-07-12 15:18:39,031 socket_client.py [line:55] _connect_and_send_forever INFO (OSError(98, 'Address already in use'), None) 
2024-07-12 15:18:39,031 socket_client.py [line:55] _connect_and_send_forever INFO (OSError(98, 'Address already in use'), None) 
2024-07-12 15:18:39,032 socket_client.py [line:55] _connect_and_send_forever INFO (OSError(98, 'Address already in use'), None) 
2024-07-12 15:18:39,034 socket_client.py [line:55] _connect_and_send_forever INFO (OSError(98, 'Address already in use'), None) 
2024-07-12 15:18:39,036 socket_client.py [line:55] _connect_and_send_forever INFO (OSError(98, 'Address already in use'), None) 
2024-07-12 15:18:39,036 socket_client.py [line:55] _connect_and_send_forever INFO (OSError(98, 'Address already in use'), None) 
2024-07-12 15:18:39,037 socket_client.py [line:55] _connect_and_send_forever INFO (OSError(98, 'Address already in use'), None) 
2024-07-12 15:18:39,038 socket_client.py [line:55] _connect_and_send_forever INFO (OSError(98, 'Address already in use'), None) 
2024-07-12 15:18:39,038 socket_client.py [line:55] _connect_and_send_forever INFO (OSError(98, 'Address already in use'), None) 
2024-07-12 15:18:39,040 socket_client.py [line:55] _connect_and_send_forever INFO (OSError(98, 'Address already in use'), None) 
2024-07-12 15:18:39,041 socket_client.py [line:55] _connect_and_send_forever INFO (OSError(98, 'Address already in use'), None) 
2024-07-12 15:18:39,043 socket_client.py [line:55] _connect_and_send_forever INFO (OSError(98, 'Address already in use'), None) 
2024-07-12 15:18:39,044 socket_client.py [line:55] _connect_and_send_forever INFO (OSError(98, 'Address already in use'), None) 
2024-07-12 15:18:39,047 socket_client.py [line:55] _connect_and_send_forever INFO (OSError(98, 'Address already in use'), None) 
2024-07-12 15:18:39,048 socket_client.py [line:55] _connect_and_send_forever INFO (OSError(98, 'Address already in use'), None) 
2024-07-12 15:18:39,049 socket_client.py [line:55] _connect_and_send_forever INFO (OSError(98, 'Address already in use'), None) 
2024-07-12 15:18:39,050 socket_client.py [line:55] _connect_and_send_forever INFO (OSError(98, 'Address already in use'), None) 
2024-07-12 15:18:39,050 socket_client.py [line:55] _connect_and_send_forever INFO (OSError(98, 'Address already in use'), None) 
2024-07-12 15:18:39,051 socket_client.py [line:55] _connect_and_send_forever INFO (OSError(98, 'Address already in use'), None) 
2024-07-12 15:18:39,052 socket_client.py [line:55] _connect_and_send_forever INFO (OSError(98, 'Address already in use'), None) 
2024-07-12 15:18:39,052 socket_client.py [line:55] _connect_and_send_forever INFO (OSError(98, 'Address already in use'), None) 
2024-07-12 15:18:39,055 socket_client.py [line:55] _connect_and_send_forever INFO (OSError(98, 'Address already in use'), None) 
2024-07-12 15:18:39,056 socket_client.py [line:55] _connect_and_send_forever INFO (OSError(98, 'Address already in use'), None) 
2024-07-12 15:18:39,057 socket_client.py [line:55] _connect_and_send_forever INFO (OSError(98, 'Address already in use'), None) 
2024-07-12 15:18:39,057 socket_client.py [line:55] _connect_and_send_forever INFO (OSError(98, 'Address already in use'), None) 
2024-07-12 15:18:39,059 socket_client.py [line:55] _connect_and_send_forever INFO (OSError(98, 'Address already in use'), None) 
2024-07-12 15:18:39,059 socket_client.py [line:55] _connect_and_send_forever INFO (OSError(98, 'Address already in use'), None) 
2024-07-12 15:18:39,059 socket_client.py [line:55] _connect_and_send_forever INFO (OSError(98, 'Address already in use'), None) 
2024-07-12 15:18:39,061 socket_client.py [line:55] _connect_and_send_forever INFO (OSError(98, 'Address already in use'), None) 
2024-07-12 15:18:39,062 socket_client.py [line:55] _connect_and_send_forever INFO (OSError(98, 'Address already in use'), None) 
2024-07-12 15:18:39,063 socket_client.py [line:55] _connect_and_send_forever INFO (OSError(98, 'Address already in use'), None) 
2024-07-12 15:18:39,069 socket_client.py [line:55] _connect_and_send_forever INFO (OSError(98, 'Address already in use'), None) 
2024-07-12 15:18:39,069 socket_client.py [line:55] _connect_and_send_forever INFO (OSError(98, 'Address already in use'), None) 
2024-07-12 15:18:39,069 socket_client.py [line:55] _connect_and_send_forever INFO (OSError(98, 'Address already in use'), None) 
2024-07-12 15:18:39,070 socket_client.py [line:55] _connect_and_send_forever INFO (OSError(98, 'Address already in use'), None) 
2024-07-12 15:18:39,070 socket_client.py [line:55] _connect_and_send_forever INFO (OSError(98, 'Address already in use'), None) 
2024-07-12 15:18:39,071 socket_client.py [line:55] _connect_and_send_forever INFO (OSError(98, 'Address already in use'), None) 
2024-07-12 15:18:39,071 socket_client.py [line:55] _connect_and_send_forever INFO (OSError(98, 'Address already in use'), None) 
2024-07-12 15:18:39,071 socket_client.py [line:55] _connect_and_send_forever INFO (OSError(98, 'Address already in use'), None) 
2024-07-12 15:18:39,072 socket_client.py [line:55] _connect_and_send_forever INFO (OSError(98, 'Address already in use'), None) 
2024-07-12 15:18:39,073 socket_client.py [line:55] _connect_and_send_forever INFO (OSError(98, 'Address already in use'), None) 
2024-07-12 15:18:39,074 socket_client.py [line:55] _connect_and_send_forever INFO (OSError(98, 'Address already in use'), None) 
2024-07-12 15:18:39,074 socket_client.py [line:55] _connect_and_send_forever INFO (OSError(98, 'Address already in use'), None) 
2024-07-12 15:18:39,077 socket_client.py [line:55] _connect_and_send_forever INFO (OSError(98, 'Address already in use'), None) 
2024-07-12 15:18:39,077 socket_client.py [line:55] _connect_and_send_forever INFO (OSError(98, 'Address already in use'), None) 
2024-07-12 15:18:39,077 socket_client.py [line:55] _connect_and_send_forever INFO (OSError(98, 'Address already in use'), None) 
2024-07-12 15:18:39,077 socket_client.py [line:55] _connect_and_send_forever INFO (OSError(98, 'Address already in use'), None) 
2024-07-12 15:18:39,079 socket_client.py [line:55] _connect_and_send_forever INFO (OSError(98, 'Address already in use'), None) 
2024-07-12 15:18:39,080 socket_client.py [line:55] _connect_and_send_forever INFO (OSError(98, 'Address already in use'), None) 
2024-07-12 15:18:39,081 socket_client.py [line:55] _connect_and_send_forever INFO (OSError(98, 'Address already in use'), None) 
2024-07-12 15:18:39,082 socket_client.py [line:55] _connect_and_send_forever INFO (OSError(98, 'Address already in use'), None) 
2024-07-12 15:18:39,085 socket_client.py [line:55] _connect_and_send_forever INFO (OSError(98, 'Address already in use'), None) 
2024-07-12 15:18:39,085 socket_client.py [line:55] _connect_and_send_forever INFO (OSError(98, 'Address already in use'), None) 
2024-07-12 15:18:39,089 socket_client.py [line:55] _connect_and_send_forever INFO (OSError(98, 'Address already in use'), None) 
2024-07-12 15:18:39,089 socket_client.py [line:55] _connect_and_send_forever INFO (OSError(98, 'Address already in use'), None) 
2024-07-12 15:18:39,089 socket_client.py [line:55] _connect_and_send_forever INFO (OSError(98, 'Address already in use'), None) 
2024-07-12 15:18:39,089 socket_client.py [line:55] _connect_and_send_forever INFO (OSError(98, 'Address already in use'), None) 
2024-07-12 15:18:39,090 socket_client.py [line:55] _connect_and_send_forever INFO (OSError(98, 'Address already in use'), None) 
2024-07-12 15:18:39,091 socket_client.py [line:55] _connect_and_send_forever INFO (OSError(98, 'Address already in use'), None) 
2024-07-12 15:18:39,091 socket_client.py [line:55] _connect_and_send_forever INFO (OSError(98, 'Address already in use'), None) 
2024-07-12 15:18:39,093 socket_client.py [line:55] _connect_and_send_forever INFO (OSError(98, 'Address already in use'), None) 
2024-07-12 15:18:39,094 socket_client.py [line:55] _connect_and_send_forever INFO (OSError(98, 'Address already in use'), None) 
2024-07-12 15:18:39,094 socket_client.py [line:55] _connect_and_send_forever INFO (OSError(98, 'Address already in use'), None) 
2024-07-12 15:18:39,095 socket_client.py [line:55] _connect_and_send_forever INFO (OSError(98, 'Address already in use'), None) 
2024-07-12 15:18:39,096 socket_client.py [line:55] _connect_and_send_forever INFO (OSError(98, 'Address already in use'), None) 
2024-07-12 15:18:39,097 socket_client.py [line:55] _connect_and_send_forever INFO (OSError(98, 'Address already in use'), None) 
2024-07-12 15:18:39,099 socket_client.py [line:55] _connect_and_send_forever INFO (OSError(98, 'Address already in use'), None) 
2024-07-12 15:18:39,100 socket_client.py [line:55] _connect_and_send_forever INFO (OSError(98, 'Address already in use'), None) 
2024-07-12 15:18:39,103 socket_client.py [line:55] _connect_and_send_forever INFO (OSError(98, 'Address already in use'), None) 
2024-07-12 15:18:39,103 socket_client.py [line:55] _connect_and_send_forever INFO (OSError(98, 'Address already in use'), None) 
2024-07-12 15:18:39,104 socket_client.py [line:55] _connect_and_send_forever INFO (OSError(98, 'Address already in use'), None) 
2024-07-12 15:18:39,104 socket_client.py [line:55] _connect_and_send_forever INFO (OSError(98, 'Address already in use'), None) 
2024-07-12 15:18:39,107 socket_client.py [line:55] _connect_and_send_forever INFO (OSError(98, 'Address already in use'), None) 
2024-07-12 15:18:39,108 socket_client.py [line:55] _connect_and_send_forever INFO (OSError(98, 'Address already in use'), None) 
2024-07-12 15:18:39,108 socket_client.py [line:55] _connect_and_send_forever INFO (OSError(98, 'Address already in use'), None) 
2024-07-12 15:18:39,116 socket_client.py [line:55] _connect_and_send_forever INFO (OSError(98, 'Address already in use'), None) 
2024-07-12 15:18:39,116 socket_client.py [line:55] _connect_and_send_forever INFO (OSError(98, 'Address already in use'), None) 
2024-07-12 15:18:39,116 socket_client.py [line:55] _connect_and_send_forever INFO (OSError(98, 'Address already in use'), None) 
2024-07-12 15:18:39,120 socket_client.py [line:55] _connect_and_send_forever INFO (OSError(98, 'Address already in use'), None) 
2024-07-12 15:18:39,121 socket_client.py [line:55] _connect_and_send_forever INFO (OSError(98, 'Address already in use'), None) 
2024-07-12 15:18:39,121 socket_client.py [line:55] _connect_and_send_forever INFO (OSError(98, 'Address already in use'), None) 
2024-07-12 15:18:39,121 socket_client.py [line:55] _connect_and_send_forever INFO (OSError(98, 'Address already in use'), None) 
2024-07-12 15:18:39,122 socket_client.py [line:55] _connect_and_send_forever INFO (OSError(98, 'Address already in use'), None) 
2024-07-12 15:18:39,123 socket_client.py [line:55] _connect_and_send_forever INFO (OSError(98, 'Address already in use'), None) 
2024-07-12 15:18:39,123 socket_client.py [line:55] _connect_and_send_forever INFO (OSError(98, 'Address already in use'), None) 
2024-07-12 15:18:39,123 socket_client.py [line:55] _connect_and_send_forever INFO (OSError(98, 'Address already in use'), None) 
2024-07-12 15:18:39,126 socket_client.py [line:55] _connect_and_send_forever INFO (OSError(98, 'Address already in use'), None) 
2024-07-12 15:18:39,126 socket_client.py [line:55] _connect_and_send_forever INFO (OSError(98, 'Address already in use'), None) 
2024-07-12 15:18:39,128 socket_client.py [line:55] _connect_and_send_forever INFO (OSError(98, 'Address already in use'), None) 
2024-07-12 15:18:39,128 socket_client.py [line:55] _connect_and_send_forever INFO (OSError(98, 'Address already in use'), None) 
2024-07-12 15:18:39,130 socket_client.py [line:55] _connect_and_send_forever INFO (OSError(98, 'Address already in use'), None) 
2024-07-12 15:18:39,131 socket_client.py [line:55] _connect_and_send_forever INFO (OSError(98, 'Address already in use'), None) 
2024-07-12 15:18:39,133 socket_client.py [line:55] _connect_and_send_forever INFO (OSError(98, 'Address already in use'), None) 
2024-07-12 15:18:39,138 socket_client.py [line:55] _connect_and_send_forever INFO (OSError(98, 'Address already in use'), None) 
2024-07-12 15:18:39,139 socket_client.py [line:55] _connect_and_send_forever INFO (OSError(98, 'Address already in use'), None) 
2024-07-12 15:18:39,139 socket_client.py [line:55] _connect_and_send_forever INFO (OSError(98, 'Address already in use'), None) 
2024-07-12 15:18:39,139 socket_client.py [line:55] _connect_and_send_forever INFO (OSError(98, 'Address already in use'), None) 
2024-07-12 15:18:39,139 socket_client.py [line:55] _connect_and_send_forever INFO (OSError(98, 'Address already in use'), None) 
2024-07-12 15:18:39,140 socket_client.py [line:55] _connect_and_send_forever INFO (OSError(98, 'Address already in use'), None) 
2024-07-12 15:18:39,140 socket_client.py [line:55] _connect_and_send_forever INFO (OSError(98, 'Address already in use'), None) 
2024-07-12 15:18:39,140 socket_client.py [line:55] _connect_and_send_forever INFO (OSError(98, 'Address already in use'), None) 
2024-07-12 15:18:39,140 socket_client.py [line:55] _connect_and_send_forever INFO (OSError(98, 'Address already in use'), None) 
2024-07-12 15:18:39,140 socket_client.py [line:55] _connect_and_send_forever INFO (OSError(98, 'Address already in use'), None) 
2024-07-12 15:18:39,141 socket_client.py [line:55] _connect_and_send_forever INFO (OSError(98, 'Address already in use'), None) 
2024-07-12 15:18:39,148 socket_client.py [line:55] _connect_and_send_forever INFO (OSError(98, 'Address already in use'), None) 
2024-07-12 15:18:39,148 socket_client.py [line:55] _connect_and_send_forever INFO (OSError(98, 'Address already in use'), None) 
2024-07-12 15:18:39,149 socket_client.py [line:55] _connect_and_send_forever INFO (OSError(98, 'Address already in use'), None) 
2024-07-12 15:18:39,149 socket_client.py [line:55] _connect_and_send_forever INFO (OSError(98, 'Address already in use'), None) 
2024-07-12 15:18:39,157 socket_client.py [line:55] _connect_and_send_forever INFO (OSError(98, 'Address already in use'), None) 
2024-07-12 15:18:39,157 socket_client.py [line:55] _connect_and_send_forever INFO (OSError(98, 'Address already in use'), None) 
2024-07-12 15:18:39,158 socket_client.py [line:55] _connect_and_send_forever INFO (OSError(98, 'Address already in use'), None) 
2024-07-12 15:18:39,158 socket_client.py [line:55] _connect_and_send_forever INFO (OSError(98, 'Address already in use'), None) 
2024-07-12 15:18:39,158 socket_client.py [line:55] _connect_and_send_forever INFO (OSError(98, 'Address already in use'), None) 
2024-07-12 15:18:39,158 socket_client.py [line:55] _connect_and_send_forever INFO (OSError(98, 'Address already in use'), None) 
2024-07-12 15:18:39,159 socket_client.py [line:55] _connect_and_send_forever INFO (OSError(98, 'Address already in use'), None) 
2024-07-12 15:18:39,159 socket_client.py [line:55] _connect_and_send_forever INFO (OSError(98, 'Address already in use'), None) 
2024-07-12 15:18:39,160 socket_client.py [line:55] _connect_and_send_forever INFO (OSError(98, 'Address already in use'), None) 
2024-07-12 15:18:39,161 socket_client.py [line:55] _connect_and_send_forever INFO (OSError(98, 'Address already in use'), None) 
2024-07-12 15:18:39,162 socket_client.py [line:55] _connect_and_send_forever INFO (OSError(98, 'Address already in use'), None) 
2024-07-12 15:18:39,162 socket_client.py [line:55] _connect_and_send_forever INFO (OSError(98, 'Address already in use'), None) 
2024-07-12 15:18:39,163 socket_client.py [line:55] _connect_and_send_forever INFO (OSError(98, 'Address already in use'), None) 
2024-07-12 15:18:39,164 socket_client.py [line:55] _connect_and_send_forever INFO (OSError(98, 'Address already in use'), None) 
2024-07-12 15:18:39,164 socket_client.py [line:55] _connect_and_send_forever INFO (OSError(98, 'Address already in use'), None) 
2024-07-12 15:18:39,167 socket_client.py [line:55] _connect_and_send_forever INFO (OSError(98, 'Address already in use'), None) 
2024-07-12 15:18:39,167 socket_client.py [line:55] _connect_and_send_forever INFO (OSError(98, 'Address already in use'), None) 
2024-07-12 15:18:39,169 socket_client.py [line:55] _connect_and_send_forever INFO (OSError(98, 'Address already in use'), None) 
2024-07-12 15:18:39,169 socket_client.py [line:55] _connect_and_send_forever INFO (OSError(98, 'Address already in use'), None) 
2024-07-12 15:18:39,171 socket_client.py [line:55] _connect_and_send_forever INFO (OSError(98, 'Address already in use'), None) 
2024-07-12 15:18:39,171 socket_client.py [line:55] _connect_and_send_forever INFO (OSError(98, 'Address already in use'), None) 
2024-07-12 15:18:39,174 socket_client.py [line:55] _connect_and_send_forever INFO (OSError(98, 'Address already in use'), None) 
2024-07-12 15:18:39,175 socket_client.py [line:55] _connect_and_send_forever INFO (OSError(98, 'Address already in use'), None) 
2024-07-12 15:18:39,175 socket_client.py [line:55] _connect_and_send_forever INFO (OSError(98, 'Address already in use'), None) 
2024-07-12 15:18:39,176 socket_client.py [line:55] _connect_and_send_forever INFO (OSError(98, 'Address already in use'), None) 
2024-07-12 15:18:39,176 socket_client.py [line:55] _connect_and_send_forever INFO (OSError(98, 'Address already in use'), None) 
2024-07-12 15:18:39,177 socket_client.py [line:55] _connect_and_send_forever INFO (OSError(98, 'Address already in use'), None) 
2024-07-12 15:18:39,178 socket_client.py [line:55] _connect_and_send_forever INFO (OSError(98, 'Address already in use'), None) 
2024-07-12 15:18:39,180 socket_client.py [line:55] _connect_and_send_forever INFO (OSError(98, 'Address already in use'), None) 
2024-07-12 15:18:39,180 socket_client.py [line:55] _connect_and_send_forever INFO (OSError(98, 'Address already in use'), None) 
2024-07-12 15:18:39,182 socket_client.py [line:55] _connect_and_send_forever INFO (OSError(98, 'Address already in use'), None) 
2024-07-12 15:18:39,182 socket_client.py [line:55] _connect_and_send_forever INFO (OSError(98, 'Address already in use'), None) 
2024-07-12 15:18:39,186 socket_client.py [line:55] _connect_and_send_forever INFO (OSError(98, 'Address already in use'), None) 
2024-07-12 15:18:39,187 socket_client.py [line:55] _connect_and_send_forever INFO (OSError(98, 'Address already in use'), None) 
2024-07-12 15:18:39,190 socket_client.py [line:55] _connect_and_send_forever INFO (OSError(98, 'Address already in use'), None) 
2024-07-12 15:18:39,192 socket_client.py [line:55] _connect_and_send_forever INFO (OSError(98, 'Address already in use'), None) 
2024-07-12 15:18:39,192 socket_client.py [line:55] _connect_and_send_forever INFO (OSError(98, 'Address already in use'), None) 
2024-07-12 15:18:39,196 socket_client.py [line:55] _connect_and_send_forever INFO (OSError(98, 'Address already in use'), None) 
2024-07-12 15:18:39,197 socket_client.py [line:55] _connect_and_send_forever INFO (OSError(98, 'Address already in use'), None) 
2024-07-12 15:18:39,197 socket_client.py [line:55] _connect_and_send_forever INFO (OSError(98, 'Address already in use'), None) 
2024-07-12 15:18:39,198 socket_client.py [line:55] _connect_and_send_forever INFO (OSError(98, 'Address already in use'), None) 
2024-07-12 15:18:39,199 socket_client.py [line:55] _connect_and_send_forever INFO (OSError(98, 'Address already in use'), None) 
2024-07-12 15:18:39,202 socket_client.py [line:55] _connect_and_send_forever INFO (OSError(98, 'Address already in use'), None) 
2024-07-12 15:18:39,202 socket_client.py [line:55] _connect_and_send_forever INFO (OSError(98, 'Address already in use'), None) 
2024-07-12 15:18:39,204 socket_client.py [line:55] _connect_and_send_forever INFO (OSError(98, 'Address already in use'), None) 
2024-07-12 15:18:39,204 socket_client.py [line:55] _connect_and_send_forever INFO (OSError(98, 'Address already in use'), None) 
2024-07-12 15:18:39,207 socket_client.py [line:55] _connect_and_send_forever INFO (OSError(98, 'Address already in use'), None) 
2024-07-12 15:18:39,208 socket_client.py [line:55] _connect_and_send_forever INFO (OSError(98, 'Address already in use'), None) 
2024-07-12 15:18:39,209 socket_client.py [line:55] _connect_and_send_forever INFO (OSError(98, 'Address already in use'), None) 
2024-07-12 15:18:39,209 socket_client.py [line:55] _connect_and_send_forever INFO (OSError(98, 'Address already in use'), None) 
2024-07-12 15:18:39,211 socket_client.py [line:55] _connect_and_send_forever INFO (OSError(98, 'Address already in use'), None) 
2024-07-12 15:18:39,211 socket_client.py [line:55] _connect_and_send_forever INFO (OSError(98, 'Address already in use'), None) 
2024-07-12 15:18:39,213 socket_client.py [line:55] _connect_and_send_forever INFO (OSError(98, 'Address already in use'), None) 
2024-07-12 15:18:39,214 socket_client.py [line:55] _connect_and_send_forever INFO (OSError(98, 'Address already in use'), None) 
2024-07-12 15:18:39,216 socket_client.py [line:55] _connect_and_send_forever INFO (OSError(98, 'Address already in use'), None) 
2024-07-12 15:18:39,218 socket_client.py [line:55] _connect_and_send_forever INFO (OSError(98, 'Address already in use'), None) 
2024-07-12 15:18:39,218 socket_client.py [line:55] _connect_and_send_forever INFO (OSError(98, 'Address already in use'), None) 
2024-07-12 15:18:39,221 socket_client.py [line:55] _connect_and_send_forever INFO (OSError(98, 'Address already in use'), None) 
2024-07-12 15:18:39,222 socket_client.py [line:55] _connect_and_send_forever INFO (OSError(98, 'Address already in use'), None) 
2024-07-12 15:18:39,222 socket_client.py [line:55] _connect_and_send_forever INFO (OSError(98, 'Address already in use'), None) 
2024-07-12 15:18:39,222 socket_client.py [line:55] _connect_and_send_forever INFO (OSError(98, 'Address already in use'), None) 
2024-07-12 15:18:39,223 socket_client.py [line:55] _connect_and_send_forever INFO (OSError(98, 'Address already in use'), None) 
2024-07-12 15:18:39,223 socket_client.py [line:55] _connect_and_send_forever INFO (OSError(98, 'Address already in use'), None) 
2024-07-12 15:18:39,228 socket_client.py [line:55] _connect_and_send_forever INFO (OSError(98, 'Address already in use'), None) 
2024-07-12 15:18:39,228 socket_client.py [line:55] _connect_and_send_forever INFO (OSError(98, 'Address already in use'), None) 
2024-07-12 15:18:39,230 socket_client.py [line:55] _connect_and_send_forever INFO (OSError(98, 'Address already in use'), None) 
2024-07-12 15:18:39,231 socket_client.py [line:55] _connect_and_send_forever INFO (OSError(98, 'Address already in use'), None) 
2024-07-12 15:18:39,232 socket_client.py [line:55] _connect_and_send_forever INFO (OSError(98, 'Address already in use'), None) 
2024-07-12 15:18:39,232 socket_client.py [line:55] _connect_and_send_forever INFO (OSError(98, 'Address already in use'), None) 
2024-07-12 15:18:39,234 socket_client.py [line:55] _connect_and_send_forever INFO (OSError(98, 'Address already in use'), None) 
2024-07-12 15:18:39,234 socket_client.py [line:55] _connect_and_send_forever INFO (OSError(98, 'Address already in use'), None) 
2024-07-12 15:18:39,236 socket_client.py [line:55] _connect_and_send_forever INFO (OSError(98, 'Address already in use'), None) 
2024-07-12 15:18:39,236 socket_client.py [line:55] _connect_and_send_forever INFO (OSError(98, 'Address already in use'), None) 
2024-07-12 15:18:39,237 socket_client.py [line:55] _connect_and_send_forever INFO (OSError(98, 'Address already in use'), None) 
2024-07-12 15:18:39,238 socket_client.py [line:55] _connect_and_send_forever INFO (OSError(98, 'Address already in use'), None) 
2024-07-12 15:18:39,239 socket_client.py [line:55] _connect_and_send_forever INFO (OSError(98, 'Address already in use'), None) 
2024-07-12 15:18:39,239 socket_client.py [line:55] _connect_and_send_forever INFO (OSError(98, 'Address already in use'), None) 
2024-07-12 15:18:39,240 socket_client.py [line:55] _connect_and_send_forever INFO (OSError(98, 'Address already in use'), None) 
2024-07-12 15:18:39,241 socket_client.py [line:55] _connect_and_send_forever INFO (OSError(98, 'Address already in use'), None) 
2024-07-12 15:18:39,241 socket_client.py [line:55] _connect_and_send_forever INFO (OSError(98, 'Address already in use'), None) 
2024-07-12 15:18:39,241 socket_client.py [line:55] _connect_and_send_forever INFO (OSError(98, 'Address already in use'), None) 
2024-07-12 15:18:39,243 socket_client.py [line:55] _connect_and_send_forever INFO (OSError(98, 'Address already in use'), None) 
2024-07-12 15:18:39,244 socket_client.py [line:55] _connect_and_send_forever INFO (OSError(98, 'Address already in use'), None) 
2024-07-12 15:18:39,250 socket_client.py [line:55] _connect_and_send_forever INFO (OSError(98, 'Address already in use'), None) 
2024-07-12 15:18:39,250 socket_client.py [line:55] _connect_and_send_forever INFO (OSError(98, 'Address already in use'), None) 
2024-07-12 15:18:39,251 socket_client.py [line:55] _connect_and_send_forever INFO (OSError(98, 'Address already in use'), None) 
2024-07-12 15:18:39,252 socket_client.py [line:55] _connect_and_send_forever INFO (OSError(98, 'Address already in use'), None) 
2024-07-12 15:18:39,253 socket_client.py [line:55] _connect_and_send_forever INFO (OSError(98, 'Address already in use'), None) 
2024-07-12 15:18:39,253 socket_client.py [line:55] _connect_and_send_forever INFO (OSError(98, 'Address already in use'), None) 
2024-07-12 15:18:39,255 socket_client.py [line:55] _connect_and_send_forever INFO (OSError(98, 'Address already in use'), None) 
2024-07-12 15:18:39,255 socket_client.py [line:55] _connect_and_send_forever INFO (OSError(98, 'Address already in use'), None) 
2024-07-12 15:18:39,255 socket_client.py [line:55] _connect_and_send_forever INFO (OSError(98, 'Address already in use'), None) 
2024-07-12 15:18:39,256 socket_client.py [line:55] _connect_and_send_forever INFO (OSError(98, 'Address already in use'), None) 
2024-07-12 15:18:39,256 socket_client.py [line:55] _connect_and_send_forever INFO (OSError(98, 'Address already in use'), None) 
2024-07-12 15:18:39,257 socket_client.py [line:55] _connect_and_send_forever INFO (OSError(98, 'Address already in use'), None) 
2024-07-12 15:18:39,258 socket_client.py [line:55] _connect_and_send_forever INFO (OSError(98, 'Address already in use'), None) 
2024-07-12 15:18:39,259 socket_client.py [line:55] _connect_and_send_forever INFO (OSError(98, 'Address already in use'), None) 
2024-07-12 15:18:39,259 socket_client.py [line:55] _connect_and_send_forever INFO (OSError(98, 'Address already in use'), None) 
2024-07-12 15:18:39,260 socket_client.py [line:55] _connect_and_send_forever INFO (OSError(98, 'Address already in use'), None) 
2024-07-12 15:18:39,261 socket_client.py [line:55] _connect_and_send_forever INFO (OSError(98, 'Address already in use'), None) 
2024-07-12 15:18:39,262 socket_client.py [line:55] _connect_and_send_forever INFO (OSError(98, 'Address already in use'), None) 
2024-07-12 15:18:39,262 socket_client.py [line:55] _connect_and_send_forever INFO (OSError(98, 'Address already in use'), None) 
2024-07-12 15:18:39,264 socket_client.py [line:55] _connect_and_send_forever INFO (OSError(98, 'Address already in use'), None) 
2024-07-12 15:18:39,264 socket_client.py [line:55] _connect_and_send_forever INFO (OSError(98, 'Address already in use'), None) 
2024-07-12 15:18:39,270 socket_client.py [line:55] _connect_and_send_forever INFO (OSError(98, 'Address already in use'), None) 
2024-07-12 15:18:39,270 socket_client.py [line:55] _connect_and_send_forever INFO (OSError(98, 'Address already in use'), None) 
2024-07-12 15:18:39,270 socket_client.py [line:55] _connect_and_send_forever INFO (OSError(98, 'Address already in use'), None) 
2024-07-12 15:18:39,271 socket_client.py [line:55] _connect_and_send_forever INFO (OSError(98, 'Address already in use'), None) 
2024-07-12 15:18:39,272 socket_client.py [line:55] _connect_and_send_forever INFO (OSError(98, 'Address already in use'), None) 
2024-07-12 15:18:39,282 socket_client.py [line:55] _connect_and_send_forever INFO (OSError(98, 'Address already in use'), None) 
2024-07-12 15:18:39,283 socket_client.py [line:55] _connect_and_send_forever INFO (OSError(98, 'Address already in use'), None) 
2024-07-12 15:18:39,283 socket_client.py [line:55] _connect_and_send_forever INFO (OSError(98, 'Address already in use'), None) 
2024-07-12 15:18:39,283 socket_client.py [line:55] _connect_and_send_forever INFO (OSError(98, 'Address already in use'), None) 
2024-07-12 15:18:39,284 socket_client.py [line:55] _connect_and_send_forever INFO (OSError(98, 'Address already in use'), None) 
2024-07-12 15:18:39,287 socket_client.py [line:55] _connect_and_send_forever INFO (OSError(98, 'Address already in use'), None) 
2024-07-12 15:18:39,287 socket_client.py [line:55] _connect_and_send_forever INFO (OSError(98, 'Address already in use'), None) 
2024-07-12 15:18:39,288 socket_client.py [line:55] _connect_and_send_forever INFO (OSError(98, 'Address already in use'), None) 
2024-07-12 15:18:39,288 socket_client.py [line:55] _connect_and_send_forever INFO (OSError(98, 'Address already in use'), None) 
2024-07-12 15:18:39,290 socket_client.py [line:55] _connect_and_send_forever INFO (OSError(98, 'Address already in use'), None) 
2024-07-12 15:18:39,292 socket_client.py [line:55] _connect_and_send_forever INFO (OSError(98, 'Address already in use'), None) 
2024-07-12 15:18:39,292 socket_client.py [line:55] _connect_and_send_forever INFO (OSError(98, 'Address already in use'), None) 
2024-07-12 15:18:39,292 socket_client.py [line:55] _connect_and_send_forever INFO (OSError(98, 'Address already in use'), None) 
2024-07-12 15:18:39,293 socket_client.py [line:55] _connect_and_send_forever INFO (OSError(98, 'Address already in use'), None) 
2024-07-12 15:18:39,294 socket_client.py [line:55] _connect_and_send_forever INFO (OSError(98, 'Address already in use'), None) 
2024-07-12 15:18:39,294 socket_client.py [line:55] _connect_and_send_forever INFO (OSError(98, 'Address already in use'), None) 
2024-07-12 15:18:39,295 socket_client.py [line:55] _connect_and_send_forever INFO (OSError(98, 'Address already in use'), None) 
2024-07-12 15:18:39,296 socket_client.py [line:55] _connect_and_send_forever INFO (OSError(98, 'Address already in use'), None) 
2024-07-12 15:18:39,298 socket_client.py [line:55] _connect_and_send_forever INFO (OSError(98, 'Address already in use'), None) 
2024-07-12 15:18:39,298 socket_client.py [line:55] _connect_and_send_forever INFO (OSError(98, 'Address already in use'), None) 
2024-07-12 15:18:39,300 socket_client.py [line:55] _connect_and_send_forever INFO (OSError(98, 'Address already in use'), None) 
2024-07-12 15:18:39,302 socket_client.py [line:55] _connect_and_send_forever INFO (OSError(98, 'Address already in use'), None) 
2024-07-12 15:18:39,302 socket_client.py [line:55] _connect_and_send_forever INFO (OSError(98, 'Address already in use'), None) 
2024-07-12 15:18:39,304 socket_client.py [line:55] _connect_and_send_forever INFO (OSError(98, 'Address already in use'), None) 
2024-07-12 15:18:39,304 socket_client.py [line:55] _connect_and_send_forever INFO (OSError(98, 'Address already in use'), None) 
2024-07-12 15:18:39,306 socket_client.py [line:55] _connect_and_send_forever INFO (OSError(98, 'Address already in use'), None) 
2024-07-12 15:18:39,307 socket_client.py [line:55] _connect_and_send_forever INFO (OSError(98, 'Address already in use'), None) 
2024-07-12 15:18:39,311 socket_client.py [line:55] _connect_and_send_forever INFO (OSError(98, 'Address already in use'), None) 
2024-07-12 15:18:39,311 socket_client.py [line:55] _connect_and_send_forever INFO (OSError(98, 'Address already in use'), None) 
2024-07-12 15:18:39,312 socket_client.py [line:55] _connect_and_send_forever INFO (OSError(98, 'Address already in use'), None) 
2024-07-12 15:18:39,312 socket_client.py [line:55] _connect_and_send_forever INFO (OSError(98, 'Address already in use'), None) 
2024-07-12 15:18:39,312 socket_client.py [line:55] _connect_and_send_forever INFO (OSError(98, 'Address already in use'), None) 
2024-07-12 15:18:39,312 socket_client.py [line:55] _connect_and_send_forever INFO (OSError(98, 'Address already in use'), None) 
2024-07-12 15:18:39,312 socket_client.py [line:55] _connect_and_send_forever INFO (OSError(98, 'Address already in use'), None) 
2024-07-12 15:18:39,312 socket_client.py [line:55] _connect_and_send_forever INFO (OSError(98, 'Address already in use'), None) 
2024-07-12 15:18:39,313 socket_client.py [line:55] _connect_and_send_forever INFO (OSError(98, 'Address already in use'), None) 
2024-07-12 15:18:39,313 socket_client.py [line:55] _connect_and_send_forever INFO (OSError(98, 'Address already in use'), None) 
2024-07-12 15:18:39,313 socket_client.py [line:55] _connect_and_send_forever INFO (OSError(98, 'Address already in use'), None) 
2024-07-12 15:18:39,314 socket_client.py [line:55] _connect_and_send_forever INFO (OSError(98, 'Address already in use'), None) 
2024-07-12 15:18:39,314 socket_client.py [line:55] _connect_and_send_forever INFO (OSError(98, 'Address already in use'), None) 
2024-07-12 15:18:39,314 socket_client.py [line:55] _connect_and_send_forever INFO (OSError(98, 'Address already in use'), None) 
2024-07-12 15:18:39,316 socket_client.py [line:55] _connect_and_send_forever INFO (OSError(98, 'Address already in use'), None) 
2024-07-12 15:18:39,317 socket_client.py [line:55] _connect_and_send_forever INFO (OSError(98, 'Address already in use'), None) 
2024-07-12 15:18:39,317 socket_client.py [line:55] _connect_and_send_forever INFO (OSError(98, 'Address already in use'), None) 
2024-07-12 15:18:39,318 socket_client.py [line:55] _connect_and_send_forever INFO (OSError(98, 'Address already in use'), None) 
2024-07-12 15:18:39,319 socket_client.py [line:55] _connect_and_send_forever INFO (OSError(98, 'Address already in use'), None) 
2024-07-12 15:18:39,320 socket_client.py [line:55] _connect_and_send_forever INFO (OSError(98, 'Address already in use'), None) 
2024-07-12 15:18:39,321 socket_client.py [line:55] _connect_and_send_forever INFO (OSError(98, 'Address already in use'), None) 
2024-07-12 15:18:39,322 socket_client.py [line:55] _connect_and_send_forever INFO (OSError(98, 'Address already in use'), None) 
2024-07-12 15:18:39,322 socket_client.py [line:55] _connect_and_send_forever INFO (OSError(98, 'Address already in use'), None) 
2024-07-12 15:18:39,328 socket_client.py [line:55] _connect_and_send_forever INFO (OSError(98, 'Address already in use'), None) 
2024-07-12 15:18:39,329 socket_client.py [line:55] _connect_and_send_forever INFO (OSError(98, 'Address already in use'), None) 
2024-07-12 15:18:39,329 socket_client.py [line:55] _connect_and_send_forever INFO (OSError(98, 'Address already in use'), None) 
2024-07-12 15:18:39,330 socket_client.py [line:55] _connect_and_send_forever INFO (OSError(98, 'Address already in use'), None) 
2024-07-12 15:18:39,330 socket_client.py [line:55] _connect_and_send_forever INFO (OSError(98, 'Address already in use'), None) 
2024-07-12 15:18:39,331 socket_client.py [line:55] _connect_and_send_forever INFO (OSError(98, 'Address already in use'), None) 
2024-07-12 15:18:39,331 socket_client.py [line:55] _connect_and_send_forever INFO (OSError(98, 'Address already in use'), None) 
2024-07-12 15:18:39,331 socket_client.py [line:55] _connect_and_send_forever INFO (OSError(98, 'Address already in use'), None) 
2024-07-12 15:18:39,333 socket_client.py [line:55] _connect_and_send_forever INFO (OSError(98, 'Address already in use'), None) 
2024-07-12 15:18:39,334 socket_client.py [line:55] _connect_and_send_forever INFO (OSError(98, 'Address already in use'), None) 
2024-07-12 15:18:39,335 socket_client.py [line:55] _connect_and_send_forever INFO (OSError(98, 'Address already in use'), None) 
2024-07-12 15:18:39,336 socket_client.py [line:55] _connect_and_send_forever INFO (OSError(98, 'Address already in use'), None) 
2024-07-12 15:18:39,337 socket_client.py [line:55] _connect_and_send_forever INFO (OSError(98, 'Address already in use'), None) 
2024-07-12 15:18:39,338 socket_client.py [line:55] _connect_and_send_forever INFO (OSError(98, 'Address already in use'), None) 
2024-07-12 15:18:39,338 socket_client.py [line:55] _connect_and_send_forever INFO (OSError(98, 'Address already in use'), None) 
2024-07-12 15:18:39,341 socket_client.py [line:55] _connect_and_send_forever INFO (OSError(98, 'Address already in use'), None) 
2024-07-12 15:18:39,342 socket_client.py [line:55] _connect_and_send_forever INFO (OSError(98, 'Address already in use'), None) 
2024-07-12 15:18:39,342 socket_client.py [line:55] _connect_and_send_forever INFO (OSError(98, 'Address already in use'), None) 
2024-07-12 15:18:39,342 socket_client.py [line:55] _connect_and_send_forever INFO (OSError(98, 'Address already in use'), None) 
2024-07-12 15:18:39,343 socket_client.py [line:55] _connect_and_send_forever INFO (OSError(98, 'Address already in use'), None) 
2024-07-12 15:18:39,343 socket_client.py [line:55] _connect_and_send_forever INFO (OSError(98, 'Address already in use'), None) 
2024-07-12 15:18:39,345 socket_client.py [line:55] _connect_and_send_forever INFO (OSError(98, 'Address already in use'), None) 
2024-07-12 15:18:39,345 socket_client.py [line:55] _connect_and_send_forever INFO (OSError(98, 'Address already in use'), None) 
2024-07-12 15:18:39,347 socket_client.py [line:55] _connect_and_send_forever INFO (OSError(98, 'Address already in use'), None) 
2024-07-12 15:18:39,348 socket_client.py [line:55] _connect_and_send_forever INFO (OSError(98, 'Address already in use'), None) 
2024-07-12 15:18:39,348 socket_client.py [line:55] _connect_and_send_forever INFO (OSError(98, 'Address already in use'), None) 
2024-07-12 15:18:39,350 socket_client.py [line:55] _connect_and_send_forever INFO (OSError(98, 'Address already in use'), None) 
2024-07-12 15:18:39,350 socket_client.py [line:55] _connect_and_send_forever INFO (OSError(98, 'Address already in use'), None) 
2024-07-12 15:18:39,351 socket_client.py [line:55] _connect_and_send_forever INFO (OSError(98, 'Address already in use'), None) 
2024-07-12 15:18:39,351 socket_client.py [line:55] _connect_and_send_forever INFO (OSError(98, 'Address already in use'), None) 
2024-07-12 15:18:39,352 socket_client.py [line:55] _connect_and_send_forever INFO (OSError(98, 'Address already in use'), None) 
2024-07-12 15:18:39,354 socket_client.py [line:55] _connect_and_send_forever INFO (OSError(98, 'Address already in use'), None) 
2024-07-12 15:18:39,354 socket_client.py [line:55] _connect_and_send_forever INFO (OSError(98, 'Address already in use'), None) 
2024-07-12 15:18:39,355 socket_client.py [line:55] _connect_and_send_forever INFO (OSError(98, 'Address already in use'), None) 
2024-07-12 15:18:39,355 socket_client.py [line:55] _connect_and_send_forever INFO (OSError(98, 'Address already in use'), None) 
2024-07-12 15:18:39,356 socket_client.py [line:55] _connect_and_send_forever INFO (OSError(98, 'Address already in use'), None) 
2024-07-12 15:18:39,357 socket_client.py [line:55] _connect_and_send_forever INFO (OSError(98, 'Address already in use'), None) 
2024-07-12 15:18:39,359 socket_client.py [line:55] _connect_and_send_forever INFO (OSError(98, 'Address already in use'), None) 
2024-07-12 15:18:39,359 socket_client.py [line:55] _connect_and_send_forever INFO (OSError(98, 'Address already in use'), None) 
2024-07-12 15:18:39,361 socket_client.py [line:55] _connect_and_send_forever INFO (OSError(98, 'Address already in use'), None) 
2024-07-12 15:18:39,362 socket_client.py [line:55] _connect_and_send_forever INFO (OSError(98, 'Address already in use'), None) 
2024-07-12 15:18:39,364 socket_client.py [line:55] _connect_and_send_forever INFO (OSError(98, 'Address already in use'), None) 
2024-07-12 15:18:39,364 socket_client.py [line:55] _connect_and_send_forever INFO (OSError(98, 'Address already in use'), None) 
2024-07-12 15:18:39,368 socket_client.py [line:55] _connect_and_send_forever INFO (OSError(98, 'Address already in use'), None) 
2024-07-12 15:18:39,368 socket_client.py [line:55] _connect_and_send_forever INFO (OSError(98, 'Address already in use'), None) 
2024-07-12 15:18:39,369 socket_client.py [line:55] _connect_and_send_forever INFO (OSError(98, 'Address already in use'), None) 
2024-07-12 15:18:39,369 socket_client.py [line:55] _connect_and_send_forever INFO (OSError(98, 'Address already in use'), None) 
2024-07-12 15:18:39,371 socket_client.py [line:55] _connect_and_send_forever INFO (OSError(98, 'Address already in use'), None) 
2024-07-12 15:18:39,372 socket_client.py [line:55] _connect_and_send_forever INFO (OSError(98, 'Address already in use'), None) 
2024-07-12 15:18:39,372 socket_client.py [line:55] _connect_and_send_forever INFO (OSError(98, 'Address already in use'), None) 
2024-07-12 15:18:39,372 socket_client.py [line:55] _connect_and_send_forever INFO (OSError(98, 'Address already in use'), None) 
2024-07-12 15:18:39,372 socket_client.py [line:55] _connect_and_send_forever INFO (OSError(98, 'Address already in use'), None) 
2024-07-12 15:18:39,373 socket_client.py [line:55] _connect_and_send_forever INFO (OSError(98, 'Address already in use'), None) 
2024-07-12 15:18:39,373 socket_client.py [line:55] _connect_and_send_forever INFO (OSError(98, 'Address already in use'), None) 
2024-07-12 15:18:39,375 socket_client.py [line:55] _connect_and_send_forever INFO (OSError(98, 'Address already in use'), None) 
2024-07-12 15:18:39,375 socket_client.py [line:55] _connect_and_send_forever INFO (OSError(98, 'Address already in use'), None) 
2024-07-12 15:18:39,377 socket_client.py [line:55] _connect_and_send_forever INFO (OSError(98, 'Address already in use'), None) 
2024-07-12 15:18:39,378 socket_client.py [line:55] _connect_and_send_forever INFO (OSError(98, 'Address already in use'), None) 
2024-07-12 15:18:39,382 socket_client.py [line:55] _connect_and_send_forever INFO (OSError(98, 'Address already in use'), None) 
2024-07-12 15:18:39,382 socket_client.py [line:55] _connect_and_send_forever INFO (OSError(98, 'Address already in use'), None) 
2024-07-12 15:18:39,384 socket_client.py [line:55] _connect_and_send_forever INFO (OSError(98, 'Address already in use'), None) 
2024-07-12 15:18:39,384 socket_client.py [line:55] _connect_and_send_forever INFO (OSError(98, 'Address already in use'), None) 
2024-07-12 15:18:39,388 socket_client.py [line:55] _connect_and_send_forever INFO (OSError(98, 'Address already in use'), None) 
2024-07-12 15:18:39,390 socket_client.py [line:55] _connect_and_send_forever INFO (OSError(98, 'Address already in use'), None) 
2024-07-12 15:18:39,390 socket_client.py [line:55] _connect_and_send_forever INFO (OSError(98, 'Address already in use'), None) 
2024-07-12 15:18:39,392 socket_client.py [line:55] _connect_and_send_forever INFO (OSError(98, 'Address already in use'), None) 
2024-07-12 15:18:39,392 socket_client.py [line:55] _connect_and_send_forever INFO (OSError(98, 'Address already in use'), None) 
2024-07-12 15:18:39,393 socket_client.py [line:55] _connect_and_send_forever INFO (OSError(98, 'Address already in use'), None) 
2024-07-12 15:18:39,395 socket_client.py [line:55] _connect_and_send_forever INFO (OSError(98, 'Address already in use'), None) 
2024-07-12 15:18:39,401 socket_client.py [line:55] _connect_and_send_forever INFO (OSError(98, 'Address already in use'), None) 
2024-07-12 15:18:39,401 socket_client.py [line:55] _connect_and_send_forever INFO (OSError(98, 'Address already in use'), None) 
2024-07-12 15:18:39,403 socket_client.py [line:55] _connect_and_send_forever INFO (OSError(98, 'Address already in use'), None) 
2024-07-12 15:18:39,403 socket_client.py [line:55] _connect_and_send_forever INFO (OSError(98, 'Address already in use'), None) 
2024-07-12 15:18:39,405 socket_client.py [line:55] _connect_and_send_forever INFO (OSError(98, 'Address already in use'), None) 
2024-07-12 15:18:39,405 socket_client.py [line:55] _connect_and_send_forever INFO (OSError(98, 'Address already in use'), None) 
2024-07-12 15:18:39,408 socket_client.py [line:55] _connect_and_send_forever INFO (OSError(98, 'Address already in use'), None) 
2024-07-12 15:18:39,408 socket_client.py [line:55] _connect_and_send_forever INFO (OSError(98, 'Address already in use'), None) 
2024-07-12 15:18:39,409 socket_client.py [line:55] _connect_and_send_forever INFO (OSError(98, 'Address already in use'), None) 
2024-07-12 15:18:39,410 socket_client.py [line:55] _connect_and_send_forever INFO (OSError(98, 'Address already in use'), None) 
2024-07-12 15:18:39,411 socket_client.py [line:55] _connect_and_send_forever INFO (OSError(98, 'Address already in use'), None) 
2024-07-12 15:18:39,412 socket_client.py [line:55] _connect_and_send_forever INFO (OSError(98, 'Address already in use'), None) 
2024-07-12 15:18:39,412 socket_client.py [line:55] _connect_and_send_forever INFO (OSError(98, 'Address already in use'), None) 
2024-07-12 15:18:39,417 socket_client.py [line:55] _connect_and_send_forever INFO (OSError(98, 'Address already in use'), None) 
2024-07-12 15:18:39,417 socket_client.py [line:55] _connect_and_send_forever INFO (OSError(98, 'Address already in use'), None) 
2024-07-12 15:18:39,419 socket_client.py [line:55] _connect_and_send_forever INFO (OSError(98, 'Address already in use'), None) 
2024-07-12 15:18:39,419 socket_client.py [line:55] _connect_and_send_forever INFO (OSError(98, 'Address already in use'), None) 
2024-07-12 15:18:39,420 socket_client.py [line:55] _connect_and_send_forever INFO (OSError(98, 'Address already in use'), None) 
2024-07-12 15:18:39,422 socket_client.py [line:55] _connect_and_send_forever INFO (OSError(98, 'Address already in use'), None) 
2024-07-12 15:18:39,422 socket_client.py [line:55] _connect_and_send_forever INFO (OSError(98, 'Address already in use'), None) 
2024-07-12 15:18:39,423 socket_client.py [line:55] _connect_and_send_forever INFO (OSError(98, 'Address already in use'), None) 
2024-07-12 15:18:39,424 socket_client.py [line:55] _connect_and_send_forever INFO (OSError(98, 'Address already in use'), None) 
2024-07-12 15:18:39,425 socket_client.py [line:55] _connect_and_send_forever INFO (OSError(98, 'Address already in use'), None) 
2024-07-12 15:18:39,431 socket_client.py [line:55] _connect_and_send_forever INFO (OSError(98, 'Address already in use'), None) 
2024-07-12 15:18:39,432 socket_client.py [line:55] _connect_and_send_forever INFO (OSError(98, 'Address already in use'), None) 
2024-07-12 15:18:39,432 socket_client.py [line:55] _connect_and_send_forever INFO (OSError(98, 'Address already in use'), None) 
2024-07-12 15:18:39,435 socket_client.py [line:55] _connect_and_send_forever INFO (OSError(98, 'Address already in use'), None) 
2024-07-12 15:18:39,435 socket_client.py [line:55] _connect_and_send_forever INFO (OSError(98, 'Address already in use'), None) 
2024-07-12 15:18:39,437 socket_client.py [line:55] _connect_and_send_forever INFO (OSError(98, 'Address already in use'), None) 
2024-07-12 15:18:39,437 socket_client.py [line:55] _connect_and_send_forever INFO (OSError(98, 'Address already in use'), None) 
2024-07-12 15:18:39,438 socket_client.py [line:55] _connect_and_send_forever INFO (OSError(98, 'Address already in use'), None) 
2024-07-12 15:18:39,439 socket_client.py [line:55] _connect_and_send_forever INFO (OSError(98, 'Address already in use'), None) 
2024-07-12 15:18:39,439 socket_client.py [line:55] _connect_and_send_forever INFO (OSError(98, 'Address already in use'), None) 
2024-07-12 15:18:39,439 socket_client.py [line:55] _connect_and_send_forever INFO (OSError(98, 'Address already in use'), None) 
2024-07-12 15:18:39,440 socket_client.py [line:55] _connect_and_send_forever INFO (OSError(98, 'Address already in use'), None) 
2024-07-12 15:18:39,440 socket_client.py [line:55] _connect_and_send_forever INFO (OSError(98, 'Address already in use'), None) 
2024-07-12 15:18:39,440 socket_client.py [line:55] _connect_and_send_forever INFO (OSError(98, 'Address already in use'), None) 
2024-07-12 15:18:39,441 socket_client.py [line:55] _connect_and_send_forever INFO (OSError(98, 'Address already in use'), None) 
2024-07-12 15:18:39,441 socket_client.py [line:55] _connect_and_send_forever INFO (OSError(98, 'Address already in use'), None) 
2024-07-12 15:18:39,443 socket_client.py [line:55] _connect_and_send_forever INFO (OSError(98, 'Address already in use'), None) 
2024-07-12 15:18:39,443 socket_client.py [line:55] _connect_and_send_forever INFO (OSError(98, 'Address already in use'), None) 
2024-07-12 15:18:39,446 socket_client.py [line:55] _connect_and_send_forever INFO (OSError(98, 'Address already in use'), None) 
2024-07-12 15:18:39,446 socket_client.py [line:55] _connect_and_send_forever INFO (OSError(98, 'Address already in use'), None) 
2024-07-12 15:18:39,449 socket_client.py [line:55] _connect_and_send_forever INFO (OSError(98, 'Address already in use'), None) 
2024-07-12 15:18:39,450 socket_client.py [line:55] _connect_and_send_forever INFO (OSError(98, 'Address already in use'), None) 
2024-07-12 15:18:39,453 socket_client.py [line:55] _connect_and_send_forever INFO (OSError(98, 'Address already in use'), None) 
2024-07-12 15:18:39,453 socket_client.py [line:55] _connect_and_send_forever INFO (OSError(98, 'Address already in use'), None) 
2024-07-12 15:18:39,454 socket_client.py [line:55] _connect_and_send_forever INFO (OSError(98, 'Address already in use'), None) 
2024-07-12 15:18:39,454 socket_client.py [line:55] _connect_and_send_forever INFO (OSError(98, 'Address already in use'), None) 
2024-07-12 15:18:39,454 socket_client.py [line:55] _connect_and_send_forever INFO (OSError(98, 'Address already in use'), None) 
2024-07-12 15:18:39,454 socket_client.py [line:55] _connect_and_send_forever INFO (OSError(98, 'Address already in use'), None) 
2024-07-12 15:18:39,455 socket_client.py [line:55] _connect_and_send_forever INFO (OSError(98, 'Address already in use'), None) 
2024-07-12 15:18:39,455 socket_client.py [line:55] _connect_and_send_forever INFO (OSError(98, 'Address already in use'), None) 
2024-07-12 15:18:39,455 socket_client.py [line:55] _connect_and_send_forever INFO (OSError(98, 'Address already in use'), None) 
2024-07-12 15:18:39,457 socket_client.py [line:55] _connect_and_send_forever INFO (OSError(98, 'Address already in use'), None) 
2024-07-12 15:18:39,457 socket_client.py [line:55] _connect_and_send_forever INFO (OSError(98, 'Address already in use'), None) 
2024-07-12 15:18:39,459 socket_client.py [line:55] _connect_and_send_forever INFO (OSError(98, 'Address already in use'), None) 
2024-07-12 15:18:39,460 socket_client.py [line:55] _connect_and_send_forever INFO (OSError(98, 'Address already in use'), None) 
2024-07-12 15:18:39,462 socket_client.py [line:55] _connect_and_send_forever INFO (OSError(98, 'Address already in use'), None) 
2024-07-12 15:18:39,463 socket_client.py [line:55] _connect_and_send_forever INFO (OSError(98, 'Address already in use'), None) 
2024-07-12 15:18:39,464 socket_client.py [line:55] _connect_and_send_forever INFO (OSError(98, 'Address already in use'), None) 
2024-07-12 15:18:39,465 socket_client.py [line:55] _connect_and_send_forever INFO (OSError(98, 'Address already in use'), None) 
2024-07-12 15:18:39,468 socket_client.py [line:55] _connect_and_send_forever INFO (OSError(98, 'Address already in use'), None) 
2024-07-12 15:18:39,468 socket_client.py [line:55] _connect_and_send_forever INFO (OSError(98, 'Address already in use'), None) 
2024-07-12 15:18:39,470 socket_client.py [line:55] _connect_and_send_forever INFO (OSError(98, 'Address already in use'), None) 
2024-07-12 15:18:39,470 socket_client.py [line:55] _connect_and_send_forever INFO (OSError(98, 'Address already in use'), None) 
2024-07-12 15:18:39,470 socket_client.py [line:55] _connect_and_send_forever INFO (OSError(98, 'Address already in use'), None) 
2024-07-12 15:18:39,472 socket_client.py [line:55] _connect_and_send_forever INFO (OSError(98, 'Address already in use'), None) 
2024-07-12 15:18:39,472 socket_client.py [line:55] _connect_and_send_forever INFO (OSError(98, 'Address already in use'), None) 
2024-07-12 15:18:39,472 socket_client.py [line:55] _connect_and_send_forever INFO (OSError(98, 'Address already in use'), None) 
2024-07-12 15:18:39,474 socket_client.py [line:55] _connect_and_send_forever INFO (OSError(98, 'Address already in use'), None) 
2024-07-12 15:18:39,476 socket_client.py [line:55] _connect_and_send_forever INFO (OSError(98, 'Address already in use'), None) 
2024-07-12 15:18:39,477 socket_client.py [line:55] _connect_and_send_forever INFO (OSError(98, 'Address already in use'), None) 
2024-07-12 15:18:39,481 socket_client.py [line:55] _connect_and_send_forever INFO (OSError(98, 'Address already in use'), None) 
2024-07-12 15:18:39,482 socket_client.py [line:55] _connect_and_send_forever INFO (OSError(98, 'Address already in use'), None) 
2024-07-12 15:18:39,482 socket_client.py [line:55] _connect_and_send_forever INFO (OSError(98, 'Address already in use'), None) 
2024-07-12 15:18:39,482 socket_client.py [line:55] _connect_and_send_forever INFO (OSError(98, 'Address already in use'), None) 
2024-07-12 15:18:39,483 socket_client.py [line:55] _connect_and_send_forever INFO (OSError(98, 'Address already in use'), None) 
2024-07-12 15:18:39,484 socket_client.py [line:55] _connect_and_send_forever INFO (OSError(98, 'Address already in use'), None) 
2024-07-12 15:18:39,486 socket_client.py [line:55] _connect_and_send_forever INFO (OSError(98, 'Address already in use'), None) 
2024-07-12 15:18:39,486 socket_client.py [line:55] _connect_and_send_forever INFO (OSError(98, 'Address already in use'), None) 
2024-07-12 15:18:39,490 socket_client.py [line:55] _connect_and_send_forever INFO (OSError(98, 'Address already in use'), None) 
2024-07-12 15:18:39,491 socket_client.py [line:55] _connect_and_send_forever INFO (OSError(98, 'Address already in use'), None) 
2024-07-12 15:18:39,491 socket_client.py [line:55] _connect_and_send_forever INFO (OSError(98, 'Address already in use'), None) 
2024-07-12 15:18:39,492 socket_client.py [line:55] _connect_and_send_forever INFO (OSError(98, 'Address already in use'), None) 
2024-07-12 15:18:39,493 socket_client.py [line:55] _connect_and_send_forever INFO (OSError(98, 'Address already in use'), None) 
2024-07-12 15:18:39,498 socket_client.py [line:55] _connect_and_send_forever INFO (OSError(98, 'Address already in use'), None) 
2024-07-12 15:18:39,501 socket_client.py [line:55] _connect_and_send_forever INFO (OSError(98, 'Address already in use'), None) 
2024-07-12 15:18:39,502 socket_client.py [line:55] _connect_and_send_forever INFO (OSError(98, 'Address already in use'), None) 
2024-07-12 15:18:39,504 socket_client.py [line:55] _connect_and_send_forever INFO (OSError(98, 'Address already in use'), None) 
2024-07-12 15:18:39,505 socket_client.py [line:55] _connect_and_send_forever INFO (OSError(98, 'Address already in use'), None) 
2024-07-12 15:18:39,505 socket_client.py [line:55] _connect_and_send_forever INFO (OSError(98, 'Address already in use'), None) 
2024-07-12 15:18:39,505 socket_client.py [line:55] _connect_and_send_forever INFO (OSError(98, 'Address already in use'), None) 
2024-07-12 15:18:39,511 socket_client.py [line:55] _connect_and_send_forever INFO (OSError(98, 'Address already in use'), None) 
2024-07-12 15:18:39,512 socket_client.py [line:55] _connect_and_send_forever INFO (OSError(98, 'Address already in use'), None) 
2024-07-12 15:18:39,513 socket_client.py [line:55] _connect_and_send_forever INFO (OSError(98, 'Address already in use'), None) 
2024-07-12 15:18:39,514 socket_client.py [line:55] _connect_and_send_forever INFO (OSError(98, 'Address already in use'), None) 
2024-07-12 15:18:39,515 socket_client.py [line:55] _connect_and_send_forever INFO (OSError(98, 'Address already in use'), None) 
2024-07-12 15:18:39,516 socket_client.py [line:55] _connect_and_send_forever INFO (OSError(98, 'Address already in use'), None) 
2024-07-12 15:18:39,517 socket_client.py [line:55] _connect_and_send_forever INFO (OSError(98, 'Address already in use'), None) 
2024-07-12 15:18:39,517 socket_client.py [line:55] _connect_and_send_forever INFO (OSError(98, 'Address already in use'), None) 
2024-07-12 15:18:39,517 socket_client.py [line:55] _connect_and_send_forever INFO (OSError(98, 'Address already in use'), None) 
2024-07-12 15:18:39,517 socket_client.py [line:55] _connect_and_send_forever INFO (OSError(98, 'Address already in use'), None) 
2024-07-12 15:18:39,522 socket_client.py [line:55] _connect_and_send_forever INFO (OSError(98, 'Address already in use'), None) 
2024-07-12 15:18:39,522 socket_client.py [line:55] _connect_and_send_forever INFO (OSError(98, 'Address already in use'), None) 
2024-07-12 15:18:39,531 socket_client.py [line:55] _connect_and_send_forever INFO (OSError(98, 'Address already in use'), None) 
2024-07-12 15:18:39,532 socket_client.py [line:55] _connect_and_send_forever INFO (OSError(98, 'Address already in use'), None) 
2024-07-12 15:18:39,532 socket_client.py [line:55] _connect_and_send_forever INFO (OSError(98, 'Address already in use'), None) 
2024-07-12 15:18:39,532 socket_client.py [line:55] _connect_and_send_forever INFO (OSError(98, 'Address already in use'), None) 
2024-07-12 15:18:39,535 socket_client.py [line:55] _connect_and_send_forever INFO (OSError(98, 'Address already in use'), None) 
2024-07-12 15:18:39,535 socket_client.py [line:55] _connect_and_send_forever INFO (OSError(98, 'Address already in use'), None) 
2024-07-12 15:18:39,535 socket_client.py [line:55] _connect_and_send_forever INFO (OSError(98, 'Address already in use'), None) 
2024-07-12 15:18:39,536 socket_client.py [line:55] _connect_and_send_forever INFO (OSError(98, 'Address already in use'), None) 
2024-07-12 15:18:39,537 socket_client.py [line:55] _connect_and_send_forever INFO (OSError(98, 'Address already in use'), None) 
2024-07-12 15:18:39,537 socket_client.py [line:55] _connect_and_send_forever INFO (OSError(98, 'Address already in use'), None) 
2024-07-12 15:18:39,538 socket_client.py [line:55] _connect_and_send_forever INFO (OSError(98, 'Address already in use'), None) 
2024-07-12 15:18:39,538 socket_client.py [line:55] _connect_and_send_forever INFO (OSError(98, 'Address already in use'), None) 
2024-07-12 15:18:39,540 socket_client.py [line:55] _connect_and_send_forever INFO (OSError(98, 'Address already in use'), None) 
2024-07-12 15:18:39,540 socket_client.py [line:55] _connect_and_send_forever INFO (OSError(98, 'Address already in use'), None) 
2024-07-12 15:18:39,541 socket_client.py [line:55] _connect_and_send_forever INFO (OSError(98, 'Address already in use'), None) 
2024-07-12 15:18:39,541 socket_client.py [line:55] _connect_and_send_forever INFO (OSError(98, 'Address already in use'), None) 
2024-07-12 15:18:39,543 socket_client.py [line:55] _connect_and_send_forever INFO (OSError(98, 'Address already in use'), None) 
2024-07-12 15:18:39,544 socket_client.py [line:55] _connect_and_send_forever INFO (OSError(98, 'Address already in use'), None) 
2024-07-12 15:18:39,545 socket_client.py [line:55] _connect_and_send_forever INFO (OSError(98, 'Address already in use'), None) 
2024-07-12 15:18:39,546 socket_client.py [line:55] _connect_and_send_forever INFO (OSError(98, 'Address already in use'), None) 
2024-07-12 15:18:39,546 socket_client.py [line:55] _connect_and_send_forever INFO (OSError(98, 'Address already in use'), None) 
2024-07-12 15:18:39,547 socket_client.py [line:55] _connect_and_send_forever INFO (OSError(98, 'Address already in use'), None) 
2024-07-12 15:18:39,548 socket_client.py [line:55] _connect_and_send_forever INFO (OSError(98, 'Address already in use'), None) 
2024-07-12 15:18:39,550 socket_client.py [line:55] _connect_and_send_forever INFO (OSError(98, 'Address already in use'), None) 
2024-07-12 15:18:39,551 socket_client.py [line:55] _connect_and_send_forever INFO (OSError(98, 'Address already in use'), None) 
2024-07-12 15:18:39,553 socket_client.py [line:55] _connect_and_send_forever INFO (OSError(98, 'Address already in use'), None) 
2024-07-12 15:18:39,554 socket_client.py [line:55] _connect_and_send_forever INFO (OSError(98, 'Address already in use'), None) 
2024-07-12 15:18:39,554 socket_client.py [line:55] _connect_and_send_forever INFO (OSError(98, 'Address already in use'), None) 
2024-07-12 15:18:39,554 socket_client.py [line:55] _connect_and_send_forever INFO (OSError(98, 'Address already in use'), None) 
2024-07-12 15:18:39,555 socket_client.py [line:55] _connect_and_send_forever INFO (OSError(98, 'Address already in use'), None) 
2024-07-12 15:18:39,555 socket_client.py [line:55] _connect_and_send_forever INFO (OSError(98, 'Address already in use'), None) 
2024-07-12 15:18:39,557 socket_client.py [line:55] _connect_and_send_forever INFO (OSError(98, 'Address already in use'), None) 
2024-07-12 15:18:39,557 socket_client.py [line:55] _connect_and_send_forever INFO (OSError(98, 'Address already in use'), None) 
2024-07-12 15:18:39,559 socket_client.py [line:55] _connect_and_send_forever INFO (OSError(98, 'Address already in use'), None) 
2024-07-12 15:18:39,559 socket_client.py [line:55] _connect_and_send_forever INFO (OSError(98, 'Address already in use'), None) 
2024-07-12 15:18:39,561 socket_client.py [line:55] _connect_and_send_forever INFO (OSError(98, 'Address already in use'), None) 
2024-07-12 15:18:39,562 socket_client.py [line:55] _connect_and_send_forever INFO (OSError(98, 'Address already in use'), None) 
2024-07-12 15:18:39,563 socket_client.py [line:55] _connect_and_send_forever INFO (OSError(98, 'Address already in use'), None) 
2024-07-12 15:18:39,563 socket_client.py [line:55] _connect_and_send_forever INFO (OSError(98, 'Address already in use'), None) 
2024-07-12 15:18:39,565 socket_client.py [line:55] _connect_and_send_forever INFO (OSError(98, 'Address already in use'), None) 
2024-07-12 15:18:39,565 socket_client.py [line:55] _connect_and_send_forever INFO (OSError(98, 'Address already in use'), None) 
2024-07-12 15:18:39,566 socket_client.py [line:55] _connect_and_send_forever INFO (OSError(98, 'Address already in use'), None) 
2024-07-12 15:18:39,567 socket_client.py [line:55] _connect_and_send_forever INFO (OSError(98, 'Address already in use'), None) 
2024-07-12 15:18:39,568 socket_client.py [line:55] _connect_and_send_forever INFO (OSError(98, 'Address already in use'), None) 
2024-07-12 15:18:39,568 socket_client.py [line:55] _connect_and_send_forever INFO (OSError(98, 'Address already in use'), None) 
2024-07-12 15:18:39,573 socket_client.py [line:55] _connect_and_send_forever INFO (OSError(98, 'Address already in use'), None) 
2024-07-12 15:18:39,573 socket_client.py [line:55] _connect_and_send_forever INFO (OSError(98, 'Address already in use'), None) 
2024-07-12 15:18:39,574 socket_client.py [line:55] _connect_and_send_forever INFO (OSError(98, 'Address already in use'), None) 
2024-07-12 15:18:39,574 socket_client.py [line:55] _connect_and_send_forever INFO (OSError(98, 'Address already in use'), None) 
2024-07-12 15:18:39,575 socket_client.py [line:55] _connect_and_send_forever INFO (OSError(98, 'Address already in use'), None) 
2024-07-12 15:18:39,576 socket_client.py [line:55] _connect_and_send_forever INFO (OSError(98, 'Address already in use'), None) 
2024-07-12 15:18:39,578 socket_client.py [line:55] _connect_and_send_forever INFO (OSError(98, 'Address already in use'), None) 
2024-07-12 15:18:39,578 socket_client.py [line:55] _connect_and_send_forever INFO (OSError(98, 'Address already in use'), None) 
2024-07-12 15:18:39,580 socket_client.py [line:55] _connect_and_send_forever INFO (OSError(98, 'Address already in use'), None) 
2024-07-12 15:18:39,580 socket_client.py [line:55] _connect_and_send_forever INFO (OSError(98, 'Address already in use'), None) 
2024-07-12 15:18:39,581 socket_client.py [line:55] _connect_and_send_forever INFO (OSError(98, 'Address already in use'), None) 
2024-07-12 15:18:39,582 socket_client.py [line:55] _connect_and_send_forever INFO (OSError(98, 'Address already in use'), None) 
2024-07-12 15:18:39,583 socket_client.py [line:55] _connect_and_send_forever INFO (OSError(98, 'Address already in use'), None) 
2024-07-12 15:18:39,583 socket_client.py [line:55] _connect_and_send_forever INFO (OSError(98, 'Address already in use'), None) 
2024-07-12 15:18:39,584 socket_client.py [line:55] _connect_and_send_forever INFO (OSError(98, 'Address already in use'), None) 
2024-07-12 15:18:39,585 socket_client.py [line:55] _connect_and_send_forever INFO (OSError(98, 'Address already in use'), None) 
2024-07-12 15:18:39,586 socket_client.py [line:55] _connect_and_send_forever INFO (OSError(98, 'Address already in use'), None) 
2024-07-12 15:18:39,586 socket_client.py [line:55] _connect_and_send_forever INFO (OSError(98, 'Address already in use'), None) 
2024-07-12 15:18:39,590 socket_client.py [line:55] _connect_and_send_forever INFO (OSError(98, 'Address already in use'), None) 
2024-07-12 15:18:39,591 socket_client.py [line:55] _connect_and_send_forever INFO (OSError(98, 'Address already in use'), None) 
2024-07-12 15:18:39,591 socket_client.py [line:55] _connect_and_send_forever INFO (OSError(98, 'Address already in use'), None) 
2024-07-12 15:18:39,591 socket_client.py [line:55] _connect_and_send_forever INFO (OSError(98, 'Address already in use'), None) 
2024-07-12 15:18:39,591 socket_client.py [line:55] _connect_and_send_forever INFO (OSError(98, 'Address already in use'), None) 
2024-07-12 15:18:39,592 socket_client.py [line:55] _connect_and_send_forever INFO (OSError(98, 'Address already in use'), None) 
2024-07-12 15:18:39,592 socket_client.py [line:55] _connect_and_send_forever INFO (OSError(98, 'Address already in use'), None) 
2024-07-12 15:18:39,594 socket_client.py [line:55] _connect_and_send_forever INFO (OSError(98, 'Address already in use'), None) 
2024-07-12 15:18:39,595 socket_client.py [line:55] _connect_and_send_forever INFO (OSError(98, 'Address already in use'), None) 
2024-07-12 15:18:39,596 socket_client.py [line:55] _connect_and_send_forever INFO (OSError(98, 'Address already in use'), None) 
2024-07-12 15:18:39,597 socket_client.py [line:55] _connect_and_send_forever INFO (OSError(98, 'Address already in use'), None) 
2024-07-12 15:18:39,598 socket_client.py [line:55] _connect_and_send_forever INFO (OSError(98, 'Address already in use'), None) 
2024-07-12 15:18:39,599 socket_client.py [line:55] _connect_and_send_forever INFO (OSError(98, 'Address already in use'), None) 
2024-07-12 15:18:39,600 socket_client.py [line:55] _connect_and_send_forever INFO (OSError(98, 'Address already in use'), None) 
2024-07-12 15:18:39,601 socket_client.py [line:55] _connect_and_send_forever INFO (OSError(98, 'Address already in use'), None) 
2024-07-12 15:18:39,601 socket_client.py [line:55] _connect_and_send_forever INFO (OSError(98, 'Address already in use'), None) 
2024-07-12 15:18:39,604 socket_client.py [line:55] _connect_and_send_forever INFO (OSError(98, 'Address already in use'), None) 
2024-07-12 15:18:39,604 socket_client.py [line:55] _connect_and_send_forever INFO (OSError(98, 'Address already in use'), None) 
2024-07-12 15:18:39,604 socket_client.py [line:55] _connect_and_send_forever INFO (OSError(98, 'Address already in use'), None) 
2024-07-12 15:18:39,604 socket_client.py [line:55] _connect_and_send_forever INFO (OSError(98, 'Address already in use'), None) 
2024-07-12 15:18:39,605 socket_client.py [line:55] _connect_and_send_forever INFO (OSError(98, 'Address already in use'), None) 
2024-07-12 15:18:39,606 socket_client.py [line:55] _connect_and_send_forever INFO (OSError(98, 'Address already in use'), None) 
2024-07-12 15:18:39,607 socket_client.py [line:55] _connect_and_send_forever INFO (OSError(98, 'Address already in use'), None) 
2024-07-12 15:18:39,608 socket_client.py [line:55] _connect_and_send_forever INFO (OSError(98, 'Address already in use'), None) 
2024-07-12 15:18:39,613 socket_client.py [line:55] _connect_and_send_forever INFO (OSError(98, 'Address already in use'), None) 
2024-07-12 15:18:39,614 socket_client.py [line:55] _connect_and_send_forever INFO (OSError(98, 'Address already in use'), None) 
2024-07-12 15:18:39,614 socket_client.py [line:55] _connect_and_send_forever INFO (OSError(98, 'Address already in use'), None) 
2024-07-12 15:18:39,614 socket_client.py [line:55] _connect_and_send_forever INFO (OSError(98, 'Address already in use'), None) 
2024-07-12 15:18:39,614 socket_client.py [line:55] _connect_and_send_forever INFO (OSError(98, 'Address already in use'), None) 
2024-07-12 15:18:39,615 socket_client.py [line:55] _connect_and_send_forever INFO (OSError(98, 'Address already in use'), None) 
2024-07-12 15:18:39,615 socket_client.py [line:55] _connect_and_send_forever INFO (OSError(98, 'Address already in use'), None) 
2024-07-12 15:18:39,617 socket_client.py [line:55] _connect_and_send_forever INFO (OSError(98, 'Address already in use'), None) 
2024-07-12 15:18:39,617 socket_client.py [line:55] _connect_and_send_forever INFO (OSError(98, 'Address already in use'), None) 
2024-07-12 15:18:39,618 socket_client.py [line:55] _connect_and_send_forever INFO (OSError(98, 'Address already in use'), None) 
2024-07-12 15:18:39,619 socket_client.py [line:55] _connect_and_send_forever INFO (OSError(98, 'Address already in use'), None) 
2024-07-12 15:18:39,619 socket_client.py [line:55] _connect_and_send_forever INFO (OSError(98, 'Address already in use'), None) 
2024-07-12 15:18:39,620 socket_client.py [line:55] _connect_and_send_forever INFO (OSError(98, 'Address already in use'), None) 
2024-07-12 15:18:39,620 socket_client.py [line:55] _connect_and_send_forever INFO (OSError(98, 'Address already in use'), None) 
2024-07-12 15:18:39,621 socket_client.py [line:55] _connect_and_send_forever INFO (OSError(98, 'Address already in use'), None) 
2024-07-12 15:18:39,622 socket_client.py [line:55] _connect_and_send_forever INFO (OSError(98, 'Address already in use'), None) 
2024-07-12 15:18:39,623 socket_client.py [line:55] _connect_and_send_forever INFO (OSError(98, 'Address already in use'), None) 
2024-07-12 15:18:39,623 socket_client.py [line:55] _connect_and_send_forever INFO (OSError(98, 'Address already in use'), None) 
2024-07-12 15:18:39,626 socket_client.py [line:55] _connect_and_send_forever INFO (OSError(98, 'Address already in use'), None) 
2024-07-12 15:18:39,626 socket_client.py [line:55] _connect_and_send_forever INFO (OSError(98, 'Address already in use'), None) 
2024-07-12 15:18:39,626 socket_client.py [line:55] _connect_and_send_forever INFO (OSError(98, 'Address already in use'), None) 
2024-07-12 15:18:39,626 socket_client.py [line:55] _connect_and_send_forever INFO (OSError(98, 'Address already in use'), None) 
2024-07-12 15:18:39,627 socket_client.py [line:55] _connect_and_send_forever INFO (OSError(98, 'Address already in use'), None) 
2024-07-12 15:18:39,628 socket_client.py [line:55] _connect_and_send_forever INFO (OSError(98, 'Address already in use'), None) 
2024-07-12 15:18:39,628 socket_client.py [line:55] _connect_and_send_forever INFO (OSError(98, 'Address already in use'), None) 
2024-07-12 15:18:39,637 socket_client.py [line:55] _connect_and_send_forever INFO (OSError(98, 'Address already in use'), None) 
2024-07-12 15:18:39,641 socket_client.py [line:55] _connect_and_send_forever INFO (OSError(98, 'Address already in use'), None) 
2024-07-12 15:18:39,642 socket_client.py [line:55] _connect_and_send_forever INFO (OSError(98, 'Address already in use'), None) 
2024-07-12 15:18:39,642 socket_client.py [line:55] _connect_and_send_forever INFO (OSError(98, 'Address already in use'), None) 
2024-07-12 15:18:39,642 socket_client.py [line:55] _connect_and_send_forever INFO (OSError(98, 'Address already in use'), None) 
2024-07-12 15:18:39,642 socket_client.py [line:55] _connect_and_send_forever INFO (OSError(98, 'Address already in use'), None) 
2024-07-12 15:18:39,644 socket_client.py [line:55] _connect_and_send_forever INFO (OSError(98, 'Address already in use'), None) 
2024-07-12 15:18:39,644 socket_client.py [line:55] _connect_and_send_forever INFO (OSError(98, 'Address already in use'), None) 
2024-07-12 15:18:39,644 socket_client.py [line:55] _connect_and_send_forever INFO (OSError(98, 'Address already in use'), None) 
2024-07-12 15:18:39,646 socket_client.py [line:55] _connect_and_send_forever INFO (OSError(98, 'Address already in use'), None) 
2024-07-12 15:18:39,646 socket_client.py [line:55] _connect_and_send_forever INFO (OSError(98, 'Address already in use'), None) 
2024-07-12 15:18:39,648 socket_client.py [line:55] _connect_and_send_forever INFO (OSError(98, 'Address already in use'), None) 
2024-07-12 15:18:39,648 socket_client.py [line:55] _connect_and_send_forever INFO (OSError(98, 'Address already in use'), None) 
2024-07-12 15:18:39,652 socket_client.py [line:55] _connect_and_send_forever INFO (OSError(98, 'Address already in use'), None) 
2024-07-12 15:18:39,652 socket_client.py [line:55] _connect_and_send_forever INFO (OSError(98, 'Address already in use'), None) 
2024-07-12 15:18:39,652 socket_client.py [line:55] _connect_and_send_forever INFO (OSError(98, 'Address already in use'), None) 
2024-07-12 15:18:39,655 socket_client.py [line:55] _connect_and_send_forever INFO (OSError(98, 'Address already in use'), None) 
2024-07-12 15:18:39,657 socket_client.py [line:55] _connect_and_send_forever INFO (OSError(98, 'Address already in use'), None) 
2024-07-12 15:18:39,657 socket_client.py [line:55] _connect_and_send_forever INFO (OSError(98, 'Address already in use'), None) 
2024-07-12 15:18:39,657 socket_client.py [line:55] _connect_and_send_forever INFO (OSError(98, 'Address already in use'), None) 
2024-07-12 15:18:39,659 socket_client.py [line:55] _connect_and_send_forever INFO (OSError(98, 'Address already in use'), None) 
2024-07-12 15:18:39,660 socket_client.py [line:55] _connect_and_send_forever INFO (OSError(98, 'Address already in use'), None) 
2024-07-12 15:18:39,661 socket_client.py [line:55] _connect_and_send_forever INFO (OSError(98, 'Address already in use'), None) 
2024-07-12 15:18:39,662 socket_client.py [line:55] _connect_and_send_forever INFO (OSError(98, 'Address already in use'), None) 
2024-07-12 15:18:39,662 socket_client.py [line:55] _connect_and_send_forever INFO (OSError(98, 'Address already in use'), None) 
2024-07-12 15:18:39,663 socket_client.py [line:55] _connect_and_send_forever INFO (OSError(98, 'Address already in use'), None) 
2024-07-12 15:18:39,663 socket_client.py [line:55] _connect_and_send_forever INFO (OSError(98, 'Address already in use'), None) 
2024-07-12 15:18:39,664 socket_client.py [line:55] _connect_and_send_forever INFO (OSError(98, 'Address already in use'), None) 
2024-07-12 15:18:39,665 socket_client.py [line:55] _connect_and_send_forever INFO (OSError(98, 'Address already in use'), None) 
2024-07-12 15:18:39,665 socket_client.py [line:55] _connect_and_send_forever INFO (OSError(98, 'Address already in use'), None) 
2024-07-12 15:18:39,666 socket_client.py [line:55] _connect_and_send_forever INFO (OSError(98, 'Address already in use'), None) 
2024-07-12 15:18:39,666 socket_client.py [line:55] _connect_and_send_forever INFO (OSError(98, 'Address already in use'), None) 
2024-07-12 15:18:39,668 socket_client.py [line:55] _connect_and_send_forever INFO (OSError(98, 'Address already in use'), None) 
2024-07-12 15:18:39,668 socket_client.py [line:55] _connect_and_send_forever INFO (OSError(98, 'Address already in use'), None) 
2024-07-12 15:18:39,678 socket_client.py [line:55] _connect_and_send_forever INFO (OSError(98, 'Address already in use'), None) 
2024-07-12 15:18:39,679 socket_client.py [line:55] _connect_and_send_forever INFO (OSError(98, 'Address already in use'), None) 
2024-07-12 15:18:39,680 socket_client.py [line:55] _connect_and_send_forever INFO (OSError(98, 'Address already in use'), None) 
2024-07-12 15:18:39,680 socket_client.py [line:55] _connect_and_send_forever INFO (OSError(98, 'Address already in use'), None) 
2024-07-12 15:18:39,682 socket_client.py [line:55] _connect_and_send_forever INFO (OSError(98, 'Address already in use'), None) 
2024-07-12 15:18:39,682 socket_client.py [line:55] _connect_and_send_forever INFO (OSError(98, 'Address already in use'), None) 
2024-07-12 15:18:39,683 socket_client.py [line:55] _connect_and_send_forever INFO (OSError(98, 'Address already in use'), None) 
2024-07-12 15:18:39,684 socket_client.py [line:55] _connect_and_send_forever INFO (OSError(98, 'Address already in use'), None) 
2024-07-12 15:18:39,685 socket_client.py [line:55] _connect_and_send_forever INFO (OSError(98, 'Address already in use'), None) 
2024-07-12 15:18:39,685 socket_client.py [line:55] _connect_and_send_forever INFO (OSError(98, 'Address already in use'), None) 
2024-07-12 15:18:39,686 socket_client.py [line:55] _connect_and_send_forever INFO (OSError(98, 'Address already in use'), None) 
2024-07-12 15:18:39,687 socket_client.py [line:55] _connect_and_send_forever INFO (OSError(98, 'Address already in use'), None) 
2024-07-12 15:18:39,688 socket_client.py [line:55] _connect_and_send_forever INFO (OSError(98, 'Address already in use'), None) 
2024-07-12 15:18:39,688 socket_client.py [line:55] _connect_and_send_forever INFO (OSError(98, 'Address already in use'), None) 
2024-07-12 15:18:39,692 socket_client.py [line:55] _connect_and_send_forever INFO (OSError(98, 'Address already in use'), None) 
2024-07-12 15:18:39,693 socket_client.py [line:55] _connect_and_send_forever INFO (OSError(98, 'Address already in use'), None) 
2024-07-12 15:18:39,695 socket_client.py [line:55] _connect_and_send_forever INFO (OSError(98, 'Address already in use'), None) 
2024-07-12 15:18:39,695 socket_client.py [line:55] _connect_and_send_forever INFO (OSError(98, 'Address already in use'), None) 
2024-07-12 15:18:39,697 socket_client.py [line:55] _connect_and_send_forever INFO (OSError(98, 'Address already in use'), None) 
2024-07-12 15:18:39,698 socket_client.py [line:55] _connect_and_send_forever INFO (OSError(98, 'Address already in use'), None) 
2024-07-12 15:18:39,700 socket_client.py [line:55] _connect_and_send_forever INFO (OSError(98, 'Address already in use'), None) 
2024-07-12 15:18:39,700 socket_client.py [line:55] _connect_and_send_forever INFO (OSError(98, 'Address already in use'), None) 
2024-07-12 15:18:39,700 socket_client.py [line:55] _connect_and_send_forever INFO (OSError(98, 'Address already in use'), None) 
2024-07-12 15:18:39,702 socket_client.py [line:55] _connect_and_send_forever INFO (OSError(98, 'Address already in use'), None) 
2024-07-12 15:18:39,703 socket_client.py [line:55] _connect_and_send_forever INFO (OSError(98, 'Address already in use'), None) 
2024-07-12 15:18:39,705 socket_client.py [line:55] _connect_and_send_forever INFO (OSError(98, 'Address already in use'), None) 
2024-07-12 15:18:39,705 socket_client.py [line:55] _connect_and_send_forever INFO (OSError(98, 'Address already in use'), None) 
2024-07-12 15:18:39,707 socket_client.py [line:55] _connect_and_send_forever INFO (OSError(98, 'Address already in use'), None) 
2024-07-12 15:18:39,708 socket_client.py [line:55] _connect_and_send_forever INFO (OSError(98, 'Address already in use'), None) 
2024-07-12 15:18:39,709 socket_client.py [line:55] _connect_and_send_forever INFO (OSError(98, 'Address already in use'), None) 
2024-07-12 15:18:39,710 socket_client.py [line:55] _connect_and_send_forever INFO (OSError(98, 'Address already in use'), None) 
2024-07-12 15:18:39,717 socket_client.py [line:55] _connect_and_send_forever INFO (OSError(98, 'Address already in use'), None) 
2024-07-12 15:18:39,718 socket_client.py [line:55] _connect_and_send_forever INFO (OSError(98, 'Address already in use'), None) 
2024-07-12 15:18:39,718 socket_client.py [line:55] _connect_and_send_forever INFO (OSError(98, 'Address already in use'), None) 
2024-07-12 15:18:39,722 socket_client.py [line:55] _connect_and_send_forever INFO (OSError(98, 'Address already in use'), None) 
2024-07-12 15:18:39,723 socket_client.py [line:55] _connect_and_send_forever INFO (OSError(98, 'Address already in use'), None) 
2024-07-12 15:18:39,723 socket_client.py [line:55] _connect_and_send_forever INFO (OSError(98, 'Address already in use'), None) 
2024-07-12 15:18:39,723 socket_client.py [line:55] _connect_and_send_forever INFO (OSError(98, 'Address already in use'), None) 
2024-07-12 15:18:39,724 socket_client.py [line:55] _connect_and_send_forever INFO (OSError(98, 'Address already in use'), None) 
2024-07-12 15:18:39,727 socket_client.py [line:55] _connect_and_send_forever INFO (OSError(98, 'Address already in use'), None) 
2024-07-12 15:18:39,728 socket_client.py [line:55] _connect_and_send_forever INFO (OSError(98, 'Address already in use'), None) 
2024-07-12 15:18:39,728 socket_client.py [line:55] _connect_and_send_forever INFO (OSError(98, 'Address already in use'), None) 
2024-07-12 15:18:39,732 socket_client.py [line:55] _connect_and_send_forever INFO (OSError(98, 'Address already in use'), None) 
2024-07-12 15:18:39,733 socket_client.py [line:55] _connect_and_send_forever INFO (OSError(98, 'Address already in use'), None) 
2024-07-12 15:18:39,735 socket_client.py [line:55] _connect_and_send_forever INFO (OSError(98, 'Address already in use'), None) 
2024-07-12 15:18:39,735 socket_client.py [line:55] _connect_and_send_forever INFO (OSError(98, 'Address already in use'), None) 
2024-07-12 15:18:39,736 socket_client.py [line:55] _connect_and_send_forever INFO (OSError(98, 'Address already in use'), None) 
2024-07-12 15:18:39,737 socket_client.py [line:55] _connect_and_send_forever INFO (OSError(98, 'Address already in use'), None) 
2024-07-12 15:18:39,738 socket_client.py [line:55] _connect_and_send_forever INFO (OSError(98, 'Address already in use'), None) 
2024-07-12 15:18:39,738 socket_client.py [line:55] _connect_and_send_forever INFO (OSError(98, 'Address already in use'), None) 
2024-07-12 15:18:39,738 socket_client.py [line:55] _connect_and_send_forever INFO (OSError(98, 'Address already in use'), None) 
2024-07-12 15:18:39,740 socket_client.py [line:55] _connect_and_send_forever INFO (OSError(98, 'Address already in use'), None) 
2024-07-12 15:18:39,741 socket_client.py [line:55] _connect_and_send_forever INFO (OSError(98, 'Address already in use'), None) 
2024-07-12 15:18:39,742 socket_client.py [line:55] _connect_and_send_forever INFO (OSError(98, 'Address already in use'), None) 
2024-07-12 15:18:39,743 socket_client.py [line:55] _connect_and_send_forever INFO (OSError(98, 'Address already in use'), None) 
2024-07-12 15:18:39,745 socket_client.py [line:55] _connect_and_send_forever INFO (OSError(98, 'Address already in use'), None) 
2024-07-12 15:18:39,746 socket_client.py [line:55] _connect_and_send_forever INFO (OSError(98, 'Address already in use'), None) 
2024-07-12 15:18:39,747 socket_client.py [line:55] _connect_and_send_forever INFO (OSError(98, 'Address already in use'), None) 
2024-07-12 15:18:39,748 socket_client.py [line:55] _connect_and_send_forever INFO (OSError(98, 'Address already in use'), None) 
2024-07-12 15:18:39,751 socket_client.py [line:55] _connect_and_send_forever INFO (OSError(98, 'Address already in use'), None) 
2024-07-12 15:18:39,751 socket_client.py [line:55] _connect_and_send_forever INFO (OSError(98, 'Address already in use'), None) 
2024-07-12 15:18:39,751 socket_client.py [line:55] _connect_and_send_forever INFO (OSError(98, 'Address already in use'), None) 
2024-07-12 15:18:39,755 socket_client.py [line:55] _connect_and_send_forever INFO (OSError(98, 'Address already in use'), None) 
2024-07-12 15:18:39,755 socket_client.py [line:55] _connect_and_send_forever INFO (OSError(98, 'Address already in use'), None) 
2024-07-12 15:18:39,757 socket_client.py [line:55] _connect_and_send_forever INFO (OSError(98, 'Address already in use'), None) 
2024-07-12 15:18:39,757 socket_client.py [line:55] _connect_and_send_forever INFO (OSError(98, 'Address already in use'), None) 
2024-07-12 15:18:39,759 socket_client.py [line:55] _connect_and_send_forever INFO (OSError(98, 'Address already in use'), None) 
2024-07-12 15:18:39,761 socket_client.py [line:55] _connect_and_send_forever INFO (OSError(98, 'Address already in use'), None) 
2024-07-12 15:18:39,762 socket_client.py [line:55] _connect_and_send_forever INFO (OSError(98, 'Address already in use'), None) 
2024-07-12 15:18:39,764 socket_client.py [line:55] _connect_and_send_forever INFO (OSError(98, 'Address already in use'), None) 
2024-07-12 15:18:39,764 socket_client.py [line:55] _connect_and_send_forever INFO (OSError(98, 'Address already in use'), None) 
2024-07-12 15:18:39,766 socket_client.py [line:55] _connect_and_send_forever INFO (OSError(98, 'Address already in use'), None) 
2024-07-12 15:18:39,767 socket_client.py [line:55] _connect_and_send_forever INFO (OSError(98, 'Address already in use'), None) 
2024-07-12 15:18:39,767 socket_client.py [line:55] _connect_and_send_forever INFO (OSError(98, 'Address already in use'), None) 
2024-07-12 15:18:39,776 socket_client.py [line:55] _connect_and_send_forever INFO (OSError(98, 'Address already in use'), None) 
2024-07-12 15:18:39,777 socket_client.py [line:55] _connect_and_send_forever INFO (OSError(98, 'Address already in use'), None) 
2024-07-12 15:18:39,779 socket_client.py [line:55] _connect_and_send_forever INFO (OSError(98, 'Address already in use'), None) 
2024-07-12 15:18:39,780 socket_client.py [line:55] _connect_and_send_forever INFO (OSError(98, 'Address already in use'), None) 
2024-07-12 15:18:39,782 socket_client.py [line:55] _connect_and_send_forever INFO (OSError(98, 'Address already in use'), None) 
2024-07-12 15:18:39,782 socket_client.py [line:55] _connect_and_send_forever INFO (OSError(98, 'Address already in use'), None) 
2024-07-12 15:18:39,783 socket_client.py [line:55] _connect_and_send_forever INFO (OSError(98, 'Address already in use'), None) 
2024-07-12 15:18:39,784 socket_client.py [line:55] _connect_and_send_forever INFO (OSError(98, 'Address already in use'), None) 
2024-07-12 15:18:39,785 socket_client.py [line:55] _connect_and_send_forever INFO (OSError(98, 'Address already in use'), None) 
2024-07-12 15:18:39,786 socket_client.py [line:55] _connect_and_send_forever INFO (OSError(98, 'Address already in use'), None) 
2024-07-12 15:18:39,787 socket_client.py [line:55] _connect_and_send_forever INFO (OSError(98, 'Address already in use'), None) 
2024-07-12 15:18:39,789 socket_client.py [line:55] _connect_and_send_forever INFO (OSError(98, 'Address already in use'), None) 
2024-07-12 15:18:39,789 socket_client.py [line:55] _connect_and_send_forever INFO (OSError(98, 'Address already in use'), None) 
2024-07-12 15:18:39,791 socket_client.py [line:55] _connect_and_send_forever INFO (OSError(98, 'Address already in use'), None) 
2024-07-12 15:18:39,792 socket_client.py [line:55] _connect_and_send_forever INFO (OSError(98, 'Address already in use'), None) 
2024-07-12 15:18:39,797 socket_client.py [line:55] _connect_and_send_forever INFO (OSError(98, 'Address already in use'), None) 
2024-07-12 15:18:39,798 socket_client.py [line:55] _connect_and_send_forever INFO (OSError(98, 'Address already in use'), None) 
2024-07-12 15:18:39,799 socket_client.py [line:55] _connect_and_send_forever INFO (OSError(98, 'Address already in use'), None) 
2024-07-12 15:18:39,800 socket_client.py [line:55] _connect_and_send_forever INFO (OSError(98, 'Address already in use'), None) 
2024-07-12 15:18:39,801 socket_client.py [line:55] _connect_and_send_forever INFO (OSError(98, 'Address already in use'), None) 
2024-07-12 15:18:39,802 socket_client.py [line:55] _connect_and_send_forever INFO (OSError(98, 'Address already in use'), None) 
2024-07-12 15:18:39,802 socket_client.py [line:55] _connect_and_send_forever INFO (OSError(98, 'Address already in use'), None) 
2024-07-12 15:18:39,806 socket_client.py [line:55] _connect_and_send_forever INFO (OSError(98, 'Address already in use'), None) 
2024-07-12 15:18:39,806 socket_client.py [line:55] _connect_and_send_forever INFO (OSError(98, 'Address already in use'), None) 
2024-07-12 15:18:39,808 socket_client.py [line:55] _connect_and_send_forever INFO (OSError(98, 'Address already in use'), None) 
2024-07-12 15:18:39,808 socket_client.py [line:55] _connect_and_send_forever INFO (OSError(98, 'Address already in use'), None) 
2024-07-12 15:18:39,810 socket_client.py [line:55] _connect_and_send_forever INFO (OSError(98, 'Address already in use'), None) 
2024-07-12 15:18:39,811 socket_client.py [line:55] _connect_and_send_forever INFO (OSError(98, 'Address already in use'), None) 
2024-07-12 15:18:39,812 socket_client.py [line:55] _connect_and_send_forever INFO (OSError(98, 'Address already in use'), None) 
2024-07-12 15:18:39,812 socket_client.py [line:55] _connect_and_send_forever INFO (OSError(98, 'Address already in use'), None) 
2024-07-12 15:18:39,817 socket_client.py [line:55] _connect_and_send_forever INFO (OSError(98, 'Address already in use'), None) 
2024-07-12 15:18:39,817 socket_client.py [line:55] _connect_and_send_forever INFO (OSError(98, 'Address already in use'), None) 
2024-07-12 15:18:39,818 socket_client.py [line:55] _connect_and_send_forever INFO (OSError(98, 'Address already in use'), None) 
2024-07-12 15:18:39,819 socket_client.py [line:55] _connect_and_send_forever INFO (OSError(98, 'Address already in use'), None) 
2024-07-12 15:18:39,819 socket_client.py [line:55] _connect_and_send_forever INFO (OSError(98, 'Address already in use'), None) 
2024-07-12 15:18:39,822 socket_client.py [line:55] _connect_and_send_forever INFO (OSError(98, 'Address already in use'), None) 
2024-07-12 15:18:39,822 socket_client.py [line:55] _connect_and_send_forever INFO (OSError(98, 'Address already in use'), None) 
2024-07-12 15:18:39,822 socket_client.py [line:55] _connect_and_send_forever INFO (OSError(98, 'Address already in use'), None) 
2024-07-12 15:18:39,824 socket_client.py [line:55] _connect_and_send_forever INFO (OSError(98, 'Address already in use'), None) 
2024-07-12 15:18:39,825 socket_client.py [line:55] _connect_and_send_forever INFO (OSError(98, 'Address already in use'), None) 
2024-07-12 15:18:39,830 socket_client.py [line:55] _connect_and_send_forever INFO (OSError(98, 'Address already in use'), None) 
2024-07-12 15:18:39,830 socket_client.py [line:55] _connect_and_send_forever INFO (OSError(98, 'Address already in use'), None) 
2024-07-12 15:18:39,831 socket_client.py [line:55] _connect_and_send_forever INFO (OSError(98, 'Address already in use'), None) 
2024-07-12 15:18:39,831 socket_client.py [line:55] _connect_and_send_forever INFO (OSError(98, 'Address already in use'), None) 
2024-07-12 15:18:39,837 socket_client.py [line:55] _connect_and_send_forever INFO (OSError(98, 'Address already in use'), None) 
2024-07-12 15:18:39,838 socket_client.py [line:55] _connect_and_send_forever INFO (OSError(98, 'Address already in use'), None) 
2024-07-12 15:18:39,841 socket_client.py [line:55] _connect_and_send_forever INFO (OSError(98, 'Address already in use'), None) 
2024-07-12 15:18:39,841 socket_client.py [line:55] _connect_and_send_forever INFO (OSError(98, 'Address already in use'), None) 
2024-07-12 15:18:39,848 socket_client.py [line:55] _connect_and_send_forever INFO (OSError(98, 'Address already in use'), None) 
2024-07-12 15:18:39,848 socket_client.py [line:55] _connect_and_send_forever INFO (OSError(98, 'Address already in use'), None) 
2024-07-12 15:18:39,848 socket_client.py [line:55] _connect_and_send_forever INFO (OSError(98, 'Address already in use'), None) 
2024-07-12 15:18:39,849 socket_client.py [line:55] _connect_and_send_forever INFO (OSError(98, 'Address already in use'), None) 
2024-07-12 15:18:39,849 socket_client.py [line:55] _connect_and_send_forever INFO (OSError(98, 'Address already in use'), None) 
2024-07-12 15:18:39,849 socket_client.py [line:55] _connect_and_send_forever INFO (OSError(98, 'Address already in use'), None) 
2024-07-12 15:18:39,850 socket_client.py [line:55] _connect_and_send_forever INFO (OSError(98, 'Address already in use'), None) 
2024-07-12 15:18:39,851 socket_client.py [line:55] _connect_and_send_forever INFO (OSError(98, 'Address already in use'), None) 
2024-07-12 15:18:39,858 socket_client.py [line:55] _connect_and_send_forever INFO (OSError(98, 'Address already in use'), None) 
2024-07-12 15:18:39,859 socket_client.py [line:55] _connect_and_send_forever INFO (OSError(98, 'Address already in use'), None) 
2024-07-12 15:18:39,860 socket_client.py [line:55] _connect_and_send_forever INFO (OSError(98, 'Address already in use'), None) 
2024-07-12 15:18:39,860 socket_client.py [line:55] _connect_and_send_forever INFO (OSError(98, 'Address already in use'), None) 
2024-07-12 15:18:39,866 socket_client.py [line:55] _connect_and_send_forever INFO (OSError(98, 'Address already in use'), None) 
2024-07-12 15:18:39,866 socket_client.py [line:55] _connect_and_send_forever INFO (OSError(98, 'Address already in use'), None) 
2024-07-12 15:18:39,866 socket_client.py [line:55] _connect_and_send_forever INFO (OSError(98, 'Address already in use'), None) 
2024-07-12 15:18:39,867 socket_client.py [line:55] _connect_and_send_forever INFO (OSError(98, 'Address already in use'), None) 
2024-07-12 15:18:39,867 socket_client.py [line:55] _connect_and_send_forever INFO (OSError(98, 'Address already in use'), None) 
2024-07-12 15:18:39,869 socket_client.py [line:55] _connect_and_send_forever INFO (OSError(98, 'Address already in use'), None) 
2024-07-12 15:18:39,869 socket_client.py [line:55] _connect_and_send_forever INFO (OSError(98, 'Address already in use'), None) 
2024-07-12 15:18:39,872 socket_client.py [line:55] _connect_and_send_forever INFO (OSError(98, 'Address already in use'), None) 
2024-07-12 15:18:39,872 socket_client.py [line:55] _connect_and_send_forever INFO (OSError(98, 'Address already in use'), None) 
2024-07-12 15:18:39,877 socket_client.py [line:55] _connect_and_send_forever INFO (OSError(98, 'Address already in use'), None) 
2024-07-12 15:18:39,877 socket_client.py [line:55] _connect_and_send_forever INFO (OSError(98, 'Address already in use'), None) 
2024-07-12 15:18:39,880 socket_client.py [line:55] _connect_and_send_forever INFO (OSError(98, 'Address already in use'), None) 
2024-07-12 15:18:39,881 socket_client.py [line:55] _connect_and_send_forever INFO (OSError(98, 'Address already in use'), None) 
2024-07-12 15:18:39,884 socket_client.py [line:55] _connect_and_send_forever INFO (OSError(98, 'Address already in use'), None) 
2024-07-12 15:18:39,889 socket_client.py [line:55] _connect_and_send_forever INFO (OSError(98, 'Address already in use'), None) 
2024-07-12 15:18:39,889 socket_client.py [line:55] _connect_and_send_forever INFO (OSError(98, 'Address already in use'), None) 
2024-07-12 15:18:39,890 socket_client.py [line:55] _connect_and_send_forever INFO (OSError(98, 'Address already in use'), None) 
2024-07-12 15:18:39,892 socket_client.py [line:55] _connect_and_send_forever INFO (OSError(98, 'Address already in use'), None) 
2024-07-12 15:18:39,892 socket_client.py [line:55] _connect_and_send_forever INFO (OSError(98, 'Address already in use'), None) 
2024-07-12 15:18:39,897 socket_client.py [line:55] _connect_and_send_forever INFO (OSError(98, 'Address already in use'), None) 
2024-07-12 15:18:39,897 socket_client.py [line:55] _connect_and_send_forever INFO (OSError(98, 'Address already in use'), None) 
2024-07-12 15:18:39,901 socket_client.py [line:55] _connect_and_send_forever INFO (OSError(98, 'Address already in use'), None) 
2024-07-12 15:18:39,902 socket_client.py [line:55] _connect_and_send_forever INFO (OSError(98, 'Address already in use'), None) 
2024-07-12 15:18:39,903 socket_client.py [line:55] _connect_and_send_forever INFO (OSError(98, 'Address already in use'), None) 
2024-07-12 15:18:39,904 socket_client.py [line:55] _connect_and_send_forever INFO (OSError(98, 'Address already in use'), None) 
2024-07-12 15:18:39,904 socket_client.py [line:55] _connect_and_send_forever INFO (OSError(98, 'Address already in use'), None) 
2024-07-12 15:18:39,905 socket_client.py [line:55] _connect_and_send_forever INFO (OSError(98, 'Address already in use'), None) 
2024-07-12 15:18:39,906 socket_client.py [line:55] _connect_and_send_forever INFO (OSError(98, 'Address already in use'), None) 
2024-07-12 15:18:39,907 socket_client.py [line:55] _connect_and_send_forever INFO (OSError(98, 'Address already in use'), None) 
2024-07-12 15:18:39,908 socket_client.py [line:55] _connect_and_send_forever INFO (OSError(98, 'Address already in use'), None) 
2024-07-12 15:18:39,909 socket_client.py [line:55] _connect_and_send_forever INFO (OSError(98, 'Address already in use'), None) 
2024-07-12 15:18:39,909 socket_client.py [line:55] _connect_and_send_forever INFO (OSError(98, 'Address already in use'), None) 
2024-07-12 15:18:39,911 socket_client.py [line:55] _connect_and_send_forever INFO (OSError(98, 'Address already in use'), None) 
2024-07-12 15:18:39,911 socket_client.py [line:55] _connect_and_send_forever INFO (OSError(98, 'Address already in use'), None) 
2024-07-12 15:18:39,914 socket_client.py [line:55] _connect_and_send_forever INFO (OSError(98, 'Address already in use'), None) 
2024-07-12 15:18:39,915 socket_client.py [line:55] _connect_and_send_forever INFO (OSError(98, 'Address already in use'), None) 
2024-07-12 15:18:39,915 socket_client.py [line:55] _connect_and_send_forever INFO (OSError(98, 'Address already in use'), None) 
2024-07-12 15:18:39,916 socket_client.py [line:55] _connect_and_send_forever INFO (OSError(98, 'Address already in use'), None) 
2024-07-12 15:18:39,917 socket_client.py [line:55] _connect_and_send_forever INFO (OSError(98, 'Address already in use'), None) 
2024-07-12 15:18:39,917 socket_client.py [line:55] _connect_and_send_forever INFO (OSError(98, 'Address already in use'), None) 
2024-07-12 15:18:39,918 socket_client.py [line:55] _connect_and_send_forever INFO (OSError(98, 'Address already in use'), None) 
2024-07-12 15:18:39,919 socket_client.py [line:55] _connect_and_send_forever INFO (OSError(98, 'Address already in use'), None) 
2024-07-12 15:18:39,919 socket_client.py [line:55] _connect_and_send_forever INFO (OSError(98, 'Address already in use'), None) 
2024-07-12 15:18:39,920 socket_client.py [line:55] _connect_and_send_forever INFO (OSError(98, 'Address already in use'), None) 
2024-07-12 15:18:39,941 socket_client.py [line:55] _connect_and_send_forever INFO (OSError(98, 'Address already in use'), None) 
2024-07-12 15:18:39,941 socket_client.py [line:55] _connect_and_send_forever INFO (OSError(98, 'Address already in use'), None) 
2024-07-12 15:18:39,942 socket_client.py [line:55] _connect_and_send_forever INFO (OSError(98, 'Address already in use'), None) 
2024-07-12 15:18:39,943 socket_client.py [line:55] _connect_and_send_forever INFO (OSError(98, 'Address already in use'), None) 
2024-07-12 15:18:39,947 socket_client.py [line:55] _connect_and_send_forever INFO (OSError(98, 'Address already in use'), None) 
2024-07-12 15:18:39,947 socket_client.py [line:55] _connect_and_send_forever INFO (OSError(98, 'Address already in use'), None) 
2024-07-12 15:18:39,948 socket_client.py [line:55] _connect_and_send_forever INFO (OSError(98, 'Address already in use'), None) 
2024-07-12 15:18:39,948 socket_client.py [line:55] _connect_and_send_forever INFO (OSError(98, 'Address already in use'), None) 
2024-07-12 15:18:39,949 socket_client.py [line:55] _connect_and_send_forever INFO (OSError(98, 'Address already in use'), None) 
2024-07-12 15:18:39,949 socket_client.py [line:55] _connect_and_send_forever INFO (OSError(98, 'Address already in use'), None) 
2024-07-12 15:18:39,950 socket_client.py [line:55] _connect_and_send_forever INFO (OSError(98, 'Address already in use'), None) 
2024-07-12 15:18:39,953 socket_client.py [line:55] _connect_and_send_forever INFO (OSError(98, 'Address already in use'), None) 
2024-07-12 15:18:39,953 socket_client.py [line:55] _connect_and_send_forever INFO (OSError(98, 'Address already in use'), None) 
2024-07-12 15:18:39,954 socket_client.py [line:55] _connect_and_send_forever INFO (OSError(98, 'Address already in use'), None) 
2024-07-12 15:18:39,954 socket_client.py [line:55] _connect_and_send_forever INFO (OSError(98, 'Address already in use'), None) 
2024-07-12 15:18:39,954 socket_client.py [line:55] _connect_and_send_forever INFO (OSError(98, 'Address already in use'), None) 
2024-07-12 15:18:39,958 socket_client.py [line:55] _connect_and_send_forever INFO (OSError(98, 'Address already in use'), None) 
2024-07-12 15:18:39,958 socket_client.py [line:55] _connect_and_send_forever INFO (OSError(98, 'Address already in use'), None) 
2024-07-12 15:18:39,959 socket_client.py [line:55] _connect_and_send_forever INFO (OSError(98, 'Address already in use'), None) 
2024-07-12 15:18:39,959 socket_client.py [line:55] _connect_and_send_forever INFO (OSError(98, 'Address already in use'), None) 
2024-07-12 15:18:39,959 socket_client.py [line:55] _connect_and_send_forever INFO (OSError(98, 'Address already in use'), None) 
2024-07-12 15:18:39,960 socket_client.py [line:55] _connect_and_send_forever INFO (OSError(98, 'Address already in use'), None) 
2024-07-12 15:18:39,960 socket_client.py [line:55] _connect_and_send_forever INFO (OSError(98, 'Address already in use'), None) 
2024-07-12 15:18:39,964 socket_client.py [line:55] _connect_and_send_forever INFO (OSError(98, 'Address already in use'), None) 
2024-07-12 15:18:39,965 socket_client.py [line:55] _connect_and_send_forever INFO (OSError(98, 'Address already in use'), None) 
2024-07-12 15:18:39,965 socket_client.py [line:55] _connect_and_send_forever INFO (OSError(98, 'Address already in use'), None) 
2024-07-12 15:18:39,966 socket_client.py [line:55] _connect_and_send_forever INFO (OSError(98, 'Address already in use'), None) 
2024-07-12 15:18:39,966 socket_client.py [line:55] _connect_and_send_forever INFO (OSError(98, 'Address already in use'), None) 
2024-07-12 15:18:39,968 socket_client.py [line:55] _connect_and_send_forever INFO (OSError(98, 'Address already in use'), None) 
2024-07-12 15:18:39,969 socket_client.py [line:55] _connect_and_send_forever INFO (OSError(98, 'Address already in use'), None) 
2024-07-12 15:18:39,969 socket_client.py [line:55] _connect_and_send_forever INFO (OSError(98, 'Address already in use'), None) 
2024-07-12 15:18:39,969 socket_client.py [line:55] _connect_and_send_forever INFO (OSError(98, 'Address already in use'), None) 
2024-07-12 15:18:39,969 socket_client.py [line:55] _connect_and_send_forever INFO (OSError(98, 'Address already in use'), None) 
2024-07-12 15:18:39,970 socket_client.py [line:55] _connect_and_send_forever INFO (OSError(98, 'Address already in use'), None) 
2024-07-12 15:18:39,970 socket_client.py [line:55] _connect_and_send_forever INFO (OSError(98, 'Address already in use'), None) 
2024-07-12 15:18:39,972 socket_client.py [line:55] _connect_and_send_forever INFO (OSError(98, 'Address already in use'), None) 
2024-07-12 15:18:39,973 socket_client.py [line:55] _connect_and_send_forever INFO (OSError(98, 'Address already in use'), None) 
2024-07-12 15:18:39,978 socket_client.py [line:55] _connect_and_send_forever INFO (OSError(98, 'Address already in use'), None) 
2024-07-12 15:18:39,978 socket_client.py [line:55] _connect_and_send_forever INFO (OSError(98, 'Address already in use'), None) 
2024-07-12 15:18:39,980 socket_client.py [line:55] _connect_and_send_forever INFO (OSError(98, 'Address already in use'), None) 
2024-07-12 15:18:39,980 socket_client.py [line:55] _connect_and_send_forever INFO (OSError(98, 'Address already in use'), None) 
2024-07-12 15:18:39,981 socket_client.py [line:55] _connect_and_send_forever INFO (OSError(98, 'Address already in use'), None) 
2024-07-12 15:18:39,982 socket_client.py [line:55] _connect_and_send_forever INFO (OSError(98, 'Address already in use'), None) 
2024-07-12 15:18:39,983 socket_client.py [line:55] _connect_and_send_forever INFO (OSError(98, 'Address already in use'), None) 
2024-07-12 15:18:39,983 socket_client.py [line:55] _connect_and_send_forever INFO (OSError(98, 'Address already in use'), None) 
2024-07-12 15:18:39,984 socket_client.py [line:55] _connect_and_send_forever INFO (OSError(98, 'Address already in use'), None) 
2024-07-12 15:18:39,985 socket_client.py [line:55] _connect_and_send_forever INFO (OSError(98, 'Address already in use'), None) 
2024-07-12 15:18:39,985 socket_client.py [line:55] _connect_and_send_forever INFO (OSError(98, 'Address already in use'), None) 
2024-07-12 15:18:39,985 socket_client.py [line:55] _connect_and_send_forever INFO (OSError(98, 'Address already in use'), None) 
2024-07-12 15:18:39,986 socket_client.py [line:55] _connect_and_send_forever INFO (OSError(98, 'Address already in use'), None) 
2024-07-12 15:18:39,987 socket_client.py [line:55] _connect_and_send_forever INFO (OSError(98, 'Address already in use'), None) 
2024-07-12 15:18:39,987 socket_client.py [line:55] _connect_and_send_forever INFO (OSError(98, 'Address already in use'), None) 
2024-07-12 15:18:39,988 socket_client.py [line:55] _connect_and_send_forever INFO (OSError(98, 'Address already in use'), None) 
2024-07-12 15:18:39,988 socket_client.py [line:55] _connect_and_send_forever INFO (OSError(98, 'Address already in use'), None) 
2024-07-12 15:18:39,990 socket_client.py [line:55] _connect_and_send_forever INFO (OSError(98, 'Address already in use'), None) 
2024-07-12 15:18:39,990 socket_client.py [line:55] _connect_and_send_forever INFO (OSError(98, 'Address already in use'), None) 
2024-07-12 15:18:39,991 socket_client.py [line:55] _connect_and_send_forever INFO (OSError(98, 'Address already in use'), None) 
2024-07-12 15:18:39,991 socket_client.py [line:55] _connect_and_send_forever INFO (OSError(98, 'Address already in use'), None) 
2024-07-12 15:18:39,993 socket_client.py [line:55] _connect_and_send_forever INFO (OSError(98, 'Address already in use'), None) 
2024-07-12 15:18:39,993 socket_client.py [line:55] _connect_and_send_forever INFO (OSError(98, 'Address already in use'), None) 
2024-07-12 15:18:39,996 socket_client.py [line:55] _connect_and_send_forever INFO (OSError(98, 'Address already in use'), None) 
2024-07-12 15:18:39,996 socket_client.py [line:55] _connect_and_send_forever INFO (OSError(98, 'Address already in use'), None) 
2024-07-12 15:18:39,996 socket_client.py [line:55] _connect_and_send_forever INFO (OSError(98, 'Address already in use'), None) 
2024-07-12 15:18:39,997 socket_client.py [line:55] _connect_and_send_forever INFO (OSError(98, 'Address already in use'), None) 
2024-07-12 15:18:39,998 socket_client.py [line:55] _connect_and_send_forever INFO (OSError(98, 'Address already in use'), None) 
2024-07-12 15:18:39,998 socket_client.py [line:55] _connect_and_send_forever INFO (OSError(98, 'Address already in use'), None) 
2024-07-12 15:18:39,999 socket_client.py [line:55] _connect_and_send_forever INFO (OSError(98, 'Address already in use'), None) 
2024-07-12 15:18:39,999 socket_client.py [line:55] _connect_and_send_forever INFO (OSError(98, 'Address already in use'), None) 
2024-07-12 15:18:39,999 socket_client.py [line:55] _connect_and_send_forever INFO (OSError(98, 'Address already in use'), None) 
2024-07-12 15:18:40,003 socket_client.py [line:55] _connect_and_send_forever INFO (OSError(98, 'Address already in use'), None) 
2024-07-12 15:18:40,004 socket_client.py [line:55] _connect_and_send_forever INFO (OSError(98, 'Address already in use'), None) 
2024-07-12 15:18:40,005 socket_client.py [line:55] _connect_and_send_forever INFO (OSError(98, 'Address already in use'), None) 
2024-07-12 15:18:40,006 socket_client.py [line:55] _connect_and_send_forever INFO (OSError(98, 'Address already in use'), None) 
2024-07-12 15:18:40,006 socket_client.py [line:55] _connect_and_send_forever INFO (OSError(98, 'Address already in use'), None) 
2024-07-12 15:18:40,007 socket_client.py [line:55] _connect_and_send_forever INFO (OSError(98, 'Address already in use'), None) 
2024-07-12 15:18:40,008 socket_client.py [line:55] _connect_and_send_forever INFO (OSError(98, 'Address already in use'), None) 
2024-07-12 15:18:40,010 socket_client.py [line:55] _connect_and_send_forever INFO (OSError(98, 'Address already in use'), None) 
2024-07-12 15:18:40,013 socket_client.py [line:55] _connect_and_send_forever INFO (OSError(98, 'Address already in use'), None) 
2024-07-12 15:18:40,014 socket_client.py [line:55] _connect_and_send_forever INFO (OSError(98, 'Address already in use'), None) 
2024-07-12 15:18:40,014 socket_client.py [line:55] _connect_and_send_forever INFO (OSError(98, 'Address already in use'), None) 
2024-07-12 15:18:40,015 socket_client.py [line:55] _connect_and_send_forever INFO (OSError(98, 'Address already in use'), None) 
2024-07-12 15:18:40,018 socket_client.py [line:55] _connect_and_send_forever INFO (OSError(98, 'Address already in use'), None) 
2024-07-12 15:18:40,019 socket_client.py [line:55] _connect_and_send_forever INFO (OSError(98, 'Address already in use'), None) 
2024-07-12 15:18:40,020 socket_client.py [line:55] _connect_and_send_forever INFO (OSError(98, 'Address already in use'), None) 
2024-07-12 15:18:40,020 socket_client.py [line:55] _connect_and_send_forever INFO (OSError(98, 'Address already in use'), None) 
2024-07-12 15:18:40,020 socket_client.py [line:55] _connect_and_send_forever INFO (OSError(98, 'Address already in use'), None) 
2024-07-12 15:18:40,022 socket_client.py [line:55] _connect_and_send_forever INFO (OSError(98, 'Address already in use'), None) 
2024-07-12 15:18:40,022 socket_client.py [line:55] _connect_and_send_forever INFO (OSError(98, 'Address already in use'), None) 
2024-07-12 15:18:40,023 socket_client.py [line:55] _connect_and_send_forever INFO (OSError(98, 'Address already in use'), None) 
2024-07-12 15:18:40,023 socket_client.py [line:55] _connect_and_send_forever INFO (OSError(98, 'Address already in use'), None) 
2024-07-12 15:18:40,025 socket_client.py [line:55] _connect_and_send_forever INFO (OSError(98, 'Address already in use'), None) 
2024-07-12 15:18:40,025 socket_client.py [line:55] _connect_and_send_forever INFO (OSError(98, 'Address already in use'), None) 
2024-07-12 15:18:40,026 socket_client.py [line:55] _connect_and_send_forever INFO (OSError(98, 'Address already in use'), None) 
2024-07-12 15:18:40,029 socket_client.py [line:55] _connect_and_send_forever INFO (OSError(98, 'Address already in use'), None) 
2024-07-12 15:18:40,030 socket_client.py [line:55] _connect_and_send_forever INFO (OSError(98, 'Address already in use'), None) 
2024-07-12 15:18:40,030 socket_client.py [line:55] _connect_and_send_forever INFO (OSError(98, 'Address already in use'), None) 
2024-07-12 15:18:40,031 socket_client.py [line:55] _connect_and_send_forever INFO (OSError(98, 'Address already in use'), None) 
2024-07-12 15:18:40,032 socket_client.py [line:55] _connect_and_send_forever INFO (OSError(98, 'Address already in use'), None) 
2024-07-12 15:18:40,032 socket_client.py [line:55] _connect_and_send_forever INFO (OSError(98, 'Address already in use'), None) 
2024-07-12 15:18:40,034 socket_client.py [line:55] _connect_and_send_forever INFO (OSError(98, 'Address already in use'), None) 
2024-07-12 15:18:40,035 socket_client.py [line:55] _connect_and_send_forever INFO (OSError(98, 'Address already in use'), None) 
2024-07-12 15:18:40,038 socket_client.py [line:55] _connect_and_send_forever INFO (OSError(98, 'Address already in use'), None) 
2024-07-12 15:18:40,039 socket_client.py [line:55] _connect_and_send_forever INFO (OSError(98, 'Address already in use'), None) 
2024-07-12 15:18:40,039 socket_client.py [line:55] _connect_and_send_forever INFO (OSError(98, 'Address already in use'), None) 
2024-07-12 15:18:40,040 socket_client.py [line:55] _connect_and_send_forever INFO (OSError(98, 'Address already in use'), None) 
2024-07-12 15:18:40,043 socket_client.py [line:55] _connect_and_send_forever INFO (OSError(98, 'Address already in use'), None) 
2024-07-12 15:18:40,044 socket_client.py [line:55] _connect_and_send_forever INFO (OSError(98, 'Address already in use'), None) 
2024-07-12 15:18:40,047 socket_client.py [line:55] _connect_and_send_forever INFO (OSError(98, 'Address already in use'), None) 
2024-07-12 15:18:40,048 socket_client.py [line:55] _connect_and_send_forever INFO (OSError(98, 'Address already in use'), None) 
2024-07-12 15:18:40,049 socket_client.py [line:55] _connect_and_send_forever INFO (OSError(98, 'Address already in use'), None) 
2024-07-12 15:18:40,051 socket_client.py [line:55] _connect_and_send_forever INFO (OSError(98, 'Address already in use'), None) 
2024-07-12 15:18:40,051 socket_client.py [line:55] _connect_and_send_forever INFO (OSError(98, 'Address already in use'), None) 
2024-07-12 15:18:40,051 socket_client.py [line:55] _connect_and_send_forever INFO (OSError(98, 'Address already in use'), None) 
2024-07-12 15:18:40,051 socket_client.py [line:55] _connect_and_send_forever INFO (OSError(98, 'Address already in use'), None) 
2024-07-12 15:18:40,063 socket_client.py [line:55] _connect_and_send_forever INFO (OSError(98, 'Address already in use'), None) 
2024-07-12 15:18:40,063 socket_client.py [line:55] _connect_and_send_forever INFO (OSError(98, 'Address already in use'), None) 
2024-07-12 15:18:40,064 socket_client.py [line:55] _connect_and_send_forever INFO (OSError(98, 'Address already in use'), None) 
2024-07-12 15:18:40,064 socket_client.py [line:55] _connect_and_send_forever INFO (OSError(98, 'Address already in use'), None) 
2024-07-12 15:18:40,065 socket_client.py [line:55] _connect_and_send_forever INFO (OSError(98, 'Address already in use'), None) 
2024-07-12 15:18:40,066 socket_client.py [line:55] _connect_and_send_forever INFO (OSError(98, 'Address already in use'), None) 
2024-07-12 15:18:40,067 socket_client.py [line:55] _connect_and_send_forever INFO (OSError(98, 'Address already in use'), None) 
2024-07-12 15:18:40,068 socket_client.py [line:55] _connect_and_send_forever INFO (OSError(98, 'Address already in use'), None) 
2024-07-12 15:18:40,068 socket_client.py [line:55] _connect_and_send_forever INFO (OSError(98, 'Address already in use'), None) 
2024-07-12 15:18:40,070 socket_client.py [line:55] _connect_and_send_forever INFO (OSError(98, 'Address already in use'), None) 
2024-07-12 15:18:40,070 socket_client.py [line:55] _connect_and_send_forever INFO (OSError(98, 'Address already in use'), None) 
2024-07-12 15:18:40,073 socket_client.py [line:55] _connect_and_send_forever INFO (OSError(98, 'Address already in use'), None) 
2024-07-12 15:18:40,073 socket_client.py [line:55] _connect_and_send_forever INFO (OSError(98, 'Address already in use'), None) 
2024-07-12 15:18:40,076 socket_client.py [line:55] _connect_and_send_forever INFO (OSError(98, 'Address already in use'), None) 
2024-07-12 15:18:40,077 socket_client.py [line:55] _connect_and_send_forever INFO (OSError(98, 'Address already in use'), None) 
2024-07-12 15:18:40,081 socket_client.py [line:55] _connect_and_send_forever INFO (OSError(98, 'Address already in use'), None) 
2024-07-12 15:18:40,084 socket_client.py [line:55] _connect_and_send_forever INFO (OSError(98, 'Address already in use'), None) 
2024-07-12 15:18:40,084 socket_client.py [line:55] _connect_and_send_forever INFO (OSError(98, 'Address already in use'), None) 
2024-07-12 15:18:40,084 socket_client.py [line:55] _connect_and_send_forever INFO (OSError(98, 'Address already in use'), None) 
2024-07-12 15:18:40,089 socket_client.py [line:55] _connect_and_send_forever INFO (OSError(98, 'Address already in use'), None) 
2024-07-12 15:18:40,096 socket_client.py [line:55] _connect_and_send_forever INFO (OSError(98, 'Address already in use'), None) 
2024-07-12 15:18:40,096 socket_client.py [line:55] _connect_and_send_forever INFO (OSError(98, 'Address already in use'), None) 
2024-07-12 15:18:40,097 socket_client.py [line:55] _connect_and_send_forever INFO (OSError(98, 'Address already in use'), None) 
2024-07-12 15:18:40,097 socket_client.py [line:55] _connect_and_send_forever INFO (OSError(98, 'Address already in use'), None) 
2024-07-12 15:18:40,097 socket_client.py [line:55] _connect_and_send_forever INFO (OSError(98, 'Address already in use'), None) 
2024-07-12 15:18:40,101 socket_client.py [line:55] _connect_and_send_forever INFO (OSError(98, 'Address already in use'), None) 
2024-07-12 15:18:40,101 socket_client.py [line:55] _connect_and_send_forever INFO (OSError(98, 'Address already in use'), None) 
2024-07-12 15:18:40,101 socket_client.py [line:55] _connect_and_send_forever INFO (OSError(98, 'Address already in use'), None) 
2024-07-12 15:18:40,105 socket_client.py [line:55] _connect_and_send_forever INFO (OSError(98, 'Address already in use'), None) 
2024-07-12 15:18:40,106 socket_client.py [line:55] _connect_and_send_forever INFO (OSError(98, 'Address already in use'), None) 
2024-07-12 15:18:40,106 socket_client.py [line:55] _connect_and_send_forever INFO (OSError(98, 'Address already in use'), None) 
2024-07-12 15:18:40,106 socket_client.py [line:55] _connect_and_send_forever INFO (OSError(98, 'Address already in use'), None) 
2024-07-12 15:18:40,108 socket_client.py [line:55] _connect_and_send_forever INFO (OSError(98, 'Address already in use'), None) 
2024-07-12 15:18:40,108 socket_client.py [line:55] _connect_and_send_forever INFO (OSError(98, 'Address already in use'), None) 
2024-07-12 15:18:40,108 socket_client.py [line:55] _connect_and_send_forever INFO (OSError(98, 'Address already in use'), None) 
2024-07-12 15:18:40,114 socket_client.py [line:55] _connect_and_send_forever INFO (OSError(98, 'Address already in use'), None) 
2024-07-12 15:18:40,115 socket_client.py [line:55] _connect_and_send_forever INFO (OSError(98, 'Address already in use'), None) 
2024-07-12 15:18:40,116 socket_client.py [line:55] _connect_and_send_forever INFO (OSError(98, 'Address already in use'), None) 
2024-07-12 15:18:40,117 socket_client.py [line:55] _connect_and_send_forever INFO (OSError(98, 'Address already in use'), None) 
2024-07-12 15:18:40,118 socket_client.py [line:55] _connect_and_send_forever INFO (OSError(98, 'Address already in use'), None) 
2024-07-12 15:18:40,119 socket_client.py [line:55] _connect_and_send_forever INFO (OSError(98, 'Address already in use'), None) 
2024-07-12 15:18:40,123 socket_client.py [line:55] _connect_and_send_forever INFO (OSError(98, 'Address already in use'), None) 
2024-07-12 15:18:40,124 socket_client.py [line:55] _connect_and_send_forever INFO (OSError(98, 'Address already in use'), None) 
2024-07-12 15:18:40,124 socket_client.py [line:55] _connect_and_send_forever INFO (OSError(98, 'Address already in use'), None) 
2024-07-12 15:18:40,124 socket_client.py [line:55] _connect_and_send_forever INFO (OSError(98, 'Address already in use'), None) 
2024-07-12 15:18:40,125 socket_client.py [line:55] _connect_and_send_forever INFO (OSError(98, 'Address already in use'), None) 
2024-07-12 15:18:40,126 socket_client.py [line:55] _connect_and_send_forever INFO (OSError(98, 'Address already in use'), None) 
2024-07-12 15:18:40,126 socket_client.py [line:55] _connect_and_send_forever INFO (OSError(98, 'Address already in use'), None) 
2024-07-12 15:18:40,126 socket_client.py [line:55] _connect_and_send_forever INFO (OSError(98, 'Address already in use'), None) 
2024-07-12 15:18:40,129 socket_client.py [line:55] _connect_and_send_forever INFO (OSError(98, 'Address already in use'), None) 
2024-07-12 15:18:40,130 socket_client.py [line:55] _connect_and_send_forever INFO (OSError(98, 'Address already in use'), None) 
2024-07-12 15:18:40,130 socket_client.py [line:55] _connect_and_send_forever INFO (OSError(98, 'Address already in use'), None) 
2024-07-12 15:18:40,131 socket_client.py [line:55] _connect_and_send_forever INFO (OSError(98, 'Address already in use'), None) 
2024-07-12 15:18:40,132 socket_client.py [line:55] _connect_and_send_forever INFO (OSError(98, 'Address already in use'), None) 
2024-07-12 15:18:40,135 socket_client.py [line:55] _connect_and_send_forever INFO (OSError(98, 'Address already in use'), None) 
2024-07-12 15:18:40,135 socket_client.py [line:55] _connect_and_send_forever INFO (OSError(98, 'Address already in use'), None) 
2024-07-12 15:18:40,135 socket_client.py [line:55] _connect_and_send_forever INFO (OSError(98, 'Address already in use'), None) 
2024-07-12 15:18:40,136 socket_client.py [line:55] _connect_and_send_forever INFO (OSError(98, 'Address already in use'), None) 
2024-07-12 15:18:40,136 socket_client.py [line:55] _connect_and_send_forever INFO (OSError(98, 'Address already in use'), None) 
2024-07-12 15:18:40,137 socket_client.py [line:55] _connect_and_send_forever INFO (OSError(98, 'Address already in use'), None) 
2024-07-12 15:18:40,137 socket_client.py [line:55] _connect_and_send_forever INFO (OSError(98, 'Address already in use'), None) 
2024-07-12 15:18:40,138 socket_client.py [line:55] _connect_and_send_forever INFO (OSError(98, 'Address already in use'), None) 
2024-07-12 15:18:40,139 socket_client.py [line:55] _connect_and_send_forever INFO (OSError(98, 'Address already in use'), None) 
2024-07-12 15:18:40,144 socket_client.py [line:55] _connect_and_send_forever INFO (OSError(98, 'Address already in use'), None) 
2024-07-12 15:18:40,145 socket_client.py [line:55] _connect_and_send_forever INFO (OSError(98, 'Address already in use'), None) 
2024-07-12 15:18:40,145 socket_client.py [line:55] _connect_and_send_forever INFO (OSError(98, 'Address already in use'), None) 
2024-07-12 15:18:40,145 socket_client.py [line:55] _connect_and_send_forever INFO (OSError(98, 'Address already in use'), None) 
2024-07-12 15:18:40,145 socket_client.py [line:55] _connect_and_send_forever INFO (OSError(98, 'Address already in use'), None) 
2024-07-12 15:18:40,146 socket_client.py [line:55] _connect_and_send_forever INFO (OSError(98, 'Address already in use'), None) 
2024-07-12 15:18:40,146 socket_client.py [line:55] _connect_and_send_forever INFO (OSError(98, 'Address already in use'), None) 
2024-07-12 15:18:40,147 socket_client.py [line:55] _connect_and_send_forever INFO (OSError(98, 'Address already in use'), None) 
2024-07-12 15:18:40,148 socket_client.py [line:55] _connect_and_send_forever INFO (OSError(98, 'Address already in use'), None) 
2024-07-12 15:18:40,148 socket_client.py [line:55] _connect_and_send_forever INFO (OSError(98, 'Address already in use'), None) 
2024-07-12 15:18:40,149 socket_client.py [line:55] _connect_and_send_forever INFO (OSError(98, 'Address already in use'), None) 
2024-07-12 15:18:40,153 socket_client.py [line:55] _connect_and_send_forever INFO (OSError(98, 'Address already in use'), None) 
2024-07-12 15:18:40,153 socket_client.py [line:55] _connect_and_send_forever INFO (OSError(98, 'Address already in use'), None) 
2024-07-12 15:18:40,155 socket_client.py [line:55] _connect_and_send_forever INFO (OSError(98, 'Address already in use'), None) 
2024-07-12 15:18:40,156 socket_client.py [line:55] _connect_and_send_forever INFO (OSError(98, 'Address already in use'), None) 
2024-07-12 15:18:40,158 socket_client.py [line:55] _connect_and_send_forever INFO (OSError(98, 'Address already in use'), None) 
2024-07-12 15:18:40,158 socket_client.py [line:55] _connect_and_send_forever INFO (OSError(98, 'Address already in use'), None) 
2024-07-12 15:18:40,162 socket_client.py [line:55] _connect_and_send_forever INFO (OSError(98, 'Address already in use'), None) 
2024-07-12 15:18:40,162 socket_client.py [line:55] _connect_and_send_forever INFO (OSError(98, 'Address already in use'), None) 
2024-07-12 15:18:40,164 socket_client.py [line:55] _connect_and_send_forever INFO (OSError(98, 'Address already in use'), None) 
2024-07-12 15:18:40,164 socket_client.py [line:55] _connect_and_send_forever INFO (OSError(98, 'Address already in use'), None) 
2024-07-12 15:18:40,167 socket_client.py [line:55] _connect_and_send_forever INFO (OSError(98, 'Address already in use'), None) 
2024-07-12 15:18:40,168 socket_client.py [line:55] _connect_and_send_forever INFO (OSError(98, 'Address already in use'), None) 
2024-07-12 15:18:40,168 socket_client.py [line:55] _connect_and_send_forever INFO (OSError(98, 'Address already in use'), None) 
2024-07-12 15:18:40,171 socket_client.py [line:55] _connect_and_send_forever INFO (OSError(98, 'Address already in use'), None) 
2024-07-12 15:18:40,171 socket_client.py [line:55] _connect_and_send_forever INFO (OSError(98, 'Address already in use'), None) 
2024-07-12 15:18:40,171 socket_client.py [line:55] _connect_and_send_forever INFO (OSError(98, 'Address already in use'), None) 
2024-07-12 15:18:40,172 socket_client.py [line:55] _connect_and_send_forever INFO (OSError(98, 'Address already in use'), None) 
2024-07-12 15:18:40,172 socket_client.py [line:55] _connect_and_send_forever INFO (OSError(98, 'Address already in use'), None) 
2024-07-12 15:18:40,173 socket_client.py [line:55] _connect_and_send_forever INFO (OSError(98, 'Address already in use'), None) 
2024-07-12 15:18:40,174 socket_client.py [line:55] _connect_and_send_forever INFO (OSError(98, 'Address already in use'), None) 
2024-07-12 15:18:40,178 socket_client.py [line:55] _connect_and_send_forever INFO (OSError(98, 'Address already in use'), None) 
2024-07-12 15:18:40,178 socket_client.py [line:55] _connect_and_send_forever INFO (OSError(98, 'Address already in use'), None) 
2024-07-12 15:18:40,179 socket_client.py [line:55] _connect_and_send_forever INFO (OSError(98, 'Address already in use'), None) 
2024-07-12 15:18:40,179 socket_client.py [line:55] _connect_and_send_forever INFO (OSError(98, 'Address already in use'), None) 
2024-07-12 15:18:40,183 socket_client.py [line:55] _connect_and_send_forever INFO (OSError(98, 'Address already in use'), None) 
2024-07-12 15:18:40,183 socket_client.py [line:55] _connect_and_send_forever INFO (OSError(98, 'Address already in use'), None) 
2024-07-12 15:18:40,186 socket_client.py [line:55] _connect_and_send_forever INFO (OSError(98, 'Address already in use'), None) 
2024-07-12 15:18:40,187 socket_client.py [line:55] _connect_and_send_forever INFO (OSError(98, 'Address already in use'), None) 
2024-07-12 15:18:40,187 socket_client.py [line:55] _connect_and_send_forever INFO (OSError(98, 'Address already in use'), None) 
2024-07-12 15:18:40,187 socket_client.py [line:55] _connect_and_send_forever INFO (OSError(98, 'Address already in use'), None) 
2024-07-12 15:18:40,190 socket_client.py [line:55] _connect_and_send_forever INFO (OSError(98, 'Address already in use'), None) 
2024-07-12 15:18:40,191 socket_client.py [line:55] _connect_and_send_forever INFO (OSError(98, 'Address already in use'), None) 
2024-07-12 15:18:40,191 socket_client.py [line:55] _connect_and_send_forever INFO (OSError(98, 'Address already in use'), None) 
2024-07-12 15:18:40,191 socket_client.py [line:55] _connect_and_send_forever INFO (OSError(98, 'Address already in use'), None) 
2024-07-12 15:18:40,191 socket_client.py [line:55] _connect_and_send_forever INFO (OSError(98, 'Address already in use'), None) 
2024-07-12 15:18:40,196 socket_client.py [line:55] _connect_and_send_forever INFO (OSError(98, 'Address already in use'), None) 
2024-07-12 15:18:40,198 socket_client.py [line:55] _connect_and_send_forever INFO (OSError(98, 'Address already in use'), None) 
2024-07-12 15:18:40,199 socket_client.py [line:55] _connect_and_send_forever INFO (OSError(98, 'Address already in use'), None) 
2024-07-12 15:18:40,202 socket_client.py [line:55] _connect_and_send_forever INFO (OSError(98, 'Address already in use'), None) 
2024-07-12 15:18:40,204 socket_client.py [line:55] _connect_and_send_forever INFO (OSError(98, 'Address already in use'), None) 
2024-07-12 15:18:40,204 socket_client.py [line:55] _connect_and_send_forever INFO (OSError(98, 'Address already in use'), None) 
2024-07-12 15:18:40,208 socket_client.py [line:55] _connect_and_send_forever INFO (OSError(98, 'Address already in use'), None) 
2024-07-12 15:18:40,208 socket_client.py [line:55] _connect_and_send_forever INFO (OSError(98, 'Address already in use'), None) 
2024-07-12 15:18:40,208 socket_client.py [line:55] _connect_and_send_forever INFO (OSError(98, 'Address already in use'), None) 
2024-07-12 15:18:40,209 socket_client.py [line:55] _connect_and_send_forever INFO (OSError(98, 'Address already in use'), None) 
2024-07-12 15:18:40,213 socket_client.py [line:55] _connect_and_send_forever INFO (OSError(98, 'Address already in use'), None) 
2024-07-12 15:18:40,213 socket_client.py [line:55] _connect_and_send_forever INFO (OSError(98, 'Address already in use'), None) 
2024-07-12 15:18:40,213 socket_client.py [line:55] _connect_and_send_forever INFO (OSError(98, 'Address already in use'), None) 
2024-07-12 15:18:40,214 socket_client.py [line:55] _connect_and_send_forever INFO (OSError(98, 'Address already in use'), None) 
2024-07-12 15:18:40,215 socket_client.py [line:55] _connect_and_send_forever INFO (OSError(98, 'Address already in use'), None) 
2024-07-12 15:18:40,216 socket_client.py [line:55] _connect_and_send_forever INFO (OSError(98, 'Address already in use'), None) 
2024-07-12 15:18:40,217 socket_client.py [line:55] _connect_and_send_forever INFO (OSError(98, 'Address already in use'), None) 
2024-07-12 15:18:40,218 socket_client.py [line:55] _connect_and_send_forever INFO (OSError(98, 'Address already in use'), None) 
2024-07-12 15:18:40,223 socket_client.py [line:55] _connect_and_send_forever INFO (OSError(98, 'Address already in use'), None) 
2024-07-12 15:18:40,224 socket_client.py [line:55] _connect_and_send_forever INFO (OSError(98, 'Address already in use'), None) 
2024-07-12 15:18:40,225 socket_client.py [line:55] _connect_and_send_forever INFO (OSError(98, 'Address already in use'), None) 
2024-07-12 15:18:40,228 socket_client.py [line:55] _connect_and_send_forever INFO (OSError(98, 'Address already in use'), None) 
2024-07-12 15:18:40,229 socket_client.py [line:55] _connect_and_send_forever INFO (OSError(98, 'Address already in use'), None) 
2024-07-12 15:18:40,233 socket_client.py [line:55] _connect_and_send_forever INFO (OSError(98, 'Address already in use'), None) 
2024-07-12 15:18:40,233 socket_client.py [line:55] _connect_and_send_forever INFO (OSError(98, 'Address already in use'), None) 
2024-07-12 15:18:40,236 socket_client.py [line:55] _connect_and_send_forever INFO (OSError(98, 'Address already in use'), None) 
2024-07-12 15:18:40,237 socket_client.py [line:55] _connect_and_send_forever INFO (OSError(98, 'Address already in use'), None) 
2024-07-12 15:18:40,238 socket_client.py [line:55] _connect_and_send_forever INFO (OSError(98, 'Address already in use'), None) 
2024-07-12 15:18:40,239 socket_client.py [line:55] _connect_and_send_forever INFO (OSError(98, 'Address already in use'), None) 
2024-07-12 15:18:40,243 socket_client.py [line:55] _connect_and_send_forever INFO (OSError(98, 'Address already in use'), None) 
2024-07-12 15:18:40,244 socket_client.py [line:55] _connect_and_send_forever INFO (OSError(98, 'Address already in use'), None) 
2024-07-12 15:18:40,246 socket_client.py [line:55] _connect_and_send_forever INFO (OSError(98, 'Address already in use'), None) 
2024-07-12 15:18:40,246 socket_client.py [line:55] _connect_and_send_forever INFO (OSError(98, 'Address already in use'), None) 
2024-07-12 15:18:40,246 socket_client.py [line:55] _connect_and_send_forever INFO (OSError(98, 'Address already in use'), None) 
2024-07-12 15:18:40,250 socket_client.py [line:55] _connect_and_send_forever INFO (OSError(98, 'Address already in use'), None) 
2024-07-12 15:18:40,251 socket_client.py [line:55] _connect_and_send_forever INFO (OSError(98, 'Address already in use'), None) 
2024-07-12 15:18:40,252 socket_client.py [line:55] _connect_and_send_forever INFO (OSError(98, 'Address already in use'), None) 
2024-07-12 15:18:40,256 socket_client.py [line:55] _connect_and_send_forever INFO (OSError(98, 'Address already in use'), None) 
2024-07-12 15:18:40,256 socket_client.py [line:55] _connect_and_send_forever INFO (OSError(98, 'Address already in use'), None) 
2024-07-12 15:18:40,257 socket_client.py [line:55] _connect_and_send_forever INFO (OSError(98, 'Address already in use'), None) 
2024-07-12 15:18:40,257 socket_client.py [line:55] _connect_and_send_forever INFO (OSError(98, 'Address already in use'), None) 
2024-07-12 15:18:40,258 socket_client.py [line:55] _connect_and_send_forever INFO (OSError(98, 'Address already in use'), None) 
2024-07-12 15:18:40,259 socket_client.py [line:55] _connect_and_send_forever INFO (OSError(98, 'Address already in use'), None) 
2024-07-12 15:18:40,263 socket_client.py [line:55] _connect_and_send_forever INFO (OSError(98, 'Address already in use'), None) 
2024-07-12 15:18:40,264 socket_client.py [line:55] _connect_and_send_forever INFO (OSError(98, 'Address already in use'), None) 
2024-07-12 15:18:40,265 socket_client.py [line:55] _connect_and_send_forever INFO (OSError(98, 'Address already in use'), None) 
2024-07-12 15:18:40,266 socket_client.py [line:55] _connect_and_send_forever INFO (OSError(98, 'Address already in use'), None) 
2024-07-12 15:18:40,266 socket_client.py [line:55] _connect_and_send_forever INFO (OSError(98, 'Address already in use'), None) 
2024-07-12 15:18:40,266 socket_client.py [line:55] _connect_and_send_forever INFO (OSError(98, 'Address already in use'), None) 
2024-07-12 15:18:40,268 socket_client.py [line:55] _connect_and_send_forever INFO (OSError(98, 'Address already in use'), None) 
2024-07-12 15:18:40,268 socket_client.py [line:55] _connect_and_send_forever INFO (OSError(98, 'Address already in use'), None) 
2024-07-12 15:18:40,270 socket_client.py [line:55] _connect_and_send_forever INFO (OSError(98, 'Address already in use'), None) 
2024-07-12 15:18:40,270 socket_client.py [line:55] _connect_and_send_forever INFO (OSError(98, 'Address already in use'), None) 
2024-07-12 15:18:40,270 socket_client.py [line:55] _connect_and_send_forever INFO (OSError(98, 'Address already in use'), None) 
2024-07-12 15:18:40,272 socket_client.py [line:55] _connect_and_send_forever INFO (OSError(98, 'Address already in use'), None) 
2024-07-12 15:18:40,274 socket_client.py [line:55] _connect_and_send_forever INFO (OSError(98, 'Address already in use'), None) 
2024-07-12 15:18:40,274 socket_client.py [line:55] _connect_and_send_forever INFO (OSError(98, 'Address already in use'), None) 
2024-07-12 15:18:40,276 socket_client.py [line:55] _connect_and_send_forever INFO (OSError(98, 'Address already in use'), None) 
2024-07-12 15:18:40,276 socket_client.py [line:55] _connect_and_send_forever INFO (OSError(98, 'Address already in use'), None) 
2024-07-12 15:18:40,277 socket_client.py [line:55] _connect_and_send_forever INFO (OSError(98, 'Address already in use'), None) 
2024-07-12 15:18:40,278 socket_client.py [line:55] _connect_and_send_forever INFO (OSError(98, 'Address already in use'), None) 
2024-07-12 15:18:40,280 socket_client.py [line:55] _connect_and_send_forever INFO (OSError(98, 'Address already in use'), None) 
2024-07-12 15:18:40,280 socket_client.py [line:55] _connect_and_send_forever INFO (OSError(98, 'Address already in use'), None) 
2024-07-12 15:18:40,283 socket_client.py [line:55] _connect_and_send_forever INFO (OSError(98, 'Address already in use'), None) 
2024-07-12 15:18:40,284 socket_client.py [line:55] _connect_and_send_forever INFO (OSError(98, 'Address already in use'), None) 
2024-07-12 15:18:40,285 socket_client.py [line:55] _connect_and_send_forever INFO (OSError(98, 'Address already in use'), None) 
2024-07-12 15:18:40,286 socket_client.py [line:55] _connect_and_send_forever INFO (OSError(98, 'Address already in use'), None) 
2024-07-12 15:18:40,287 socket_client.py [line:55] _connect_and_send_forever INFO (OSError(98, 'Address already in use'), None) 
2024-07-12 15:18:40,289 socket_client.py [line:55] _connect_and_send_forever INFO (OSError(98, 'Address already in use'), None) 
2024-07-12 15:18:40,289 socket_client.py [line:55] _connect_and_send_forever INFO (OSError(98, 'Address already in use'), None) 
2024-07-12 15:18:40,291 socket_client.py [line:55] _connect_and_send_forever INFO (OSError(98, 'Address already in use'), None) 
2024-07-12 15:18:40,292 socket_client.py [line:55] _connect_and_send_forever INFO (OSError(98, 'Address already in use'), None) 
2024-07-12 15:18:40,294 socket_client.py [line:55] _connect_and_send_forever INFO (OSError(98, 'Address already in use'), None) 
2024-07-12 15:18:40,294 socket_client.py [line:55] _connect_and_send_forever INFO (OSError(98, 'Address already in use'), None) 
2024-07-12 15:18:40,296 socket_client.py [line:55] _connect_and_send_forever INFO (OSError(98, 'Address already in use'), None) 
2024-07-12 15:18:40,297 socket_client.py [line:55] _connect_and_send_forever INFO (OSError(98, 'Address already in use'), None) 
2024-07-12 15:18:40,298 socket_client.py [line:55] _connect_and_send_forever INFO (OSError(98, 'Address already in use'), None) 
2024-07-12 15:18:40,299 socket_client.py [line:55] _connect_and_send_forever INFO (OSError(98, 'Address already in use'), None) 
2024-07-12 15:18:40,302 socket_client.py [line:55] _connect_and_send_forever INFO (OSError(98, 'Address already in use'), None) 
2024-07-12 15:18:40,303 socket_client.py [line:55] _connect_and_send_forever INFO (OSError(98, 'Address already in use'), None) 
2024-07-12 15:18:40,306 socket_client.py [line:55] _connect_and_send_forever INFO (OSError(98, 'Address already in use'), None) 
2024-07-12 15:18:40,306 socket_client.py [line:55] _connect_and_send_forever INFO (OSError(98, 'Address already in use'), None) 
2024-07-12 15:18:40,360 socket_client.py [line:55] _connect_and_send_forever INFO (OSError(98, 'Address already in use'), None) 
2024-07-12 15:18:40,361 socket_client.py [line:55] _connect_and_send_forever INFO (OSError(98, 'Address already in use'), None) 
2024-07-12 15:18:40,361 socket_client.py [line:55] _connect_and_send_forever INFO (OSError(98, 'Address already in use'), None) 
2024-07-12 15:18:40,373 socket_client.py [line:55] _connect_and_send_forever INFO (OSError(98, 'Address already in use'), None) 
2024-07-12 15:18:40,373 socket_client.py [line:55] _connect_and_send_forever INFO (OSError(98, 'Address already in use'), None) 
2024-07-12 15:18:40,374 socket_client.py [line:55] _connect_and_send_forever INFO (OSError(98, 'Address already in use'), None) 
2024-07-12 15:18:40,376 socket_client.py [line:55] _connect_and_send_forever INFO (OSError(98, 'Address already in use'), None) 
2024-07-12 15:18:40,377 socket_client.py [line:55] _connect_and_send_forever INFO (OSError(98, 'Address already in use'), None) 
2024-07-12 15:18:40,389 socket_client.py [line:55] _connect_and_send_forever INFO (OSError(98, 'Address already in use'), None) 
2024-07-12 15:18:40,389 socket_client.py [line:55] _connect_and_send_forever INFO (OSError(98, 'Address already in use'), None) 
2024-07-12 15:18:40,389 socket_client.py [line:55] _connect_and_send_forever INFO (OSError(98, 'Address already in use'), None) 
2024-07-12 15:18:40,399 socket_client.py [line:55] _connect_and_send_forever INFO (OSError(98, 'Address already in use'), None) 
2024-07-12 15:18:40,400 socket_client.py [line:55] _connect_and_send_forever INFO (OSError(98, 'Address already in use'), None) 
2024-07-12 15:18:40,400 socket_client.py [line:55] _connect_and_send_forever INFO (OSError(98, 'Address already in use'), None) 
2024-07-12 15:18:40,400 socket_client.py [line:55] _connect_and_send_forever INFO (OSError(98, 'Address already in use'), None) 
2024-07-12 15:18:40,407 socket_client.py [line:55] _connect_and_send_forever INFO (OSError(98, 'Address already in use'), None) 
2024-07-12 15:18:40,410 socket_client.py [line:55] _connect_and_send_forever INFO (OSError(98, 'Address already in use'), None) 
2024-07-12 15:18:40,411 socket_client.py [line:55] _connect_and_send_forever INFO (OSError(98, 'Address already in use'), None) 
2024-07-12 15:18:40,411 socket_client.py [line:55] _connect_and_send_forever INFO (OSError(98, 'Address already in use'), None) 
2024-07-12 15:18:40,412 socket_client.py [line:55] _connect_and_send_forever INFO (OSError(98, 'Address already in use'), None) 
2024-07-12 15:18:40,412 socket_client.py [line:55] _connect_and_send_forever INFO (OSError(98, 'Address already in use'), None) 
2024-07-12 15:18:40,416 socket_client.py [line:55] _connect_and_send_forever INFO (OSError(98, 'Address already in use'), None) 
2024-07-12 15:18:40,416 socket_client.py [line:55] _connect_and_send_forever INFO (OSError(98, 'Address already in use'), None) 
2024-07-12 15:18:40,416 socket_client.py [line:55] _connect_and_send_forever INFO (OSError(98, 'Address already in use'), None) 
2024-07-12 15:18:40,417 socket_client.py [line:55] _connect_and_send_forever INFO (OSError(98, 'Address already in use'), None) 
2024-07-12 15:18:40,417 socket_client.py [line:55] _connect_and_send_forever INFO (OSError(98, 'Address already in use'), None) 
2024-07-12 15:18:40,417 socket_client.py [line:55] _connect_and_send_forever INFO (OSError(98, 'Address already in use'), None) 
2024-07-12 15:46:45,210 socket_client.py [line:157] run INFO node id 3 is running on pid 27495 
2024-07-12 15:46:45,211 socket_client.py [line:44] _connect_and_send_forever INFO node 3's socket client starts to make outgoing connections on process id 27495 
2024-07-12 16:06:52,698 socket_client.py [line:157] run INFO node id 3 is running on pid 27793 
2024-07-12 16:06:52,698 socket_client.py [line:44] _connect_and_send_forever INFO node 3's socket client starts to make outgoing connections on process id 27793 
2024-07-12 16:37:17,291 socket_client.py [line:157] run INFO node id 3 is running on pid 28139 
2024-07-12 16:37:17,291 socket_client.py [line:44] _connect_and_send_forever INFO node 3's socket client starts to make outgoing connections on process id 28139 
2024-07-12 16:39:02,715 socket_client.py [line:157] run INFO node id 3 is running on pid 28230 
2024-07-12 16:39:02,716 socket_client.py [line:44] _connect_and_send_forever INFO node 3's socket client starts to make outgoing connections on process id 28230 
2024-07-12 16:42:14,038 socket_client.py [line:157] run INFO node id 3 is running on pid 28321 
2024-07-12 16:42:14,038 socket_client.py [line:44] _connect_and_send_forever INFO node 3's socket client starts to make outgoing connections on process id 28321 
2024-07-12 16:45:19,577 socket_client.py [line:157] run INFO node id 3 is running on pid 28437 
2024-07-12 16:45:19,578 socket_client.py [line:44] _connect_and_send_forever INFO node 3's socket client starts to make outgoing connections on process id 28437 
2024-07-12 16:53:47,112 socket_client.py [line:157] run INFO node id 3 is running on pid 28761 
2024-07-12 16:53:47,112 socket_client.py [line:44] _connect_and_send_forever INFO node 3's socket client starts to make outgoing connections on process id 28761 
