2022-07-13 04:05:34,893 socket_client_ng.py [line:156] run INFO node id 15 is running on pid 5121 
2022-07-13 04:05:34,893 socket_client_ng.py [line:47] _connect_and_send_forever INFO node 15's socket client starts to make outgoing connections on process id 5121 
2022-07-13 04:05:34,893 socket_client_ng.py [line:66] _connect INFO node 15's socket client starts to make outgoing connections to node 0 server 
2022-07-13 04:05:34,910 socket_client_ng.py [line:74] _connect INFO node 15's socket client made an outgoing connection to node 0 server 
2022-07-13 04:05:34,910 socket_client_ng.py [line:66] _connect INFO node 15's socket client starts to make outgoing connections to node 1 server 
2022-07-13 04:05:34,911 socket_client_ng.py [line:74] _connect INFO node 15's socket client made an outgoing connection to node 1 server 
2022-07-13 04:05:34,911 socket_client_ng.py [line:66] _connect INFO node 15's socket client starts to make outgoing connections to node 2 server 
2022-07-13 04:05:34,911 socket_client_ng.py [line:74] _connect INFO node 15's socket client made an outgoing connection to node 2 server 
2022-07-13 04:05:34,911 socket_client_ng.py [line:66] _connect INFO node 15's socket client starts to make outgoing connections to node 3 server 
2022-07-13 04:05:34,912 socket_client_ng.py [line:74] _connect INFO node 15's socket client made an outgoing connection to node 3 server 
2022-07-13 04:05:34,912 socket_client_ng.py [line:66] _connect INFO node 15's socket client starts to make outgoing connections to node 4 server 
2022-07-13 04:05:34,912 socket_client_ng.py [line:77] _connect INFO node 15's socket client fails to make connection to node 4 server 
2022-07-13 04:05:34,912 socket_client_ng.py [line:66] _connect INFO node 15's socket client starts to make outgoing connections to node 5 server 
2022-07-13 04:05:34,912 socket_client_ng.py [line:74] _connect INFO node 15's socket client made an outgoing connection to node 5 server 
2022-07-13 04:05:34,912 socket_client_ng.py [line:66] _connect INFO node 15's socket client starts to make outgoing connections to node 6 server 
2022-07-13 04:05:34,913 socket_client_ng.py [line:74] _connect INFO node 15's socket client made an outgoing connection to node 6 server 
2022-07-13 04:05:34,913 socket_client_ng.py [line:66] _connect INFO node 15's socket client starts to make outgoing connections to node 7 server 
2022-07-13 04:05:34,913 socket_client_ng.py [line:77] _connect INFO node 15's socket client fails to make connection to node 7 server 
2022-07-13 04:05:34,913 socket_client_ng.py [line:66] _connect INFO node 15's socket client starts to make outgoing connections to node 8 server 
2022-07-13 04:05:34,913 socket_client_ng.py [line:77] _connect INFO node 15's socket client fails to make connection to node 8 server 
2022-07-13 04:05:34,913 socket_client_ng.py [line:66] _connect INFO node 15's socket client starts to make outgoing connections to node 9 server 
2022-07-13 04:05:34,914 socket_client_ng.py [line:77] _connect INFO node 15's socket client fails to make connection to node 9 server 
2022-07-13 04:05:34,914 socket_client_ng.py [line:66] _connect INFO node 15's socket client starts to make outgoing connections to node 10 server 
2022-07-13 04:05:34,914 socket_client_ng.py [line:74] _connect INFO node 15's socket client made an outgoing connection to node 10 server 
2022-07-13 04:05:34,914 socket_client_ng.py [line:66] _connect INFO node 15's socket client starts to make outgoing connections to node 11 server 
2022-07-13 04:05:34,915 socket_client_ng.py [line:77] _connect INFO node 15's socket client fails to make connection to node 11 server 
2022-07-13 04:05:34,915 socket_client_ng.py [line:66] _connect INFO node 15's socket client starts to make outgoing connections to node 12 server 
2022-07-13 04:05:34,915 socket_client_ng.py [line:74] _connect INFO node 15's socket client made an outgoing connection to node 12 server 
2022-07-13 04:05:34,915 socket_client_ng.py [line:66] _connect INFO node 15's socket client starts to make outgoing connections to node 13 server 
2022-07-13 04:05:34,915 socket_client_ng.py [line:77] _connect INFO node 15's socket client fails to make connection to node 13 server 
2022-07-13 04:05:34,915 socket_client_ng.py [line:66] _connect INFO node 15's socket client starts to make outgoing connections to node 14 server 
2022-07-13 04:05:34,916 socket_client_ng.py [line:77] _connect INFO node 15's socket client fails to make connection to node 14 server 
2022-07-13 04:05:34,916 socket_client_ng.py [line:66] _connect INFO node 15's socket client starts to make outgoing connections to node 15 server 
2022-07-13 04:05:34,916 socket_client_ng.py [line:77] _connect INFO node 15's socket client fails to make connection to node 15 server 
2022-07-13 04:05:34,916 socket_client_ng.py [line:66] _connect INFO node 15's socket client starts to make outgoing connections to node 4 server 
2022-07-13 04:05:34,916 socket_client_ng.py [line:77] _connect INFO node 15's socket client fails to make connection to node 4 server 
2022-07-13 04:05:34,917 socket_client_ng.py [line:66] _connect INFO node 15's socket client starts to make outgoing connections to node 7 server 
2022-07-13 04:05:34,917 socket_client_ng.py [line:77] _connect INFO node 15's socket client fails to make connection to node 7 server 
2022-07-13 04:05:34,917 socket_client_ng.py [line:66] _connect INFO node 15's socket client starts to make outgoing connections to node 8 server 
2022-07-13 04:05:34,917 socket_client_ng.py [line:77] _connect INFO node 15's socket client fails to make connection to node 8 server 
2022-07-13 04:05:34,917 socket_client_ng.py [line:66] _connect INFO node 15's socket client starts to make outgoing connections to node 9 server 
2022-07-13 04:05:34,917 socket_client_ng.py [line:77] _connect INFO node 15's socket client fails to make connection to node 9 server 
2022-07-13 04:05:34,917 socket_client_ng.py [line:66] _connect INFO node 15's socket client starts to make outgoing connections to node 11 server 
2022-07-13 04:05:34,918 socket_client_ng.py [line:77] _connect INFO node 15's socket client fails to make connection to node 11 server 
2022-07-13 04:05:34,918 socket_client_ng.py [line:66] _connect INFO node 15's socket client starts to make outgoing connections to node 13 server 
2022-07-13 04:05:34,918 socket_client_ng.py [line:77] _connect INFO node 15's socket client fails to make connection to node 13 server 
2022-07-13 04:05:34,918 socket_client_ng.py [line:66] _connect INFO node 15's socket client starts to make outgoing connections to node 14 server 
2022-07-13 04:05:34,918 socket_client_ng.py [line:77] _connect INFO node 15's socket client fails to make connection to node 14 server 
2022-07-13 04:05:34,918 socket_client_ng.py [line:66] _connect INFO node 15's socket client starts to make outgoing connections to node 15 server 
2022-07-13 04:05:34,918 socket_client_ng.py [line:77] _connect INFO node 15's socket client fails to make connection to node 15 server 
2022-07-13 04:05:34,919 socket_client_ng.py [line:66] _connect INFO node 15's socket client starts to make outgoing connections to node 4 server 
2022-07-13 04:05:34,919 socket_client_ng.py [line:77] _connect INFO node 15's socket client fails to make connection to node 4 server 
2022-07-13 04:05:34,919 socket_client_ng.py [line:66] _connect INFO node 15's socket client starts to make outgoing connections to node 7 server 
2022-07-13 04:05:34,919 socket_client_ng.py [line:77] _connect INFO node 15's socket client fails to make connection to node 7 server 
2022-07-13 04:05:34,919 socket_client_ng.py [line:66] _connect INFO node 15's socket client starts to make outgoing connections to node 8 server 
2022-07-13 04:05:34,920 socket_client_ng.py [line:77] _connect INFO node 15's socket client fails to make connection to node 8 server 
2022-07-13 04:05:34,920 socket_client_ng.py [line:66] _connect INFO node 15's socket client starts to make outgoing connections to node 9 server 
2022-07-13 04:05:34,920 socket_client_ng.py [line:77] _connect INFO node 15's socket client fails to make connection to node 9 server 
2022-07-13 04:05:34,920 socket_client_ng.py [line:66] _connect INFO node 15's socket client starts to make outgoing connections to node 11 server 
2022-07-13 04:05:34,920 socket_client_ng.py [line:77] _connect INFO node 15's socket client fails to make connection to node 11 server 
2022-07-13 04:05:34,920 socket_client_ng.py [line:66] _connect INFO node 15's socket client starts to make outgoing connections to node 13 server 
2022-07-13 04:05:34,920 socket_client_ng.py [line:77] _connect INFO node 15's socket client fails to make connection to node 13 server 
2022-07-13 04:05:34,920 socket_client_ng.py [line:66] _connect INFO node 15's socket client starts to make outgoing connections to node 14 server 
2022-07-13 04:05:34,921 socket_client_ng.py [line:77] _connect INFO node 15's socket client fails to make connection to node 14 server 
2022-07-13 04:05:34,921 socket_client_ng.py [line:66] _connect INFO node 15's socket client starts to make outgoing connections to node 15 server 
2022-07-13 04:05:34,921 socket_client_ng.py [line:77] _connect INFO node 15's socket client fails to make connection to node 15 server 
2022-07-13 04:05:34,921 socket_client_ng.py [line:66] _connect INFO node 15's socket client starts to make outgoing connections to node 4 server 
2022-07-13 04:05:34,921 socket_client_ng.py [line:77] _connect INFO node 15's socket client fails to make connection to node 4 server 
2022-07-13 04:05:34,921 socket_client_ng.py [line:66] _connect INFO node 15's socket client starts to make outgoing connections to node 7 server 
2022-07-13 04:05:34,921 socket_client_ng.py [line:77] _connect INFO node 15's socket client fails to make connection to node 7 server 
2022-07-13 04:05:34,922 socket_client_ng.py [line:66] _connect INFO node 15's socket client starts to make outgoing connections to node 8 server 
2022-07-13 04:05:34,922 socket_client_ng.py [line:77] _connect INFO node 15's socket client fails to make connection to node 8 server 
2022-07-13 04:05:34,922 socket_client_ng.py [line:66] _connect INFO node 15's socket client starts to make outgoing connections to node 9 server 
2022-07-13 04:05:34,922 socket_client_ng.py [line:77] _connect INFO node 15's socket client fails to make connection to node 9 server 
2022-07-13 04:05:34,922 socket_client_ng.py [line:66] _connect INFO node 15's socket client starts to make outgoing connections to node 11 server 
2022-07-13 04:05:34,922 socket_client_ng.py [line:77] _connect INFO node 15's socket client fails to make connection to node 11 server 
2022-07-13 04:05:34,922 socket_client_ng.py [line:66] _connect INFO node 15's socket client starts to make outgoing connections to node 13 server 
2022-07-13 04:05:34,923 socket_client_ng.py [line:77] _connect INFO node 15's socket client fails to make connection to node 13 server 
2022-07-13 04:05:34,923 socket_client_ng.py [line:66] _connect INFO node 15's socket client starts to make outgoing connections to node 14 server 
2022-07-13 04:05:34,923 socket_client_ng.py [line:77] _connect INFO node 15's socket client fails to make connection to node 14 server 
2022-07-13 04:05:34,923 socket_client_ng.py [line:66] _connect INFO node 15's socket client starts to make outgoing connections to node 15 server 
2022-07-13 04:05:34,923 socket_client_ng.py [line:77] _connect INFO node 15's socket client fails to make connection to node 15 server 
2022-07-13 04:05:34,923 socket_client_ng.py [line:66] _connect INFO node 15's socket client starts to make outgoing connections to node 4 server 
2022-07-13 04:05:34,923 socket_client_ng.py [line:77] _connect INFO node 15's socket client fails to make connection to node 4 server 
2022-07-13 04:05:34,923 socket_client_ng.py [line:66] _connect INFO node 15's socket client starts to make outgoing connections to node 7 server 
2022-07-13 04:05:34,933 socket_client_ng.py [line:77] _connect INFO node 15's socket client fails to make connection to node 7 server 
2022-07-13 04:05:34,933 socket_client_ng.py [line:66] _connect INFO node 15's socket client starts to make outgoing connections to node 8 server 
2022-07-13 04:05:34,933 socket_client_ng.py [line:77] _connect INFO node 15's socket client fails to make connection to node 8 server 
2022-07-13 04:05:34,933 socket_client_ng.py [line:66] _connect INFO node 15's socket client starts to make outgoing connections to node 9 server 
2022-07-13 04:05:34,933 socket_client_ng.py [line:77] _connect INFO node 15's socket client fails to make connection to node 9 server 
2022-07-13 04:05:34,933 socket_client_ng.py [line:66] _connect INFO node 15's socket client starts to make outgoing connections to node 11 server 
2022-07-13 04:05:34,934 socket_client_ng.py [line:77] _connect INFO node 15's socket client fails to make connection to node 11 server 
2022-07-13 04:05:34,934 socket_client_ng.py [line:66] _connect INFO node 15's socket client starts to make outgoing connections to node 13 server 
2022-07-13 04:05:34,934 socket_client_ng.py [line:77] _connect INFO node 15's socket client fails to make connection to node 13 server 
2022-07-13 04:05:34,934 socket_client_ng.py [line:66] _connect INFO node 15's socket client starts to make outgoing connections to node 14 server 
2022-07-13 04:05:34,934 socket_client_ng.py [line:77] _connect INFO node 15's socket client fails to make connection to node 14 server 
2022-07-13 04:05:34,934 socket_client_ng.py [line:66] _connect INFO node 15's socket client starts to make outgoing connections to node 15 server 
2022-07-13 04:05:34,935 socket_client_ng.py [line:74] _connect INFO node 15's socket client made an outgoing connection to node 15 server 
2022-07-13 04:05:34,935 socket_client_ng.py [line:66] _connect INFO node 15's socket client starts to make outgoing connections to node 4 server 
2022-07-13 04:05:34,935 socket_client_ng.py [line:77] _connect INFO node 15's socket client fails to make connection to node 4 server 
2022-07-13 04:05:34,935 socket_client_ng.py [line:66] _connect INFO node 15's socket client starts to make outgoing connections to node 7 server 
2022-07-13 04:05:34,935 socket_client_ng.py [line:77] _connect INFO node 15's socket client fails to make connection to node 7 server 
2022-07-13 04:05:34,935 socket_client_ng.py [line:66] _connect INFO node 15's socket client starts to make outgoing connections to node 8 server 
2022-07-13 04:05:34,936 socket_client_ng.py [line:77] _connect INFO node 15's socket client fails to make connection to node 8 server 
2022-07-13 04:05:34,936 socket_client_ng.py [line:66] _connect INFO node 15's socket client starts to make outgoing connections to node 9 server 
2022-07-13 04:05:34,936 socket_client_ng.py [line:77] _connect INFO node 15's socket client fails to make connection to node 9 server 
2022-07-13 04:05:34,936 socket_client_ng.py [line:66] _connect INFO node 15's socket client starts to make outgoing connections to node 11 server 
2022-07-13 04:05:34,936 socket_client_ng.py [line:77] _connect INFO node 15's socket client fails to make connection to node 11 server 
2022-07-13 04:05:34,936 socket_client_ng.py [line:66] _connect INFO node 15's socket client starts to make outgoing connections to node 13 server 
2022-07-13 04:05:34,937 socket_client_ng.py [line:77] _connect INFO node 15's socket client fails to make connection to node 13 server 
2022-07-13 04:05:34,937 socket_client_ng.py [line:66] _connect INFO node 15's socket client starts to make outgoing connections to node 14 server 
2022-07-13 04:05:34,937 socket_client_ng.py [line:77] _connect INFO node 15's socket client fails to make connection to node 14 server 
2022-07-13 04:05:34,941 socket_client_ng.py [line:66] _connect INFO node 15's socket client starts to make outgoing connections to node 4 server 
2022-07-13 04:05:34,941 socket_client_ng.py [line:77] _connect INFO node 15's socket client fails to make connection to node 4 server 
2022-07-13 04:05:34,941 socket_client_ng.py [line:66] _connect INFO node 15's socket client starts to make outgoing connections to node 7 server 
2022-07-13 04:05:34,941 socket_client_ng.py [line:77] _connect INFO node 15's socket client fails to make connection to node 7 server 
2022-07-13 04:05:34,941 socket_client_ng.py [line:66] _connect INFO node 15's socket client starts to make outgoing connections to node 8 server 
2022-07-13 04:05:34,942 socket_client_ng.py [line:77] _connect INFO node 15's socket client fails to make connection to node 8 server 
2022-07-13 04:05:34,942 socket_client_ng.py [line:66] _connect INFO node 15's socket client starts to make outgoing connections to node 9 server 
2022-07-13 04:05:34,942 socket_client_ng.py [line:77] _connect INFO node 15's socket client fails to make connection to node 9 server 
2022-07-13 04:05:34,942 socket_client_ng.py [line:66] _connect INFO node 15's socket client starts to make outgoing connections to node 11 server 
2022-07-13 04:05:34,942 socket_client_ng.py [line:77] _connect INFO node 15's socket client fails to make connection to node 11 server 
2022-07-13 04:05:34,942 socket_client_ng.py [line:66] _connect INFO node 15's socket client starts to make outgoing connections to node 13 server 
2022-07-13 04:05:34,943 socket_client_ng.py [line:77] _connect INFO node 15's socket client fails to make connection to node 13 server 
2022-07-13 04:05:34,943 socket_client_ng.py [line:66] _connect INFO node 15's socket client starts to make outgoing connections to node 14 server 
2022-07-13 04:05:34,943 socket_client_ng.py [line:77] _connect INFO node 15's socket client fails to make connection to node 14 server 
2022-07-13 04:05:34,943 socket_client_ng.py [line:66] _connect INFO node 15's socket client starts to make outgoing connections to node 4 server 
2022-07-13 04:05:34,944 socket_client_ng.py [line:77] _connect INFO node 15's socket client fails to make connection to node 4 server 
2022-07-13 04:05:34,944 socket_client_ng.py [line:66] _connect INFO node 15's socket client starts to make outgoing connections to node 7 server 
2022-07-13 04:05:34,944 socket_client_ng.py [line:77] _connect INFO node 15's socket client fails to make connection to node 7 server 
2022-07-13 04:05:34,944 socket_client_ng.py [line:66] _connect INFO node 15's socket client starts to make outgoing connections to node 8 server 
2022-07-13 04:05:34,944 socket_client_ng.py [line:77] _connect INFO node 15's socket client fails to make connection to node 8 server 
2022-07-13 04:05:34,944 socket_client_ng.py [line:66] _connect INFO node 15's socket client starts to make outgoing connections to node 9 server 
2022-07-13 04:05:34,944 socket_client_ng.py [line:77] _connect INFO node 15's socket client fails to make connection to node 9 server 
2022-07-13 04:05:34,945 socket_client_ng.py [line:66] _connect INFO node 15's socket client starts to make outgoing connections to node 11 server 
2022-07-13 04:05:34,945 socket_client_ng.py [line:77] _connect INFO node 15's socket client fails to make connection to node 11 server 
2022-07-13 04:05:34,945 socket_client_ng.py [line:66] _connect INFO node 15's socket client starts to make outgoing connections to node 13 server 
2022-07-13 04:05:34,945 socket_client_ng.py [line:77] _connect INFO node 15's socket client fails to make connection to node 13 server 
2022-07-13 04:05:34,945 socket_client_ng.py [line:66] _connect INFO node 15's socket client starts to make outgoing connections to node 14 server 
2022-07-13 04:05:34,945 socket_client_ng.py [line:77] _connect INFO node 15's socket client fails to make connection to node 14 server 
2022-07-13 04:05:34,945 socket_client_ng.py [line:66] _connect INFO node 15's socket client starts to make outgoing connections to node 4 server 
2022-07-13 04:05:34,946 socket_client_ng.py [line:77] _connect INFO node 15's socket client fails to make connection to node 4 server 
2022-07-13 04:05:34,946 socket_client_ng.py [line:66] _connect INFO node 15's socket client starts to make outgoing connections to node 7 server 
2022-07-13 04:05:34,946 socket_client_ng.py [line:77] _connect INFO node 15's socket client fails to make connection to node 7 server 
2022-07-13 04:05:34,946 socket_client_ng.py [line:66] _connect INFO node 15's socket client starts to make outgoing connections to node 8 server 
2022-07-13 04:05:34,949 socket_client_ng.py [line:77] _connect INFO node 15's socket client fails to make connection to node 8 server 
2022-07-13 04:05:34,949 socket_client_ng.py [line:66] _connect INFO node 15's socket client starts to make outgoing connections to node 9 server 
2022-07-13 04:05:34,949 socket_client_ng.py [line:77] _connect INFO node 15's socket client fails to make connection to node 9 server 
2022-07-13 04:05:34,949 socket_client_ng.py [line:66] _connect INFO node 15's socket client starts to make outgoing connections to node 11 server 
2022-07-13 04:05:34,949 socket_client_ng.py [line:77] _connect INFO node 15's socket client fails to make connection to node 11 server 
2022-07-13 04:05:34,950 socket_client_ng.py [line:66] _connect INFO node 15's socket client starts to make outgoing connections to node 13 server 
2022-07-13 04:05:34,950 socket_client_ng.py [line:77] _connect INFO node 15's socket client fails to make connection to node 13 server 
2022-07-13 04:05:34,950 socket_client_ng.py [line:66] _connect INFO node 15's socket client starts to make outgoing connections to node 14 server 
2022-07-13 04:05:34,950 socket_client_ng.py [line:77] _connect INFO node 15's socket client fails to make connection to node 14 server 
2022-07-13 04:05:34,950 socket_client_ng.py [line:66] _connect INFO node 15's socket client starts to make outgoing connections to node 4 server 
2022-07-13 04:05:34,950 socket_client_ng.py [line:77] _connect INFO node 15's socket client fails to make connection to node 4 server 
2022-07-13 04:05:34,950 socket_client_ng.py [line:66] _connect INFO node 15's socket client starts to make outgoing connections to node 7 server 
2022-07-13 04:05:34,951 socket_client_ng.py [line:74] _connect INFO node 15's socket client made an outgoing connection to node 7 server 
2022-07-13 04:05:34,951 socket_client_ng.py [line:66] _connect INFO node 15's socket client starts to make outgoing connections to node 8 server 
2022-07-13 04:05:34,951 socket_client_ng.py [line:77] _connect INFO node 15's socket client fails to make connection to node 8 server 
2022-07-13 04:05:34,951 socket_client_ng.py [line:66] _connect INFO node 15's socket client starts to make outgoing connections to node 9 server 
2022-07-13 04:05:34,957 socket_client_ng.py [line:77] _connect INFO node 15's socket client fails to make connection to node 9 server 
2022-07-13 04:05:34,957 socket_client_ng.py [line:66] _connect INFO node 15's socket client starts to make outgoing connections to node 11 server 
2022-07-13 04:05:34,961 socket_client_ng.py [line:77] _connect INFO node 15's socket client fails to make connection to node 11 server 
2022-07-13 04:05:34,961 socket_client_ng.py [line:66] _connect INFO node 15's socket client starts to make outgoing connections to node 13 server 
2022-07-13 04:05:34,961 socket_client_ng.py [line:77] _connect INFO node 15's socket client fails to make connection to node 13 server 
2022-07-13 04:05:34,961 socket_client_ng.py [line:66] _connect INFO node 15's socket client starts to make outgoing connections to node 14 server 
2022-07-13 04:05:34,962 socket_client_ng.py [line:77] _connect INFO node 15's socket client fails to make connection to node 14 server 
2022-07-13 04:05:34,962 socket_client_ng.py [line:66] _connect INFO node 15's socket client starts to make outgoing connections to node 4 server 
2022-07-13 04:05:34,962 socket_client_ng.py [line:77] _connect INFO node 15's socket client fails to make connection to node 4 server 
2022-07-13 04:05:34,962 socket_client_ng.py [line:66] _connect INFO node 15's socket client starts to make outgoing connections to node 8 server 
2022-07-13 04:05:34,962 socket_client_ng.py [line:77] _connect INFO node 15's socket client fails to make connection to node 8 server 
2022-07-13 04:05:34,962 socket_client_ng.py [line:66] _connect INFO node 15's socket client starts to make outgoing connections to node 9 server 
2022-07-13 04:05:34,963 socket_client_ng.py [line:77] _connect INFO node 15's socket client fails to make connection to node 9 server 
2022-07-13 04:05:34,963 socket_client_ng.py [line:66] _connect INFO node 15's socket client starts to make outgoing connections to node 11 server 
2022-07-13 04:05:34,963 socket_client_ng.py [line:77] _connect INFO node 15's socket client fails to make connection to node 11 server 
2022-07-13 04:05:34,963 socket_client_ng.py [line:66] _connect INFO node 15's socket client starts to make outgoing connections to node 13 server 
2022-07-13 04:05:34,963 socket_client_ng.py [line:77] _connect INFO node 15's socket client fails to make connection to node 13 server 
2022-07-13 04:05:34,963 socket_client_ng.py [line:66] _connect INFO node 15's socket client starts to make outgoing connections to node 14 server 
2022-07-13 04:05:34,964 socket_client_ng.py [line:77] _connect INFO node 15's socket client fails to make connection to node 14 server 
2022-07-13 04:05:34,964 socket_client_ng.py [line:66] _connect INFO node 15's socket client starts to make outgoing connections to node 4 server 
2022-07-13 04:05:34,964 socket_client_ng.py [line:77] _connect INFO node 15's socket client fails to make connection to node 4 server 
2022-07-13 04:05:34,964 socket_client_ng.py [line:66] _connect INFO node 15's socket client starts to make outgoing connections to node 8 server 
2022-07-13 04:05:34,964 socket_client_ng.py [line:77] _connect INFO node 15's socket client fails to make connection to node 8 server 
2022-07-13 04:05:34,964 socket_client_ng.py [line:66] _connect INFO node 15's socket client starts to make outgoing connections to node 9 server 
2022-07-13 04:05:34,964 socket_client_ng.py [line:77] _connect INFO node 15's socket client fails to make connection to node 9 server 
2022-07-13 04:05:34,964 socket_client_ng.py [line:66] _connect INFO node 15's socket client starts to make outgoing connections to node 11 server 
2022-07-13 04:05:34,969 socket_client_ng.py [line:77] _connect INFO node 15's socket client fails to make connection to node 11 server 
2022-07-13 04:05:34,969 socket_client_ng.py [line:66] _connect INFO node 15's socket client starts to make outgoing connections to node 13 server 
2022-07-13 04:05:34,969 socket_client_ng.py [line:77] _connect INFO node 15's socket client fails to make connection to node 13 server 
2022-07-13 04:05:34,969 socket_client_ng.py [line:66] _connect INFO node 15's socket client starts to make outgoing connections to node 14 server 
2022-07-13 04:05:34,970 socket_client_ng.py [line:77] _connect INFO node 15's socket client fails to make connection to node 14 server 
2022-07-13 04:05:34,970 socket_client_ng.py [line:66] _connect INFO node 15's socket client starts to make outgoing connections to node 4 server 
2022-07-13 04:05:34,971 socket_client_ng.py [line:77] _connect INFO node 15's socket client fails to make connection to node 4 server 
2022-07-13 04:05:34,971 socket_client_ng.py [line:66] _connect INFO node 15's socket client starts to make outgoing connections to node 8 server 
2022-07-13 04:05:34,972 socket_client_ng.py [line:77] _connect INFO node 15's socket client fails to make connection to node 8 server 
2022-07-13 04:05:34,972 socket_client_ng.py [line:66] _connect INFO node 15's socket client starts to make outgoing connections to node 9 server 
2022-07-13 04:05:34,972 socket_client_ng.py [line:77] _connect INFO node 15's socket client fails to make connection to node 9 server 
2022-07-13 04:05:34,972 socket_client_ng.py [line:66] _connect INFO node 15's socket client starts to make outgoing connections to node 11 server 
2022-07-13 04:05:34,973 socket_client_ng.py [line:77] _connect INFO node 15's socket client fails to make connection to node 11 server 
2022-07-13 04:05:34,973 socket_client_ng.py [line:66] _connect INFO node 15's socket client starts to make outgoing connections to node 13 server 
2022-07-13 04:05:34,975 socket_client_ng.py [line:77] _connect INFO node 15's socket client fails to make connection to node 13 server 
2022-07-13 04:05:34,975 socket_client_ng.py [line:66] _connect INFO node 15's socket client starts to make outgoing connections to node 14 server 
2022-07-13 04:05:34,975 socket_client_ng.py [line:77] _connect INFO node 15's socket client fails to make connection to node 14 server 
2022-07-13 04:05:34,976 socket_client_ng.py [line:66] _connect INFO node 15's socket client starts to make outgoing connections to node 4 server 
2022-07-13 04:05:34,976 socket_client_ng.py [line:77] _connect INFO node 15's socket client fails to make connection to node 4 server 
2022-07-13 04:05:34,977 socket_client_ng.py [line:66] _connect INFO node 15's socket client starts to make outgoing connections to node 8 server 
2022-07-13 04:05:34,977 socket_client_ng.py [line:77] _connect INFO node 15's socket client fails to make connection to node 8 server 
2022-07-13 04:05:34,977 socket_client_ng.py [line:66] _connect INFO node 15's socket client starts to make outgoing connections to node 9 server 
2022-07-13 04:05:34,978 socket_client_ng.py [line:77] _connect INFO node 15's socket client fails to make connection to node 9 server 
2022-07-13 04:05:34,978 socket_client_ng.py [line:66] _connect INFO node 15's socket client starts to make outgoing connections to node 11 server 
2022-07-13 04:05:34,979 socket_client_ng.py [line:77] _connect INFO node 15's socket client fails to make connection to node 11 server 
2022-07-13 04:05:34,979 socket_client_ng.py [line:66] _connect INFO node 15's socket client starts to make outgoing connections to node 13 server 
2022-07-13 04:05:34,980 socket_client_ng.py [line:77] _connect INFO node 15's socket client fails to make connection to node 13 server 
2022-07-13 04:05:34,980 socket_client_ng.py [line:66] _connect INFO node 15's socket client starts to make outgoing connections to node 14 server 
2022-07-13 04:05:34,981 socket_client_ng.py [line:77] _connect INFO node 15's socket client fails to make connection to node 14 server 
2022-07-13 04:05:34,981 socket_client_ng.py [line:66] _connect INFO node 15's socket client starts to make outgoing connections to node 4 server 
2022-07-13 04:05:34,981 socket_client_ng.py [line:77] _connect INFO node 15's socket client fails to make connection to node 4 server 
2022-07-13 04:05:34,982 socket_client_ng.py [line:66] _connect INFO node 15's socket client starts to make outgoing connections to node 8 server 
2022-07-13 04:05:34,982 socket_client_ng.py [line:77] _connect INFO node 15's socket client fails to make connection to node 8 server 
2022-07-13 04:05:34,982 socket_client_ng.py [line:66] _connect INFO node 15's socket client starts to make outgoing connections to node 9 server 
2022-07-13 04:05:34,983 socket_client_ng.py [line:77] _connect INFO node 15's socket client fails to make connection to node 9 server 
2022-07-13 04:05:34,983 socket_client_ng.py [line:66] _connect INFO node 15's socket client starts to make outgoing connections to node 11 server 
2022-07-13 04:05:34,984 socket_client_ng.py [line:77] _connect INFO node 15's socket client fails to make connection to node 11 server 
2022-07-13 04:05:34,984 socket_client_ng.py [line:66] _connect INFO node 15's socket client starts to make outgoing connections to node 13 server 
2022-07-13 04:05:34,984 socket_client_ng.py [line:74] _connect INFO node 15's socket client made an outgoing connection to node 13 server 
2022-07-13 04:05:34,985 socket_client_ng.py [line:66] _connect INFO node 15's socket client starts to make outgoing connections to node 14 server 
2022-07-13 04:05:34,985 socket_client_ng.py [line:77] _connect INFO node 15's socket client fails to make connection to node 14 server 
2022-07-13 04:05:34,985 socket_client_ng.py [line:66] _connect INFO node 15's socket client starts to make outgoing connections to node 4 server 
2022-07-13 04:05:34,986 socket_client_ng.py [line:77] _connect INFO node 15's socket client fails to make connection to node 4 server 
2022-07-13 04:05:34,986 socket_client_ng.py [line:66] _connect INFO node 15's socket client starts to make outgoing connections to node 8 server 
2022-07-13 04:05:34,987 socket_client_ng.py [line:77] _connect INFO node 15's socket client fails to make connection to node 8 server 
2022-07-13 04:05:34,987 socket_client_ng.py [line:66] _connect INFO node 15's socket client starts to make outgoing connections to node 9 server 
2022-07-13 04:05:34,987 socket_client_ng.py [line:77] _connect INFO node 15's socket client fails to make connection to node 9 server 
2022-07-13 04:05:34,987 socket_client_ng.py [line:66] _connect INFO node 15's socket client starts to make outgoing connections to node 11 server 
2022-07-13 04:05:34,988 socket_client_ng.py [line:77] _connect INFO node 15's socket client fails to make connection to node 11 server 
2022-07-13 04:05:34,988 socket_client_ng.py [line:66] _connect INFO node 15's socket client starts to make outgoing connections to node 14 server 
2022-07-13 04:05:34,989 socket_client_ng.py [line:77] _connect INFO node 15's socket client fails to make connection to node 14 server 
2022-07-13 04:05:34,989 socket_client_ng.py [line:66] _connect INFO node 15's socket client starts to make outgoing connections to node 4 server 
2022-07-13 04:05:34,989 socket_client_ng.py [line:77] _connect INFO node 15's socket client fails to make connection to node 4 server 
2022-07-13 04:05:34,990 socket_client_ng.py [line:66] _connect INFO node 15's socket client starts to make outgoing connections to node 8 server 
2022-07-13 04:05:34,990 socket_client_ng.py [line:77] _connect INFO node 15's socket client fails to make connection to node 8 server 
2022-07-13 04:05:34,990 socket_client_ng.py [line:66] _connect INFO node 15's socket client starts to make outgoing connections to node 9 server 
2022-07-13 04:05:34,991 socket_client_ng.py [line:77] _connect INFO node 15's socket client fails to make connection to node 9 server 
2022-07-13 04:05:34,991 socket_client_ng.py [line:66] _connect INFO node 15's socket client starts to make outgoing connections to node 11 server 
2022-07-13 04:05:34,992 socket_client_ng.py [line:77] _connect INFO node 15's socket client fails to make connection to node 11 server 
2022-07-13 04:05:34,992 socket_client_ng.py [line:66] _connect INFO node 15's socket client starts to make outgoing connections to node 14 server 
2022-07-13 04:05:34,992 socket_client_ng.py [line:77] _connect INFO node 15's socket client fails to make connection to node 14 server 
2022-07-13 04:05:34,992 socket_client_ng.py [line:66] _connect INFO node 15's socket client starts to make outgoing connections to node 4 server 
2022-07-13 04:05:34,993 socket_client_ng.py [line:77] _connect INFO node 15's socket client fails to make connection to node 4 server 
2022-07-13 04:05:34,993 socket_client_ng.py [line:66] _connect INFO node 15's socket client starts to make outgoing connections to node 8 server 
2022-07-13 04:05:34,994 socket_client_ng.py [line:77] _connect INFO node 15's socket client fails to make connection to node 8 server 
2022-07-13 04:05:34,994 socket_client_ng.py [line:66] _connect INFO node 15's socket client starts to make outgoing connections to node 9 server 
2022-07-13 04:05:34,994 socket_client_ng.py [line:77] _connect INFO node 15's socket client fails to make connection to node 9 server 
2022-07-13 04:05:34,994 socket_client_ng.py [line:66] _connect INFO node 15's socket client starts to make outgoing connections to node 11 server 
2022-07-13 04:05:34,995 socket_client_ng.py [line:77] _connect INFO node 15's socket client fails to make connection to node 11 server 
2022-07-13 04:05:34,995 socket_client_ng.py [line:66] _connect INFO node 15's socket client starts to make outgoing connections to node 14 server 
2022-07-13 04:05:34,996 socket_client_ng.py [line:77] _connect INFO node 15's socket client fails to make connection to node 14 server 
2022-07-13 04:05:34,996 socket_client_ng.py [line:66] _connect INFO node 15's socket client starts to make outgoing connections to node 4 server 
2022-07-13 04:05:34,996 socket_client_ng.py [line:77] _connect INFO node 15's socket client fails to make connection to node 4 server 
2022-07-13 04:05:34,996 socket_client_ng.py [line:66] _connect INFO node 15's socket client starts to make outgoing connections to node 8 server 
2022-07-13 04:05:34,997 socket_client_ng.py [line:77] _connect INFO node 15's socket client fails to make connection to node 8 server 
2022-07-13 04:05:34,997 socket_client_ng.py [line:66] _connect INFO node 15's socket client starts to make outgoing connections to node 9 server 
2022-07-13 04:05:34,998 socket_client_ng.py [line:77] _connect INFO node 15's socket client fails to make connection to node 9 server 
2022-07-13 04:05:34,998 socket_client_ng.py [line:66] _connect INFO node 15's socket client starts to make outgoing connections to node 11 server 
2022-07-13 04:05:34,998 socket_client_ng.py [line:77] _connect INFO node 15's socket client fails to make connection to node 11 server 
2022-07-13 04:05:34,998 socket_client_ng.py [line:66] _connect INFO node 15's socket client starts to make outgoing connections to node 14 server 
2022-07-13 04:05:34,999 socket_client_ng.py [line:77] _connect INFO node 15's socket client fails to make connection to node 14 server 
2022-07-13 04:05:34,999 socket_client_ng.py [line:66] _connect INFO node 15's socket client starts to make outgoing connections to node 4 server 
2022-07-13 04:05:34,999 socket_client_ng.py [line:77] _connect INFO node 15's socket client fails to make connection to node 4 server 
2022-07-13 04:05:35,000 socket_client_ng.py [line:66] _connect INFO node 15's socket client starts to make outgoing connections to node 8 server 
2022-07-13 04:05:35,000 socket_client_ng.py [line:77] _connect INFO node 15's socket client fails to make connection to node 8 server 
2022-07-13 04:05:35,001 socket_client_ng.py [line:66] _connect INFO node 15's socket client starts to make outgoing connections to node 9 server 
2022-07-13 04:05:35,001 socket_client_ng.py [line:77] _connect INFO node 15's socket client fails to make connection to node 9 server 
2022-07-13 04:05:35,002 socket_client_ng.py [line:66] _connect INFO node 15's socket client starts to make outgoing connections to node 11 server 
2022-07-13 04:05:35,002 socket_client_ng.py [line:77] _connect INFO node 15's socket client fails to make connection to node 11 server 
2022-07-13 04:05:35,003 socket_client_ng.py [line:66] _connect INFO node 15's socket client starts to make outgoing connections to node 14 server 
2022-07-13 04:05:35,003 socket_client_ng.py [line:77] _connect INFO node 15's socket client fails to make connection to node 14 server 
2022-07-13 04:05:35,003 socket_client_ng.py [line:66] _connect INFO node 15's socket client starts to make outgoing connections to node 4 server 
2022-07-13 04:05:35,004 socket_client_ng.py [line:77] _connect INFO node 15's socket client fails to make connection to node 4 server 
2022-07-13 04:05:35,005 socket_client_ng.py [line:66] _connect INFO node 15's socket client starts to make outgoing connections to node 8 server 
2022-07-13 04:05:35,006 socket_client_ng.py [line:77] _connect INFO node 15's socket client fails to make connection to node 8 server 
2022-07-13 04:05:35,006 socket_client_ng.py [line:66] _connect INFO node 15's socket client starts to make outgoing connections to node 9 server 
2022-07-13 04:05:35,007 socket_client_ng.py [line:77] _connect INFO node 15's socket client fails to make connection to node 9 server 
2022-07-13 04:05:35,007 socket_client_ng.py [line:66] _connect INFO node 15's socket client starts to make outgoing connections to node 11 server 
2022-07-13 04:05:35,008 socket_client_ng.py [line:77] _connect INFO node 15's socket client fails to make connection to node 11 server 
2022-07-13 04:05:35,008 socket_client_ng.py [line:66] _connect INFO node 15's socket client starts to make outgoing connections to node 14 server 
2022-07-13 04:05:35,009 socket_client_ng.py [line:77] _connect INFO node 15's socket client fails to make connection to node 14 server 
2022-07-13 04:05:35,009 socket_client_ng.py [line:66] _connect INFO node 15's socket client starts to make outgoing connections to node 4 server 
2022-07-13 04:05:35,010 socket_client_ng.py [line:77] _connect INFO node 15's socket client fails to make connection to node 4 server 
2022-07-13 04:05:35,010 socket_client_ng.py [line:66] _connect INFO node 15's socket client starts to make outgoing connections to node 8 server 
2022-07-13 04:05:35,011 socket_client_ng.py [line:77] _connect INFO node 15's socket client fails to make connection to node 8 server 
2022-07-13 04:05:35,011 socket_client_ng.py [line:66] _connect INFO node 15's socket client starts to make outgoing connections to node 9 server 
2022-07-13 04:05:35,012 socket_client_ng.py [line:77] _connect INFO node 15's socket client fails to make connection to node 9 server 
2022-07-13 04:05:35,013 socket_client_ng.py [line:66] _connect INFO node 15's socket client starts to make outgoing connections to node 11 server 
2022-07-13 04:05:35,013 socket_client_ng.py [line:77] _connect INFO node 15's socket client fails to make connection to node 11 server 
2022-07-13 04:05:35,013 socket_client_ng.py [line:66] _connect INFO node 15's socket client starts to make outgoing connections to node 14 server 
2022-07-13 04:05:35,014 socket_client_ng.py [line:77] _connect INFO node 15's socket client fails to make connection to node 14 server 
2022-07-13 04:05:35,014 socket_client_ng.py [line:66] _connect INFO node 15's socket client starts to make outgoing connections to node 4 server 
2022-07-13 04:05:35,015 socket_client_ng.py [line:77] _connect INFO node 15's socket client fails to make connection to node 4 server 
2022-07-13 04:05:35,015 socket_client_ng.py [line:66] _connect INFO node 15's socket client starts to make outgoing connections to node 8 server 
2022-07-13 04:05:35,016 socket_client_ng.py [line:77] _connect INFO node 15's socket client fails to make connection to node 8 server 
2022-07-13 04:05:35,016 socket_client_ng.py [line:66] _connect INFO node 15's socket client starts to make outgoing connections to node 9 server 
2022-07-13 04:05:35,017 socket_client_ng.py [line:77] _connect INFO node 15's socket client fails to make connection to node 9 server 
2022-07-13 04:05:35,017 socket_client_ng.py [line:66] _connect INFO node 15's socket client starts to make outgoing connections to node 11 server 
2022-07-13 04:05:35,017 socket_client_ng.py [line:77] _connect INFO node 15's socket client fails to make connection to node 11 server 
2022-07-13 04:05:35,017 socket_client_ng.py [line:66] _connect INFO node 15's socket client starts to make outgoing connections to node 14 server 
2022-07-13 04:05:35,018 socket_client_ng.py [line:77] _connect INFO node 15's socket client fails to make connection to node 14 server 
2022-07-13 04:05:35,018 socket_client_ng.py [line:66] _connect INFO node 15's socket client starts to make outgoing connections to node 4 server 
2022-07-13 04:05:35,019 socket_client_ng.py [line:77] _connect INFO node 15's socket client fails to make connection to node 4 server 
2022-07-13 04:05:35,019 socket_client_ng.py [line:66] _connect INFO node 15's socket client starts to make outgoing connections to node 8 server 
2022-07-13 04:05:35,020 socket_client_ng.py [line:77] _connect INFO node 15's socket client fails to make connection to node 8 server 
2022-07-13 04:05:35,020 socket_client_ng.py [line:66] _connect INFO node 15's socket client starts to make outgoing connections to node 9 server 
2022-07-13 04:05:35,021 socket_client_ng.py [line:77] _connect INFO node 15's socket client fails to make connection to node 9 server 
2022-07-13 04:05:35,021 socket_client_ng.py [line:66] _connect INFO node 15's socket client starts to make outgoing connections to node 11 server 
2022-07-13 04:05:35,022 socket_client_ng.py [line:77] _connect INFO node 15's socket client fails to make connection to node 11 server 
2022-07-13 04:05:35,022 socket_client_ng.py [line:66] _connect INFO node 15's socket client starts to make outgoing connections to node 14 server 
2022-07-13 04:05:35,023 socket_client_ng.py [line:74] _connect INFO node 15's socket client made an outgoing connection to node 14 server 
2022-07-13 04:05:35,023 socket_client_ng.py [line:66] _connect INFO node 15's socket client starts to make outgoing connections to node 4 server 
2022-07-13 04:05:35,024 socket_client_ng.py [line:77] _connect INFO node 15's socket client fails to make connection to node 4 server 
2022-07-13 04:05:35,024 socket_client_ng.py [line:66] _connect INFO node 15's socket client starts to make outgoing connections to node 8 server 
2022-07-13 04:05:35,025 socket_client_ng.py [line:77] _connect INFO node 15's socket client fails to make connection to node 8 server 
2022-07-13 04:05:35,025 socket_client_ng.py [line:66] _connect INFO node 15's socket client starts to make outgoing connections to node 9 server 
2022-07-13 04:05:35,026 socket_client_ng.py [line:77] _connect INFO node 15's socket client fails to make connection to node 9 server 
2022-07-13 04:05:35,026 socket_client_ng.py [line:66] _connect INFO node 15's socket client starts to make outgoing connections to node 11 server 
2022-07-13 04:05:35,026 socket_client_ng.py [line:77] _connect INFO node 15's socket client fails to make connection to node 11 server 
2022-07-13 04:05:35,026 socket_client_ng.py [line:66] _connect INFO node 15's socket client starts to make outgoing connections to node 4 server 
2022-07-13 04:05:35,027 socket_client_ng.py [line:77] _connect INFO node 15's socket client fails to make connection to node 4 server 
2022-07-13 04:05:35,027 socket_client_ng.py [line:66] _connect INFO node 15's socket client starts to make outgoing connections to node 8 server 
2022-07-13 04:05:35,028 socket_client_ng.py [line:77] _connect INFO node 15's socket client fails to make connection to node 8 server 
2022-07-13 04:05:35,028 socket_client_ng.py [line:66] _connect INFO node 15's socket client starts to make outgoing connections to node 9 server 
2022-07-13 04:05:35,028 socket_client_ng.py [line:77] _connect INFO node 15's socket client fails to make connection to node 9 server 
2022-07-13 04:05:35,029 socket_client_ng.py [line:66] _connect INFO node 15's socket client starts to make outgoing connections to node 11 server 
2022-07-13 04:05:35,029 socket_client_ng.py [line:77] _connect INFO node 15's socket client fails to make connection to node 11 server 
2022-07-13 04:05:35,029 socket_client_ng.py [line:66] _connect INFO node 15's socket client starts to make outgoing connections to node 4 server 
2022-07-13 04:05:35,035 socket_client_ng.py [line:77] _connect INFO node 15's socket client fails to make connection to node 4 server 
2022-07-13 04:05:35,035 socket_client_ng.py [line:66] _connect INFO node 15's socket client starts to make outgoing connections to node 8 server 
2022-07-13 04:05:35,036 socket_client_ng.py [line:77] _connect INFO node 15's socket client fails to make connection to node 8 server 
2022-07-13 04:05:35,036 socket_client_ng.py [line:66] _connect INFO node 15's socket client starts to make outgoing connections to node 9 server 
2022-07-13 04:05:35,037 socket_client_ng.py [line:77] _connect INFO node 15's socket client fails to make connection to node 9 server 
2022-07-13 04:05:35,037 socket_client_ng.py [line:66] _connect INFO node 15's socket client starts to make outgoing connections to node 11 server 
2022-07-13 04:05:35,037 socket_client_ng.py [line:77] _connect INFO node 15's socket client fails to make connection to node 11 server 
2022-07-13 04:05:35,037 socket_client_ng.py [line:66] _connect INFO node 15's socket client starts to make outgoing connections to node 4 server 
2022-07-13 04:05:35,038 socket_client_ng.py [line:77] _connect INFO node 15's socket client fails to make connection to node 4 server 
2022-07-13 04:05:35,038 socket_client_ng.py [line:66] _connect INFO node 15's socket client starts to make outgoing connections to node 8 server 
2022-07-13 04:05:35,039 socket_client_ng.py [line:77] _connect INFO node 15's socket client fails to make connection to node 8 server 
2022-07-13 04:05:35,039 socket_client_ng.py [line:66] _connect INFO node 15's socket client starts to make outgoing connections to node 9 server 
2022-07-13 04:05:35,040 socket_client_ng.py [line:77] _connect INFO node 15's socket client fails to make connection to node 9 server 
2022-07-13 04:05:35,040 socket_client_ng.py [line:66] _connect INFO node 15's socket client starts to make outgoing connections to node 11 server 
2022-07-13 04:05:35,041 socket_client_ng.py [line:77] _connect INFO node 15's socket client fails to make connection to node 11 server 
2022-07-13 04:05:35,042 socket_client_ng.py [line:66] _connect INFO node 15's socket client starts to make outgoing connections to node 4 server 
2022-07-13 04:05:35,043 socket_client_ng.py [line:77] _connect INFO node 15's socket client fails to make connection to node 4 server 
2022-07-13 04:05:35,043 socket_client_ng.py [line:66] _connect INFO node 15's socket client starts to make outgoing connections to node 8 server 
2022-07-13 04:05:35,044 socket_client_ng.py [line:77] _connect INFO node 15's socket client fails to make connection to node 8 server 
2022-07-13 04:05:35,044 socket_client_ng.py [line:66] _connect INFO node 15's socket client starts to make outgoing connections to node 9 server 
2022-07-13 04:05:35,045 socket_client_ng.py [line:77] _connect INFO node 15's socket client fails to make connection to node 9 server 
2022-07-13 04:05:35,045 socket_client_ng.py [line:66] _connect INFO node 15's socket client starts to make outgoing connections to node 11 server 
2022-07-13 04:05:35,051 socket_client_ng.py [line:77] _connect INFO node 15's socket client fails to make connection to node 11 server 
2022-07-13 04:05:35,051 socket_client_ng.py [line:66] _connect INFO node 15's socket client starts to make outgoing connections to node 4 server 
2022-07-13 04:05:35,052 socket_client_ng.py [line:77] _connect INFO node 15's socket client fails to make connection to node 4 server 
2022-07-13 04:05:35,052 socket_client_ng.py [line:66] _connect INFO node 15's socket client starts to make outgoing connections to node 8 server 
2022-07-13 04:05:35,052 socket_client_ng.py [line:77] _connect INFO node 15's socket client fails to make connection to node 8 server 
2022-07-13 04:05:35,052 socket_client_ng.py [line:66] _connect INFO node 15's socket client starts to make outgoing connections to node 9 server 
2022-07-13 04:05:35,053 socket_client_ng.py [line:77] _connect INFO node 15's socket client fails to make connection to node 9 server 
2022-07-13 04:05:35,053 socket_client_ng.py [line:66] _connect INFO node 15's socket client starts to make outgoing connections to node 11 server 
2022-07-13 04:05:35,054 socket_client_ng.py [line:77] _connect INFO node 15's socket client fails to make connection to node 11 server 
2022-07-13 04:05:35,054 socket_client_ng.py [line:66] _connect INFO node 15's socket client starts to make outgoing connections to node 4 server 
2022-07-13 04:05:35,055 socket_client_ng.py [line:77] _connect INFO node 15's socket client fails to make connection to node 4 server 
2022-07-13 04:05:35,055 socket_client_ng.py [line:66] _connect INFO node 15's socket client starts to make outgoing connections to node 8 server 
2022-07-13 04:05:35,055 socket_client_ng.py [line:77] _connect INFO node 15's socket client fails to make connection to node 8 server 
2022-07-13 04:05:35,055 socket_client_ng.py [line:66] _connect INFO node 15's socket client starts to make outgoing connections to node 9 server 
2022-07-13 04:05:35,056 socket_client_ng.py [line:77] _connect INFO node 15's socket client fails to make connection to node 9 server 
2022-07-13 04:05:35,056 socket_client_ng.py [line:66] _connect INFO node 15's socket client starts to make outgoing connections to node 11 server 
2022-07-13 04:05:35,058 socket_client_ng.py [line:77] _connect INFO node 15's socket client fails to make connection to node 11 server 
2022-07-13 04:05:35,058 socket_client_ng.py [line:66] _connect INFO node 15's socket client starts to make outgoing connections to node 4 server 
2022-07-13 04:05:35,059 socket_client_ng.py [line:77] _connect INFO node 15's socket client fails to make connection to node 4 server 
2022-07-13 04:05:35,059 socket_client_ng.py [line:66] _connect INFO node 15's socket client starts to make outgoing connections to node 8 server 
2022-07-13 04:05:35,060 socket_client_ng.py [line:77] _connect INFO node 15's socket client fails to make connection to node 8 server 
2022-07-13 04:05:35,060 socket_client_ng.py [line:66] _connect INFO node 15's socket client starts to make outgoing connections to node 9 server 
2022-07-13 04:05:35,061 socket_client_ng.py [line:77] _connect INFO node 15's socket client fails to make connection to node 9 server 
2022-07-13 04:05:35,061 socket_client_ng.py [line:66] _connect INFO node 15's socket client starts to make outgoing connections to node 11 server 
2022-07-13 04:05:35,062 socket_client_ng.py [line:77] _connect INFO node 15's socket client fails to make connection to node 11 server 
2022-07-13 04:05:35,062 socket_client_ng.py [line:66] _connect INFO node 15's socket client starts to make outgoing connections to node 4 server 
2022-07-13 04:05:35,063 socket_client_ng.py [line:77] _connect INFO node 15's socket client fails to make connection to node 4 server 
2022-07-13 04:05:35,063 socket_client_ng.py [line:66] _connect INFO node 15's socket client starts to make outgoing connections to node 8 server 
2022-07-13 04:05:35,064 socket_client_ng.py [line:77] _connect INFO node 15's socket client fails to make connection to node 8 server 
2022-07-13 04:05:35,064 socket_client_ng.py [line:66] _connect INFO node 15's socket client starts to make outgoing connections to node 9 server 
2022-07-13 04:05:35,064 socket_client_ng.py [line:77] _connect INFO node 15's socket client fails to make connection to node 9 server 
2022-07-13 04:05:35,064 socket_client_ng.py [line:66] _connect INFO node 15's socket client starts to make outgoing connections to node 11 server 
2022-07-13 04:05:35,065 socket_client_ng.py [line:77] _connect INFO node 15's socket client fails to make connection to node 11 server 
2022-07-13 04:05:35,065 socket_client_ng.py [line:66] _connect INFO node 15's socket client starts to make outgoing connections to node 4 server 
2022-07-13 04:05:35,066 socket_client_ng.py [line:77] _connect INFO node 15's socket client fails to make connection to node 4 server 
2022-07-13 04:05:35,066 socket_client_ng.py [line:66] _connect INFO node 15's socket client starts to make outgoing connections to node 8 server 
2022-07-13 04:05:35,067 socket_client_ng.py [line:77] _connect INFO node 15's socket client fails to make connection to node 8 server 
2022-07-13 04:05:35,067 socket_client_ng.py [line:66] _connect INFO node 15's socket client starts to make outgoing connections to node 9 server 
2022-07-13 04:05:35,068 socket_client_ng.py [line:77] _connect INFO node 15's socket client fails to make connection to node 9 server 
2022-07-13 04:05:35,068 socket_client_ng.py [line:66] _connect INFO node 15's socket client starts to make outgoing connections to node 11 server 
2022-07-13 04:05:35,069 socket_client_ng.py [line:77] _connect INFO node 15's socket client fails to make connection to node 11 server 
2022-07-13 04:05:35,069 socket_client_ng.py [line:66] _connect INFO node 15's socket client starts to make outgoing connections to node 4 server 
2022-07-13 04:05:35,070 socket_client_ng.py [line:77] _connect INFO node 15's socket client fails to make connection to node 4 server 
2022-07-13 04:05:35,070 socket_client_ng.py [line:66] _connect INFO node 15's socket client starts to make outgoing connections to node 8 server 
2022-07-13 04:05:35,071 socket_client_ng.py [line:77] _connect INFO node 15's socket client fails to make connection to node 8 server 
2022-07-13 04:05:35,071 socket_client_ng.py [line:66] _connect INFO node 15's socket client starts to make outgoing connections to node 9 server 
2022-07-13 04:05:35,072 socket_client_ng.py [line:77] _connect INFO node 15's socket client fails to make connection to node 9 server 
2022-07-13 04:05:35,072 socket_client_ng.py [line:66] _connect INFO node 15's socket client starts to make outgoing connections to node 11 server 
2022-07-13 04:05:35,073 socket_client_ng.py [line:77] _connect INFO node 15's socket client fails to make connection to node 11 server 
2022-07-13 04:05:35,073 socket_client_ng.py [line:66] _connect INFO node 15's socket client starts to make outgoing connections to node 4 server 
2022-07-13 04:05:35,074 socket_client_ng.py [line:77] _connect INFO node 15's socket client fails to make connection to node 4 server 
2022-07-13 04:05:35,074 socket_client_ng.py [line:66] _connect INFO node 15's socket client starts to make outgoing connections to node 8 server 
2022-07-13 04:05:35,075 socket_client_ng.py [line:77] _connect INFO node 15's socket client fails to make connection to node 8 server 
2022-07-13 04:05:35,075 socket_client_ng.py [line:66] _connect INFO node 15's socket client starts to make outgoing connections to node 9 server 
2022-07-13 04:05:35,076 socket_client_ng.py [line:77] _connect INFO node 15's socket client fails to make connection to node 9 server 
2022-07-13 04:05:35,076 socket_client_ng.py [line:66] _connect INFO node 15's socket client starts to make outgoing connections to node 11 server 
2022-07-13 04:05:35,077 socket_client_ng.py [line:77] _connect INFO node 15's socket client fails to make connection to node 11 server 
2022-07-13 04:05:35,077 socket_client_ng.py [line:66] _connect INFO node 15's socket client starts to make outgoing connections to node 4 server 
2022-07-13 04:05:35,078 socket_client_ng.py [line:77] _connect INFO node 15's socket client fails to make connection to node 4 server 
2022-07-13 04:05:35,078 socket_client_ng.py [line:66] _connect INFO node 15's socket client starts to make outgoing connections to node 8 server 
2022-07-13 04:05:35,078 socket_client_ng.py [line:77] _connect INFO node 15's socket client fails to make connection to node 8 server 
2022-07-13 04:05:35,079 socket_client_ng.py [line:66] _connect INFO node 15's socket client starts to make outgoing connections to node 9 server 
2022-07-13 04:05:35,079 socket_client_ng.py [line:77] _connect INFO node 15's socket client fails to make connection to node 9 server 
2022-07-13 04:05:35,080 socket_client_ng.py [line:66] _connect INFO node 15's socket client starts to make outgoing connections to node 11 server 
2022-07-13 04:05:35,080 socket_client_ng.py [line:77] _connect INFO node 15's socket client fails to make connection to node 11 server 
2022-07-13 04:05:35,081 socket_client_ng.py [line:66] _connect INFO node 15's socket client starts to make outgoing connections to node 4 server 
2022-07-13 04:05:35,081 socket_client_ng.py [line:77] _connect INFO node 15's socket client fails to make connection to node 4 server 
2022-07-13 04:05:35,081 socket_client_ng.py [line:66] _connect INFO node 15's socket client starts to make outgoing connections to node 8 server 
2022-07-13 04:05:35,082 socket_client_ng.py [line:77] _connect INFO node 15's socket client fails to make connection to node 8 server 
2022-07-13 04:05:35,082 socket_client_ng.py [line:66] _connect INFO node 15's socket client starts to make outgoing connections to node 9 server 
2022-07-13 04:05:35,083 socket_client_ng.py [line:77] _connect INFO node 15's socket client fails to make connection to node 9 server 
2022-07-13 04:05:35,083 socket_client_ng.py [line:66] _connect INFO node 15's socket client starts to make outgoing connections to node 11 server 
2022-07-13 04:05:35,084 socket_client_ng.py [line:77] _connect INFO node 15's socket client fails to make connection to node 11 server 
2022-07-13 04:05:35,084 socket_client_ng.py [line:66] _connect INFO node 15's socket client starts to make outgoing connections to node 4 server 
2022-07-13 04:05:35,085 socket_client_ng.py [line:77] _connect INFO node 15's socket client fails to make connection to node 4 server 
2022-07-13 04:05:35,085 socket_client_ng.py [line:66] _connect INFO node 15's socket client starts to make outgoing connections to node 8 server 
2022-07-13 04:05:35,086 socket_client_ng.py [line:77] _connect INFO node 15's socket client fails to make connection to node 8 server 
2022-07-13 04:05:35,086 socket_client_ng.py [line:66] _connect INFO node 15's socket client starts to make outgoing connections to node 9 server 
2022-07-13 04:05:35,087 socket_client_ng.py [line:77] _connect INFO node 15's socket client fails to make connection to node 9 server 
2022-07-13 04:05:35,087 socket_client_ng.py [line:66] _connect INFO node 15's socket client starts to make outgoing connections to node 11 server 
2022-07-13 04:05:35,088 socket_client_ng.py [line:77] _connect INFO node 15's socket client fails to make connection to node 11 server 
2022-07-13 04:05:35,088 socket_client_ng.py [line:66] _connect INFO node 15's socket client starts to make outgoing connections to node 4 server 
2022-07-13 04:05:35,089 socket_client_ng.py [line:77] _connect INFO node 15's socket client fails to make connection to node 4 server 
2022-07-13 04:05:35,089 socket_client_ng.py [line:66] _connect INFO node 15's socket client starts to make outgoing connections to node 8 server 
2022-07-13 04:05:35,090 socket_client_ng.py [line:77] _connect INFO node 15's socket client fails to make connection to node 8 server 
2022-07-13 04:05:35,090 socket_client_ng.py [line:66] _connect INFO node 15's socket client starts to make outgoing connections to node 9 server 
2022-07-13 04:05:35,091 socket_client_ng.py [line:77] _connect INFO node 15's socket client fails to make connection to node 9 server 
2022-07-13 04:05:35,091 socket_client_ng.py [line:66] _connect INFO node 15's socket client starts to make outgoing connections to node 11 server 
2022-07-13 04:05:35,092 socket_client_ng.py [line:77] _connect INFO node 15's socket client fails to make connection to node 11 server 
2022-07-13 04:05:35,092 socket_client_ng.py [line:66] _connect INFO node 15's socket client starts to make outgoing connections to node 4 server 
2022-07-13 04:05:35,093 socket_client_ng.py [line:74] _connect INFO node 15's socket client made an outgoing connection to node 4 server 
2022-07-13 04:05:35,093 socket_client_ng.py [line:66] _connect INFO node 15's socket client starts to make outgoing connections to node 8 server 
2022-07-13 04:05:35,094 socket_client_ng.py [line:77] _connect INFO node 15's socket client fails to make connection to node 8 server 
2022-07-13 04:05:35,094 socket_client_ng.py [line:66] _connect INFO node 15's socket client starts to make outgoing connections to node 9 server 
2022-07-13 04:05:35,094 socket_client_ng.py [line:77] _connect INFO node 15's socket client fails to make connection to node 9 server 
2022-07-13 04:05:35,094 socket_client_ng.py [line:66] _connect INFO node 15's socket client starts to make outgoing connections to node 11 server 
2022-07-13 04:05:35,095 socket_client_ng.py [line:77] _connect INFO node 15's socket client fails to make connection to node 11 server 
2022-07-13 04:05:35,095 socket_client_ng.py [line:66] _connect INFO node 15's socket client starts to make outgoing connections to node 8 server 
2022-07-13 04:05:35,096 socket_client_ng.py [line:77] _connect INFO node 15's socket client fails to make connection to node 8 server 
2022-07-13 04:05:35,096 socket_client_ng.py [line:66] _connect INFO node 15's socket client starts to make outgoing connections to node 9 server 
2022-07-13 04:05:35,097 socket_client_ng.py [line:77] _connect INFO node 15's socket client fails to make connection to node 9 server 
2022-07-13 04:05:35,097 socket_client_ng.py [line:66] _connect INFO node 15's socket client starts to make outgoing connections to node 11 server 
2022-07-13 04:05:35,098 socket_client_ng.py [line:77] _connect INFO node 15's socket client fails to make connection to node 11 server 
2022-07-13 04:05:35,098 socket_client_ng.py [line:66] _connect INFO node 15's socket client starts to make outgoing connections to node 8 server 
2022-07-13 04:05:35,098 socket_client_ng.py [line:77] _connect INFO node 15's socket client fails to make connection to node 8 server 
2022-07-13 04:05:35,099 socket_client_ng.py [line:66] _connect INFO node 15's socket client starts to make outgoing connections to node 9 server 
2022-07-13 04:05:35,099 socket_client_ng.py [line:77] _connect INFO node 15's socket client fails to make connection to node 9 server 
2022-07-13 04:05:35,099 socket_client_ng.py [line:66] _connect INFO node 15's socket client starts to make outgoing connections to node 11 server 
2022-07-13 04:05:35,100 socket_client_ng.py [line:77] _connect INFO node 15's socket client fails to make connection to node 11 server 
2022-07-13 04:05:35,100 socket_client_ng.py [line:66] _connect INFO node 15's socket client starts to make outgoing connections to node 8 server 
2022-07-13 04:05:35,101 socket_client_ng.py [line:77] _connect INFO node 15's socket client fails to make connection to node 8 server 
2022-07-13 04:05:35,101 socket_client_ng.py [line:66] _connect INFO node 15's socket client starts to make outgoing connections to node 9 server 
2022-07-13 04:05:35,102 socket_client_ng.py [line:77] _connect INFO node 15's socket client fails to make connection to node 9 server 
2022-07-13 04:05:35,102 socket_client_ng.py [line:66] _connect INFO node 15's socket client starts to make outgoing connections to node 11 server 
2022-07-13 04:05:35,103 socket_client_ng.py [line:77] _connect INFO node 15's socket client fails to make connection to node 11 server 
2022-07-13 04:05:35,103 socket_client_ng.py [line:66] _connect INFO node 15's socket client starts to make outgoing connections to node 8 server 
2022-07-13 04:05:35,104 socket_client_ng.py [line:77] _connect INFO node 15's socket client fails to make connection to node 8 server 
2022-07-13 04:05:35,104 socket_client_ng.py [line:66] _connect INFO node 15's socket client starts to make outgoing connections to node 9 server 
2022-07-13 04:05:35,105 socket_client_ng.py [line:77] _connect INFO node 15's socket client fails to make connection to node 9 server 
2022-07-13 04:05:35,105 socket_client_ng.py [line:66] _connect INFO node 15's socket client starts to make outgoing connections to node 11 server 
2022-07-13 04:05:35,105 socket_client_ng.py [line:77] _connect INFO node 15's socket client fails to make connection to node 11 server 
2022-07-13 04:05:35,105 socket_client_ng.py [line:66] _connect INFO node 15's socket client starts to make outgoing connections to node 8 server 
2022-07-13 04:05:35,106 socket_client_ng.py [line:77] _connect INFO node 15's socket client fails to make connection to node 8 server 
2022-07-13 04:05:35,106 socket_client_ng.py [line:66] _connect INFO node 15's socket client starts to make outgoing connections to node 9 server 
2022-07-13 04:05:35,107 socket_client_ng.py [line:77] _connect INFO node 15's socket client fails to make connection to node 9 server 
2022-07-13 04:05:35,107 socket_client_ng.py [line:66] _connect INFO node 15's socket client starts to make outgoing connections to node 11 server 
2022-07-13 04:05:35,108 socket_client_ng.py [line:77] _connect INFO node 15's socket client fails to make connection to node 11 server 
2022-07-13 04:05:35,108 socket_client_ng.py [line:66] _connect INFO node 15's socket client starts to make outgoing connections to node 8 server 
2022-07-13 04:05:35,109 socket_client_ng.py [line:77] _connect INFO node 15's socket client fails to make connection to node 8 server 
2022-07-13 04:05:35,109 socket_client_ng.py [line:66] _connect INFO node 15's socket client starts to make outgoing connections to node 9 server 
2022-07-13 04:05:35,110 socket_client_ng.py [line:77] _connect INFO node 15's socket client fails to make connection to node 9 server 
2022-07-13 04:05:35,110 socket_client_ng.py [line:66] _connect INFO node 15's socket client starts to make outgoing connections to node 11 server 
2022-07-13 04:05:35,111 socket_client_ng.py [line:77] _connect INFO node 15's socket client fails to make connection to node 11 server 
2022-07-13 04:05:35,111 socket_client_ng.py [line:66] _connect INFO node 15's socket client starts to make outgoing connections to node 8 server 
2022-07-13 04:05:35,112 socket_client_ng.py [line:77] _connect INFO node 15's socket client fails to make connection to node 8 server 
2022-07-13 04:05:35,112 socket_client_ng.py [line:66] _connect INFO node 15's socket client starts to make outgoing connections to node 9 server 
2022-07-13 04:05:35,113 socket_client_ng.py [line:77] _connect INFO node 15's socket client fails to make connection to node 9 server 
2022-07-13 04:05:35,113 socket_client_ng.py [line:66] _connect INFO node 15's socket client starts to make outgoing connections to node 11 server 
2022-07-13 04:05:35,113 socket_client_ng.py [line:77] _connect INFO node 15's socket client fails to make connection to node 11 server 
2022-07-13 04:05:35,114 socket_client_ng.py [line:66] _connect INFO node 15's socket client starts to make outgoing connections to node 8 server 
2022-07-13 04:05:35,114 socket_client_ng.py [line:77] _connect INFO node 15's socket client fails to make connection to node 8 server 
2022-07-13 04:05:35,114 socket_client_ng.py [line:66] _connect INFO node 15's socket client starts to make outgoing connections to node 9 server 
2022-07-13 04:05:35,115 socket_client_ng.py [line:77] _connect INFO node 15's socket client fails to make connection to node 9 server 
2022-07-13 04:05:35,115 socket_client_ng.py [line:66] _connect INFO node 15's socket client starts to make outgoing connections to node 11 server 
2022-07-13 04:05:35,116 socket_client_ng.py [line:77] _connect INFO node 15's socket client fails to make connection to node 11 server 
2022-07-13 04:05:35,116 socket_client_ng.py [line:66] _connect INFO node 15's socket client starts to make outgoing connections to node 8 server 
2022-07-13 04:05:35,117 socket_client_ng.py [line:77] _connect INFO node 15's socket client fails to make connection to node 8 server 
2022-07-13 04:05:35,117 socket_client_ng.py [line:66] _connect INFO node 15's socket client starts to make outgoing connections to node 9 server 
2022-07-13 04:05:35,118 socket_client_ng.py [line:77] _connect INFO node 15's socket client fails to make connection to node 9 server 
2022-07-13 04:05:35,118 socket_client_ng.py [line:66] _connect INFO node 15's socket client starts to make outgoing connections to node 11 server 
2022-07-13 04:05:35,119 socket_client_ng.py [line:77] _connect INFO node 15's socket client fails to make connection to node 11 server 
2022-07-13 04:05:35,119 socket_client_ng.py [line:66] _connect INFO node 15's socket client starts to make outgoing connections to node 8 server 
2022-07-13 04:05:35,120 socket_client_ng.py [line:77] _connect INFO node 15's socket client fails to make connection to node 8 server 
2022-07-13 04:05:35,120 socket_client_ng.py [line:66] _connect INFO node 15's socket client starts to make outgoing connections to node 9 server 
2022-07-13 04:05:35,121 socket_client_ng.py [line:77] _connect INFO node 15's socket client fails to make connection to node 9 server 
2022-07-13 04:05:35,121 socket_client_ng.py [line:66] _connect INFO node 15's socket client starts to make outgoing connections to node 11 server 
2022-07-13 04:05:35,121 socket_client_ng.py [line:77] _connect INFO node 15's socket client fails to make connection to node 11 server 
2022-07-13 04:05:35,122 socket_client_ng.py [line:66] _connect INFO node 15's socket client starts to make outgoing connections to node 8 server 
2022-07-13 04:05:35,122 socket_client_ng.py [line:77] _connect INFO node 15's socket client fails to make connection to node 8 server 
2022-07-13 04:05:35,122 socket_client_ng.py [line:66] _connect INFO node 15's socket client starts to make outgoing connections to node 9 server 
2022-07-13 04:05:35,123 socket_client_ng.py [line:77] _connect INFO node 15's socket client fails to make connection to node 9 server 
2022-07-13 04:05:35,123 socket_client_ng.py [line:66] _connect INFO node 15's socket client starts to make outgoing connections to node 11 server 
2022-07-13 04:05:35,124 socket_client_ng.py [line:77] _connect INFO node 15's socket client fails to make connection to node 11 server 
2022-07-13 04:05:35,124 socket_client_ng.py [line:66] _connect INFO node 15's socket client starts to make outgoing connections to node 8 server 
2022-07-13 04:05:35,125 socket_client_ng.py [line:77] _connect INFO node 15's socket client fails to make connection to node 8 server 
2022-07-13 04:05:35,125 socket_client_ng.py [line:66] _connect INFO node 15's socket client starts to make outgoing connections to node 9 server 
2022-07-13 04:05:35,126 socket_client_ng.py [line:77] _connect INFO node 15's socket client fails to make connection to node 9 server 
2022-07-13 04:05:35,126 socket_client_ng.py [line:66] _connect INFO node 15's socket client starts to make outgoing connections to node 11 server 
2022-07-13 04:05:35,127 socket_client_ng.py [line:77] _connect INFO node 15's socket client fails to make connection to node 11 server 
2022-07-13 04:05:35,127 socket_client_ng.py [line:66] _connect INFO node 15's socket client starts to make outgoing connections to node 8 server 
2022-07-13 04:05:35,128 socket_client_ng.py [line:77] _connect INFO node 15's socket client fails to make connection to node 8 server 
2022-07-13 04:05:35,128 socket_client_ng.py [line:66] _connect INFO node 15's socket client starts to make outgoing connections to node 9 server 
2022-07-13 04:05:35,129 socket_client_ng.py [line:77] _connect INFO node 15's socket client fails to make connection to node 9 server 
2022-07-13 04:05:35,129 socket_client_ng.py [line:66] _connect INFO node 15's socket client starts to make outgoing connections to node 11 server 
2022-07-13 04:05:35,129 socket_client_ng.py [line:77] _connect INFO node 15's socket client fails to make connection to node 11 server 
2022-07-13 04:05:35,130 socket_client_ng.py [line:66] _connect INFO node 15's socket client starts to make outgoing connections to node 8 server 
2022-07-13 04:05:35,130 socket_client_ng.py [line:77] _connect INFO node 15's socket client fails to make connection to node 8 server 
2022-07-13 04:05:35,130 socket_client_ng.py [line:66] _connect INFO node 15's socket client starts to make outgoing connections to node 9 server 
2022-07-13 04:05:35,131 socket_client_ng.py [line:77] _connect INFO node 15's socket client fails to make connection to node 9 server 
2022-07-13 04:05:35,131 socket_client_ng.py [line:66] _connect INFO node 15's socket client starts to make outgoing connections to node 11 server 
2022-07-13 04:05:35,132 socket_client_ng.py [line:77] _connect INFO node 15's socket client fails to make connection to node 11 server 
2022-07-13 04:05:35,132 socket_client_ng.py [line:66] _connect INFO node 15's socket client starts to make outgoing connections to node 8 server 
2022-07-13 04:05:35,133 socket_client_ng.py [line:77] _connect INFO node 15's socket client fails to make connection to node 8 server 
2022-07-13 04:05:35,133 socket_client_ng.py [line:66] _connect INFO node 15's socket client starts to make outgoing connections to node 9 server 
2022-07-13 04:05:35,134 socket_client_ng.py [line:77] _connect INFO node 15's socket client fails to make connection to node 9 server 
2022-07-13 04:05:35,134 socket_client_ng.py [line:66] _connect INFO node 15's socket client starts to make outgoing connections to node 11 server 
2022-07-13 04:05:35,135 socket_client_ng.py [line:77] _connect INFO node 15's socket client fails to make connection to node 11 server 
2022-07-13 04:05:35,135 socket_client_ng.py [line:66] _connect INFO node 15's socket client starts to make outgoing connections to node 8 server 
2022-07-13 04:05:35,136 socket_client_ng.py [line:77] _connect INFO node 15's socket client fails to make connection to node 8 server 
2022-07-13 04:05:35,136 socket_client_ng.py [line:66] _connect INFO node 15's socket client starts to make outgoing connections to node 9 server 
2022-07-13 04:05:35,137 socket_client_ng.py [line:77] _connect INFO node 15's socket client fails to make connection to node 9 server 
2022-07-13 04:05:35,137 socket_client_ng.py [line:66] _connect INFO node 15's socket client starts to make outgoing connections to node 11 server 
2022-07-13 04:05:35,137 socket_client_ng.py [line:77] _connect INFO node 15's socket client fails to make connection to node 11 server 
2022-07-13 04:05:35,138 socket_client_ng.py [line:66] _connect INFO node 15's socket client starts to make outgoing connections to node 8 server 
2022-07-13 04:05:35,138 socket_client_ng.py [line:77] _connect INFO node 15's socket client fails to make connection to node 8 server 
2022-07-13 04:05:35,139 socket_client_ng.py [line:66] _connect INFO node 15's socket client starts to make outgoing connections to node 9 server 
2022-07-13 04:05:35,139 socket_client_ng.py [line:77] _connect INFO node 15's socket client fails to make connection to node 9 server 
2022-07-13 04:05:35,139 socket_client_ng.py [line:66] _connect INFO node 15's socket client starts to make outgoing connections to node 11 server 
2022-07-13 04:05:35,140 socket_client_ng.py [line:77] _connect INFO node 15's socket client fails to make connection to node 11 server 
2022-07-13 04:05:35,140 socket_client_ng.py [line:66] _connect INFO node 15's socket client starts to make outgoing connections to node 8 server 
2022-07-13 04:05:35,141 socket_client_ng.py [line:77] _connect INFO node 15's socket client fails to make connection to node 8 server 
2022-07-13 04:05:35,141 socket_client_ng.py [line:66] _connect INFO node 15's socket client starts to make outgoing connections to node 9 server 
2022-07-13 04:05:35,142 socket_client_ng.py [line:77] _connect INFO node 15's socket client fails to make connection to node 9 server 
2022-07-13 04:05:35,142 socket_client_ng.py [line:66] _connect INFO node 15's socket client starts to make outgoing connections to node 11 server 
2022-07-13 04:05:35,143 socket_client_ng.py [line:77] _connect INFO node 15's socket client fails to make connection to node 11 server 
2022-07-13 04:05:35,143 socket_client_ng.py [line:66] _connect INFO node 15's socket client starts to make outgoing connections to node 8 server 
2022-07-13 04:05:35,144 socket_client_ng.py [line:77] _connect INFO node 15's socket client fails to make connection to node 8 server 
2022-07-13 04:05:35,144 socket_client_ng.py [line:66] _connect INFO node 15's socket client starts to make outgoing connections to node 9 server 
2022-07-13 04:05:35,145 socket_client_ng.py [line:77] _connect INFO node 15's socket client fails to make connection to node 9 server 
2022-07-13 04:05:35,145 socket_client_ng.py [line:66] _connect INFO node 15's socket client starts to make outgoing connections to node 11 server 
2022-07-13 04:05:35,146 socket_client_ng.py [line:77] _connect INFO node 15's socket client fails to make connection to node 11 server 
2022-07-13 04:05:35,146 socket_client_ng.py [line:66] _connect INFO node 15's socket client starts to make outgoing connections to node 8 server 
2022-07-13 04:05:35,147 socket_client_ng.py [line:77] _connect INFO node 15's socket client fails to make connection to node 8 server 
2022-07-13 04:05:35,147 socket_client_ng.py [line:66] _connect INFO node 15's socket client starts to make outgoing connections to node 9 server 
2022-07-13 04:05:35,148 socket_client_ng.py [line:77] _connect INFO node 15's socket client fails to make connection to node 9 server 
2022-07-13 04:05:35,148 socket_client_ng.py [line:66] _connect INFO node 15's socket client starts to make outgoing connections to node 11 server 
2022-07-13 04:05:35,149 socket_client_ng.py [line:77] _connect INFO node 15's socket client fails to make connection to node 11 server 
2022-07-13 04:05:35,149 socket_client_ng.py [line:66] _connect INFO node 15's socket client starts to make outgoing connections to node 8 server 
2022-07-13 04:05:35,150 socket_client_ng.py [line:77] _connect INFO node 15's socket client fails to make connection to node 8 server 
2022-07-13 04:05:35,150 socket_client_ng.py [line:66] _connect INFO node 15's socket client starts to make outgoing connections to node 9 server 
2022-07-13 04:05:35,151 socket_client_ng.py [line:77] _connect INFO node 15's socket client fails to make connection to node 9 server 
2022-07-13 04:05:35,151 socket_client_ng.py [line:66] _connect INFO node 15's socket client starts to make outgoing connections to node 11 server 
2022-07-13 04:05:35,152 socket_client_ng.py [line:77] _connect INFO node 15's socket client fails to make connection to node 11 server 
2022-07-13 04:05:35,152 socket_client_ng.py [line:66] _connect INFO node 15's socket client starts to make outgoing connections to node 8 server 
2022-07-13 04:05:35,153 socket_client_ng.py [line:77] _connect INFO node 15's socket client fails to make connection to node 8 server 
2022-07-13 04:05:35,153 socket_client_ng.py [line:66] _connect INFO node 15's socket client starts to make outgoing connections to node 9 server 
2022-07-13 04:05:35,154 socket_client_ng.py [line:77] _connect INFO node 15's socket client fails to make connection to node 9 server 
2022-07-13 04:05:35,154 socket_client_ng.py [line:66] _connect INFO node 15's socket client starts to make outgoing connections to node 11 server 
2022-07-13 04:05:35,155 socket_client_ng.py [line:77] _connect INFO node 15's socket client fails to make connection to node 11 server 
2022-07-13 04:05:35,155 socket_client_ng.py [line:66] _connect INFO node 15's socket client starts to make outgoing connections to node 8 server 
2022-07-13 04:05:35,156 socket_client_ng.py [line:77] _connect INFO node 15's socket client fails to make connection to node 8 server 
2022-07-13 04:05:35,156 socket_client_ng.py [line:66] _connect INFO node 15's socket client starts to make outgoing connections to node 9 server 
2022-07-13 04:05:35,157 socket_client_ng.py [line:77] _connect INFO node 15's socket client fails to make connection to node 9 server 
2022-07-13 04:05:35,157 socket_client_ng.py [line:66] _connect INFO node 15's socket client starts to make outgoing connections to node 11 server 
2022-07-13 04:05:35,158 socket_client_ng.py [line:77] _connect INFO node 15's socket client fails to make connection to node 11 server 
2022-07-13 04:05:35,158 socket_client_ng.py [line:66] _connect INFO node 15's socket client starts to make outgoing connections to node 8 server 
2022-07-13 04:05:35,159 socket_client_ng.py [line:77] _connect INFO node 15's socket client fails to make connection to node 8 server 
2022-07-13 04:05:35,159 socket_client_ng.py [line:66] _connect INFO node 15's socket client starts to make outgoing connections to node 9 server 
2022-07-13 04:05:35,160 socket_client_ng.py [line:77] _connect INFO node 15's socket client fails to make connection to node 9 server 
2022-07-13 04:05:35,160 socket_client_ng.py [line:66] _connect INFO node 15's socket client starts to make outgoing connections to node 11 server 
2022-07-13 04:05:35,160 socket_client_ng.py [line:77] _connect INFO node 15's socket client fails to make connection to node 11 server 
2022-07-13 04:05:35,161 socket_client_ng.py [line:66] _connect INFO node 15's socket client starts to make outgoing connections to node 8 server 
2022-07-13 04:05:35,161 socket_client_ng.py [line:77] _connect INFO node 15's socket client fails to make connection to node 8 server 
2022-07-13 04:05:35,162 socket_client_ng.py [line:66] _connect INFO node 15's socket client starts to make outgoing connections to node 9 server 
2022-07-13 04:05:35,162 socket_client_ng.py [line:77] _connect INFO node 15's socket client fails to make connection to node 9 server 
2022-07-13 04:05:35,163 socket_client_ng.py [line:66] _connect INFO node 15's socket client starts to make outgoing connections to node 11 server 
2022-07-13 04:05:35,163 socket_client_ng.py [line:77] _connect INFO node 15's socket client fails to make connection to node 11 server 
2022-07-13 04:05:35,163 socket_client_ng.py [line:66] _connect INFO node 15's socket client starts to make outgoing connections to node 8 server 
2022-07-13 04:05:35,164 socket_client_ng.py [line:77] _connect INFO node 15's socket client fails to make connection to node 8 server 
2022-07-13 04:05:35,164 socket_client_ng.py [line:66] _connect INFO node 15's socket client starts to make outgoing connections to node 9 server 
2022-07-13 04:05:35,165 socket_client_ng.py [line:77] _connect INFO node 15's socket client fails to make connection to node 9 server 
2022-07-13 04:05:35,165 socket_client_ng.py [line:66] _connect INFO node 15's socket client starts to make outgoing connections to node 11 server 
2022-07-13 04:05:35,166 socket_client_ng.py [line:77] _connect INFO node 15's socket client fails to make connection to node 11 server 
2022-07-13 04:05:35,166 socket_client_ng.py [line:66] _connect INFO node 15's socket client starts to make outgoing connections to node 8 server 
2022-07-13 04:05:35,167 socket_client_ng.py [line:77] _connect INFO node 15's socket client fails to make connection to node 8 server 
2022-07-13 04:05:35,167 socket_client_ng.py [line:66] _connect INFO node 15's socket client starts to make outgoing connections to node 9 server 
2022-07-13 04:05:35,168 socket_client_ng.py [line:77] _connect INFO node 15's socket client fails to make connection to node 9 server 
2022-07-13 04:05:35,168 socket_client_ng.py [line:66] _connect INFO node 15's socket client starts to make outgoing connections to node 11 server 
2022-07-13 04:05:35,169 socket_client_ng.py [line:77] _connect INFO node 15's socket client fails to make connection to node 11 server 
2022-07-13 04:05:35,169 socket_client_ng.py [line:66] _connect INFO node 15's socket client starts to make outgoing connections to node 8 server 
2022-07-13 04:05:35,170 socket_client_ng.py [line:77] _connect INFO node 15's socket client fails to make connection to node 8 server 
2022-07-13 04:05:35,170 socket_client_ng.py [line:66] _connect INFO node 15's socket client starts to make outgoing connections to node 9 server 
2022-07-13 04:05:35,171 socket_client_ng.py [line:77] _connect INFO node 15's socket client fails to make connection to node 9 server 
2022-07-13 04:05:35,171 socket_client_ng.py [line:66] _connect INFO node 15's socket client starts to make outgoing connections to node 11 server 
2022-07-13 04:05:35,172 socket_client_ng.py [line:77] _connect INFO node 15's socket client fails to make connection to node 11 server 
2022-07-13 04:05:35,172 socket_client_ng.py [line:66] _connect INFO node 15's socket client starts to make outgoing connections to node 8 server 
2022-07-13 04:05:35,173 socket_client_ng.py [line:77] _connect INFO node 15's socket client fails to make connection to node 8 server 
2022-07-13 04:05:35,173 socket_client_ng.py [line:66] _connect INFO node 15's socket client starts to make outgoing connections to node 9 server 
2022-07-13 04:05:35,174 socket_client_ng.py [line:77] _connect INFO node 15's socket client fails to make connection to node 9 server 
2022-07-13 04:05:35,174 socket_client_ng.py [line:66] _connect INFO node 15's socket client starts to make outgoing connections to node 11 server 
2022-07-13 04:05:35,175 socket_client_ng.py [line:77] _connect INFO node 15's socket client fails to make connection to node 11 server 
2022-07-13 04:05:35,175 socket_client_ng.py [line:66] _connect INFO node 15's socket client starts to make outgoing connections to node 8 server 
2022-07-13 04:05:35,176 socket_client_ng.py [line:77] _connect INFO node 15's socket client fails to make connection to node 8 server 
2022-07-13 04:05:35,176 socket_client_ng.py [line:66] _connect INFO node 15's socket client starts to make outgoing connections to node 9 server 
2022-07-13 04:05:35,177 socket_client_ng.py [line:77] _connect INFO node 15's socket client fails to make connection to node 9 server 
2022-07-13 04:05:35,177 socket_client_ng.py [line:66] _connect INFO node 15's socket client starts to make outgoing connections to node 11 server 
2022-07-13 04:05:35,178 socket_client_ng.py [line:77] _connect INFO node 15's socket client fails to make connection to node 11 server 
2022-07-13 04:05:35,178 socket_client_ng.py [line:66] _connect INFO node 15's socket client starts to make outgoing connections to node 8 server 
2022-07-13 04:05:35,179 socket_client_ng.py [line:77] _connect INFO node 15's socket client fails to make connection to node 8 server 
2022-07-13 04:05:35,179 socket_client_ng.py [line:66] _connect INFO node 15's socket client starts to make outgoing connections to node 9 server 
2022-07-13 04:05:35,180 socket_client_ng.py [line:77] _connect INFO node 15's socket client fails to make connection to node 9 server 
2022-07-13 04:05:35,180 socket_client_ng.py [line:66] _connect INFO node 15's socket client starts to make outgoing connections to node 11 server 
2022-07-13 04:05:35,180 socket_client_ng.py [line:77] _connect INFO node 15's socket client fails to make connection to node 11 server 
2022-07-13 04:05:35,181 socket_client_ng.py [line:66] _connect INFO node 15's socket client starts to make outgoing connections to node 8 server 
2022-07-13 04:05:35,181 socket_client_ng.py [line:77] _connect INFO node 15's socket client fails to make connection to node 8 server 
2022-07-13 04:05:35,181 socket_client_ng.py [line:66] _connect INFO node 15's socket client starts to make outgoing connections to node 9 server 
2022-07-13 04:05:35,182 socket_client_ng.py [line:77] _connect INFO node 15's socket client fails to make connection to node 9 server 
2022-07-13 04:05:35,182 socket_client_ng.py [line:66] _connect INFO node 15's socket client starts to make outgoing connections to node 11 server 
2022-07-13 04:05:35,183 socket_client_ng.py [line:77] _connect INFO node 15's socket client fails to make connection to node 11 server 
2022-07-13 04:05:35,183 socket_client_ng.py [line:66] _connect INFO node 15's socket client starts to make outgoing connections to node 8 server 
2022-07-13 04:05:35,184 socket_client_ng.py [line:77] _connect INFO node 15's socket client fails to make connection to node 8 server 
2022-07-13 04:05:35,184 socket_client_ng.py [line:66] _connect INFO node 15's socket client starts to make outgoing connections to node 9 server 
2022-07-13 04:05:35,185 socket_client_ng.py [line:77] _connect INFO node 15's socket client fails to make connection to node 9 server 
2022-07-13 04:05:35,185 socket_client_ng.py [line:66] _connect INFO node 15's socket client starts to make outgoing connections to node 11 server 
2022-07-13 04:05:35,185 socket_client_ng.py [line:77] _connect INFO node 15's socket client fails to make connection to node 11 server 
2022-07-13 04:05:35,186 socket_client_ng.py [line:66] _connect INFO node 15's socket client starts to make outgoing connections to node 8 server 
2022-07-13 04:05:35,186 socket_client_ng.py [line:77] _connect INFO node 15's socket client fails to make connection to node 8 server 
2022-07-13 04:05:35,187 socket_client_ng.py [line:66] _connect INFO node 15's socket client starts to make outgoing connections to node 9 server 
2022-07-13 04:05:35,187 socket_client_ng.py [line:77] _connect INFO node 15's socket client fails to make connection to node 9 server 
2022-07-13 04:05:35,188 socket_client_ng.py [line:66] _connect INFO node 15's socket client starts to make outgoing connections to node 11 server 
2022-07-13 04:05:35,188 socket_client_ng.py [line:77] _connect INFO node 15's socket client fails to make connection to node 11 server 
2022-07-13 04:05:35,188 socket_client_ng.py [line:66] _connect INFO node 15's socket client starts to make outgoing connections to node 8 server 
2022-07-13 04:05:35,189 socket_client_ng.py [line:77] _connect INFO node 15's socket client fails to make connection to node 8 server 
2022-07-13 04:05:35,189 socket_client_ng.py [line:66] _connect INFO node 15's socket client starts to make outgoing connections to node 9 server 
2022-07-13 04:05:35,190 socket_client_ng.py [line:77] _connect INFO node 15's socket client fails to make connection to node 9 server 
2022-07-13 04:05:35,190 socket_client_ng.py [line:66] _connect INFO node 15's socket client starts to make outgoing connections to node 11 server 
2022-07-13 04:05:35,191 socket_client_ng.py [line:77] _connect INFO node 15's socket client fails to make connection to node 11 server 
2022-07-13 04:05:35,191 socket_client_ng.py [line:66] _connect INFO node 15's socket client starts to make outgoing connections to node 8 server 
2022-07-13 04:05:35,192 socket_client_ng.py [line:77] _connect INFO node 15's socket client fails to make connection to node 8 server 
2022-07-13 04:05:35,192 socket_client_ng.py [line:66] _connect INFO node 15's socket client starts to make outgoing connections to node 9 server 
2022-07-13 04:05:35,193 socket_client_ng.py [line:77] _connect INFO node 15's socket client fails to make connection to node 9 server 
2022-07-13 04:05:35,193 socket_client_ng.py [line:66] _connect INFO node 15's socket client starts to make outgoing connections to node 11 server 
2022-07-13 04:05:35,194 socket_client_ng.py [line:74] _connect INFO node 15's socket client made an outgoing connection to node 11 server 
2022-07-13 04:05:35,194 socket_client_ng.py [line:66] _connect INFO node 15's socket client starts to make outgoing connections to node 8 server 
2022-07-13 04:05:35,195 socket_client_ng.py [line:77] _connect INFO node 15's socket client fails to make connection to node 8 server 
2022-07-13 04:05:35,195 socket_client_ng.py [line:66] _connect INFO node 15's socket client starts to make outgoing connections to node 9 server 
2022-07-13 04:05:35,196 socket_client_ng.py [line:77] _connect INFO node 15's socket client fails to make connection to node 9 server 
2022-07-13 04:05:35,197 socket_client_ng.py [line:66] _connect INFO node 15's socket client starts to make outgoing connections to node 8 server 
2022-07-13 04:05:35,197 socket_client_ng.py [line:77] _connect INFO node 15's socket client fails to make connection to node 8 server 
2022-07-13 04:05:35,197 socket_client_ng.py [line:66] _connect INFO node 15's socket client starts to make outgoing connections to node 9 server 
2022-07-13 04:05:35,198 socket_client_ng.py [line:77] _connect INFO node 15's socket client fails to make connection to node 9 server 
2022-07-13 04:05:35,198 socket_client_ng.py [line:66] _connect INFO node 15's socket client starts to make outgoing connections to node 8 server 
2022-07-13 04:05:35,199 socket_client_ng.py [line:77] _connect INFO node 15's socket client fails to make connection to node 8 server 
2022-07-13 04:05:35,199 socket_client_ng.py [line:66] _connect INFO node 15's socket client starts to make outgoing connections to node 9 server 
2022-07-13 04:05:35,200 socket_client_ng.py [line:77] _connect INFO node 15's socket client fails to make connection to node 9 server 
2022-07-13 04:05:35,200 socket_client_ng.py [line:66] _connect INFO node 15's socket client starts to make outgoing connections to node 8 server 
2022-07-13 04:05:35,201 socket_client_ng.py [line:77] _connect INFO node 15's socket client fails to make connection to node 8 server 
2022-07-13 04:05:35,201 socket_client_ng.py [line:66] _connect INFO node 15's socket client starts to make outgoing connections to node 9 server 
2022-07-13 04:05:35,203 socket_client_ng.py [line:77] _connect INFO node 15's socket client fails to make connection to node 9 server 
2022-07-13 04:05:35,203 socket_client_ng.py [line:66] _connect INFO node 15's socket client starts to make outgoing connections to node 8 server 
2022-07-13 04:05:35,204 socket_client_ng.py [line:77] _connect INFO node 15's socket client fails to make connection to node 8 server 
2022-07-13 04:05:35,204 socket_client_ng.py [line:66] _connect INFO node 15's socket client starts to make outgoing connections to node 9 server 
2022-07-13 04:05:35,205 socket_client_ng.py [line:77] _connect INFO node 15's socket client fails to make connection to node 9 server 
2022-07-13 04:05:35,205 socket_client_ng.py [line:66] _connect INFO node 15's socket client starts to make outgoing connections to node 8 server 
2022-07-13 04:05:35,206 socket_client_ng.py [line:77] _connect INFO node 15's socket client fails to make connection to node 8 server 
2022-07-13 04:05:35,207 socket_client_ng.py [line:66] _connect INFO node 15's socket client starts to make outgoing connections to node 9 server 
2022-07-13 04:05:35,208 socket_client_ng.py [line:77] _connect INFO node 15's socket client fails to make connection to node 9 server 
2022-07-13 04:05:35,208 socket_client_ng.py [line:66] _connect INFO node 15's socket client starts to make outgoing connections to node 8 server 
2022-07-13 04:05:35,209 socket_client_ng.py [line:77] _connect INFO node 15's socket client fails to make connection to node 8 server 
2022-07-13 04:05:35,210 socket_client_ng.py [line:66] _connect INFO node 15's socket client starts to make outgoing connections to node 9 server 
2022-07-13 04:05:35,210 socket_client_ng.py [line:77] _connect INFO node 15's socket client fails to make connection to node 9 server 
2022-07-13 04:05:35,211 socket_client_ng.py [line:66] _connect INFO node 15's socket client starts to make outgoing connections to node 8 server 
2022-07-13 04:05:35,212 socket_client_ng.py [line:77] _connect INFO node 15's socket client fails to make connection to node 8 server 
2022-07-13 04:05:35,212 socket_client_ng.py [line:66] _connect INFO node 15's socket client starts to make outgoing connections to node 9 server 
2022-07-13 04:05:35,213 socket_client_ng.py [line:77] _connect INFO node 15's socket client fails to make connection to node 9 server 
2022-07-13 04:05:35,213 socket_client_ng.py [line:66] _connect INFO node 15's socket client starts to make outgoing connections to node 8 server 
2022-07-13 04:05:35,214 socket_client_ng.py [line:77] _connect INFO node 15's socket client fails to make connection to node 8 server 
2022-07-13 04:05:35,214 socket_client_ng.py [line:66] _connect INFO node 15's socket client starts to make outgoing connections to node 9 server 
2022-07-13 04:05:35,215 socket_client_ng.py [line:77] _connect INFO node 15's socket client fails to make connection to node 9 server 
2022-07-13 04:05:35,216 socket_client_ng.py [line:66] _connect INFO node 15's socket client starts to make outgoing connections to node 8 server 
2022-07-13 04:05:35,217 socket_client_ng.py [line:77] _connect INFO node 15's socket client fails to make connection to node 8 server 
2022-07-13 04:05:35,217 socket_client_ng.py [line:66] _connect INFO node 15's socket client starts to make outgoing connections to node 9 server 
2022-07-13 04:05:35,218 socket_client_ng.py [line:77] _connect INFO node 15's socket client fails to make connection to node 9 server 
2022-07-13 04:05:35,218 socket_client_ng.py [line:66] _connect INFO node 15's socket client starts to make outgoing connections to node 8 server 
2022-07-13 04:05:35,219 socket_client_ng.py [line:77] _connect INFO node 15's socket client fails to make connection to node 8 server 
2022-07-13 04:05:35,219 socket_client_ng.py [line:66] _connect INFO node 15's socket client starts to make outgoing connections to node 9 server 
2022-07-13 04:05:35,220 socket_client_ng.py [line:77] _connect INFO node 15's socket client fails to make connection to node 9 server 
2022-07-13 04:05:35,220 socket_client_ng.py [line:66] _connect INFO node 15's socket client starts to make outgoing connections to node 8 server 
2022-07-13 04:05:35,221 socket_client_ng.py [line:77] _connect INFO node 15's socket client fails to make connection to node 8 server 
2022-07-13 04:05:35,221 socket_client_ng.py [line:66] _connect INFO node 15's socket client starts to make outgoing connections to node 9 server 
2022-07-13 04:05:35,222 socket_client_ng.py [line:77] _connect INFO node 15's socket client fails to make connection to node 9 server 
2022-07-13 04:05:35,222 socket_client_ng.py [line:66] _connect INFO node 15's socket client starts to make outgoing connections to node 8 server 
2022-07-13 04:05:35,223 socket_client_ng.py [line:77] _connect INFO node 15's socket client fails to make connection to node 8 server 
2022-07-13 04:05:35,223 socket_client_ng.py [line:66] _connect INFO node 15's socket client starts to make outgoing connections to node 9 server 
2022-07-13 04:05:35,224 socket_client_ng.py [line:77] _connect INFO node 15's socket client fails to make connection to node 9 server 
2022-07-13 04:05:35,224 socket_client_ng.py [line:66] _connect INFO node 15's socket client starts to make outgoing connections to node 8 server 
2022-07-13 04:05:35,225 socket_client_ng.py [line:77] _connect INFO node 15's socket client fails to make connection to node 8 server 
2022-07-13 04:05:35,225 socket_client_ng.py [line:66] _connect INFO node 15's socket client starts to make outgoing connections to node 9 server 
2022-07-13 04:05:35,226 socket_client_ng.py [line:77] _connect INFO node 15's socket client fails to make connection to node 9 server 
2022-07-13 04:05:35,226 socket_client_ng.py [line:66] _connect INFO node 15's socket client starts to make outgoing connections to node 8 server 
2022-07-13 04:05:35,227 socket_client_ng.py [line:77] _connect INFO node 15's socket client fails to make connection to node 8 server 
2022-07-13 04:05:35,227 socket_client_ng.py [line:66] _connect INFO node 15's socket client starts to make outgoing connections to node 9 server 
2022-07-13 04:05:35,228 socket_client_ng.py [line:77] _connect INFO node 15's socket client fails to make connection to node 9 server 
2022-07-13 04:05:35,228 socket_client_ng.py [line:66] _connect INFO node 15's socket client starts to make outgoing connections to node 8 server 
2022-07-13 04:05:35,229 socket_client_ng.py [line:77] _connect INFO node 15's socket client fails to make connection to node 8 server 
2022-07-13 04:05:35,230 socket_client_ng.py [line:66] _connect INFO node 15's socket client starts to make outgoing connections to node 9 server 
2022-07-13 04:05:35,231 socket_client_ng.py [line:77] _connect INFO node 15's socket client fails to make connection to node 9 server 
2022-07-13 04:05:35,231 socket_client_ng.py [line:66] _connect INFO node 15's socket client starts to make outgoing connections to node 8 server 
2022-07-13 04:05:35,232 socket_client_ng.py [line:77] _connect INFO node 15's socket client fails to make connection to node 8 server 
2022-07-13 04:05:35,232 socket_client_ng.py [line:66] _connect INFO node 15's socket client starts to make outgoing connections to node 9 server 
2022-07-13 04:05:35,233 socket_client_ng.py [line:77] _connect INFO node 15's socket client fails to make connection to node 9 server 
2022-07-13 04:05:35,233 socket_client_ng.py [line:66] _connect INFO node 15's socket client starts to make outgoing connections to node 8 server 
2022-07-13 04:05:35,234 socket_client_ng.py [line:77] _connect INFO node 15's socket client fails to make connection to node 8 server 
2022-07-13 04:05:35,234 socket_client_ng.py [line:66] _connect INFO node 15's socket client starts to make outgoing connections to node 9 server 
2022-07-13 04:05:35,235 socket_client_ng.py [line:77] _connect INFO node 15's socket client fails to make connection to node 9 server 
2022-07-13 04:05:35,235 socket_client_ng.py [line:66] _connect INFO node 15's socket client starts to make outgoing connections to node 8 server 
2022-07-13 04:05:35,235 socket_client_ng.py [line:77] _connect INFO node 15's socket client fails to make connection to node 8 server 
2022-07-13 04:05:35,236 socket_client_ng.py [line:66] _connect INFO node 15's socket client starts to make outgoing connections to node 9 server 
2022-07-13 04:05:35,236 socket_client_ng.py [line:77] _connect INFO node 15's socket client fails to make connection to node 9 server 
2022-07-13 04:05:35,236 socket_client_ng.py [line:66] _connect INFO node 15's socket client starts to make outgoing connections to node 8 server 
2022-07-13 04:05:35,237 socket_client_ng.py [line:77] _connect INFO node 15's socket client fails to make connection to node 8 server 
2022-07-13 04:05:35,238 socket_client_ng.py [line:66] _connect INFO node 15's socket client starts to make outgoing connections to node 9 server 
2022-07-13 04:05:35,238 socket_client_ng.py [line:77] _connect INFO node 15's socket client fails to make connection to node 9 server 
2022-07-13 04:05:35,239 socket_client_ng.py [line:66] _connect INFO node 15's socket client starts to make outgoing connections to node 8 server 
2022-07-13 04:05:35,239 socket_client_ng.py [line:77] _connect INFO node 15's socket client fails to make connection to node 8 server 
2022-07-13 04:05:35,240 socket_client_ng.py [line:66] _connect INFO node 15's socket client starts to make outgoing connections to node 9 server 
2022-07-13 04:05:35,241 socket_client_ng.py [line:77] _connect INFO node 15's socket client fails to make connection to node 9 server 
2022-07-13 04:05:35,241 socket_client_ng.py [line:66] _connect INFO node 15's socket client starts to make outgoing connections to node 8 server 
2022-07-13 04:05:35,242 socket_client_ng.py [line:77] _connect INFO node 15's socket client fails to make connection to node 8 server 
2022-07-13 04:05:35,242 socket_client_ng.py [line:66] _connect INFO node 15's socket client starts to make outgoing connections to node 9 server 
2022-07-13 04:05:35,243 socket_client_ng.py [line:77] _connect INFO node 15's socket client fails to make connection to node 9 server 
2022-07-13 04:05:35,243 socket_client_ng.py [line:66] _connect INFO node 15's socket client starts to make outgoing connections to node 8 server 
2022-07-13 04:05:35,245 socket_client_ng.py [line:77] _connect INFO node 15's socket client fails to make connection to node 8 server 
2022-07-13 04:05:35,245 socket_client_ng.py [line:66] _connect INFO node 15's socket client starts to make outgoing connections to node 9 server 
2022-07-13 04:05:35,246 socket_client_ng.py [line:77] _connect INFO node 15's socket client fails to make connection to node 9 server 
2022-07-13 04:05:35,246 socket_client_ng.py [line:66] _connect INFO node 15's socket client starts to make outgoing connections to node 8 server 
2022-07-13 04:05:35,247 socket_client_ng.py [line:74] _connect INFO node 15's socket client made an outgoing connection to node 8 server 
2022-07-13 04:05:35,247 socket_client_ng.py [line:66] _connect INFO node 15's socket client starts to make outgoing connections to node 9 server 
2022-07-13 04:05:35,248 socket_client_ng.py [line:77] _connect INFO node 15's socket client fails to make connection to node 9 server 
2022-07-13 04:05:35,248 socket_client_ng.py [line:66] _connect INFO node 15's socket client starts to make outgoing connections to node 9 server 
2022-07-13 04:05:35,249 socket_client_ng.py [line:77] _connect INFO node 15's socket client fails to make connection to node 9 server 
2022-07-13 04:05:35,249 socket_client_ng.py [line:66] _connect INFO node 15's socket client starts to make outgoing connections to node 9 server 
2022-07-13 04:05:35,250 socket_client_ng.py [line:77] _connect INFO node 15's socket client fails to make connection to node 9 server 
2022-07-13 04:05:35,250 socket_client_ng.py [line:66] _connect INFO node 15's socket client starts to make outgoing connections to node 9 server 
2022-07-13 04:05:35,251 socket_client_ng.py [line:77] _connect INFO node 15's socket client fails to make connection to node 9 server 
2022-07-13 04:05:35,251 socket_client_ng.py [line:66] _connect INFO node 15's socket client starts to make outgoing connections to node 9 server 
2022-07-13 04:05:35,252 socket_client_ng.py [line:77] _connect INFO node 15's socket client fails to make connection to node 9 server 
2022-07-13 04:05:35,252 socket_client_ng.py [line:66] _connect INFO node 15's socket client starts to make outgoing connections to node 9 server 
2022-07-13 04:05:35,253 socket_client_ng.py [line:77] _connect INFO node 15's socket client fails to make connection to node 9 server 
2022-07-13 04:05:35,253 socket_client_ng.py [line:66] _connect INFO node 15's socket client starts to make outgoing connections to node 9 server 
2022-07-13 04:05:35,254 socket_client_ng.py [line:77] _connect INFO node 15's socket client fails to make connection to node 9 server 
2022-07-13 04:05:35,254 socket_client_ng.py [line:66] _connect INFO node 15's socket client starts to make outgoing connections to node 9 server 
2022-07-13 04:05:35,255 socket_client_ng.py [line:77] _connect INFO node 15's socket client fails to make connection to node 9 server 
2022-07-13 04:05:35,256 socket_client_ng.py [line:66] _connect INFO node 15's socket client starts to make outgoing connections to node 9 server 
2022-07-13 04:05:35,257 socket_client_ng.py [line:77] _connect INFO node 15's socket client fails to make connection to node 9 server 
2022-07-13 04:05:35,257 socket_client_ng.py [line:66] _connect INFO node 15's socket client starts to make outgoing connections to node 9 server 
2022-07-13 04:05:35,258 socket_client_ng.py [line:77] _connect INFO node 15's socket client fails to make connection to node 9 server 
2022-07-13 04:05:35,258 socket_client_ng.py [line:66] _connect INFO node 15's socket client starts to make outgoing connections to node 9 server 
2022-07-13 04:05:35,259 socket_client_ng.py [line:77] _connect INFO node 15's socket client fails to make connection to node 9 server 
2022-07-13 04:05:35,259 socket_client_ng.py [line:66] _connect INFO node 15's socket client starts to make outgoing connections to node 9 server 
2022-07-13 04:05:35,260 socket_client_ng.py [line:77] _connect INFO node 15's socket client fails to make connection to node 9 server 
2022-07-13 04:05:35,261 socket_client_ng.py [line:66] _connect INFO node 15's socket client starts to make outgoing connections to node 9 server 
2022-07-13 04:05:35,261 socket_client_ng.py [line:77] _connect INFO node 15's socket client fails to make connection to node 9 server 
2022-07-13 04:05:35,262 socket_client_ng.py [line:66] _connect INFO node 15's socket client starts to make outgoing connections to node 9 server 
2022-07-13 04:05:35,263 socket_client_ng.py [line:77] _connect INFO node 15's socket client fails to make connection to node 9 server 
2022-07-13 04:05:35,263 socket_client_ng.py [line:66] _connect INFO node 15's socket client starts to make outgoing connections to node 9 server 
2022-07-13 04:05:35,264 socket_client_ng.py [line:77] _connect INFO node 15's socket client fails to make connection to node 9 server 
2022-07-13 04:05:35,264 socket_client_ng.py [line:66] _connect INFO node 15's socket client starts to make outgoing connections to node 9 server 
2022-07-13 04:05:35,265 socket_client_ng.py [line:77] _connect INFO node 15's socket client fails to make connection to node 9 server 
2022-07-13 04:05:35,265 socket_client_ng.py [line:66] _connect INFO node 15's socket client starts to make outgoing connections to node 9 server 
2022-07-13 04:05:35,266 socket_client_ng.py [line:77] _connect INFO node 15's socket client fails to make connection to node 9 server 
2022-07-13 04:05:35,267 socket_client_ng.py [line:66] _connect INFO node 15's socket client starts to make outgoing connections to node 9 server 
2022-07-13 04:05:35,268 socket_client_ng.py [line:77] _connect INFO node 15's socket client fails to make connection to node 9 server 
2022-07-13 04:05:35,268 socket_client_ng.py [line:66] _connect INFO node 15's socket client starts to make outgoing connections to node 9 server 
2022-07-13 04:05:35,269 socket_client_ng.py [line:77] _connect INFO node 15's socket client fails to make connection to node 9 server 
2022-07-13 04:05:35,269 socket_client_ng.py [line:66] _connect INFO node 15's socket client starts to make outgoing connections to node 9 server 
2022-07-13 04:05:35,270 socket_client_ng.py [line:77] _connect INFO node 15's socket client fails to make connection to node 9 server 
2022-07-13 04:05:35,271 socket_client_ng.py [line:66] _connect INFO node 15's socket client starts to make outgoing connections to node 9 server 
2022-07-13 04:05:35,271 socket_client_ng.py [line:77] _connect INFO node 15's socket client fails to make connection to node 9 server 
2022-07-13 04:05:35,272 socket_client_ng.py [line:66] _connect INFO node 15's socket client starts to make outgoing connections to node 9 server 
2022-07-13 04:05:35,273 socket_client_ng.py [line:77] _connect INFO node 15's socket client fails to make connection to node 9 server 
2022-07-13 04:05:35,273 socket_client_ng.py [line:66] _connect INFO node 15's socket client starts to make outgoing connections to node 9 server 
2022-07-13 04:05:35,275 socket_client_ng.py [line:77] _connect INFO node 15's socket client fails to make connection to node 9 server 
2022-07-13 04:05:35,275 socket_client_ng.py [line:66] _connect INFO node 15's socket client starts to make outgoing connections to node 9 server 
2022-07-13 04:05:35,276 socket_client_ng.py [line:77] _connect INFO node 15's socket client fails to make connection to node 9 server 
2022-07-13 04:05:35,276 socket_client_ng.py [line:66] _connect INFO node 15's socket client starts to make outgoing connections to node 9 server 
2022-07-13 04:05:35,276 socket_client_ng.py [line:77] _connect INFO node 15's socket client fails to make connection to node 9 server 
2022-07-13 04:05:35,276 socket_client_ng.py [line:66] _connect INFO node 15's socket client starts to make outgoing connections to node 9 server 
2022-07-13 04:05:35,277 socket_client_ng.py [line:77] _connect INFO node 15's socket client fails to make connection to node 9 server 
2022-07-13 04:05:35,278 socket_client_ng.py [line:66] _connect INFO node 15's socket client starts to make outgoing connections to node 9 server 
2022-07-13 04:05:35,278 socket_client_ng.py [line:77] _connect INFO node 15's socket client fails to make connection to node 9 server 
2022-07-13 04:05:35,279 socket_client_ng.py [line:66] _connect INFO node 15's socket client starts to make outgoing connections to node 9 server 
2022-07-13 04:05:35,280 socket_client_ng.py [line:77] _connect INFO node 15's socket client fails to make connection to node 9 server 
2022-07-13 04:05:35,280 socket_client_ng.py [line:66] _connect INFO node 15's socket client starts to make outgoing connections to node 9 server 
2022-07-13 04:05:35,281 socket_client_ng.py [line:77] _connect INFO node 15's socket client fails to make connection to node 9 server 
2022-07-13 04:05:35,281 socket_client_ng.py [line:66] _connect INFO node 15's socket client starts to make outgoing connections to node 9 server 
2022-07-13 04:05:35,282 socket_client_ng.py [line:77] _connect INFO node 15's socket client fails to make connection to node 9 server 
2022-07-13 04:05:35,282 socket_client_ng.py [line:66] _connect INFO node 15's socket client starts to make outgoing connections to node 9 server 
2022-07-13 04:05:35,283 socket_client_ng.py [line:77] _connect INFO node 15's socket client fails to make connection to node 9 server 
2022-07-13 04:05:35,283 socket_client_ng.py [line:66] _connect INFO node 15's socket client starts to make outgoing connections to node 9 server 
2022-07-13 04:05:35,284 socket_client_ng.py [line:77] _connect INFO node 15's socket client fails to make connection to node 9 server 
2022-07-13 04:05:35,284 socket_client_ng.py [line:66] _connect INFO node 15's socket client starts to make outgoing connections to node 9 server 
2022-07-13 04:05:35,285 socket_client_ng.py [line:74] _connect INFO node 15's socket client made an outgoing connection to node 9 server 
2024-07-12 16:53:46,391 socket_client.py [line:157] run INFO node id 15 is running on pid 28733 
2024-07-12 16:53:46,391 socket_client.py [line:44] _connect_and_send_forever INFO node 15's socket client starts to make outgoing connections on process id 28733 
