2022-07-13 04:05:34,594 socket_client_ng.py [line:156] run INFO node id 5 is running on pid 5102 
2022-07-13 04:05:34,594 socket_client_ng.py [line:47] _connect_and_send_forever INFO node 5's socket client starts to make outgoing connections on process id 5102 
2022-07-13 04:05:34,595 socket_client_ng.py [line:66] _connect INFO node 5's socket client starts to make outgoing connections to node 0 server 
2022-07-13 04:05:34,601 socket_client_ng.py [line:77] _connect INFO node 5's socket client fails to make connection to node 0 server 
2022-07-13 04:05:34,601 socket_client_ng.py [line:66] _connect INFO node 5's socket client starts to make outgoing connections to node 1 server 
2022-07-13 04:05:34,602 socket_client_ng.py [line:77] _connect INFO node 5's socket client fails to make connection to node 1 server 
2022-07-13 04:05:34,602 socket_client_ng.py [line:66] _connect INFO node 5's socket client starts to make outgoing connections to node 2 server 
2022-07-13 04:05:34,602 socket_client_ng.py [line:74] _connect INFO node 5's socket client made an outgoing connection to node 2 server 
2022-07-13 04:05:34,602 socket_client_ng.py [line:66] _connect INFO node 5's socket client starts to make outgoing connections to node 3 server 
2022-07-13 04:05:34,603 socket_client_ng.py [line:77] _connect INFO node 5's socket client fails to make connection to node 3 server 
2022-07-13 04:05:34,603 socket_client_ng.py [line:66] _connect INFO node 5's socket client starts to make outgoing connections to node 4 server 
2022-07-13 04:05:34,603 socket_client_ng.py [line:77] _connect INFO node 5's socket client fails to make connection to node 4 server 
2022-07-13 04:05:34,603 socket_client_ng.py [line:66] _connect INFO node 5's socket client starts to make outgoing connections to node 5 server 
2022-07-13 04:05:34,603 socket_client_ng.py [line:74] _connect INFO node 5's socket client made an outgoing connection to node 5 server 
2022-07-13 04:05:34,603 socket_client_ng.py [line:66] _connect INFO node 5's socket client starts to make outgoing connections to node 6 server 
2022-07-13 04:05:34,604 socket_client_ng.py [line:77] _connect INFO node 5's socket client fails to make connection to node 6 server 
2022-07-13 04:05:34,604 socket_client_ng.py [line:66] _connect INFO node 5's socket client starts to make outgoing connections to node 7 server 
2022-07-13 04:05:34,604 socket_client_ng.py [line:77] _connect INFO node 5's socket client fails to make connection to node 7 server 
2022-07-13 04:05:34,604 socket_client_ng.py [line:66] _connect INFO node 5's socket client starts to make outgoing connections to node 8 server 
2022-07-13 04:05:34,604 socket_client_ng.py [line:77] _connect INFO node 5's socket client fails to make connection to node 8 server 
2022-07-13 04:05:34,604 socket_client_ng.py [line:66] _connect INFO node 5's socket client starts to make outgoing connections to node 9 server 
2022-07-13 04:05:34,604 socket_client_ng.py [line:77] _connect INFO node 5's socket client fails to make connection to node 9 server 
2022-07-13 04:05:34,604 socket_client_ng.py [line:66] _connect INFO node 5's socket client starts to make outgoing connections to node 10 server 
2022-07-13 04:05:34,605 socket_client_ng.py [line:77] _connect INFO node 5's socket client fails to make connection to node 10 server 
2022-07-13 04:05:34,605 socket_client_ng.py [line:66] _connect INFO node 5's socket client starts to make outgoing connections to node 11 server 
2022-07-13 04:05:34,605 socket_client_ng.py [line:77] _connect INFO node 5's socket client fails to make connection to node 11 server 
2022-07-13 04:05:34,606 socket_client_ng.py [line:66] _connect INFO node 5's socket client starts to make outgoing connections to node 12 server 
2022-07-13 04:05:34,606 socket_client_ng.py [line:74] _connect INFO node 5's socket client made an outgoing connection to node 12 server 
2022-07-13 04:05:34,606 socket_client_ng.py [line:66] _connect INFO node 5's socket client starts to make outgoing connections to node 13 server 
2022-07-13 04:05:34,606 socket_client_ng.py [line:77] _connect INFO node 5's socket client fails to make connection to node 13 server 
2022-07-13 04:05:34,606 socket_client_ng.py [line:66] _connect INFO node 5's socket client starts to make outgoing connections to node 14 server 
2022-07-13 04:05:34,607 socket_client_ng.py [line:77] _connect INFO node 5's socket client fails to make connection to node 14 server 
2022-07-13 04:05:34,607 socket_client_ng.py [line:66] _connect INFO node 5's socket client starts to make outgoing connections to node 15 server 
2022-07-13 04:05:34,607 socket_client_ng.py [line:77] _connect INFO node 5's socket client fails to make connection to node 15 server 
2022-07-13 04:05:34,607 socket_client_ng.py [line:66] _connect INFO node 5's socket client starts to make outgoing connections to node 0 server 
2022-07-13 04:05:34,607 socket_client_ng.py [line:77] _connect INFO node 5's socket client fails to make connection to node 0 server 
2022-07-13 04:05:34,607 socket_client_ng.py [line:66] _connect INFO node 5's socket client starts to make outgoing connections to node 1 server 
2022-07-13 04:05:34,608 socket_client_ng.py [line:77] _connect INFO node 5's socket client fails to make connection to node 1 server 
2022-07-13 04:05:34,608 socket_client_ng.py [line:66] _connect INFO node 5's socket client starts to make outgoing connections to node 3 server 
2022-07-13 04:05:34,608 socket_client_ng.py [line:77] _connect INFO node 5's socket client fails to make connection to node 3 server 
2022-07-13 04:05:34,608 socket_client_ng.py [line:66] _connect INFO node 5's socket client starts to make outgoing connections to node 4 server 
2022-07-13 04:05:34,608 socket_client_ng.py [line:77] _connect INFO node 5's socket client fails to make connection to node 4 server 
2022-07-13 04:05:34,608 socket_client_ng.py [line:66] _connect INFO node 5's socket client starts to make outgoing connections to node 6 server 
2022-07-13 04:05:34,609 socket_client_ng.py [line:77] _connect INFO node 5's socket client fails to make connection to node 6 server 
2022-07-13 04:05:34,609 socket_client_ng.py [line:66] _connect INFO node 5's socket client starts to make outgoing connections to node 7 server 
2022-07-13 04:05:34,609 socket_client_ng.py [line:77] _connect INFO node 5's socket client fails to make connection to node 7 server 
2022-07-13 04:05:34,609 socket_client_ng.py [line:66] _connect INFO node 5's socket client starts to make outgoing connections to node 8 server 
2022-07-13 04:05:34,609 socket_client_ng.py [line:77] _connect INFO node 5's socket client fails to make connection to node 8 server 
2022-07-13 04:05:34,609 socket_client_ng.py [line:66] _connect INFO node 5's socket client starts to make outgoing connections to node 9 server 
2022-07-13 04:05:34,609 socket_client_ng.py [line:77] _connect INFO node 5's socket client fails to make connection to node 9 server 
2022-07-13 04:05:34,609 socket_client_ng.py [line:66] _connect INFO node 5's socket client starts to make outgoing connections to node 10 server 
2022-07-13 04:05:34,610 socket_client_ng.py [line:77] _connect INFO node 5's socket client fails to make connection to node 10 server 
2022-07-13 04:05:34,610 socket_client_ng.py [line:66] _connect INFO node 5's socket client starts to make outgoing connections to node 11 server 
2022-07-13 04:05:34,610 socket_client_ng.py [line:77] _connect INFO node 5's socket client fails to make connection to node 11 server 
2022-07-13 04:05:34,610 socket_client_ng.py [line:66] _connect INFO node 5's socket client starts to make outgoing connections to node 13 server 
2022-07-13 04:05:34,610 socket_client_ng.py [line:77] _connect INFO node 5's socket client fails to make connection to node 13 server 
2022-07-13 04:05:34,610 socket_client_ng.py [line:66] _connect INFO node 5's socket client starts to make outgoing connections to node 14 server 
2022-07-13 04:05:34,611 socket_client_ng.py [line:77] _connect INFO node 5's socket client fails to make connection to node 14 server 
2022-07-13 04:05:34,611 socket_client_ng.py [line:66] _connect INFO node 5's socket client starts to make outgoing connections to node 15 server 
2022-07-13 04:05:34,611 socket_client_ng.py [line:77] _connect INFO node 5's socket client fails to make connection to node 15 server 
2022-07-13 04:05:34,611 socket_client_ng.py [line:66] _connect INFO node 5's socket client starts to make outgoing connections to node 0 server 
2022-07-13 04:05:34,611 socket_client_ng.py [line:77] _connect INFO node 5's socket client fails to make connection to node 0 server 
2022-07-13 04:05:34,611 socket_client_ng.py [line:66] _connect INFO node 5's socket client starts to make outgoing connections to node 1 server 
2022-07-13 04:05:34,611 socket_client_ng.py [line:77] _connect INFO node 5's socket client fails to make connection to node 1 server 
2022-07-13 04:05:34,611 socket_client_ng.py [line:66] _connect INFO node 5's socket client starts to make outgoing connections to node 3 server 
2022-07-13 04:05:34,612 socket_client_ng.py [line:77] _connect INFO node 5's socket client fails to make connection to node 3 server 
2022-07-13 04:05:34,612 socket_client_ng.py [line:66] _connect INFO node 5's socket client starts to make outgoing connections to node 4 server 
2022-07-13 04:05:34,612 socket_client_ng.py [line:77] _connect INFO node 5's socket client fails to make connection to node 4 server 
2022-07-13 04:05:34,612 socket_client_ng.py [line:66] _connect INFO node 5's socket client starts to make outgoing connections to node 6 server 
2022-07-13 04:05:34,612 socket_client_ng.py [line:77] _connect INFO node 5's socket client fails to make connection to node 6 server 
2022-07-13 04:05:34,612 socket_client_ng.py [line:66] _connect INFO node 5's socket client starts to make outgoing connections to node 7 server 
2022-07-13 04:05:34,612 socket_client_ng.py [line:77] _connect INFO node 5's socket client fails to make connection to node 7 server 
2022-07-13 04:05:34,613 socket_client_ng.py [line:66] _connect INFO node 5's socket client starts to make outgoing connections to node 8 server 
2022-07-13 04:05:34,613 socket_client_ng.py [line:77] _connect INFO node 5's socket client fails to make connection to node 8 server 
2022-07-13 04:05:34,613 socket_client_ng.py [line:66] _connect INFO node 5's socket client starts to make outgoing connections to node 9 server 
2022-07-13 04:05:34,613 socket_client_ng.py [line:77] _connect INFO node 5's socket client fails to make connection to node 9 server 
2022-07-13 04:05:34,613 socket_client_ng.py [line:66] _connect INFO node 5's socket client starts to make outgoing connections to node 10 server 
2022-07-13 04:05:34,613 socket_client_ng.py [line:77] _connect INFO node 5's socket client fails to make connection to node 10 server 
2022-07-13 04:05:34,613 socket_client_ng.py [line:66] _connect INFO node 5's socket client starts to make outgoing connections to node 11 server 
2022-07-13 04:05:34,614 socket_client_ng.py [line:77] _connect INFO node 5's socket client fails to make connection to node 11 server 
2022-07-13 04:05:34,614 socket_client_ng.py [line:66] _connect INFO node 5's socket client starts to make outgoing connections to node 13 server 
2022-07-13 04:05:34,614 socket_client_ng.py [line:77] _connect INFO node 5's socket client fails to make connection to node 13 server 
2022-07-13 04:05:34,614 socket_client_ng.py [line:66] _connect INFO node 5's socket client starts to make outgoing connections to node 14 server 
2022-07-13 04:05:34,614 socket_client_ng.py [line:77] _connect INFO node 5's socket client fails to make connection to node 14 server 
2022-07-13 04:05:34,614 socket_client_ng.py [line:66] _connect INFO node 5's socket client starts to make outgoing connections to node 15 server 
2022-07-13 04:05:34,614 socket_client_ng.py [line:77] _connect INFO node 5's socket client fails to make connection to node 15 server 
2022-07-13 04:05:34,614 socket_client_ng.py [line:66] _connect INFO node 5's socket client starts to make outgoing connections to node 0 server 
2022-07-13 04:05:34,615 socket_client_ng.py [line:77] _connect INFO node 5's socket client fails to make connection to node 0 server 
2022-07-13 04:05:34,615 socket_client_ng.py [line:66] _connect INFO node 5's socket client starts to make outgoing connections to node 1 server 
2022-07-13 04:05:34,615 socket_client_ng.py [line:77] _connect INFO node 5's socket client fails to make connection to node 1 server 
2022-07-13 04:05:34,615 socket_client_ng.py [line:66] _connect INFO node 5's socket client starts to make outgoing connections to node 3 server 
2022-07-13 04:05:34,615 socket_client_ng.py [line:77] _connect INFO node 5's socket client fails to make connection to node 3 server 
2022-07-13 04:05:34,615 socket_client_ng.py [line:66] _connect INFO node 5's socket client starts to make outgoing connections to node 4 server 
2022-07-13 04:05:34,615 socket_client_ng.py [line:77] _connect INFO node 5's socket client fails to make connection to node 4 server 
2022-07-13 04:05:34,616 socket_client_ng.py [line:66] _connect INFO node 5's socket client starts to make outgoing connections to node 6 server 
2022-07-13 04:05:34,616 socket_client_ng.py [line:77] _connect INFO node 5's socket client fails to make connection to node 6 server 
2022-07-13 04:05:34,616 socket_client_ng.py [line:66] _connect INFO node 5's socket client starts to make outgoing connections to node 7 server 
2022-07-13 04:05:34,616 socket_client_ng.py [line:77] _connect INFO node 5's socket client fails to make connection to node 7 server 
2022-07-13 04:05:34,616 socket_client_ng.py [line:66] _connect INFO node 5's socket client starts to make outgoing connections to node 8 server 
2022-07-13 04:05:34,616 socket_client_ng.py [line:77] _connect INFO node 5's socket client fails to make connection to node 8 server 
2022-07-13 04:05:34,616 socket_client_ng.py [line:66] _connect INFO node 5's socket client starts to make outgoing connections to node 9 server 
2022-07-13 04:05:34,617 socket_client_ng.py [line:77] _connect INFO node 5's socket client fails to make connection to node 9 server 
2022-07-13 04:05:34,617 socket_client_ng.py [line:66] _connect INFO node 5's socket client starts to make outgoing connections to node 10 server 
2022-07-13 04:05:34,617 socket_client_ng.py [line:77] _connect INFO node 5's socket client fails to make connection to node 10 server 
2022-07-13 04:05:34,617 socket_client_ng.py [line:66] _connect INFO node 5's socket client starts to make outgoing connections to node 11 server 
2022-07-13 04:05:34,617 socket_client_ng.py [line:77] _connect INFO node 5's socket client fails to make connection to node 11 server 
2022-07-13 04:05:34,617 socket_client_ng.py [line:66] _connect INFO node 5's socket client starts to make outgoing connections to node 13 server 
2022-07-13 04:05:34,617 socket_client_ng.py [line:77] _connect INFO node 5's socket client fails to make connection to node 13 server 
2022-07-13 04:05:34,617 socket_client_ng.py [line:66] _connect INFO node 5's socket client starts to make outgoing connections to node 14 server 
2022-07-13 04:05:34,618 socket_client_ng.py [line:77] _connect INFO node 5's socket client fails to make connection to node 14 server 
2022-07-13 04:05:34,618 socket_client_ng.py [line:66] _connect INFO node 5's socket client starts to make outgoing connections to node 15 server 
2022-07-13 04:05:34,618 socket_client_ng.py [line:77] _connect INFO node 5's socket client fails to make connection to node 15 server 
2022-07-13 04:05:34,618 socket_client_ng.py [line:66] _connect INFO node 5's socket client starts to make outgoing connections to node 0 server 
2022-07-13 04:05:34,618 socket_client_ng.py [line:77] _connect INFO node 5's socket client fails to make connection to node 0 server 
2022-07-13 04:05:34,618 socket_client_ng.py [line:66] _connect INFO node 5's socket client starts to make outgoing connections to node 1 server 
2022-07-13 04:05:34,619 socket_client_ng.py [line:77] _connect INFO node 5's socket client fails to make connection to node 1 server 
2022-07-13 04:05:34,619 socket_client_ng.py [line:66] _connect INFO node 5's socket client starts to make outgoing connections to node 3 server 
2022-07-13 04:05:34,619 socket_client_ng.py [line:77] _connect INFO node 5's socket client fails to make connection to node 3 server 
2022-07-13 04:05:34,619 socket_client_ng.py [line:66] _connect INFO node 5's socket client starts to make outgoing connections to node 4 server 
2022-07-13 04:05:34,619 socket_client_ng.py [line:77] _connect INFO node 5's socket client fails to make connection to node 4 server 
2022-07-13 04:05:34,619 socket_client_ng.py [line:66] _connect INFO node 5's socket client starts to make outgoing connections to node 6 server 
2022-07-13 04:05:34,619 socket_client_ng.py [line:77] _connect INFO node 5's socket client fails to make connection to node 6 server 
2022-07-13 04:05:34,619 socket_client_ng.py [line:66] _connect INFO node 5's socket client starts to make outgoing connections to node 7 server 
2022-07-13 04:05:34,620 socket_client_ng.py [line:77] _connect INFO node 5's socket client fails to make connection to node 7 server 
2022-07-13 04:05:34,620 socket_client_ng.py [line:66] _connect INFO node 5's socket client starts to make outgoing connections to node 8 server 
2022-07-13 04:05:34,620 socket_client_ng.py [line:77] _connect INFO node 5's socket client fails to make connection to node 8 server 
2022-07-13 04:05:34,620 socket_client_ng.py [line:66] _connect INFO node 5's socket client starts to make outgoing connections to node 9 server 
2022-07-13 04:05:34,620 socket_client_ng.py [line:77] _connect INFO node 5's socket client fails to make connection to node 9 server 
2022-07-13 04:05:34,620 socket_client_ng.py [line:66] _connect INFO node 5's socket client starts to make outgoing connections to node 10 server 
2022-07-13 04:05:34,621 socket_client_ng.py [line:77] _connect INFO node 5's socket client fails to make connection to node 10 server 
2022-07-13 04:05:34,621 socket_client_ng.py [line:66] _connect INFO node 5's socket client starts to make outgoing connections to node 11 server 
2022-07-13 04:05:34,621 socket_client_ng.py [line:77] _connect INFO node 5's socket client fails to make connection to node 11 server 
2022-07-13 04:05:34,621 socket_client_ng.py [line:66] _connect INFO node 5's socket client starts to make outgoing connections to node 13 server 
2022-07-13 04:05:34,621 socket_client_ng.py [line:77] _connect INFO node 5's socket client fails to make connection to node 13 server 
2022-07-13 04:05:34,621 socket_client_ng.py [line:66] _connect INFO node 5's socket client starts to make outgoing connections to node 14 server 
2022-07-13 04:05:34,621 socket_client_ng.py [line:77] _connect INFO node 5's socket client fails to make connection to node 14 server 
2022-07-13 04:05:34,621 socket_client_ng.py [line:66] _connect INFO node 5's socket client starts to make outgoing connections to node 15 server 
2022-07-13 04:05:34,622 socket_client_ng.py [line:77] _connect INFO node 5's socket client fails to make connection to node 15 server 
2022-07-13 04:05:34,622 socket_client_ng.py [line:66] _connect INFO node 5's socket client starts to make outgoing connections to node 0 server 
2022-07-13 04:05:34,628 socket_client_ng.py [line:77] _connect INFO node 5's socket client fails to make connection to node 0 server 
2022-07-13 04:05:34,629 socket_client_ng.py [line:66] _connect INFO node 5's socket client starts to make outgoing connections to node 1 server 
2022-07-13 04:05:34,629 socket_client_ng.py [line:77] _connect INFO node 5's socket client fails to make connection to node 1 server 
2022-07-13 04:05:34,629 socket_client_ng.py [line:66] _connect INFO node 5's socket client starts to make outgoing connections to node 3 server 
2022-07-13 04:05:34,629 socket_client_ng.py [line:77] _connect INFO node 5's socket client fails to make connection to node 3 server 
2022-07-13 04:05:34,629 socket_client_ng.py [line:66] _connect INFO node 5's socket client starts to make outgoing connections to node 4 server 
2022-07-13 04:05:34,630 socket_client_ng.py [line:77] _connect INFO node 5's socket client fails to make connection to node 4 server 
2022-07-13 04:05:34,630 socket_client_ng.py [line:66] _connect INFO node 5's socket client starts to make outgoing connections to node 6 server 
2022-07-13 04:05:34,630 socket_client_ng.py [line:77] _connect INFO node 5's socket client fails to make connection to node 6 server 
2022-07-13 04:05:34,630 socket_client_ng.py [line:66] _connect INFO node 5's socket client starts to make outgoing connections to node 7 server 
2022-07-13 04:05:34,630 socket_client_ng.py [line:77] _connect INFO node 5's socket client fails to make connection to node 7 server 
2022-07-13 04:05:34,630 socket_client_ng.py [line:66] _connect INFO node 5's socket client starts to make outgoing connections to node 8 server 
2022-07-13 04:05:34,630 socket_client_ng.py [line:77] _connect INFO node 5's socket client fails to make connection to node 8 server 
2022-07-13 04:05:34,630 socket_client_ng.py [line:66] _connect INFO node 5's socket client starts to make outgoing connections to node 9 server 
2022-07-13 04:05:34,631 socket_client_ng.py [line:77] _connect INFO node 5's socket client fails to make connection to node 9 server 
2022-07-13 04:05:34,631 socket_client_ng.py [line:66] _connect INFO node 5's socket client starts to make outgoing connections to node 10 server 
2022-07-13 04:05:34,631 socket_client_ng.py [line:77] _connect INFO node 5's socket client fails to make connection to node 10 server 
2022-07-13 04:05:34,631 socket_client_ng.py [line:66] _connect INFO node 5's socket client starts to make outgoing connections to node 11 server 
2022-07-13 04:05:34,631 socket_client_ng.py [line:77] _connect INFO node 5's socket client fails to make connection to node 11 server 
2022-07-13 04:05:34,631 socket_client_ng.py [line:66] _connect INFO node 5's socket client starts to make outgoing connections to node 13 server 
2022-07-13 04:05:34,632 socket_client_ng.py [line:77] _connect INFO node 5's socket client fails to make connection to node 13 server 
2022-07-13 04:05:34,632 socket_client_ng.py [line:66] _connect INFO node 5's socket client starts to make outgoing connections to node 14 server 
2022-07-13 04:05:34,632 socket_client_ng.py [line:77] _connect INFO node 5's socket client fails to make connection to node 14 server 
2022-07-13 04:05:34,632 socket_client_ng.py [line:66] _connect INFO node 5's socket client starts to make outgoing connections to node 15 server 
2022-07-13 04:05:34,632 socket_client_ng.py [line:77] _connect INFO node 5's socket client fails to make connection to node 15 server 
2022-07-13 04:05:34,632 socket_client_ng.py [line:66] _connect INFO node 5's socket client starts to make outgoing connections to node 0 server 
2022-07-13 04:05:34,632 socket_client_ng.py [line:77] _connect INFO node 5's socket client fails to make connection to node 0 server 
2022-07-13 04:05:34,632 socket_client_ng.py [line:66] _connect INFO node 5's socket client starts to make outgoing connections to node 1 server 
2022-07-13 04:05:34,633 socket_client_ng.py [line:77] _connect INFO node 5's socket client fails to make connection to node 1 server 
2022-07-13 04:05:34,633 socket_client_ng.py [line:66] _connect INFO node 5's socket client starts to make outgoing connections to node 3 server 
2022-07-13 04:05:34,633 socket_client_ng.py [line:77] _connect INFO node 5's socket client fails to make connection to node 3 server 
2022-07-13 04:05:34,633 socket_client_ng.py [line:66] _connect INFO node 5's socket client starts to make outgoing connections to node 4 server 
2022-07-13 04:05:34,633 socket_client_ng.py [line:77] _connect INFO node 5's socket client fails to make connection to node 4 server 
2022-07-13 04:05:34,633 socket_client_ng.py [line:66] _connect INFO node 5's socket client starts to make outgoing connections to node 6 server 
2022-07-13 04:05:34,633 socket_client_ng.py [line:77] _connect INFO node 5's socket client fails to make connection to node 6 server 
2022-07-13 04:05:34,634 socket_client_ng.py [line:66] _connect INFO node 5's socket client starts to make outgoing connections to node 7 server 
2022-07-13 04:05:34,642 socket_client_ng.py [line:77] _connect INFO node 5's socket client fails to make connection to node 7 server 
2022-07-13 04:05:34,642 socket_client_ng.py [line:66] _connect INFO node 5's socket client starts to make outgoing connections to node 8 server 
2022-07-13 04:05:34,642 socket_client_ng.py [line:77] _connect INFO node 5's socket client fails to make connection to node 8 server 
2022-07-13 04:05:34,643 socket_client_ng.py [line:66] _connect INFO node 5's socket client starts to make outgoing connections to node 9 server 
2022-07-13 04:05:34,643 socket_client_ng.py [line:77] _connect INFO node 5's socket client fails to make connection to node 9 server 
2022-07-13 04:05:34,643 socket_client_ng.py [line:66] _connect INFO node 5's socket client starts to make outgoing connections to node 10 server 
2022-07-13 04:05:34,643 socket_client_ng.py [line:77] _connect INFO node 5's socket client fails to make connection to node 10 server 
2022-07-13 04:05:34,643 socket_client_ng.py [line:66] _connect INFO node 5's socket client starts to make outgoing connections to node 11 server 
2022-07-13 04:05:34,643 socket_client_ng.py [line:77] _connect INFO node 5's socket client fails to make connection to node 11 server 
2022-07-13 04:05:34,643 socket_client_ng.py [line:66] _connect INFO node 5's socket client starts to make outgoing connections to node 13 server 
2022-07-13 04:05:34,644 socket_client_ng.py [line:77] _connect INFO node 5's socket client fails to make connection to node 13 server 
2022-07-13 04:05:34,644 socket_client_ng.py [line:66] _connect INFO node 5's socket client starts to make outgoing connections to node 14 server 
2022-07-13 04:05:34,644 socket_client_ng.py [line:77] _connect INFO node 5's socket client fails to make connection to node 14 server 
2022-07-13 04:05:34,644 socket_client_ng.py [line:66] _connect INFO node 5's socket client starts to make outgoing connections to node 15 server 
2022-07-13 04:05:34,645 socket_client_ng.py [line:77] _connect INFO node 5's socket client fails to make connection to node 15 server 
2022-07-13 04:05:34,645 socket_client_ng.py [line:66] _connect INFO node 5's socket client starts to make outgoing connections to node 0 server 
2022-07-13 04:05:34,645 socket_client_ng.py [line:77] _connect INFO node 5's socket client fails to make connection to node 0 server 
2022-07-13 04:05:34,645 socket_client_ng.py [line:66] _connect INFO node 5's socket client starts to make outgoing connections to node 1 server 
2022-07-13 04:05:34,646 socket_client_ng.py [line:74] _connect INFO node 5's socket client made an outgoing connection to node 1 server 
2022-07-13 04:05:34,646 socket_client_ng.py [line:66] _connect INFO node 5's socket client starts to make outgoing connections to node 3 server 
2022-07-13 04:05:34,646 socket_client_ng.py [line:77] _connect INFO node 5's socket client fails to make connection to node 3 server 
2022-07-13 04:05:34,646 socket_client_ng.py [line:66] _connect INFO node 5's socket client starts to make outgoing connections to node 4 server 
2022-07-13 04:05:34,646 socket_client_ng.py [line:77] _connect INFO node 5's socket client fails to make connection to node 4 server 
2022-07-13 04:05:34,646 socket_client_ng.py [line:66] _connect INFO node 5's socket client starts to make outgoing connections to node 6 server 
2022-07-13 04:05:34,647 socket_client_ng.py [line:77] _connect INFO node 5's socket client fails to make connection to node 6 server 
2022-07-13 04:05:34,647 socket_client_ng.py [line:66] _connect INFO node 5's socket client starts to make outgoing connections to node 7 server 
2022-07-13 04:05:34,647 socket_client_ng.py [line:77] _connect INFO node 5's socket client fails to make connection to node 7 server 
2022-07-13 04:05:34,647 socket_client_ng.py [line:66] _connect INFO node 5's socket client starts to make outgoing connections to node 8 server 
2022-07-13 04:05:34,647 socket_client_ng.py [line:77] _connect INFO node 5's socket client fails to make connection to node 8 server 
2022-07-13 04:05:34,647 socket_client_ng.py [line:66] _connect INFO node 5's socket client starts to make outgoing connections to node 9 server 
2022-07-13 04:05:34,648 socket_client_ng.py [line:77] _connect INFO node 5's socket client fails to make connection to node 9 server 
2022-07-13 04:05:34,648 socket_client_ng.py [line:66] _connect INFO node 5's socket client starts to make outgoing connections to node 10 server 
2022-07-13 04:05:34,648 socket_client_ng.py [line:77] _connect INFO node 5's socket client fails to make connection to node 10 server 
2022-07-13 04:05:34,649 socket_client_ng.py [line:66] _connect INFO node 5's socket client starts to make outgoing connections to node 11 server 
2022-07-13 04:05:34,649 socket_client_ng.py [line:77] _connect INFO node 5's socket client fails to make connection to node 11 server 
2022-07-13 04:05:34,649 socket_client_ng.py [line:66] _connect INFO node 5's socket client starts to make outgoing connections to node 13 server 
2022-07-13 04:05:34,650 socket_client_ng.py [line:77] _connect INFO node 5's socket client fails to make connection to node 13 server 
2022-07-13 04:05:34,650 socket_client_ng.py [line:66] _connect INFO node 5's socket client starts to make outgoing connections to node 14 server 
2022-07-13 04:05:34,650 socket_client_ng.py [line:77] _connect INFO node 5's socket client fails to make connection to node 14 server 
2022-07-13 04:05:34,650 socket_client_ng.py [line:66] _connect INFO node 5's socket client starts to make outgoing connections to node 15 server 
2022-07-13 04:05:34,650 socket_client_ng.py [line:77] _connect INFO node 5's socket client fails to make connection to node 15 server 
2022-07-13 04:05:34,651 socket_client_ng.py [line:66] _connect INFO node 5's socket client starts to make outgoing connections to node 0 server 
2022-07-13 04:05:34,651 socket_client_ng.py [line:77] _connect INFO node 5's socket client fails to make connection to node 0 server 
2022-07-13 04:05:34,651 socket_client_ng.py [line:66] _connect INFO node 5's socket client starts to make outgoing connections to node 3 server 
2022-07-13 04:05:34,651 socket_client_ng.py [line:77] _connect INFO node 5's socket client fails to make connection to node 3 server 
2022-07-13 04:05:34,651 socket_client_ng.py [line:66] _connect INFO node 5's socket client starts to make outgoing connections to node 4 server 
2022-07-13 04:05:34,652 socket_client_ng.py [line:77] _connect INFO node 5's socket client fails to make connection to node 4 server 
2022-07-13 04:05:34,652 socket_client_ng.py [line:66] _connect INFO node 5's socket client starts to make outgoing connections to node 6 server 
2022-07-13 04:05:34,652 socket_client_ng.py [line:77] _connect INFO node 5's socket client fails to make connection to node 6 server 
2022-07-13 04:05:34,652 socket_client_ng.py [line:66] _connect INFO node 5's socket client starts to make outgoing connections to node 7 server 
2022-07-13 04:05:34,653 socket_client_ng.py [line:77] _connect INFO node 5's socket client fails to make connection to node 7 server 
2022-07-13 04:05:34,653 socket_client_ng.py [line:66] _connect INFO node 5's socket client starts to make outgoing connections to node 8 server 
2022-07-13 04:05:34,653 socket_client_ng.py [line:77] _connect INFO node 5's socket client fails to make connection to node 8 server 
2022-07-13 04:05:34,653 socket_client_ng.py [line:66] _connect INFO node 5's socket client starts to make outgoing connections to node 9 server 
2022-07-13 04:05:34,654 socket_client_ng.py [line:77] _connect INFO node 5's socket client fails to make connection to node 9 server 
2022-07-13 04:05:34,654 socket_client_ng.py [line:66] _connect INFO node 5's socket client starts to make outgoing connections to node 10 server 
2022-07-13 04:05:34,654 socket_client_ng.py [line:77] _connect INFO node 5's socket client fails to make connection to node 10 server 
2022-07-13 04:05:34,654 socket_client_ng.py [line:66] _connect INFO node 5's socket client starts to make outgoing connections to node 11 server 
2022-07-13 04:05:34,654 socket_client_ng.py [line:77] _connect INFO node 5's socket client fails to make connection to node 11 server 
2022-07-13 04:05:34,654 socket_client_ng.py [line:66] _connect INFO node 5's socket client starts to make outgoing connections to node 13 server 
2022-07-13 04:05:34,655 socket_client_ng.py [line:77] _connect INFO node 5's socket client fails to make connection to node 13 server 
2022-07-13 04:05:34,655 socket_client_ng.py [line:66] _connect INFO node 5's socket client starts to make outgoing connections to node 14 server 
2022-07-13 04:05:34,656 socket_client_ng.py [line:77] _connect INFO node 5's socket client fails to make connection to node 14 server 
2022-07-13 04:05:34,656 socket_client_ng.py [line:66] _connect INFO node 5's socket client starts to make outgoing connections to node 15 server 
2022-07-13 04:05:34,656 socket_client_ng.py [line:77] _connect INFO node 5's socket client fails to make connection to node 15 server 
2022-07-13 04:05:34,656 socket_client_ng.py [line:66] _connect INFO node 5's socket client starts to make outgoing connections to node 0 server 
2022-07-13 04:05:34,657 socket_client_ng.py [line:77] _connect INFO node 5's socket client fails to make connection to node 0 server 
2022-07-13 04:05:34,657 socket_client_ng.py [line:66] _connect INFO node 5's socket client starts to make outgoing connections to node 3 server 
2022-07-13 04:05:34,658 socket_client_ng.py [line:77] _connect INFO node 5's socket client fails to make connection to node 3 server 
2022-07-13 04:05:34,658 socket_client_ng.py [line:66] _connect INFO node 5's socket client starts to make outgoing connections to node 4 server 
2022-07-13 04:05:34,658 socket_client_ng.py [line:77] _connect INFO node 5's socket client fails to make connection to node 4 server 
2022-07-13 04:05:34,659 socket_client_ng.py [line:66] _connect INFO node 5's socket client starts to make outgoing connections to node 6 server 
2022-07-13 04:05:34,659 socket_client_ng.py [line:77] _connect INFO node 5's socket client fails to make connection to node 6 server 
2022-07-13 04:05:34,659 socket_client_ng.py [line:66] _connect INFO node 5's socket client starts to make outgoing connections to node 7 server 
2022-07-13 04:05:34,660 socket_client_ng.py [line:77] _connect INFO node 5's socket client fails to make connection to node 7 server 
2022-07-13 04:05:34,660 socket_client_ng.py [line:66] _connect INFO node 5's socket client starts to make outgoing connections to node 8 server 
2022-07-13 04:05:34,660 socket_client_ng.py [line:77] _connect INFO node 5's socket client fails to make connection to node 8 server 
2022-07-13 04:05:34,660 socket_client_ng.py [line:66] _connect INFO node 5's socket client starts to make outgoing connections to node 9 server 
2022-07-13 04:05:34,661 socket_client_ng.py [line:77] _connect INFO node 5's socket client fails to make connection to node 9 server 
2022-07-13 04:05:34,662 socket_client_ng.py [line:66] _connect INFO node 5's socket client starts to make outgoing connections to node 10 server 
2022-07-13 04:05:34,663 socket_client_ng.py [line:77] _connect INFO node 5's socket client fails to make connection to node 10 server 
2022-07-13 04:05:34,663 socket_client_ng.py [line:66] _connect INFO node 5's socket client starts to make outgoing connections to node 11 server 
2022-07-13 04:05:34,664 socket_client_ng.py [line:77] _connect INFO node 5's socket client fails to make connection to node 11 server 
2022-07-13 04:05:34,664 socket_client_ng.py [line:66] _connect INFO node 5's socket client starts to make outgoing connections to node 13 server 
2022-07-13 04:05:34,665 socket_client_ng.py [line:77] _connect INFO node 5's socket client fails to make connection to node 13 server 
2022-07-13 04:05:34,665 socket_client_ng.py [line:66] _connect INFO node 5's socket client starts to make outgoing connections to node 14 server 
2022-07-13 04:05:34,666 socket_client_ng.py [line:77] _connect INFO node 5's socket client fails to make connection to node 14 server 
2022-07-13 04:05:34,666 socket_client_ng.py [line:66] _connect INFO node 5's socket client starts to make outgoing connections to node 15 server 
2022-07-13 04:05:34,667 socket_client_ng.py [line:77] _connect INFO node 5's socket client fails to make connection to node 15 server 
2022-07-13 04:05:34,667 socket_client_ng.py [line:66] _connect INFO node 5's socket client starts to make outgoing connections to node 0 server 
2022-07-13 04:05:34,668 socket_client_ng.py [line:77] _connect INFO node 5's socket client fails to make connection to node 0 server 
2022-07-13 04:05:34,668 socket_client_ng.py [line:66] _connect INFO node 5's socket client starts to make outgoing connections to node 3 server 
2022-07-13 04:05:34,669 socket_client_ng.py [line:77] _connect INFO node 5's socket client fails to make connection to node 3 server 
2022-07-13 04:05:34,669 socket_client_ng.py [line:66] _connect INFO node 5's socket client starts to make outgoing connections to node 4 server 
2022-07-13 04:05:34,670 socket_client_ng.py [line:77] _connect INFO node 5's socket client fails to make connection to node 4 server 
2022-07-13 04:05:34,670 socket_client_ng.py [line:66] _connect INFO node 5's socket client starts to make outgoing connections to node 6 server 
2022-07-13 04:05:34,671 socket_client_ng.py [line:77] _connect INFO node 5's socket client fails to make connection to node 6 server 
2022-07-13 04:05:34,671 socket_client_ng.py [line:66] _connect INFO node 5's socket client starts to make outgoing connections to node 7 server 
2022-07-13 04:05:34,672 socket_client_ng.py [line:77] _connect INFO node 5's socket client fails to make connection to node 7 server 
2022-07-13 04:05:34,672 socket_client_ng.py [line:66] _connect INFO node 5's socket client starts to make outgoing connections to node 8 server 
2022-07-13 04:05:34,672 socket_client_ng.py [line:77] _connect INFO node 5's socket client fails to make connection to node 8 server 
2022-07-13 04:05:34,672 socket_client_ng.py [line:66] _connect INFO node 5's socket client starts to make outgoing connections to node 9 server 
2022-07-13 04:05:34,673 socket_client_ng.py [line:77] _connect INFO node 5's socket client fails to make connection to node 9 server 
2022-07-13 04:05:34,673 socket_client_ng.py [line:66] _connect INFO node 5's socket client starts to make outgoing connections to node 10 server 
2022-07-13 04:05:34,675 socket_client_ng.py [line:77] _connect INFO node 5's socket client fails to make connection to node 10 server 
2022-07-13 04:05:34,675 socket_client_ng.py [line:66] _connect INFO node 5's socket client starts to make outgoing connections to node 11 server 
2022-07-13 04:05:34,676 socket_client_ng.py [line:77] _connect INFO node 5's socket client fails to make connection to node 11 server 
2022-07-13 04:05:34,676 socket_client_ng.py [line:66] _connect INFO node 5's socket client starts to make outgoing connections to node 13 server 
2022-07-13 04:05:34,676 socket_client_ng.py [line:77] _connect INFO node 5's socket client fails to make connection to node 13 server 
2022-07-13 04:05:34,677 socket_client_ng.py [line:66] _connect INFO node 5's socket client starts to make outgoing connections to node 14 server 
2022-07-13 04:05:34,677 socket_client_ng.py [line:77] _connect INFO node 5's socket client fails to make connection to node 14 server 
2022-07-13 04:05:34,677 socket_client_ng.py [line:66] _connect INFO node 5's socket client starts to make outgoing connections to node 15 server 
2022-07-13 04:05:34,678 socket_client_ng.py [line:77] _connect INFO node 5's socket client fails to make connection to node 15 server 
2022-07-13 04:05:34,678 socket_client_ng.py [line:66] _connect INFO node 5's socket client starts to make outgoing connections to node 0 server 
2022-07-13 04:05:34,679 socket_client_ng.py [line:77] _connect INFO node 5's socket client fails to make connection to node 0 server 
2022-07-13 04:05:34,679 socket_client_ng.py [line:66] _connect INFO node 5's socket client starts to make outgoing connections to node 3 server 
2022-07-13 04:05:34,680 socket_client_ng.py [line:77] _connect INFO node 5's socket client fails to make connection to node 3 server 
2022-07-13 04:05:34,680 socket_client_ng.py [line:66] _connect INFO node 5's socket client starts to make outgoing connections to node 4 server 
2022-07-13 04:05:34,681 socket_client_ng.py [line:77] _connect INFO node 5's socket client fails to make connection to node 4 server 
2022-07-13 04:05:34,681 socket_client_ng.py [line:66] _connect INFO node 5's socket client starts to make outgoing connections to node 6 server 
2022-07-13 04:05:34,682 socket_client_ng.py [line:77] _connect INFO node 5's socket client fails to make connection to node 6 server 
2022-07-13 04:05:34,682 socket_client_ng.py [line:66] _connect INFO node 5's socket client starts to make outgoing connections to node 7 server 
2022-07-13 04:05:34,683 socket_client_ng.py [line:77] _connect INFO node 5's socket client fails to make connection to node 7 server 
2022-07-13 04:05:34,683 socket_client_ng.py [line:66] _connect INFO node 5's socket client starts to make outgoing connections to node 8 server 
2022-07-13 04:05:34,684 socket_client_ng.py [line:77] _connect INFO node 5's socket client fails to make connection to node 8 server 
2022-07-13 04:05:34,684 socket_client_ng.py [line:66] _connect INFO node 5's socket client starts to make outgoing connections to node 9 server 
2022-07-13 04:05:34,685 socket_client_ng.py [line:77] _connect INFO node 5's socket client fails to make connection to node 9 server 
2022-07-13 04:05:34,685 socket_client_ng.py [line:66] _connect INFO node 5's socket client starts to make outgoing connections to node 10 server 
2022-07-13 04:05:34,685 socket_client_ng.py [line:77] _connect INFO node 5's socket client fails to make connection to node 10 server 
2022-07-13 04:05:34,686 socket_client_ng.py [line:66] _connect INFO node 5's socket client starts to make outgoing connections to node 11 server 
2022-07-13 04:05:34,686 socket_client_ng.py [line:77] _connect INFO node 5's socket client fails to make connection to node 11 server 
2022-07-13 04:05:34,686 socket_client_ng.py [line:66] _connect INFO node 5's socket client starts to make outgoing connections to node 13 server 
2022-07-13 04:05:34,687 socket_client_ng.py [line:77] _connect INFO node 5's socket client fails to make connection to node 13 server 
2022-07-13 04:05:34,687 socket_client_ng.py [line:66] _connect INFO node 5's socket client starts to make outgoing connections to node 14 server 
2022-07-13 04:05:34,688 socket_client_ng.py [line:77] _connect INFO node 5's socket client fails to make connection to node 14 server 
2022-07-13 04:05:34,688 socket_client_ng.py [line:66] _connect INFO node 5's socket client starts to make outgoing connections to node 15 server 
2022-07-13 04:05:34,689 socket_client_ng.py [line:77] _connect INFO node 5's socket client fails to make connection to node 15 server 
2022-07-13 04:05:34,689 socket_client_ng.py [line:66] _connect INFO node 5's socket client starts to make outgoing connections to node 0 server 
2022-07-13 04:05:34,690 socket_client_ng.py [line:77] _connect INFO node 5's socket client fails to make connection to node 0 server 
2022-07-13 04:05:34,690 socket_client_ng.py [line:66] _connect INFO node 5's socket client starts to make outgoing connections to node 3 server 
2022-07-13 04:05:34,691 socket_client_ng.py [line:77] _connect INFO node 5's socket client fails to make connection to node 3 server 
2022-07-13 04:05:34,691 socket_client_ng.py [line:66] _connect INFO node 5's socket client starts to make outgoing connections to node 4 server 
2022-07-13 04:05:34,692 socket_client_ng.py [line:77] _connect INFO node 5's socket client fails to make connection to node 4 server 
2022-07-13 04:05:34,693 socket_client_ng.py [line:66] _connect INFO node 5's socket client starts to make outgoing connections to node 6 server 
2022-07-13 04:05:34,693 socket_client_ng.py [line:77] _connect INFO node 5's socket client fails to make connection to node 6 server 
2022-07-13 04:05:34,693 socket_client_ng.py [line:66] _connect INFO node 5's socket client starts to make outgoing connections to node 7 server 
2022-07-13 04:05:34,694 socket_client_ng.py [line:77] _connect INFO node 5's socket client fails to make connection to node 7 server 
2022-07-13 04:05:34,694 socket_client_ng.py [line:66] _connect INFO node 5's socket client starts to make outgoing connections to node 8 server 
2022-07-13 04:05:34,695 socket_client_ng.py [line:77] _connect INFO node 5's socket client fails to make connection to node 8 server 
2022-07-13 04:05:34,695 socket_client_ng.py [line:66] _connect INFO node 5's socket client starts to make outgoing connections to node 9 server 
2022-07-13 04:05:34,696 socket_client_ng.py [line:77] _connect INFO node 5's socket client fails to make connection to node 9 server 
2022-07-13 04:05:34,696 socket_client_ng.py [line:66] _connect INFO node 5's socket client starts to make outgoing connections to node 10 server 
2022-07-13 04:05:34,697 socket_client_ng.py [line:77] _connect INFO node 5's socket client fails to make connection to node 10 server 
2022-07-13 04:05:34,697 socket_client_ng.py [line:66] _connect INFO node 5's socket client starts to make outgoing connections to node 11 server 
2022-07-13 04:05:34,698 socket_client_ng.py [line:77] _connect INFO node 5's socket client fails to make connection to node 11 server 
2022-07-13 04:05:34,698 socket_client_ng.py [line:66] _connect INFO node 5's socket client starts to make outgoing connections to node 13 server 
2022-07-13 04:05:34,699 socket_client_ng.py [line:77] _connect INFO node 5's socket client fails to make connection to node 13 server 
2022-07-13 04:05:34,699 socket_client_ng.py [line:66] _connect INFO node 5's socket client starts to make outgoing connections to node 14 server 
2022-07-13 04:05:34,700 socket_client_ng.py [line:77] _connect INFO node 5's socket client fails to make connection to node 14 server 
2022-07-13 04:05:34,700 socket_client_ng.py [line:66] _connect INFO node 5's socket client starts to make outgoing connections to node 15 server 
2022-07-13 04:05:34,701 socket_client_ng.py [line:77] _connect INFO node 5's socket client fails to make connection to node 15 server 
2022-07-13 04:05:34,701 socket_client_ng.py [line:66] _connect INFO node 5's socket client starts to make outgoing connections to node 0 server 
2022-07-13 04:05:34,702 socket_client_ng.py [line:77] _connect INFO node 5's socket client fails to make connection to node 0 server 
2022-07-13 04:05:34,702 socket_client_ng.py [line:66] _connect INFO node 5's socket client starts to make outgoing connections to node 3 server 
2022-07-13 04:05:34,703 socket_client_ng.py [line:77] _connect INFO node 5's socket client fails to make connection to node 3 server 
2022-07-13 04:05:34,703 socket_client_ng.py [line:66] _connect INFO node 5's socket client starts to make outgoing connections to node 4 server 
2022-07-13 04:05:34,704 socket_client_ng.py [line:77] _connect INFO node 5's socket client fails to make connection to node 4 server 
2022-07-13 04:05:34,704 socket_client_ng.py [line:66] _connect INFO node 5's socket client starts to make outgoing connections to node 6 server 
2022-07-13 04:05:34,705 socket_client_ng.py [line:77] _connect INFO node 5's socket client fails to make connection to node 6 server 
2022-07-13 04:05:34,705 socket_client_ng.py [line:66] _connect INFO node 5's socket client starts to make outgoing connections to node 7 server 
2022-07-13 04:05:34,706 socket_client_ng.py [line:77] _connect INFO node 5's socket client fails to make connection to node 7 server 
2022-07-13 04:05:34,706 socket_client_ng.py [line:66] _connect INFO node 5's socket client starts to make outgoing connections to node 8 server 
2022-07-13 04:05:34,707 socket_client_ng.py [line:77] _connect INFO node 5's socket client fails to make connection to node 8 server 
2022-07-13 04:05:34,707 socket_client_ng.py [line:66] _connect INFO node 5's socket client starts to make outgoing connections to node 9 server 
2022-07-13 04:05:34,707 socket_client_ng.py [line:77] _connect INFO node 5's socket client fails to make connection to node 9 server 
2022-07-13 04:05:34,708 socket_client_ng.py [line:66] _connect INFO node 5's socket client starts to make outgoing connections to node 10 server 
2022-07-13 04:05:34,708 socket_client_ng.py [line:74] _connect INFO node 5's socket client made an outgoing connection to node 10 server 
2022-07-13 04:05:34,708 socket_client_ng.py [line:66] _connect INFO node 5's socket client starts to make outgoing connections to node 11 server 
2022-07-13 04:05:34,711 socket_client_ng.py [line:77] _connect INFO node 5's socket client fails to make connection to node 11 server 
2022-07-13 04:05:34,711 socket_client_ng.py [line:66] _connect INFO node 5's socket client starts to make outgoing connections to node 13 server 
2022-07-13 04:05:34,711 socket_client_ng.py [line:77] _connect INFO node 5's socket client fails to make connection to node 13 server 
2022-07-13 04:05:34,711 socket_client_ng.py [line:66] _connect INFO node 5's socket client starts to make outgoing connections to node 14 server 
2022-07-13 04:05:34,711 socket_client_ng.py [line:77] _connect INFO node 5's socket client fails to make connection to node 14 server 
2022-07-13 04:05:34,711 socket_client_ng.py [line:66] _connect INFO node 5's socket client starts to make outgoing connections to node 15 server 
2022-07-13 04:05:34,712 socket_client_ng.py [line:77] _connect INFO node 5's socket client fails to make connection to node 15 server 
2022-07-13 04:05:34,712 socket_client_ng.py [line:66] _connect INFO node 5's socket client starts to make outgoing connections to node 0 server 
2022-07-13 04:05:34,712 socket_client_ng.py [line:77] _connect INFO node 5's socket client fails to make connection to node 0 server 
2022-07-13 04:05:34,712 socket_client_ng.py [line:66] _connect INFO node 5's socket client starts to make outgoing connections to node 3 server 
2022-07-13 04:05:34,712 socket_client_ng.py [line:77] _connect INFO node 5's socket client fails to make connection to node 3 server 
2022-07-13 04:05:34,712 socket_client_ng.py [line:66] _connect INFO node 5's socket client starts to make outgoing connections to node 4 server 
2022-07-13 04:05:34,713 socket_client_ng.py [line:77] _connect INFO node 5's socket client fails to make connection to node 4 server 
2022-07-13 04:05:34,713 socket_client_ng.py [line:66] _connect INFO node 5's socket client starts to make outgoing connections to node 6 server 
2022-07-13 04:05:34,716 socket_client_ng.py [line:77] _connect INFO node 5's socket client fails to make connection to node 6 server 
2022-07-13 04:05:34,717 socket_client_ng.py [line:66] _connect INFO node 5's socket client starts to make outgoing connections to node 7 server 
2022-07-13 04:05:34,717 socket_client_ng.py [line:77] _connect INFO node 5's socket client fails to make connection to node 7 server 
2022-07-13 04:05:34,717 socket_client_ng.py [line:66] _connect INFO node 5's socket client starts to make outgoing connections to node 8 server 
2022-07-13 04:05:34,717 socket_client_ng.py [line:77] _connect INFO node 5's socket client fails to make connection to node 8 server 
2022-07-13 04:05:34,717 socket_client_ng.py [line:66] _connect INFO node 5's socket client starts to make outgoing connections to node 9 server 
2022-07-13 04:05:34,718 socket_client_ng.py [line:77] _connect INFO node 5's socket client fails to make connection to node 9 server 
2022-07-13 04:05:34,718 socket_client_ng.py [line:66] _connect INFO node 5's socket client starts to make outgoing connections to node 11 server 
2022-07-13 04:05:34,718 socket_client_ng.py [line:77] _connect INFO node 5's socket client fails to make connection to node 11 server 
2022-07-13 04:05:34,718 socket_client_ng.py [line:66] _connect INFO node 5's socket client starts to make outgoing connections to node 13 server 
2022-07-13 04:05:34,718 socket_client_ng.py [line:77] _connect INFO node 5's socket client fails to make connection to node 13 server 
2022-07-13 04:05:34,718 socket_client_ng.py [line:66] _connect INFO node 5's socket client starts to make outgoing connections to node 14 server 
2022-07-13 04:05:34,718 socket_client_ng.py [line:77] _connect INFO node 5's socket client fails to make connection to node 14 server 
2022-07-13 04:05:34,719 socket_client_ng.py [line:66] _connect INFO node 5's socket client starts to make outgoing connections to node 15 server 
2022-07-13 04:05:34,719 socket_client_ng.py [line:77] _connect INFO node 5's socket client fails to make connection to node 15 server 
2022-07-13 04:05:34,719 socket_client_ng.py [line:66] _connect INFO node 5's socket client starts to make outgoing connections to node 0 server 
2022-07-13 04:05:34,719 socket_client_ng.py [line:77] _connect INFO node 5's socket client fails to make connection to node 0 server 
2022-07-13 04:05:34,719 socket_client_ng.py [line:66] _connect INFO node 5's socket client starts to make outgoing connections to node 3 server 
2022-07-13 04:05:34,720 socket_client_ng.py [line:77] _connect INFO node 5's socket client fails to make connection to node 3 server 
2022-07-13 04:05:34,720 socket_client_ng.py [line:66] _connect INFO node 5's socket client starts to make outgoing connections to node 4 server 
2022-07-13 04:05:34,720 socket_client_ng.py [line:77] _connect INFO node 5's socket client fails to make connection to node 4 server 
2022-07-13 04:05:34,720 socket_client_ng.py [line:66] _connect INFO node 5's socket client starts to make outgoing connections to node 6 server 
2022-07-13 04:05:34,720 socket_client_ng.py [line:77] _connect INFO node 5's socket client fails to make connection to node 6 server 
2022-07-13 04:05:34,721 socket_client_ng.py [line:66] _connect INFO node 5's socket client starts to make outgoing connections to node 7 server 
2022-07-13 04:05:34,725 socket_client_ng.py [line:77] _connect INFO node 5's socket client fails to make connection to node 7 server 
2022-07-13 04:05:34,725 socket_client_ng.py [line:66] _connect INFO node 5's socket client starts to make outgoing connections to node 8 server 
2022-07-13 04:05:34,725 socket_client_ng.py [line:77] _connect INFO node 5's socket client fails to make connection to node 8 server 
2022-07-13 04:05:34,725 socket_client_ng.py [line:66] _connect INFO node 5's socket client starts to make outgoing connections to node 9 server 
2022-07-13 04:05:34,725 socket_client_ng.py [line:77] _connect INFO node 5's socket client fails to make connection to node 9 server 
2022-07-13 04:05:34,725 socket_client_ng.py [line:66] _connect INFO node 5's socket client starts to make outgoing connections to node 11 server 
2022-07-13 04:05:34,726 socket_client_ng.py [line:77] _connect INFO node 5's socket client fails to make connection to node 11 server 
2022-07-13 04:05:34,726 socket_client_ng.py [line:66] _connect INFO node 5's socket client starts to make outgoing connections to node 13 server 
2022-07-13 04:05:34,726 socket_client_ng.py [line:77] _connect INFO node 5's socket client fails to make connection to node 13 server 
2022-07-13 04:05:34,726 socket_client_ng.py [line:66] _connect INFO node 5's socket client starts to make outgoing connections to node 14 server 
2022-07-13 04:05:34,726 socket_client_ng.py [line:77] _connect INFO node 5's socket client fails to make connection to node 14 server 
2022-07-13 04:05:34,726 socket_client_ng.py [line:66] _connect INFO node 5's socket client starts to make outgoing connections to node 15 server 
2022-07-13 04:05:34,727 socket_client_ng.py [line:77] _connect INFO node 5's socket client fails to make connection to node 15 server 
2022-07-13 04:05:34,727 socket_client_ng.py [line:66] _connect INFO node 5's socket client starts to make outgoing connections to node 0 server 
2022-07-13 04:05:34,727 socket_client_ng.py [line:77] _connect INFO node 5's socket client fails to make connection to node 0 server 
2022-07-13 04:05:34,727 socket_client_ng.py [line:66] _connect INFO node 5's socket client starts to make outgoing connections to node 3 server 
2022-07-13 04:05:34,727 socket_client_ng.py [line:77] _connect INFO node 5's socket client fails to make connection to node 3 server 
2022-07-13 04:05:34,727 socket_client_ng.py [line:66] _connect INFO node 5's socket client starts to make outgoing connections to node 4 server 
2022-07-13 04:05:34,728 socket_client_ng.py [line:77] _connect INFO node 5's socket client fails to make connection to node 4 server 
2022-07-13 04:05:34,728 socket_client_ng.py [line:66] _connect INFO node 5's socket client starts to make outgoing connections to node 6 server 
2022-07-13 04:05:34,728 socket_client_ng.py [line:77] _connect INFO node 5's socket client fails to make connection to node 6 server 
2022-07-13 04:05:34,728 socket_client_ng.py [line:66] _connect INFO node 5's socket client starts to make outgoing connections to node 7 server 
2022-07-13 04:05:34,728 socket_client_ng.py [line:77] _connect INFO node 5's socket client fails to make connection to node 7 server 
2022-07-13 04:05:34,728 socket_client_ng.py [line:66] _connect INFO node 5's socket client starts to make outgoing connections to node 8 server 
2022-07-13 04:05:34,734 socket_client_ng.py [line:77] _connect INFO node 5's socket client fails to make connection to node 8 server 
2022-07-13 04:05:34,734 socket_client_ng.py [line:66] _connect INFO node 5's socket client starts to make outgoing connections to node 9 server 
2022-07-13 04:05:34,734 socket_client_ng.py [line:77] _connect INFO node 5's socket client fails to make connection to node 9 server 
2022-07-13 04:05:34,734 socket_client_ng.py [line:66] _connect INFO node 5's socket client starts to make outgoing connections to node 11 server 
2022-07-13 04:05:34,734 socket_client_ng.py [line:77] _connect INFO node 5's socket client fails to make connection to node 11 server 
2022-07-13 04:05:34,734 socket_client_ng.py [line:66] _connect INFO node 5's socket client starts to make outgoing connections to node 13 server 
2022-07-13 04:05:34,735 socket_client_ng.py [line:77] _connect INFO node 5's socket client fails to make connection to node 13 server 
2022-07-13 04:05:34,735 socket_client_ng.py [line:66] _connect INFO node 5's socket client starts to make outgoing connections to node 14 server 
2022-07-13 04:05:34,735 socket_client_ng.py [line:77] _connect INFO node 5's socket client fails to make connection to node 14 server 
2022-07-13 04:05:34,735 socket_client_ng.py [line:66] _connect INFO node 5's socket client starts to make outgoing connections to node 15 server 
2022-07-13 04:05:34,735 socket_client_ng.py [line:77] _connect INFO node 5's socket client fails to make connection to node 15 server 
2022-07-13 04:05:34,735 socket_client_ng.py [line:66] _connect INFO node 5's socket client starts to make outgoing connections to node 0 server 
2022-07-13 04:05:34,736 socket_client_ng.py [line:77] _connect INFO node 5's socket client fails to make connection to node 0 server 
2022-07-13 04:05:34,736 socket_client_ng.py [line:66] _connect INFO node 5's socket client starts to make outgoing connections to node 3 server 
2022-07-13 04:05:34,736 socket_client_ng.py [line:77] _connect INFO node 5's socket client fails to make connection to node 3 server 
2022-07-13 04:05:34,736 socket_client_ng.py [line:66] _connect INFO node 5's socket client starts to make outgoing connections to node 4 server 
2022-07-13 04:05:34,736 socket_client_ng.py [line:77] _connect INFO node 5's socket client fails to make connection to node 4 server 
2022-07-13 04:05:34,736 socket_client_ng.py [line:66] _connect INFO node 5's socket client starts to make outgoing connections to node 6 server 
2022-07-13 04:05:34,737 socket_client_ng.py [line:77] _connect INFO node 5's socket client fails to make connection to node 6 server 
2022-07-13 04:05:34,737 socket_client_ng.py [line:66] _connect INFO node 5's socket client starts to make outgoing connections to node 7 server 
2022-07-13 04:05:34,737 socket_client_ng.py [line:77] _connect INFO node 5's socket client fails to make connection to node 7 server 
2022-07-13 04:05:34,737 socket_client_ng.py [line:66] _connect INFO node 5's socket client starts to make outgoing connections to node 8 server 
2022-07-13 04:05:34,737 socket_client_ng.py [line:77] _connect INFO node 5's socket client fails to make connection to node 8 server 
2022-07-13 04:05:34,737 socket_client_ng.py [line:66] _connect INFO node 5's socket client starts to make outgoing connections to node 9 server 
2022-07-13 04:05:34,738 socket_client_ng.py [line:77] _connect INFO node 5's socket client fails to make connection to node 9 server 
2022-07-13 04:05:34,738 socket_client_ng.py [line:66] _connect INFO node 5's socket client starts to make outgoing connections to node 11 server 
2022-07-13 04:05:34,738 socket_client_ng.py [line:77] _connect INFO node 5's socket client fails to make connection to node 11 server 
2022-07-13 04:05:34,738 socket_client_ng.py [line:66] _connect INFO node 5's socket client starts to make outgoing connections to node 13 server 
2022-07-13 04:05:34,738 socket_client_ng.py [line:77] _connect INFO node 5's socket client fails to make connection to node 13 server 
2022-07-13 04:05:34,738 socket_client_ng.py [line:66] _connect INFO node 5's socket client starts to make outgoing connections to node 14 server 
2022-07-13 04:05:34,739 socket_client_ng.py [line:77] _connect INFO node 5's socket client fails to make connection to node 14 server 
2022-07-13 04:05:34,739 socket_client_ng.py [line:66] _connect INFO node 5's socket client starts to make outgoing connections to node 15 server 
2022-07-13 04:05:34,739 socket_client_ng.py [line:77] _connect INFO node 5's socket client fails to make connection to node 15 server 
2022-07-13 04:05:34,739 socket_client_ng.py [line:66] _connect INFO node 5's socket client starts to make outgoing connections to node 0 server 
2022-07-13 04:05:34,745 socket_client_ng.py [line:77] _connect INFO node 5's socket client fails to make connection to node 0 server 
2022-07-13 04:05:34,745 socket_client_ng.py [line:66] _connect INFO node 5's socket client starts to make outgoing connections to node 3 server 
2022-07-13 04:05:34,745 socket_client_ng.py [line:77] _connect INFO node 5's socket client fails to make connection to node 3 server 
2022-07-13 04:05:34,745 socket_client_ng.py [line:66] _connect INFO node 5's socket client starts to make outgoing connections to node 4 server 
2022-07-13 04:05:34,745 socket_client_ng.py [line:77] _connect INFO node 5's socket client fails to make connection to node 4 server 
2022-07-13 04:05:34,745 socket_client_ng.py [line:66] _connect INFO node 5's socket client starts to make outgoing connections to node 6 server 
2022-07-13 04:05:34,746 socket_client_ng.py [line:77] _connect INFO node 5's socket client fails to make connection to node 6 server 
2022-07-13 04:05:34,746 socket_client_ng.py [line:66] _connect INFO node 5's socket client starts to make outgoing connections to node 7 server 
2022-07-13 04:05:34,746 socket_client_ng.py [line:77] _connect INFO node 5's socket client fails to make connection to node 7 server 
2022-07-13 04:05:34,746 socket_client_ng.py [line:66] _connect INFO node 5's socket client starts to make outgoing connections to node 8 server 
2022-07-13 04:05:34,746 socket_client_ng.py [line:77] _connect INFO node 5's socket client fails to make connection to node 8 server 
2022-07-13 04:05:34,746 socket_client_ng.py [line:66] _connect INFO node 5's socket client starts to make outgoing connections to node 9 server 
2022-07-13 04:05:34,746 socket_client_ng.py [line:77] _connect INFO node 5's socket client fails to make connection to node 9 server 
2022-07-13 04:05:34,747 socket_client_ng.py [line:66] _connect INFO node 5's socket client starts to make outgoing connections to node 11 server 
2022-07-13 04:05:34,747 socket_client_ng.py [line:77] _connect INFO node 5's socket client fails to make connection to node 11 server 
2022-07-13 04:05:34,747 socket_client_ng.py [line:66] _connect INFO node 5's socket client starts to make outgoing connections to node 13 server 
2022-07-13 04:05:34,747 socket_client_ng.py [line:77] _connect INFO node 5's socket client fails to make connection to node 13 server 
2022-07-13 04:05:34,747 socket_client_ng.py [line:66] _connect INFO node 5's socket client starts to make outgoing connections to node 14 server 
2022-07-13 04:05:34,747 socket_client_ng.py [line:77] _connect INFO node 5's socket client fails to make connection to node 14 server 
2022-07-13 04:05:34,747 socket_client_ng.py [line:66] _connect INFO node 5's socket client starts to make outgoing connections to node 15 server 
2022-07-13 04:05:34,748 socket_client_ng.py [line:77] _connect INFO node 5's socket client fails to make connection to node 15 server 
2022-07-13 04:05:34,748 socket_client_ng.py [line:66] _connect INFO node 5's socket client starts to make outgoing connections to node 0 server 
2022-07-13 04:05:34,748 socket_client_ng.py [line:77] _connect INFO node 5's socket client fails to make connection to node 0 server 
2022-07-13 04:05:34,748 socket_client_ng.py [line:66] _connect INFO node 5's socket client starts to make outgoing connections to node 3 server 
2022-07-13 04:05:34,748 socket_client_ng.py [line:77] _connect INFO node 5's socket client fails to make connection to node 3 server 
2022-07-13 04:05:34,748 socket_client_ng.py [line:66] _connect INFO node 5's socket client starts to make outgoing connections to node 4 server 
2022-07-13 04:05:34,749 socket_client_ng.py [line:77] _connect INFO node 5's socket client fails to make connection to node 4 server 
2022-07-13 04:05:34,749 socket_client_ng.py [line:66] _connect INFO node 5's socket client starts to make outgoing connections to node 6 server 
2022-07-13 04:05:34,749 socket_client_ng.py [line:77] _connect INFO node 5's socket client fails to make connection to node 6 server 
2022-07-13 04:05:34,749 socket_client_ng.py [line:66] _connect INFO node 5's socket client starts to make outgoing connections to node 7 server 
2022-07-13 04:05:34,749 socket_client_ng.py [line:77] _connect INFO node 5's socket client fails to make connection to node 7 server 
2022-07-13 04:05:34,749 socket_client_ng.py [line:66] _connect INFO node 5's socket client starts to make outgoing connections to node 8 server 
2022-07-13 04:05:34,750 socket_client_ng.py [line:77] _connect INFO node 5's socket client fails to make connection to node 8 server 
2022-07-13 04:05:34,750 socket_client_ng.py [line:66] _connect INFO node 5's socket client starts to make outgoing connections to node 9 server 
2022-07-13 04:05:34,750 socket_client_ng.py [line:77] _connect INFO node 5's socket client fails to make connection to node 9 server 
2022-07-13 04:05:34,750 socket_client_ng.py [line:66] _connect INFO node 5's socket client starts to make outgoing connections to node 11 server 
2022-07-13 04:05:34,751 socket_client_ng.py [line:77] _connect INFO node 5's socket client fails to make connection to node 11 server 
2022-07-13 04:05:34,751 socket_client_ng.py [line:66] _connect INFO node 5's socket client starts to make outgoing connections to node 13 server 
2022-07-13 04:05:34,751 socket_client_ng.py [line:77] _connect INFO node 5's socket client fails to make connection to node 13 server 
2022-07-13 04:05:34,751 socket_client_ng.py [line:66] _connect INFO node 5's socket client starts to make outgoing connections to node 14 server 
2022-07-13 04:05:34,752 socket_client_ng.py [line:77] _connect INFO node 5's socket client fails to make connection to node 14 server 
2022-07-13 04:05:34,752 socket_client_ng.py [line:66] _connect INFO node 5's socket client starts to make outgoing connections to node 15 server 
2022-07-13 04:05:34,752 socket_client_ng.py [line:77] _connect INFO node 5's socket client fails to make connection to node 15 server 
2022-07-13 04:05:34,752 socket_client_ng.py [line:66] _connect INFO node 5's socket client starts to make outgoing connections to node 0 server 
2022-07-13 04:05:34,752 socket_client_ng.py [line:77] _connect INFO node 5's socket client fails to make connection to node 0 server 
2022-07-13 04:05:34,753 socket_client_ng.py [line:66] _connect INFO node 5's socket client starts to make outgoing connections to node 3 server 
2022-07-13 04:05:34,753 socket_client_ng.py [line:77] _connect INFO node 5's socket client fails to make connection to node 3 server 
2022-07-13 04:05:34,753 socket_client_ng.py [line:66] _connect INFO node 5's socket client starts to make outgoing connections to node 4 server 
2022-07-13 04:05:34,753 socket_client_ng.py [line:77] _connect INFO node 5's socket client fails to make connection to node 4 server 
2022-07-13 04:05:34,753 socket_client_ng.py [line:66] _connect INFO node 5's socket client starts to make outgoing connections to node 6 server 
2022-07-13 04:05:34,753 socket_client_ng.py [line:77] _connect INFO node 5's socket client fails to make connection to node 6 server 
2022-07-13 04:05:34,754 socket_client_ng.py [line:66] _connect INFO node 5's socket client starts to make outgoing connections to node 7 server 
2022-07-13 04:05:34,754 socket_client_ng.py [line:77] _connect INFO node 5's socket client fails to make connection to node 7 server 
2022-07-13 04:05:34,754 socket_client_ng.py [line:66] _connect INFO node 5's socket client starts to make outgoing connections to node 8 server 
2022-07-13 04:05:34,754 socket_client_ng.py [line:77] _connect INFO node 5's socket client fails to make connection to node 8 server 
2022-07-13 04:05:34,754 socket_client_ng.py [line:66] _connect INFO node 5's socket client starts to make outgoing connections to node 9 server 
2022-07-13 04:05:34,754 socket_client_ng.py [line:77] _connect INFO node 5's socket client fails to make connection to node 9 server 
2022-07-13 04:05:34,755 socket_client_ng.py [line:66] _connect INFO node 5's socket client starts to make outgoing connections to node 11 server 
2022-07-13 04:05:34,755 socket_client_ng.py [line:77] _connect INFO node 5's socket client fails to make connection to node 11 server 
2022-07-13 04:05:34,755 socket_client_ng.py [line:66] _connect INFO node 5's socket client starts to make outgoing connections to node 13 server 
2022-07-13 04:05:34,755 socket_client_ng.py [line:77] _connect INFO node 5's socket client fails to make connection to node 13 server 
2022-07-13 04:05:34,755 socket_client_ng.py [line:66] _connect INFO node 5's socket client starts to make outgoing connections to node 14 server 
2022-07-13 04:05:34,755 socket_client_ng.py [line:77] _connect INFO node 5's socket client fails to make connection to node 14 server 
2022-07-13 04:05:34,756 socket_client_ng.py [line:66] _connect INFO node 5's socket client starts to make outgoing connections to node 15 server 
2022-07-13 04:05:34,756 socket_client_ng.py [line:77] _connect INFO node 5's socket client fails to make connection to node 15 server 
2022-07-13 04:05:34,756 socket_client_ng.py [line:66] _connect INFO node 5's socket client starts to make outgoing connections to node 0 server 
2022-07-13 04:05:34,756 socket_client_ng.py [line:77] _connect INFO node 5's socket client fails to make connection to node 0 server 
2022-07-13 04:05:34,756 socket_client_ng.py [line:66] _connect INFO node 5's socket client starts to make outgoing connections to node 3 server 
2022-07-13 04:05:34,756 socket_client_ng.py [line:77] _connect INFO node 5's socket client fails to make connection to node 3 server 
2022-07-13 04:05:34,757 socket_client_ng.py [line:66] _connect INFO node 5's socket client starts to make outgoing connections to node 4 server 
2022-07-13 04:05:34,757 socket_client_ng.py [line:77] _connect INFO node 5's socket client fails to make connection to node 4 server 
2022-07-13 04:05:34,757 socket_client_ng.py [line:66] _connect INFO node 5's socket client starts to make outgoing connections to node 6 server 
2022-07-13 04:05:34,757 socket_client_ng.py [line:77] _connect INFO node 5's socket client fails to make connection to node 6 server 
2022-07-13 04:05:34,757 socket_client_ng.py [line:66] _connect INFO node 5's socket client starts to make outgoing connections to node 7 server 
2022-07-13 04:05:34,757 socket_client_ng.py [line:77] _connect INFO node 5's socket client fails to make connection to node 7 server 
2022-07-13 04:05:34,757 socket_client_ng.py [line:66] _connect INFO node 5's socket client starts to make outgoing connections to node 8 server 
2022-07-13 04:05:34,758 socket_client_ng.py [line:77] _connect INFO node 5's socket client fails to make connection to node 8 server 
2022-07-13 04:05:34,758 socket_client_ng.py [line:66] _connect INFO node 5's socket client starts to make outgoing connections to node 9 server 
2022-07-13 04:05:34,758 socket_client_ng.py [line:77] _connect INFO node 5's socket client fails to make connection to node 9 server 
2022-07-13 04:05:34,758 socket_client_ng.py [line:66] _connect INFO node 5's socket client starts to make outgoing connections to node 11 server 
2022-07-13 04:05:34,758 socket_client_ng.py [line:77] _connect INFO node 5's socket client fails to make connection to node 11 server 
2022-07-13 04:05:34,758 socket_client_ng.py [line:66] _connect INFO node 5's socket client starts to make outgoing connections to node 13 server 
2022-07-13 04:05:34,759 socket_client_ng.py [line:77] _connect INFO node 5's socket client fails to make connection to node 13 server 
2022-07-13 04:05:34,759 socket_client_ng.py [line:66] _connect INFO node 5's socket client starts to make outgoing connections to node 14 server 
2022-07-13 04:05:34,759 socket_client_ng.py [line:77] _connect INFO node 5's socket client fails to make connection to node 14 server 
2022-07-13 04:05:34,759 socket_client_ng.py [line:66] _connect INFO node 5's socket client starts to make outgoing connections to node 15 server 
2022-07-13 04:05:34,759 socket_client_ng.py [line:77] _connect INFO node 5's socket client fails to make connection to node 15 server 
2022-07-13 04:05:34,759 socket_client_ng.py [line:66] _connect INFO node 5's socket client starts to make outgoing connections to node 0 server 
2022-07-13 04:05:34,760 socket_client_ng.py [line:77] _connect INFO node 5's socket client fails to make connection to node 0 server 
2022-07-13 04:05:34,760 socket_client_ng.py [line:66] _connect INFO node 5's socket client starts to make outgoing connections to node 3 server 
2022-07-13 04:05:34,760 socket_client_ng.py [line:77] _connect INFO node 5's socket client fails to make connection to node 3 server 
2022-07-13 04:05:34,760 socket_client_ng.py [line:66] _connect INFO node 5's socket client starts to make outgoing connections to node 4 server 
2022-07-13 04:05:34,761 socket_client_ng.py [line:77] _connect INFO node 5's socket client fails to make connection to node 4 server 
2022-07-13 04:05:34,761 socket_client_ng.py [line:66] _connect INFO node 5's socket client starts to make outgoing connections to node 6 server 
2022-07-13 04:05:34,761 socket_client_ng.py [line:77] _connect INFO node 5's socket client fails to make connection to node 6 server 
2022-07-13 04:05:34,761 socket_client_ng.py [line:66] _connect INFO node 5's socket client starts to make outgoing connections to node 7 server 
2022-07-13 04:05:34,765 socket_client_ng.py [line:77] _connect INFO node 5's socket client fails to make connection to node 7 server 
2022-07-13 04:05:34,765 socket_client_ng.py [line:66] _connect INFO node 5's socket client starts to make outgoing connections to node 8 server 
2022-07-13 04:05:34,765 socket_client_ng.py [line:77] _connect INFO node 5's socket client fails to make connection to node 8 server 
2022-07-13 04:05:34,765 socket_client_ng.py [line:66] _connect INFO node 5's socket client starts to make outgoing connections to node 9 server 
2022-07-13 04:05:34,765 socket_client_ng.py [line:77] _connect INFO node 5's socket client fails to make connection to node 9 server 
2022-07-13 04:05:34,765 socket_client_ng.py [line:66] _connect INFO node 5's socket client starts to make outgoing connections to node 11 server 
2022-07-13 04:05:34,766 socket_client_ng.py [line:77] _connect INFO node 5's socket client fails to make connection to node 11 server 
2022-07-13 04:05:34,766 socket_client_ng.py [line:66] _connect INFO node 5's socket client starts to make outgoing connections to node 13 server 
2022-07-13 04:05:34,766 socket_client_ng.py [line:77] _connect INFO node 5's socket client fails to make connection to node 13 server 
2022-07-13 04:05:34,766 socket_client_ng.py [line:66] _connect INFO node 5's socket client starts to make outgoing connections to node 14 server 
2022-07-13 04:05:34,766 socket_client_ng.py [line:77] _connect INFO node 5's socket client fails to make connection to node 14 server 
2022-07-13 04:05:34,766 socket_client_ng.py [line:66] _connect INFO node 5's socket client starts to make outgoing connections to node 15 server 
2022-07-13 04:05:34,767 socket_client_ng.py [line:77] _connect INFO node 5's socket client fails to make connection to node 15 server 
2022-07-13 04:05:34,767 socket_client_ng.py [line:66] _connect INFO node 5's socket client starts to make outgoing connections to node 0 server 
2022-07-13 04:05:34,767 socket_client_ng.py [line:77] _connect INFO node 5's socket client fails to make connection to node 0 server 
2022-07-13 04:05:34,767 socket_client_ng.py [line:66] _connect INFO node 5's socket client starts to make outgoing connections to node 3 server 
2022-07-13 04:05:34,767 socket_client_ng.py [line:77] _connect INFO node 5's socket client fails to make connection to node 3 server 
2022-07-13 04:05:34,767 socket_client_ng.py [line:66] _connect INFO node 5's socket client starts to make outgoing connections to node 4 server 
2022-07-13 04:05:34,767 socket_client_ng.py [line:77] _connect INFO node 5's socket client fails to make connection to node 4 server 
2022-07-13 04:05:34,767 socket_client_ng.py [line:66] _connect INFO node 5's socket client starts to make outgoing connections to node 6 server 
2022-07-13 04:05:34,769 socket_client_ng.py [line:77] _connect INFO node 5's socket client fails to make connection to node 6 server 
2022-07-13 04:05:34,769 socket_client_ng.py [line:66] _connect INFO node 5's socket client starts to make outgoing connections to node 7 server 
2022-07-13 04:05:34,769 socket_client_ng.py [line:77] _connect INFO node 5's socket client fails to make connection to node 7 server 
2022-07-13 04:05:34,769 socket_client_ng.py [line:66] _connect INFO node 5's socket client starts to make outgoing connections to node 8 server 
2022-07-13 04:05:34,769 socket_client_ng.py [line:77] _connect INFO node 5's socket client fails to make connection to node 8 server 
2022-07-13 04:05:34,769 socket_client_ng.py [line:66] _connect INFO node 5's socket client starts to make outgoing connections to node 9 server 
2022-07-13 04:05:34,773 socket_client_ng.py [line:77] _connect INFO node 5's socket client fails to make connection to node 9 server 
2022-07-13 04:05:34,773 socket_client_ng.py [line:66] _connect INFO node 5's socket client starts to make outgoing connections to node 11 server 
2022-07-13 04:05:34,773 socket_client_ng.py [line:77] _connect INFO node 5's socket client fails to make connection to node 11 server 
2022-07-13 04:05:34,773 socket_client_ng.py [line:66] _connect INFO node 5's socket client starts to make outgoing connections to node 13 server 
2022-07-13 04:05:34,773 socket_client_ng.py [line:77] _connect INFO node 5's socket client fails to make connection to node 13 server 
2022-07-13 04:05:34,773 socket_client_ng.py [line:66] _connect INFO node 5's socket client starts to make outgoing connections to node 14 server 
2022-07-13 04:05:34,773 socket_client_ng.py [line:77] _connect INFO node 5's socket client fails to make connection to node 14 server 
2022-07-13 04:05:34,774 socket_client_ng.py [line:66] _connect INFO node 5's socket client starts to make outgoing connections to node 15 server 
2022-07-13 04:05:34,774 socket_client_ng.py [line:77] _connect INFO node 5's socket client fails to make connection to node 15 server 
2022-07-13 04:05:34,774 socket_client_ng.py [line:66] _connect INFO node 5's socket client starts to make outgoing connections to node 0 server 
2022-07-13 04:05:34,774 socket_client_ng.py [line:77] _connect INFO node 5's socket client fails to make connection to node 0 server 
2022-07-13 04:05:34,774 socket_client_ng.py [line:66] _connect INFO node 5's socket client starts to make outgoing connections to node 3 server 
2022-07-13 04:05:34,774 socket_client_ng.py [line:77] _connect INFO node 5's socket client fails to make connection to node 3 server 
2022-07-13 04:05:34,774 socket_client_ng.py [line:66] _connect INFO node 5's socket client starts to make outgoing connections to node 4 server 
2022-07-13 04:05:34,775 socket_client_ng.py [line:77] _connect INFO node 5's socket client fails to make connection to node 4 server 
2022-07-13 04:05:34,775 socket_client_ng.py [line:66] _connect INFO node 5's socket client starts to make outgoing connections to node 6 server 
2022-07-13 04:05:34,775 socket_client_ng.py [line:77] _connect INFO node 5's socket client fails to make connection to node 6 server 
2022-07-13 04:05:34,775 socket_client_ng.py [line:66] _connect INFO node 5's socket client starts to make outgoing connections to node 7 server 
2022-07-13 04:05:34,775 socket_client_ng.py [line:77] _connect INFO node 5's socket client fails to make connection to node 7 server 
2022-07-13 04:05:34,775 socket_client_ng.py [line:66] _connect INFO node 5's socket client starts to make outgoing connections to node 8 server 
2022-07-13 04:05:34,781 socket_client_ng.py [line:77] _connect INFO node 5's socket client fails to make connection to node 8 server 
2022-07-13 04:05:34,781 socket_client_ng.py [line:66] _connect INFO node 5's socket client starts to make outgoing connections to node 9 server 
2022-07-13 04:05:34,781 socket_client_ng.py [line:77] _connect INFO node 5's socket client fails to make connection to node 9 server 
2022-07-13 04:05:34,781 socket_client_ng.py [line:66] _connect INFO node 5's socket client starts to make outgoing connections to node 11 server 
2022-07-13 04:05:34,781 socket_client_ng.py [line:77] _connect INFO node 5's socket client fails to make connection to node 11 server 
2022-07-13 04:05:34,781 socket_client_ng.py [line:66] _connect INFO node 5's socket client starts to make outgoing connections to node 13 server 
2022-07-13 04:05:34,782 socket_client_ng.py [line:77] _connect INFO node 5's socket client fails to make connection to node 13 server 
2022-07-13 04:05:34,782 socket_client_ng.py [line:66] _connect INFO node 5's socket client starts to make outgoing connections to node 14 server 
2022-07-13 04:05:34,782 socket_client_ng.py [line:77] _connect INFO node 5's socket client fails to make connection to node 14 server 
2022-07-13 04:05:34,782 socket_client_ng.py [line:66] _connect INFO node 5's socket client starts to make outgoing connections to node 15 server 
2022-07-13 04:05:34,782 socket_client_ng.py [line:77] _connect INFO node 5's socket client fails to make connection to node 15 server 
2022-07-13 04:05:34,782 socket_client_ng.py [line:66] _connect INFO node 5's socket client starts to make outgoing connections to node 0 server 
2022-07-13 04:05:34,783 socket_client_ng.py [line:77] _connect INFO node 5's socket client fails to make connection to node 0 server 
2022-07-13 04:05:34,783 socket_client_ng.py [line:66] _connect INFO node 5's socket client starts to make outgoing connections to node 3 server 
2022-07-13 04:05:34,783 socket_client_ng.py [line:77] _connect INFO node 5's socket client fails to make connection to node 3 server 
2022-07-13 04:05:34,783 socket_client_ng.py [line:66] _connect INFO node 5's socket client starts to make outgoing connections to node 4 server 
2022-07-13 04:05:34,783 socket_client_ng.py [line:77] _connect INFO node 5's socket client fails to make connection to node 4 server 
2022-07-13 04:05:34,783 socket_client_ng.py [line:66] _connect INFO node 5's socket client starts to make outgoing connections to node 6 server 
2022-07-13 04:05:34,783 socket_client_ng.py [line:77] _connect INFO node 5's socket client fails to make connection to node 6 server 
2022-07-13 04:05:34,784 socket_client_ng.py [line:66] _connect INFO node 5's socket client starts to make outgoing connections to node 7 server 
2022-07-13 04:05:34,784 socket_client_ng.py [line:77] _connect INFO node 5's socket client fails to make connection to node 7 server 
2022-07-13 04:05:34,784 socket_client_ng.py [line:66] _connect INFO node 5's socket client starts to make outgoing connections to node 8 server 
2022-07-13 04:05:34,784 socket_client_ng.py [line:77] _connect INFO node 5's socket client fails to make connection to node 8 server 
2022-07-13 04:05:34,784 socket_client_ng.py [line:66] _connect INFO node 5's socket client starts to make outgoing connections to node 9 server 
2022-07-13 04:05:34,784 socket_client_ng.py [line:77] _connect INFO node 5's socket client fails to make connection to node 9 server 
2022-07-13 04:05:34,785 socket_client_ng.py [line:66] _connect INFO node 5's socket client starts to make outgoing connections to node 11 server 
2022-07-13 04:05:34,785 socket_client_ng.py [line:77] _connect INFO node 5's socket client fails to make connection to node 11 server 
2022-07-13 04:05:34,785 socket_client_ng.py [line:66] _connect INFO node 5's socket client starts to make outgoing connections to node 13 server 
2022-07-13 04:05:34,785 socket_client_ng.py [line:77] _connect INFO node 5's socket client fails to make connection to node 13 server 
2022-07-13 04:05:34,785 socket_client_ng.py [line:66] _connect INFO node 5's socket client starts to make outgoing connections to node 14 server 
2022-07-13 04:05:34,785 socket_client_ng.py [line:77] _connect INFO node 5's socket client fails to make connection to node 14 server 
2022-07-13 04:05:34,785 socket_client_ng.py [line:66] _connect INFO node 5's socket client starts to make outgoing connections to node 15 server 
2022-07-13 04:05:34,786 socket_client_ng.py [line:77] _connect INFO node 5's socket client fails to make connection to node 15 server 
2022-07-13 04:05:34,786 socket_client_ng.py [line:66] _connect INFO node 5's socket client starts to make outgoing connections to node 0 server 
2022-07-13 04:05:34,789 socket_client_ng.py [line:77] _connect INFO node 5's socket client fails to make connection to node 0 server 
2022-07-13 04:05:34,789 socket_client_ng.py [line:66] _connect INFO node 5's socket client starts to make outgoing connections to node 3 server 
2022-07-13 04:05:34,789 socket_client_ng.py [line:77] _connect INFO node 5's socket client fails to make connection to node 3 server 
2022-07-13 04:05:34,789 socket_client_ng.py [line:66] _connect INFO node 5's socket client starts to make outgoing connections to node 4 server 
2022-07-13 04:05:34,789 socket_client_ng.py [line:77] _connect INFO node 5's socket client fails to make connection to node 4 server 
2022-07-13 04:05:34,789 socket_client_ng.py [line:66] _connect INFO node 5's socket client starts to make outgoing connections to node 6 server 
2022-07-13 04:05:34,790 socket_client_ng.py [line:77] _connect INFO node 5's socket client fails to make connection to node 6 server 
2022-07-13 04:05:34,790 socket_client_ng.py [line:66] _connect INFO node 5's socket client starts to make outgoing connections to node 7 server 
2022-07-13 04:05:34,790 socket_client_ng.py [line:77] _connect INFO node 5's socket client fails to make connection to node 7 server 
2022-07-13 04:05:34,790 socket_client_ng.py [line:66] _connect INFO node 5's socket client starts to make outgoing connections to node 8 server 
2022-07-13 04:05:34,790 socket_client_ng.py [line:77] _connect INFO node 5's socket client fails to make connection to node 8 server 
2022-07-13 04:05:34,790 socket_client_ng.py [line:66] _connect INFO node 5's socket client starts to make outgoing connections to node 9 server 
2022-07-13 04:05:34,791 socket_client_ng.py [line:77] _connect INFO node 5's socket client fails to make connection to node 9 server 
2022-07-13 04:05:34,791 socket_client_ng.py [line:66] _connect INFO node 5's socket client starts to make outgoing connections to node 11 server 
2022-07-13 04:05:34,791 socket_client_ng.py [line:77] _connect INFO node 5's socket client fails to make connection to node 11 server 
2022-07-13 04:05:34,791 socket_client_ng.py [line:66] _connect INFO node 5's socket client starts to make outgoing connections to node 13 server 
2022-07-13 04:05:34,793 socket_client_ng.py [line:77] _connect INFO node 5's socket client fails to make connection to node 13 server 
2022-07-13 04:05:34,793 socket_client_ng.py [line:66] _connect INFO node 5's socket client starts to make outgoing connections to node 14 server 
2022-07-13 04:05:34,793 socket_client_ng.py [line:77] _connect INFO node 5's socket client fails to make connection to node 14 server 
2022-07-13 04:05:34,793 socket_client_ng.py [line:66] _connect INFO node 5's socket client starts to make outgoing connections to node 15 server 
2022-07-13 04:05:34,793 socket_client_ng.py [line:77] _connect INFO node 5's socket client fails to make connection to node 15 server 
2022-07-13 04:05:34,793 socket_client_ng.py [line:66] _connect INFO node 5's socket client starts to make outgoing connections to node 0 server 
2022-07-13 04:05:34,794 socket_client_ng.py [line:77] _connect INFO node 5's socket client fails to make connection to node 0 server 
2022-07-13 04:05:34,794 socket_client_ng.py [line:66] _connect INFO node 5's socket client starts to make outgoing connections to node 3 server 
2022-07-13 04:05:34,799 socket_client_ng.py [line:77] _connect INFO node 5's socket client fails to make connection to node 3 server 
2022-07-13 04:05:34,799 socket_client_ng.py [line:66] _connect INFO node 5's socket client starts to make outgoing connections to node 4 server 
2022-07-13 04:05:34,799 socket_client_ng.py [line:77] _connect INFO node 5's socket client fails to make connection to node 4 server 
2022-07-13 04:05:34,799 socket_client_ng.py [line:66] _connect INFO node 5's socket client starts to make outgoing connections to node 6 server 
2022-07-13 04:05:34,800 socket_client_ng.py [line:77] _connect INFO node 5's socket client fails to make connection to node 6 server 
2022-07-13 04:05:34,800 socket_client_ng.py [line:66] _connect INFO node 5's socket client starts to make outgoing connections to node 7 server 
2022-07-13 04:05:34,800 socket_client_ng.py [line:77] _connect INFO node 5's socket client fails to make connection to node 7 server 
2022-07-13 04:05:34,800 socket_client_ng.py [line:66] _connect INFO node 5's socket client starts to make outgoing connections to node 8 server 
2022-07-13 04:05:34,800 socket_client_ng.py [line:77] _connect INFO node 5's socket client fails to make connection to node 8 server 
2022-07-13 04:05:34,800 socket_client_ng.py [line:66] _connect INFO node 5's socket client starts to make outgoing connections to node 9 server 
2022-07-13 04:05:34,801 socket_client_ng.py [line:77] _connect INFO node 5's socket client fails to make connection to node 9 server 
2022-07-13 04:05:34,801 socket_client_ng.py [line:66] _connect INFO node 5's socket client starts to make outgoing connections to node 11 server 
2022-07-13 04:05:34,801 socket_client_ng.py [line:77] _connect INFO node 5's socket client fails to make connection to node 11 server 
2022-07-13 04:05:34,801 socket_client_ng.py [line:66] _connect INFO node 5's socket client starts to make outgoing connections to node 13 server 
2022-07-13 04:05:34,801 socket_client_ng.py [line:77] _connect INFO node 5's socket client fails to make connection to node 13 server 
2022-07-13 04:05:34,801 socket_client_ng.py [line:66] _connect INFO node 5's socket client starts to make outgoing connections to node 14 server 
2022-07-13 04:05:34,801 socket_client_ng.py [line:77] _connect INFO node 5's socket client fails to make connection to node 14 server 
2022-07-13 04:05:34,801 socket_client_ng.py [line:66] _connect INFO node 5's socket client starts to make outgoing connections to node 15 server 
2022-07-13 04:05:34,802 socket_client_ng.py [line:77] _connect INFO node 5's socket client fails to make connection to node 15 server 
2022-07-13 04:05:34,802 socket_client_ng.py [line:66] _connect INFO node 5's socket client starts to make outgoing connections to node 0 server 
2022-07-13 04:05:34,802 socket_client_ng.py [line:77] _connect INFO node 5's socket client fails to make connection to node 0 server 
2022-07-13 04:05:34,802 socket_client_ng.py [line:66] _connect INFO node 5's socket client starts to make outgoing connections to node 3 server 
2022-07-13 04:05:34,802 socket_client_ng.py [line:77] _connect INFO node 5's socket client fails to make connection to node 3 server 
2022-07-13 04:05:34,802 socket_client_ng.py [line:66] _connect INFO node 5's socket client starts to make outgoing connections to node 4 server 
2022-07-13 04:05:34,803 socket_client_ng.py [line:77] _connect INFO node 5's socket client fails to make connection to node 4 server 
2022-07-13 04:05:34,803 socket_client_ng.py [line:66] _connect INFO node 5's socket client starts to make outgoing connections to node 6 server 
2022-07-13 04:05:34,803 socket_client_ng.py [line:77] _connect INFO node 5's socket client fails to make connection to node 6 server 
2022-07-13 04:05:34,803 socket_client_ng.py [line:66] _connect INFO node 5's socket client starts to make outgoing connections to node 7 server 
2022-07-13 04:05:34,803 socket_client_ng.py [line:77] _connect INFO node 5's socket client fails to make connection to node 7 server 
2022-07-13 04:05:34,803 socket_client_ng.py [line:66] _connect INFO node 5's socket client starts to make outgoing connections to node 8 server 
2022-07-13 04:05:34,803 socket_client_ng.py [line:77] _connect INFO node 5's socket client fails to make connection to node 8 server 
2022-07-13 04:05:34,803 socket_client_ng.py [line:66] _connect INFO node 5's socket client starts to make outgoing connections to node 9 server 
2022-07-13 04:05:34,804 socket_client_ng.py [line:77] _connect INFO node 5's socket client fails to make connection to node 9 server 
2022-07-13 04:05:34,804 socket_client_ng.py [line:66] _connect INFO node 5's socket client starts to make outgoing connections to node 11 server 
2022-07-13 04:05:34,804 socket_client_ng.py [line:77] _connect INFO node 5's socket client fails to make connection to node 11 server 
2022-07-13 04:05:34,804 socket_client_ng.py [line:66] _connect INFO node 5's socket client starts to make outgoing connections to node 13 server 
2022-07-13 04:05:34,804 socket_client_ng.py [line:77] _connect INFO node 5's socket client fails to make connection to node 13 server 
2022-07-13 04:05:34,804 socket_client_ng.py [line:66] _connect INFO node 5's socket client starts to make outgoing connections to node 14 server 
2022-07-13 04:05:34,805 socket_client_ng.py [line:77] _connect INFO node 5's socket client fails to make connection to node 14 server 
2022-07-13 04:05:34,805 socket_client_ng.py [line:66] _connect INFO node 5's socket client starts to make outgoing connections to node 15 server 
2022-07-13 04:05:34,809 socket_client_ng.py [line:77] _connect INFO node 5's socket client fails to make connection to node 15 server 
2022-07-13 04:05:34,809 socket_client_ng.py [line:66] _connect INFO node 5's socket client starts to make outgoing connections to node 0 server 
2022-07-13 04:05:34,809 socket_client_ng.py [line:77] _connect INFO node 5's socket client fails to make connection to node 0 server 
2022-07-13 04:05:34,809 socket_client_ng.py [line:66] _connect INFO node 5's socket client starts to make outgoing connections to node 3 server 
2022-07-13 04:05:34,809 socket_client_ng.py [line:77] _connect INFO node 5's socket client fails to make connection to node 3 server 
2022-07-13 04:05:34,809 socket_client_ng.py [line:66] _connect INFO node 5's socket client starts to make outgoing connections to node 4 server 
2022-07-13 04:05:34,810 socket_client_ng.py [line:77] _connect INFO node 5's socket client fails to make connection to node 4 server 
2022-07-13 04:05:34,810 socket_client_ng.py [line:66] _connect INFO node 5's socket client starts to make outgoing connections to node 6 server 
2022-07-13 04:05:34,810 socket_client_ng.py [line:77] _connect INFO node 5's socket client fails to make connection to node 6 server 
2022-07-13 04:05:34,810 socket_client_ng.py [line:66] _connect INFO node 5's socket client starts to make outgoing connections to node 7 server 
2022-07-13 04:05:34,810 socket_client_ng.py [line:77] _connect INFO node 5's socket client fails to make connection to node 7 server 
2022-07-13 04:05:34,810 socket_client_ng.py [line:66] _connect INFO node 5's socket client starts to make outgoing connections to node 8 server 
2022-07-13 04:05:34,810 socket_client_ng.py [line:77] _connect INFO node 5's socket client fails to make connection to node 8 server 
2022-07-13 04:05:34,811 socket_client_ng.py [line:66] _connect INFO node 5's socket client starts to make outgoing connections to node 9 server 
2022-07-13 04:05:34,811 socket_client_ng.py [line:77] _connect INFO node 5's socket client fails to make connection to node 9 server 
2022-07-13 04:05:34,811 socket_client_ng.py [line:66] _connect INFO node 5's socket client starts to make outgoing connections to node 11 server 
2022-07-13 04:05:34,811 socket_client_ng.py [line:77] _connect INFO node 5's socket client fails to make connection to node 11 server 
2022-07-13 04:05:34,811 socket_client_ng.py [line:66] _connect INFO node 5's socket client starts to make outgoing connections to node 13 server 
2022-07-13 04:05:34,811 socket_client_ng.py [line:77] _connect INFO node 5's socket client fails to make connection to node 13 server 
2022-07-13 04:05:34,812 socket_client_ng.py [line:66] _connect INFO node 5's socket client starts to make outgoing connections to node 14 server 
2022-07-13 04:05:34,812 socket_client_ng.py [line:77] _connect INFO node 5's socket client fails to make connection to node 14 server 
2022-07-13 04:05:34,812 socket_client_ng.py [line:66] _connect INFO node 5's socket client starts to make outgoing connections to node 15 server 
2022-07-13 04:05:34,812 socket_client_ng.py [line:77] _connect INFO node 5's socket client fails to make connection to node 15 server 
2022-07-13 04:05:34,812 socket_client_ng.py [line:66] _connect INFO node 5's socket client starts to make outgoing connections to node 0 server 
2022-07-13 04:05:34,816 socket_client_ng.py [line:77] _connect INFO node 5's socket client fails to make connection to node 0 server 
2022-07-13 04:05:34,817 socket_client_ng.py [line:66] _connect INFO node 5's socket client starts to make outgoing connections to node 3 server 
2022-07-13 04:05:34,817 socket_client_ng.py [line:77] _connect INFO node 5's socket client fails to make connection to node 3 server 
2022-07-13 04:05:34,817 socket_client_ng.py [line:66] _connect INFO node 5's socket client starts to make outgoing connections to node 4 server 
2022-07-13 04:05:34,817 socket_client_ng.py [line:77] _connect INFO node 5's socket client fails to make connection to node 4 server 
2022-07-13 04:05:34,817 socket_client_ng.py [line:66] _connect INFO node 5's socket client starts to make outgoing connections to node 6 server 
2022-07-13 04:05:34,817 socket_client_ng.py [line:77] _connect INFO node 5's socket client fails to make connection to node 6 server 
2022-07-13 04:05:34,818 socket_client_ng.py [line:66] _connect INFO node 5's socket client starts to make outgoing connections to node 7 server 
2022-07-13 04:05:34,818 socket_client_ng.py [line:77] _connect INFO node 5's socket client fails to make connection to node 7 server 
2022-07-13 04:05:34,818 socket_client_ng.py [line:66] _connect INFO node 5's socket client starts to make outgoing connections to node 8 server 
2022-07-13 04:05:34,818 socket_client_ng.py [line:77] _connect INFO node 5's socket client fails to make connection to node 8 server 
2022-07-13 04:05:34,818 socket_client_ng.py [line:66] _connect INFO node 5's socket client starts to make outgoing connections to node 9 server 
2022-07-13 04:05:34,818 socket_client_ng.py [line:77] _connect INFO node 5's socket client fails to make connection to node 9 server 
2022-07-13 04:05:34,819 socket_client_ng.py [line:66] _connect INFO node 5's socket client starts to make outgoing connections to node 11 server 
2022-07-13 04:05:34,819 socket_client_ng.py [line:77] _connect INFO node 5's socket client fails to make connection to node 11 server 
2022-07-13 04:05:34,819 socket_client_ng.py [line:66] _connect INFO node 5's socket client starts to make outgoing connections to node 13 server 
2022-07-13 04:05:34,819 socket_client_ng.py [line:77] _connect INFO node 5's socket client fails to make connection to node 13 server 
2022-07-13 04:05:34,819 socket_client_ng.py [line:66] _connect INFO node 5's socket client starts to make outgoing connections to node 14 server 
2022-07-13 04:05:34,819 socket_client_ng.py [line:77] _connect INFO node 5's socket client fails to make connection to node 14 server 
2022-07-13 04:05:34,819 socket_client_ng.py [line:66] _connect INFO node 5's socket client starts to make outgoing connections to node 15 server 
2022-07-13 04:05:34,820 socket_client_ng.py [line:77] _connect INFO node 5's socket client fails to make connection to node 15 server 
2022-07-13 04:05:34,820 socket_client_ng.py [line:66] _connect INFO node 5's socket client starts to make outgoing connections to node 0 server 
2022-07-13 04:05:34,820 socket_client_ng.py [line:77] _connect INFO node 5's socket client fails to make connection to node 0 server 
2022-07-13 04:05:34,820 socket_client_ng.py [line:66] _connect INFO node 5's socket client starts to make outgoing connections to node 3 server 
2022-07-13 04:05:34,820 socket_client_ng.py [line:77] _connect INFO node 5's socket client fails to make connection to node 3 server 
2022-07-13 04:05:34,820 socket_client_ng.py [line:66] _connect INFO node 5's socket client starts to make outgoing connections to node 4 server 
2022-07-13 04:05:34,821 socket_client_ng.py [line:77] _connect INFO node 5's socket client fails to make connection to node 4 server 
2022-07-13 04:05:34,821 socket_client_ng.py [line:66] _connect INFO node 5's socket client starts to make outgoing connections to node 6 server 
2022-07-13 04:05:34,821 socket_client_ng.py [line:74] _connect INFO node 5's socket client made an outgoing connection to node 6 server 
2022-07-13 04:05:34,821 socket_client_ng.py [line:66] _connect INFO node 5's socket client starts to make outgoing connections to node 7 server 
2022-07-13 04:05:34,821 socket_client_ng.py [line:77] _connect INFO node 5's socket client fails to make connection to node 7 server 
2022-07-13 04:05:34,821 socket_client_ng.py [line:66] _connect INFO node 5's socket client starts to make outgoing connections to node 8 server 
2022-07-13 04:05:34,822 socket_client_ng.py [line:77] _connect INFO node 5's socket client fails to make connection to node 8 server 
2022-07-13 04:05:34,822 socket_client_ng.py [line:66] _connect INFO node 5's socket client starts to make outgoing connections to node 9 server 
2022-07-13 04:05:34,822 socket_client_ng.py [line:77] _connect INFO node 5's socket client fails to make connection to node 9 server 
2022-07-13 04:05:34,822 socket_client_ng.py [line:66] _connect INFO node 5's socket client starts to make outgoing connections to node 11 server 
2022-07-13 04:05:34,822 socket_client_ng.py [line:77] _connect INFO node 5's socket client fails to make connection to node 11 server 
2022-07-13 04:05:34,822 socket_client_ng.py [line:66] _connect INFO node 5's socket client starts to make outgoing connections to node 13 server 
2022-07-13 04:05:34,823 socket_client_ng.py [line:77] _connect INFO node 5's socket client fails to make connection to node 13 server 
2022-07-13 04:05:34,823 socket_client_ng.py [line:66] _connect INFO node 5's socket client starts to make outgoing connections to node 14 server 
2022-07-13 04:05:34,823 socket_client_ng.py [line:77] _connect INFO node 5's socket client fails to make connection to node 14 server 
2022-07-13 04:05:34,823 socket_client_ng.py [line:66] _connect INFO node 5's socket client starts to make outgoing connections to node 15 server 
2022-07-13 04:05:34,823 socket_client_ng.py [line:77] _connect INFO node 5's socket client fails to make connection to node 15 server 
2022-07-13 04:05:34,823 socket_client_ng.py [line:66] _connect INFO node 5's socket client starts to make outgoing connections to node 0 server 
2022-07-13 04:05:34,823 socket_client_ng.py [line:77] _connect INFO node 5's socket client fails to make connection to node 0 server 
2022-07-13 04:05:34,824 socket_client_ng.py [line:66] _connect INFO node 5's socket client starts to make outgoing connections to node 3 server 
2022-07-13 04:05:34,824 socket_client_ng.py [line:77] _connect INFO node 5's socket client fails to make connection to node 3 server 
2022-07-13 04:05:34,824 socket_client_ng.py [line:66] _connect INFO node 5's socket client starts to make outgoing connections to node 4 server 
2022-07-13 04:05:34,824 socket_client_ng.py [line:77] _connect INFO node 5's socket client fails to make connection to node 4 server 
2022-07-13 04:05:34,824 socket_client_ng.py [line:66] _connect INFO node 5's socket client starts to make outgoing connections to node 7 server 
2022-07-13 04:05:34,825 socket_client_ng.py [line:77] _connect INFO node 5's socket client fails to make connection to node 7 server 
2022-07-13 04:05:34,825 socket_client_ng.py [line:66] _connect INFO node 5's socket client starts to make outgoing connections to node 8 server 
2022-07-13 04:05:34,825 socket_client_ng.py [line:77] _connect INFO node 5's socket client fails to make connection to node 8 server 
2022-07-13 04:05:34,825 socket_client_ng.py [line:66] _connect INFO node 5's socket client starts to make outgoing connections to node 9 server 
2022-07-13 04:05:34,825 socket_client_ng.py [line:77] _connect INFO node 5's socket client fails to make connection to node 9 server 
2022-07-13 04:05:34,825 socket_client_ng.py [line:66] _connect INFO node 5's socket client starts to make outgoing connections to node 11 server 
2022-07-13 04:05:34,826 socket_client_ng.py [line:77] _connect INFO node 5's socket client fails to make connection to node 11 server 
2022-07-13 04:05:34,826 socket_client_ng.py [line:66] _connect INFO node 5's socket client starts to make outgoing connections to node 13 server 
2022-07-13 04:05:34,826 socket_client_ng.py [line:77] _connect INFO node 5's socket client fails to make connection to node 13 server 
2022-07-13 04:05:34,826 socket_client_ng.py [line:66] _connect INFO node 5's socket client starts to make outgoing connections to node 14 server 
2022-07-13 04:05:34,826 socket_client_ng.py [line:77] _connect INFO node 5's socket client fails to make connection to node 14 server 
2022-07-13 04:05:34,826 socket_client_ng.py [line:66] _connect INFO node 5's socket client starts to make outgoing connections to node 15 server 
2022-07-13 04:05:34,827 socket_client_ng.py [line:77] _connect INFO node 5's socket client fails to make connection to node 15 server 
2022-07-13 04:05:34,827 socket_client_ng.py [line:66] _connect INFO node 5's socket client starts to make outgoing connections to node 0 server 
2022-07-13 04:05:34,827 socket_client_ng.py [line:77] _connect INFO node 5's socket client fails to make connection to node 0 server 
2022-07-13 04:05:34,827 socket_client_ng.py [line:66] _connect INFO node 5's socket client starts to make outgoing connections to node 3 server 
2022-07-13 04:05:34,827 socket_client_ng.py [line:77] _connect INFO node 5's socket client fails to make connection to node 3 server 
2022-07-13 04:05:34,827 socket_client_ng.py [line:66] _connect INFO node 5's socket client starts to make outgoing connections to node 4 server 
2022-07-13 04:05:34,828 socket_client_ng.py [line:77] _connect INFO node 5's socket client fails to make connection to node 4 server 
2022-07-13 04:05:34,828 socket_client_ng.py [line:66] _connect INFO node 5's socket client starts to make outgoing connections to node 7 server 
2022-07-13 04:05:34,828 socket_client_ng.py [line:77] _connect INFO node 5's socket client fails to make connection to node 7 server 
2022-07-13 04:05:34,828 socket_client_ng.py [line:66] _connect INFO node 5's socket client starts to make outgoing connections to node 8 server 
2022-07-13 04:05:34,828 socket_client_ng.py [line:77] _connect INFO node 5's socket client fails to make connection to node 8 server 
2022-07-13 04:05:34,828 socket_client_ng.py [line:66] _connect INFO node 5's socket client starts to make outgoing connections to node 9 server 
2022-07-13 04:05:34,828 socket_client_ng.py [line:77] _connect INFO node 5's socket client fails to make connection to node 9 server 
2022-07-13 04:05:34,829 socket_client_ng.py [line:66] _connect INFO node 5's socket client starts to make outgoing connections to node 11 server 
2022-07-13 04:05:34,829 socket_client_ng.py [line:77] _connect INFO node 5's socket client fails to make connection to node 11 server 
2022-07-13 04:05:34,829 socket_client_ng.py [line:66] _connect INFO node 5's socket client starts to make outgoing connections to node 13 server 
2022-07-13 04:05:34,829 socket_client_ng.py [line:77] _connect INFO node 5's socket client fails to make connection to node 13 server 
2022-07-13 04:05:34,829 socket_client_ng.py [line:66] _connect INFO node 5's socket client starts to make outgoing connections to node 14 server 
2022-07-13 04:05:34,829 socket_client_ng.py [line:77] _connect INFO node 5's socket client fails to make connection to node 14 server 
2022-07-13 04:05:34,830 socket_client_ng.py [line:66] _connect INFO node 5's socket client starts to make outgoing connections to node 15 server 
2022-07-13 04:05:34,830 socket_client_ng.py [line:77] _connect INFO node 5's socket client fails to make connection to node 15 server 
2022-07-13 04:05:34,830 socket_client_ng.py [line:66] _connect INFO node 5's socket client starts to make outgoing connections to node 0 server 
2022-07-13 04:05:34,830 socket_client_ng.py [line:77] _connect INFO node 5's socket client fails to make connection to node 0 server 
2022-07-13 04:05:34,830 socket_client_ng.py [line:66] _connect INFO node 5's socket client starts to make outgoing connections to node 3 server 
2022-07-13 04:05:34,830 socket_client_ng.py [line:77] _connect INFO node 5's socket client fails to make connection to node 3 server 
2022-07-13 04:05:34,830 socket_client_ng.py [line:66] _connect INFO node 5's socket client starts to make outgoing connections to node 4 server 
2022-07-13 04:05:34,831 socket_client_ng.py [line:77] _connect INFO node 5's socket client fails to make connection to node 4 server 
2022-07-13 04:05:34,831 socket_client_ng.py [line:66] _connect INFO node 5's socket client starts to make outgoing connections to node 7 server 
2022-07-13 04:05:34,831 socket_client_ng.py [line:77] _connect INFO node 5's socket client fails to make connection to node 7 server 
2022-07-13 04:05:34,831 socket_client_ng.py [line:66] _connect INFO node 5's socket client starts to make outgoing connections to node 8 server 
2022-07-13 04:05:34,831 socket_client_ng.py [line:77] _connect INFO node 5's socket client fails to make connection to node 8 server 
2022-07-13 04:05:34,831 socket_client_ng.py [line:66] _connect INFO node 5's socket client starts to make outgoing connections to node 9 server 
2022-07-13 04:05:34,832 socket_client_ng.py [line:77] _connect INFO node 5's socket client fails to make connection to node 9 server 
2022-07-13 04:05:34,832 socket_client_ng.py [line:66] _connect INFO node 5's socket client starts to make outgoing connections to node 11 server 
2022-07-13 04:05:34,832 socket_client_ng.py [line:77] _connect INFO node 5's socket client fails to make connection to node 11 server 
2022-07-13 04:05:34,832 socket_client_ng.py [line:66] _connect INFO node 5's socket client starts to make outgoing connections to node 13 server 
2022-07-13 04:05:34,832 socket_client_ng.py [line:77] _connect INFO node 5's socket client fails to make connection to node 13 server 
2022-07-13 04:05:34,832 socket_client_ng.py [line:66] _connect INFO node 5's socket client starts to make outgoing connections to node 14 server 
2022-07-13 04:05:34,833 socket_client_ng.py [line:77] _connect INFO node 5's socket client fails to make connection to node 14 server 
2022-07-13 04:05:34,833 socket_client_ng.py [line:66] _connect INFO node 5's socket client starts to make outgoing connections to node 15 server 
2022-07-13 04:05:34,833 socket_client_ng.py [line:77] _connect INFO node 5's socket client fails to make connection to node 15 server 
2022-07-13 04:05:34,833 socket_client_ng.py [line:66] _connect INFO node 5's socket client starts to make outgoing connections to node 0 server 
2022-07-13 04:05:34,833 socket_client_ng.py [line:77] _connect INFO node 5's socket client fails to make connection to node 0 server 
2022-07-13 04:05:34,833 socket_client_ng.py [line:66] _connect INFO node 5's socket client starts to make outgoing connections to node 3 server 
2022-07-13 04:05:34,834 socket_client_ng.py [line:77] _connect INFO node 5's socket client fails to make connection to node 3 server 
2022-07-13 04:05:34,834 socket_client_ng.py [line:66] _connect INFO node 5's socket client starts to make outgoing connections to node 4 server 
2022-07-13 04:05:34,834 socket_client_ng.py [line:77] _connect INFO node 5's socket client fails to make connection to node 4 server 
2022-07-13 04:05:34,834 socket_client_ng.py [line:66] _connect INFO node 5's socket client starts to make outgoing connections to node 7 server 
2022-07-13 04:05:34,834 socket_client_ng.py [line:77] _connect INFO node 5's socket client fails to make connection to node 7 server 
2022-07-13 04:05:34,834 socket_client_ng.py [line:66] _connect INFO node 5's socket client starts to make outgoing connections to node 8 server 
2022-07-13 04:05:34,835 socket_client_ng.py [line:77] _connect INFO node 5's socket client fails to make connection to node 8 server 
2022-07-13 04:05:34,835 socket_client_ng.py [line:66] _connect INFO node 5's socket client starts to make outgoing connections to node 9 server 
2022-07-13 04:05:34,835 socket_client_ng.py [line:77] _connect INFO node 5's socket client fails to make connection to node 9 server 
2022-07-13 04:05:34,835 socket_client_ng.py [line:66] _connect INFO node 5's socket client starts to make outgoing connections to node 11 server 
2022-07-13 04:05:34,835 socket_client_ng.py [line:77] _connect INFO node 5's socket client fails to make connection to node 11 server 
2022-07-13 04:05:34,835 socket_client_ng.py [line:66] _connect INFO node 5's socket client starts to make outgoing connections to node 13 server 
2022-07-13 04:05:34,836 socket_client_ng.py [line:77] _connect INFO node 5's socket client fails to make connection to node 13 server 
2022-07-13 04:05:34,836 socket_client_ng.py [line:66] _connect INFO node 5's socket client starts to make outgoing connections to node 14 server 
2022-07-13 04:05:34,836 socket_client_ng.py [line:77] _connect INFO node 5's socket client fails to make connection to node 14 server 
2022-07-13 04:05:34,836 socket_client_ng.py [line:66] _connect INFO node 5's socket client starts to make outgoing connections to node 15 server 
2022-07-13 04:05:34,836 socket_client_ng.py [line:77] _connect INFO node 5's socket client fails to make connection to node 15 server 
2022-07-13 04:05:34,836 socket_client_ng.py [line:66] _connect INFO node 5's socket client starts to make outgoing connections to node 0 server 
2022-07-13 04:05:34,839 socket_client_ng.py [line:77] _connect INFO node 5's socket client fails to make connection to node 0 server 
2022-07-13 04:05:34,839 socket_client_ng.py [line:66] _connect INFO node 5's socket client starts to make outgoing connections to node 3 server 
2022-07-13 04:05:34,840 socket_client_ng.py [line:77] _connect INFO node 5's socket client fails to make connection to node 3 server 
2022-07-13 04:05:34,840 socket_client_ng.py [line:66] _connect INFO node 5's socket client starts to make outgoing connections to node 4 server 
2022-07-13 04:05:34,840 socket_client_ng.py [line:77] _connect INFO node 5's socket client fails to make connection to node 4 server 
2022-07-13 04:05:34,840 socket_client_ng.py [line:66] _connect INFO node 5's socket client starts to make outgoing connections to node 7 server 
2022-07-13 04:05:34,840 socket_client_ng.py [line:77] _connect INFO node 5's socket client fails to make connection to node 7 server 
2022-07-13 04:05:34,840 socket_client_ng.py [line:66] _connect INFO node 5's socket client starts to make outgoing connections to node 8 server 
2022-07-13 04:05:34,841 socket_client_ng.py [line:77] _connect INFO node 5's socket client fails to make connection to node 8 server 
2022-07-13 04:05:34,841 socket_client_ng.py [line:66] _connect INFO node 5's socket client starts to make outgoing connections to node 9 server 
2022-07-13 04:05:34,844 socket_client_ng.py [line:77] _connect INFO node 5's socket client fails to make connection to node 9 server 
2022-07-13 04:05:34,847 socket_client_ng.py [line:66] _connect INFO node 5's socket client starts to make outgoing connections to node 11 server 
2022-07-13 04:05:34,852 socket_client_ng.py [line:77] _connect INFO node 5's socket client fails to make connection to node 11 server 
2022-07-13 04:05:34,852 socket_client_ng.py [line:66] _connect INFO node 5's socket client starts to make outgoing connections to node 13 server 
2022-07-13 04:05:34,853 socket_client_ng.py [line:77] _connect INFO node 5's socket client fails to make connection to node 13 server 
2022-07-13 04:05:34,854 socket_client_ng.py [line:66] _connect INFO node 5's socket client starts to make outgoing connections to node 14 server 
2022-07-13 04:05:34,855 socket_client_ng.py [line:77] _connect INFO node 5's socket client fails to make connection to node 14 server 
2022-07-13 04:05:34,855 socket_client_ng.py [line:66] _connect INFO node 5's socket client starts to make outgoing connections to node 15 server 
2022-07-13 04:05:34,856 socket_client_ng.py [line:77] _connect INFO node 5's socket client fails to make connection to node 15 server 
2022-07-13 04:05:34,857 socket_client_ng.py [line:66] _connect INFO node 5's socket client starts to make outgoing connections to node 0 server 
2022-07-13 04:05:34,858 socket_client_ng.py [line:74] _connect INFO node 5's socket client made an outgoing connection to node 0 server 
2022-07-13 04:05:34,858 socket_client_ng.py [line:66] _connect INFO node 5's socket client starts to make outgoing connections to node 3 server 
2022-07-13 04:05:34,860 socket_client_ng.py [line:77] _connect INFO node 5's socket client fails to make connection to node 3 server 
2022-07-13 04:05:34,860 socket_client_ng.py [line:66] _connect INFO node 5's socket client starts to make outgoing connections to node 4 server 
2022-07-13 04:05:34,861 socket_client_ng.py [line:77] _connect INFO node 5's socket client fails to make connection to node 4 server 
2022-07-13 04:05:34,862 socket_client_ng.py [line:66] _connect INFO node 5's socket client starts to make outgoing connections to node 7 server 
2022-07-13 04:05:34,862 socket_client_ng.py [line:77] _connect INFO node 5's socket client fails to make connection to node 7 server 
2022-07-13 04:05:34,862 socket_client_ng.py [line:66] _connect INFO node 5's socket client starts to make outgoing connections to node 8 server 
2022-07-13 04:05:34,863 socket_client_ng.py [line:77] _connect INFO node 5's socket client fails to make connection to node 8 server 
2022-07-13 04:05:34,863 socket_client_ng.py [line:66] _connect INFO node 5's socket client starts to make outgoing connections to node 9 server 
2022-07-13 04:05:34,869 socket_client_ng.py [line:77] _connect INFO node 5's socket client fails to make connection to node 9 server 
2022-07-13 04:05:34,869 socket_client_ng.py [line:66] _connect INFO node 5's socket client starts to make outgoing connections to node 11 server 
2022-07-13 04:05:34,870 socket_client_ng.py [line:77] _connect INFO node 5's socket client fails to make connection to node 11 server 
2022-07-13 04:05:34,870 socket_client_ng.py [line:66] _connect INFO node 5's socket client starts to make outgoing connections to node 13 server 
2022-07-13 04:05:34,870 socket_client_ng.py [line:77] _connect INFO node 5's socket client fails to make connection to node 13 server 
2022-07-13 04:05:34,870 socket_client_ng.py [line:66] _connect INFO node 5's socket client starts to make outgoing connections to node 14 server 
2022-07-13 04:05:34,871 socket_client_ng.py [line:77] _connect INFO node 5's socket client fails to make connection to node 14 server 
2022-07-13 04:05:34,871 socket_client_ng.py [line:66] _connect INFO node 5's socket client starts to make outgoing connections to node 15 server 
2022-07-13 04:05:34,872 socket_client_ng.py [line:77] _connect INFO node 5's socket client fails to make connection to node 15 server 
2022-07-13 04:05:34,872 socket_client_ng.py [line:66] _connect INFO node 5's socket client starts to make outgoing connections to node 3 server 
2022-07-13 04:05:34,872 socket_client_ng.py [line:77] _connect INFO node 5's socket client fails to make connection to node 3 server 
2022-07-13 04:05:34,873 socket_client_ng.py [line:66] _connect INFO node 5's socket client starts to make outgoing connections to node 4 server 
2022-07-13 04:05:34,873 socket_client_ng.py [line:77] _connect INFO node 5's socket client fails to make connection to node 4 server 
2022-07-13 04:05:34,873 socket_client_ng.py [line:66] _connect INFO node 5's socket client starts to make outgoing connections to node 7 server 
2022-07-13 04:05:34,874 socket_client_ng.py [line:77] _connect INFO node 5's socket client fails to make connection to node 7 server 
2022-07-13 04:05:34,874 socket_client_ng.py [line:66] _connect INFO node 5's socket client starts to make outgoing connections to node 8 server 
2022-07-13 04:05:34,875 socket_client_ng.py [line:77] _connect INFO node 5's socket client fails to make connection to node 8 server 
2022-07-13 04:05:34,875 socket_client_ng.py [line:66] _connect INFO node 5's socket client starts to make outgoing connections to node 9 server 
2022-07-13 04:05:34,876 socket_client_ng.py [line:77] _connect INFO node 5's socket client fails to make connection to node 9 server 
2022-07-13 04:05:34,876 socket_client_ng.py [line:66] _connect INFO node 5's socket client starts to make outgoing connections to node 11 server 
2022-07-13 04:05:34,876 socket_client_ng.py [line:77] _connect INFO node 5's socket client fails to make connection to node 11 server 
2022-07-13 04:05:34,876 socket_client_ng.py [line:66] _connect INFO node 5's socket client starts to make outgoing connections to node 13 server 
2022-07-13 04:05:34,889 socket_client_ng.py [line:77] _connect INFO node 5's socket client fails to make connection to node 13 server 
2022-07-13 04:05:34,889 socket_client_ng.py [line:66] _connect INFO node 5's socket client starts to make outgoing connections to node 14 server 
2022-07-13 04:05:34,889 socket_client_ng.py [line:77] _connect INFO node 5's socket client fails to make connection to node 14 server 
2022-07-13 04:05:34,889 socket_client_ng.py [line:66] _connect INFO node 5's socket client starts to make outgoing connections to node 15 server 
2022-07-13 04:05:34,890 socket_client_ng.py [line:77] _connect INFO node 5's socket client fails to make connection to node 15 server 
2022-07-13 04:05:34,890 socket_client_ng.py [line:66] _connect INFO node 5's socket client starts to make outgoing connections to node 3 server 
2022-07-13 04:05:34,891 socket_client_ng.py [line:74] _connect INFO node 5's socket client made an outgoing connection to node 3 server 
2022-07-13 04:05:34,891 socket_client_ng.py [line:66] _connect INFO node 5's socket client starts to make outgoing connections to node 4 server 
2022-07-13 04:05:34,891 socket_client_ng.py [line:77] _connect INFO node 5's socket client fails to make connection to node 4 server 
2022-07-13 04:05:34,892 socket_client_ng.py [line:66] _connect INFO node 5's socket client starts to make outgoing connections to node 7 server 
2022-07-13 04:05:34,892 socket_client_ng.py [line:77] _connect INFO node 5's socket client fails to make connection to node 7 server 
2022-07-13 04:05:34,892 socket_client_ng.py [line:66] _connect INFO node 5's socket client starts to make outgoing connections to node 8 server 
2022-07-13 04:05:34,893 socket_client_ng.py [line:77] _connect INFO node 5's socket client fails to make connection to node 8 server 
2022-07-13 04:05:34,893 socket_client_ng.py [line:66] _connect INFO node 5's socket client starts to make outgoing connections to node 9 server 
2022-07-13 04:05:34,894 socket_client_ng.py [line:77] _connect INFO node 5's socket client fails to make connection to node 9 server 
2022-07-13 04:05:34,894 socket_client_ng.py [line:66] _connect INFO node 5's socket client starts to make outgoing connections to node 11 server 
2022-07-13 04:05:34,894 socket_client_ng.py [line:77] _connect INFO node 5's socket client fails to make connection to node 11 server 
2022-07-13 04:05:34,894 socket_client_ng.py [line:66] _connect INFO node 5's socket client starts to make outgoing connections to node 13 server 
2022-07-13 04:05:34,895 socket_client_ng.py [line:77] _connect INFO node 5's socket client fails to make connection to node 13 server 
2022-07-13 04:05:34,895 socket_client_ng.py [line:66] _connect INFO node 5's socket client starts to make outgoing connections to node 14 server 
2022-07-13 04:05:34,896 socket_client_ng.py [line:77] _connect INFO node 5's socket client fails to make connection to node 14 server 
2022-07-13 04:05:34,896 socket_client_ng.py [line:66] _connect INFO node 5's socket client starts to make outgoing connections to node 15 server 
2022-07-13 04:05:34,896 socket_client_ng.py [line:77] _connect INFO node 5's socket client fails to make connection to node 15 server 
2022-07-13 04:05:34,897 socket_client_ng.py [line:66] _connect INFO node 5's socket client starts to make outgoing connections to node 4 server 
2022-07-13 04:05:34,897 socket_client_ng.py [line:77] _connect INFO node 5's socket client fails to make connection to node 4 server 
2022-07-13 04:05:34,898 socket_client_ng.py [line:66] _connect INFO node 5's socket client starts to make outgoing connections to node 7 server 
2022-07-13 04:05:34,898 socket_client_ng.py [line:77] _connect INFO node 5's socket client fails to make connection to node 7 server 
2022-07-13 04:05:34,898 socket_client_ng.py [line:66] _connect INFO node 5's socket client starts to make outgoing connections to node 8 server 
2022-07-13 04:05:34,899 socket_client_ng.py [line:77] _connect INFO node 5's socket client fails to make connection to node 8 server 
2022-07-13 04:05:34,899 socket_client_ng.py [line:66] _connect INFO node 5's socket client starts to make outgoing connections to node 9 server 
2022-07-13 04:05:34,900 socket_client_ng.py [line:77] _connect INFO node 5's socket client fails to make connection to node 9 server 
2022-07-13 04:05:34,900 socket_client_ng.py [line:66] _connect INFO node 5's socket client starts to make outgoing connections to node 11 server 
2022-07-13 04:05:34,901 socket_client_ng.py [line:77] _connect INFO node 5's socket client fails to make connection to node 11 server 
2022-07-13 04:05:34,901 socket_client_ng.py [line:66] _connect INFO node 5's socket client starts to make outgoing connections to node 13 server 
2022-07-13 04:05:34,901 socket_client_ng.py [line:77] _connect INFO node 5's socket client fails to make connection to node 13 server 
2022-07-13 04:05:34,901 socket_client_ng.py [line:66] _connect INFO node 5's socket client starts to make outgoing connections to node 14 server 
2022-07-13 04:05:34,902 socket_client_ng.py [line:77] _connect INFO node 5's socket client fails to make connection to node 14 server 
2022-07-13 04:05:34,902 socket_client_ng.py [line:66] _connect INFO node 5's socket client starts to make outgoing connections to node 15 server 
2022-07-13 04:05:34,903 socket_client_ng.py [line:77] _connect INFO node 5's socket client fails to make connection to node 15 server 
2022-07-13 04:05:34,903 socket_client_ng.py [line:66] _connect INFO node 5's socket client starts to make outgoing connections to node 4 server 
2022-07-13 04:05:34,904 socket_client_ng.py [line:77] _connect INFO node 5's socket client fails to make connection to node 4 server 
2022-07-13 04:05:34,904 socket_client_ng.py [line:66] _connect INFO node 5's socket client starts to make outgoing connections to node 7 server 
2022-07-13 04:05:34,905 socket_client_ng.py [line:77] _connect INFO node 5's socket client fails to make connection to node 7 server 
2022-07-13 04:05:34,905 socket_client_ng.py [line:66] _connect INFO node 5's socket client starts to make outgoing connections to node 8 server 
2022-07-13 04:05:34,905 socket_client_ng.py [line:77] _connect INFO node 5's socket client fails to make connection to node 8 server 
2022-07-13 04:05:34,905 socket_client_ng.py [line:66] _connect INFO node 5's socket client starts to make outgoing connections to node 9 server 
2022-07-13 04:05:34,906 socket_client_ng.py [line:77] _connect INFO node 5's socket client fails to make connection to node 9 server 
2022-07-13 04:05:34,906 socket_client_ng.py [line:66] _connect INFO node 5's socket client starts to make outgoing connections to node 11 server 
2022-07-13 04:05:34,906 socket_client_ng.py [line:77] _connect INFO node 5's socket client fails to make connection to node 11 server 
2022-07-13 04:05:34,907 socket_client_ng.py [line:66] _connect INFO node 5's socket client starts to make outgoing connections to node 13 server 
2022-07-13 04:05:34,908 socket_client_ng.py [line:77] _connect INFO node 5's socket client fails to make connection to node 13 server 
2022-07-13 04:05:34,908 socket_client_ng.py [line:66] _connect INFO node 5's socket client starts to make outgoing connections to node 14 server 
2022-07-13 04:05:34,909 socket_client_ng.py [line:77] _connect INFO node 5's socket client fails to make connection to node 14 server 
2022-07-13 04:05:34,909 socket_client_ng.py [line:66] _connect INFO node 5's socket client starts to make outgoing connections to node 15 server 
2022-07-13 04:05:34,910 socket_client_ng.py [line:77] _connect INFO node 5's socket client fails to make connection to node 15 server 
2022-07-13 04:05:34,910 socket_client_ng.py [line:66] _connect INFO node 5's socket client starts to make outgoing connections to node 4 server 
2022-07-13 04:05:34,911 socket_client_ng.py [line:77] _connect INFO node 5's socket client fails to make connection to node 4 server 
2022-07-13 04:05:34,911 socket_client_ng.py [line:66] _connect INFO node 5's socket client starts to make outgoing connections to node 7 server 
2022-07-13 04:05:34,911 socket_client_ng.py [line:77] _connect INFO node 5's socket client fails to make connection to node 7 server 
2022-07-13 04:05:34,912 socket_client_ng.py [line:66] _connect INFO node 5's socket client starts to make outgoing connections to node 8 server 
2022-07-13 04:05:34,912 socket_client_ng.py [line:77] _connect INFO node 5's socket client fails to make connection to node 8 server 
2022-07-13 04:05:34,913 socket_client_ng.py [line:66] _connect INFO node 5's socket client starts to make outgoing connections to node 9 server 
2022-07-13 04:05:34,913 socket_client_ng.py [line:77] _connect INFO node 5's socket client fails to make connection to node 9 server 
2022-07-13 04:05:34,913 socket_client_ng.py [line:66] _connect INFO node 5's socket client starts to make outgoing connections to node 11 server 
2022-07-13 04:05:34,914 socket_client_ng.py [line:77] _connect INFO node 5's socket client fails to make connection to node 11 server 
2022-07-13 04:05:34,914 socket_client_ng.py [line:66] _connect INFO node 5's socket client starts to make outgoing connections to node 13 server 
2022-07-13 04:05:34,914 socket_client_ng.py [line:77] _connect INFO node 5's socket client fails to make connection to node 13 server 
2022-07-13 04:05:34,915 socket_client_ng.py [line:66] _connect INFO node 5's socket client starts to make outgoing connections to node 14 server 
2022-07-13 04:05:34,915 socket_client_ng.py [line:77] _connect INFO node 5's socket client fails to make connection to node 14 server 
2022-07-13 04:05:34,915 socket_client_ng.py [line:66] _connect INFO node 5's socket client starts to make outgoing connections to node 15 server 
2022-07-13 04:05:34,921 socket_client_ng.py [line:77] _connect INFO node 5's socket client fails to make connection to node 15 server 
2022-07-13 04:05:34,921 socket_client_ng.py [line:66] _connect INFO node 5's socket client starts to make outgoing connections to node 4 server 
2022-07-13 04:05:34,922 socket_client_ng.py [line:77] _connect INFO node 5's socket client fails to make connection to node 4 server 
2022-07-13 04:05:34,922 socket_client_ng.py [line:66] _connect INFO node 5's socket client starts to make outgoing connections to node 7 server 
2022-07-13 04:05:34,922 socket_client_ng.py [line:77] _connect INFO node 5's socket client fails to make connection to node 7 server 
2022-07-13 04:05:34,923 socket_client_ng.py [line:66] _connect INFO node 5's socket client starts to make outgoing connections to node 8 server 
2022-07-13 04:05:34,923 socket_client_ng.py [line:77] _connect INFO node 5's socket client fails to make connection to node 8 server 
2022-07-13 04:05:34,923 socket_client_ng.py [line:66] _connect INFO node 5's socket client starts to make outgoing connections to node 9 server 
2022-07-13 04:05:34,924 socket_client_ng.py [line:77] _connect INFO node 5's socket client fails to make connection to node 9 server 
2022-07-13 04:05:34,924 socket_client_ng.py [line:66] _connect INFO node 5's socket client starts to make outgoing connections to node 11 server 
2022-07-13 04:05:34,925 socket_client_ng.py [line:77] _connect INFO node 5's socket client fails to make connection to node 11 server 
2022-07-13 04:05:34,925 socket_client_ng.py [line:66] _connect INFO node 5's socket client starts to make outgoing connections to node 13 server 
2022-07-13 04:05:34,925 socket_client_ng.py [line:77] _connect INFO node 5's socket client fails to make connection to node 13 server 
2022-07-13 04:05:34,925 socket_client_ng.py [line:66] _connect INFO node 5's socket client starts to make outgoing connections to node 14 server 
2022-07-13 04:05:34,926 socket_client_ng.py [line:77] _connect INFO node 5's socket client fails to make connection to node 14 server 
2022-07-13 04:05:34,926 socket_client_ng.py [line:66] _connect INFO node 5's socket client starts to make outgoing connections to node 15 server 
2022-07-13 04:05:34,927 socket_client_ng.py [line:77] _connect INFO node 5's socket client fails to make connection to node 15 server 
2022-07-13 04:05:34,927 socket_client_ng.py [line:66] _connect INFO node 5's socket client starts to make outgoing connections to node 4 server 
2022-07-13 04:05:34,927 socket_client_ng.py [line:77] _connect INFO node 5's socket client fails to make connection to node 4 server 
2022-07-13 04:05:34,928 socket_client_ng.py [line:66] _connect INFO node 5's socket client starts to make outgoing connections to node 7 server 
2022-07-13 04:05:34,928 socket_client_ng.py [line:77] _connect INFO node 5's socket client fails to make connection to node 7 server 
2022-07-13 04:05:34,928 socket_client_ng.py [line:66] _connect INFO node 5's socket client starts to make outgoing connections to node 8 server 
2022-07-13 04:05:34,929 socket_client_ng.py [line:77] _connect INFO node 5's socket client fails to make connection to node 8 server 
2022-07-13 04:05:34,929 socket_client_ng.py [line:66] _connect INFO node 5's socket client starts to make outgoing connections to node 9 server 
2022-07-13 04:05:34,930 socket_client_ng.py [line:77] _connect INFO node 5's socket client fails to make connection to node 9 server 
2022-07-13 04:05:34,930 socket_client_ng.py [line:66] _connect INFO node 5's socket client starts to make outgoing connections to node 11 server 
2022-07-13 04:05:34,930 socket_client_ng.py [line:77] _connect INFO node 5's socket client fails to make connection to node 11 server 
2022-07-13 04:05:34,930 socket_client_ng.py [line:66] _connect INFO node 5's socket client starts to make outgoing connections to node 13 server 
2022-07-13 04:05:34,933 socket_client_ng.py [line:77] _connect INFO node 5's socket client fails to make connection to node 13 server 
2022-07-13 04:05:34,933 socket_client_ng.py [line:66] _connect INFO node 5's socket client starts to make outgoing connections to node 14 server 
2022-07-13 04:05:34,934 socket_client_ng.py [line:77] _connect INFO node 5's socket client fails to make connection to node 14 server 
2022-07-13 04:05:34,934 socket_client_ng.py [line:66] _connect INFO node 5's socket client starts to make outgoing connections to node 15 server 
2022-07-13 04:05:34,935 socket_client_ng.py [line:74] _connect INFO node 5's socket client made an outgoing connection to node 15 server 
2022-07-13 04:05:34,935 socket_client_ng.py [line:66] _connect INFO node 5's socket client starts to make outgoing connections to node 4 server 
2022-07-13 04:05:34,935 socket_client_ng.py [line:77] _connect INFO node 5's socket client fails to make connection to node 4 server 
2022-07-13 04:05:34,936 socket_client_ng.py [line:66] _connect INFO node 5's socket client starts to make outgoing connections to node 7 server 
2022-07-13 04:05:34,936 socket_client_ng.py [line:77] _connect INFO node 5's socket client fails to make connection to node 7 server 
2022-07-13 04:05:34,936 socket_client_ng.py [line:66] _connect INFO node 5's socket client starts to make outgoing connections to node 8 server 
2022-07-13 04:05:34,939 socket_client_ng.py [line:77] _connect INFO node 5's socket client fails to make connection to node 8 server 
2022-07-13 04:05:34,939 socket_client_ng.py [line:66] _connect INFO node 5's socket client starts to make outgoing connections to node 9 server 
2022-07-13 04:05:34,940 socket_client_ng.py [line:77] _connect INFO node 5's socket client fails to make connection to node 9 server 
2022-07-13 04:05:34,940 socket_client_ng.py [line:66] _connect INFO node 5's socket client starts to make outgoing connections to node 11 server 
2022-07-13 04:05:34,940 socket_client_ng.py [line:77] _connect INFO node 5's socket client fails to make connection to node 11 server 
2022-07-13 04:05:34,941 socket_client_ng.py [line:66] _connect INFO node 5's socket client starts to make outgoing connections to node 13 server 
2022-07-13 04:05:34,941 socket_client_ng.py [line:77] _connect INFO node 5's socket client fails to make connection to node 13 server 
2022-07-13 04:05:34,941 socket_client_ng.py [line:66] _connect INFO node 5's socket client starts to make outgoing connections to node 14 server 
2022-07-13 04:05:34,942 socket_client_ng.py [line:77] _connect INFO node 5's socket client fails to make connection to node 14 server 
2022-07-13 04:05:34,942 socket_client_ng.py [line:66] _connect INFO node 5's socket client starts to make outgoing connections to node 4 server 
2022-07-13 04:05:34,943 socket_client_ng.py [line:77] _connect INFO node 5's socket client fails to make connection to node 4 server 
2022-07-13 04:05:34,943 socket_client_ng.py [line:66] _connect INFO node 5's socket client starts to make outgoing connections to node 7 server 
2022-07-13 04:05:34,944 socket_client_ng.py [line:77] _connect INFO node 5's socket client fails to make connection to node 7 server 
2022-07-13 04:05:34,944 socket_client_ng.py [line:66] _connect INFO node 5's socket client starts to make outgoing connections to node 8 server 
2022-07-13 04:05:34,945 socket_client_ng.py [line:77] _connect INFO node 5's socket client fails to make connection to node 8 server 
2022-07-13 04:05:34,945 socket_client_ng.py [line:66] _connect INFO node 5's socket client starts to make outgoing connections to node 9 server 
2022-07-13 04:05:34,946 socket_client_ng.py [line:77] _connect INFO node 5's socket client fails to make connection to node 9 server 
2022-07-13 04:05:34,946 socket_client_ng.py [line:66] _connect INFO node 5's socket client starts to make outgoing connections to node 11 server 
2022-07-13 04:05:34,946 socket_client_ng.py [line:77] _connect INFO node 5's socket client fails to make connection to node 11 server 
2022-07-13 04:05:34,946 socket_client_ng.py [line:66] _connect INFO node 5's socket client starts to make outgoing connections to node 13 server 
2022-07-13 04:05:34,947 socket_client_ng.py [line:77] _connect INFO node 5's socket client fails to make connection to node 13 server 
2022-07-13 04:05:34,947 socket_client_ng.py [line:66] _connect INFO node 5's socket client starts to make outgoing connections to node 14 server 
2022-07-13 04:05:34,948 socket_client_ng.py [line:77] _connect INFO node 5's socket client fails to make connection to node 14 server 
2022-07-13 04:05:34,948 socket_client_ng.py [line:66] _connect INFO node 5's socket client starts to make outgoing connections to node 4 server 
2022-07-13 04:05:34,948 socket_client_ng.py [line:77] _connect INFO node 5's socket client fails to make connection to node 4 server 
2022-07-13 04:05:34,948 socket_client_ng.py [line:66] _connect INFO node 5's socket client starts to make outgoing connections to node 7 server 
2022-07-13 04:05:34,949 socket_client_ng.py [line:77] _connect INFO node 5's socket client fails to make connection to node 7 server 
2022-07-13 04:05:34,949 socket_client_ng.py [line:66] _connect INFO node 5's socket client starts to make outgoing connections to node 8 server 
2022-07-13 04:05:34,950 socket_client_ng.py [line:77] _connect INFO node 5's socket client fails to make connection to node 8 server 
2022-07-13 04:05:34,950 socket_client_ng.py [line:66] _connect INFO node 5's socket client starts to make outgoing connections to node 9 server 
2022-07-13 04:05:34,950 socket_client_ng.py [line:77] _connect INFO node 5's socket client fails to make connection to node 9 server 
2022-07-13 04:05:34,950 socket_client_ng.py [line:66] _connect INFO node 5's socket client starts to make outgoing connections to node 11 server 
2022-07-13 04:05:34,951 socket_client_ng.py [line:77] _connect INFO node 5's socket client fails to make connection to node 11 server 
2022-07-13 04:05:34,951 socket_client_ng.py [line:66] _connect INFO node 5's socket client starts to make outgoing connections to node 13 server 
2022-07-13 04:05:34,952 socket_client_ng.py [line:77] _connect INFO node 5's socket client fails to make connection to node 13 server 
2022-07-13 04:05:34,952 socket_client_ng.py [line:66] _connect INFO node 5's socket client starts to make outgoing connections to node 14 server 
2022-07-13 04:05:34,952 socket_client_ng.py [line:77] _connect INFO node 5's socket client fails to make connection to node 14 server 
2022-07-13 04:05:34,952 socket_client_ng.py [line:66] _connect INFO node 5's socket client starts to make outgoing connections to node 4 server 
2022-07-13 04:05:34,953 socket_client_ng.py [line:77] _connect INFO node 5's socket client fails to make connection to node 4 server 
2022-07-13 04:05:34,953 socket_client_ng.py [line:66] _connect INFO node 5's socket client starts to make outgoing connections to node 7 server 
2022-07-13 04:05:34,954 socket_client_ng.py [line:74] _connect INFO node 5's socket client made an outgoing connection to node 7 server 
2022-07-13 04:05:34,954 socket_client_ng.py [line:66] _connect INFO node 5's socket client starts to make outgoing connections to node 8 server 
2022-07-13 04:05:34,955 socket_client_ng.py [line:77] _connect INFO node 5's socket client fails to make connection to node 8 server 
2022-07-13 04:05:34,955 socket_client_ng.py [line:66] _connect INFO node 5's socket client starts to make outgoing connections to node 9 server 
2022-07-13 04:05:34,955 socket_client_ng.py [line:77] _connect INFO node 5's socket client fails to make connection to node 9 server 
2022-07-13 04:05:34,955 socket_client_ng.py [line:66] _connect INFO node 5's socket client starts to make outgoing connections to node 11 server 
2022-07-13 04:05:34,956 socket_client_ng.py [line:77] _connect INFO node 5's socket client fails to make connection to node 11 server 
2022-07-13 04:05:34,956 socket_client_ng.py [line:66] _connect INFO node 5's socket client starts to make outgoing connections to node 13 server 
2022-07-13 04:05:34,957 socket_client_ng.py [line:77] _connect INFO node 5's socket client fails to make connection to node 13 server 
2022-07-13 04:05:34,957 socket_client_ng.py [line:66] _connect INFO node 5's socket client starts to make outgoing connections to node 14 server 
2022-07-13 04:05:34,958 socket_client_ng.py [line:77] _connect INFO node 5's socket client fails to make connection to node 14 server 
2022-07-13 04:05:34,959 socket_client_ng.py [line:66] _connect INFO node 5's socket client starts to make outgoing connections to node 4 server 
2022-07-13 04:05:34,959 socket_client_ng.py [line:77] _connect INFO node 5's socket client fails to make connection to node 4 server 
2022-07-13 04:05:34,959 socket_client_ng.py [line:66] _connect INFO node 5's socket client starts to make outgoing connections to node 8 server 
2022-07-13 04:05:34,960 socket_client_ng.py [line:77] _connect INFO node 5's socket client fails to make connection to node 8 server 
2022-07-13 04:05:34,960 socket_client_ng.py [line:66] _connect INFO node 5's socket client starts to make outgoing connections to node 9 server 
2022-07-13 04:05:34,961 socket_client_ng.py [line:77] _connect INFO node 5's socket client fails to make connection to node 9 server 
2022-07-13 04:05:34,961 socket_client_ng.py [line:66] _connect INFO node 5's socket client starts to make outgoing connections to node 11 server 
2022-07-13 04:05:34,962 socket_client_ng.py [line:77] _connect INFO node 5's socket client fails to make connection to node 11 server 
2022-07-13 04:05:34,962 socket_client_ng.py [line:66] _connect INFO node 5's socket client starts to make outgoing connections to node 13 server 
2022-07-13 04:05:34,963 socket_client_ng.py [line:77] _connect INFO node 5's socket client fails to make connection to node 13 server 
2022-07-13 04:05:34,963 socket_client_ng.py [line:66] _connect INFO node 5's socket client starts to make outgoing connections to node 14 server 
2022-07-13 04:05:34,964 socket_client_ng.py [line:77] _connect INFO node 5's socket client fails to make connection to node 14 server 
2022-07-13 04:05:34,964 socket_client_ng.py [line:66] _connect INFO node 5's socket client starts to make outgoing connections to node 4 server 
2022-07-13 04:05:34,964 socket_client_ng.py [line:77] _connect INFO node 5's socket client fails to make connection to node 4 server 
2022-07-13 04:05:34,964 socket_client_ng.py [line:66] _connect INFO node 5's socket client starts to make outgoing connections to node 8 server 
2022-07-13 04:05:34,965 socket_client_ng.py [line:77] _connect INFO node 5's socket client fails to make connection to node 8 server 
2022-07-13 04:05:34,965 socket_client_ng.py [line:66] _connect INFO node 5's socket client starts to make outgoing connections to node 9 server 
2022-07-13 04:05:34,966 socket_client_ng.py [line:77] _connect INFO node 5's socket client fails to make connection to node 9 server 
2022-07-13 04:05:34,966 socket_client_ng.py [line:66] _connect INFO node 5's socket client starts to make outgoing connections to node 11 server 
2022-07-13 04:05:34,966 socket_client_ng.py [line:77] _connect INFO node 5's socket client fails to make connection to node 11 server 
2022-07-13 04:05:34,966 socket_client_ng.py [line:66] _connect INFO node 5's socket client starts to make outgoing connections to node 13 server 
2022-07-13 04:05:34,967 socket_client_ng.py [line:77] _connect INFO node 5's socket client fails to make connection to node 13 server 
2022-07-13 04:05:34,967 socket_client_ng.py [line:66] _connect INFO node 5's socket client starts to make outgoing connections to node 14 server 
2022-07-13 04:05:34,968 socket_client_ng.py [line:77] _connect INFO node 5's socket client fails to make connection to node 14 server 
2022-07-13 04:05:34,968 socket_client_ng.py [line:66] _connect INFO node 5's socket client starts to make outgoing connections to node 4 server 
2022-07-13 04:05:34,968 socket_client_ng.py [line:77] _connect INFO node 5's socket client fails to make connection to node 4 server 
2022-07-13 04:05:34,968 socket_client_ng.py [line:66] _connect INFO node 5's socket client starts to make outgoing connections to node 8 server 
2022-07-13 04:05:34,969 socket_client_ng.py [line:77] _connect INFO node 5's socket client fails to make connection to node 8 server 
2022-07-13 04:05:34,969 socket_client_ng.py [line:66] _connect INFO node 5's socket client starts to make outgoing connections to node 9 server 
2022-07-13 04:05:34,970 socket_client_ng.py [line:77] _connect INFO node 5's socket client fails to make connection to node 9 server 
2022-07-13 04:05:34,970 socket_client_ng.py [line:66] _connect INFO node 5's socket client starts to make outgoing connections to node 11 server 
2022-07-13 04:05:34,970 socket_client_ng.py [line:77] _connect INFO node 5's socket client fails to make connection to node 11 server 
2022-07-13 04:05:34,970 socket_client_ng.py [line:66] _connect INFO node 5's socket client starts to make outgoing connections to node 13 server 
2022-07-13 04:05:34,971 socket_client_ng.py [line:77] _connect INFO node 5's socket client fails to make connection to node 13 server 
2022-07-13 04:05:34,971 socket_client_ng.py [line:66] _connect INFO node 5's socket client starts to make outgoing connections to node 14 server 
2022-07-13 04:05:34,972 socket_client_ng.py [line:77] _connect INFO node 5's socket client fails to make connection to node 14 server 
2022-07-13 04:05:34,972 socket_client_ng.py [line:66] _connect INFO node 5's socket client starts to make outgoing connections to node 4 server 
2022-07-13 04:05:34,972 socket_client_ng.py [line:77] _connect INFO node 5's socket client fails to make connection to node 4 server 
2022-07-13 04:05:34,973 socket_client_ng.py [line:66] _connect INFO node 5's socket client starts to make outgoing connections to node 8 server 
2022-07-13 04:05:34,974 socket_client_ng.py [line:77] _connect INFO node 5's socket client fails to make connection to node 8 server 
2022-07-13 04:05:34,974 socket_client_ng.py [line:66] _connect INFO node 5's socket client starts to make outgoing connections to node 9 server 
2022-07-13 04:05:34,975 socket_client_ng.py [line:77] _connect INFO node 5's socket client fails to make connection to node 9 server 
2022-07-13 04:05:34,975 socket_client_ng.py [line:66] _connect INFO node 5's socket client starts to make outgoing connections to node 11 server 
2022-07-13 04:05:34,976 socket_client_ng.py [line:77] _connect INFO node 5's socket client fails to make connection to node 11 server 
2022-07-13 04:05:34,976 socket_client_ng.py [line:66] _connect INFO node 5's socket client starts to make outgoing connections to node 13 server 
2022-07-13 04:05:34,977 socket_client_ng.py [line:77] _connect INFO node 5's socket client fails to make connection to node 13 server 
2022-07-13 04:05:34,977 socket_client_ng.py [line:66] _connect INFO node 5's socket client starts to make outgoing connections to node 14 server 
2022-07-13 04:05:34,977 socket_client_ng.py [line:77] _connect INFO node 5's socket client fails to make connection to node 14 server 
2022-07-13 04:05:34,977 socket_client_ng.py [line:66] _connect INFO node 5's socket client starts to make outgoing connections to node 4 server 
2022-07-13 04:05:34,978 socket_client_ng.py [line:77] _connect INFO node 5's socket client fails to make connection to node 4 server 
2022-07-13 04:05:34,978 socket_client_ng.py [line:66] _connect INFO node 5's socket client starts to make outgoing connections to node 8 server 
2022-07-13 04:05:34,979 socket_client_ng.py [line:77] _connect INFO node 5's socket client fails to make connection to node 8 server 
2022-07-13 04:05:34,979 socket_client_ng.py [line:66] _connect INFO node 5's socket client starts to make outgoing connections to node 9 server 
2022-07-13 04:05:34,980 socket_client_ng.py [line:77] _connect INFO node 5's socket client fails to make connection to node 9 server 
2022-07-13 04:05:34,980 socket_client_ng.py [line:66] _connect INFO node 5's socket client starts to make outgoing connections to node 11 server 
2022-07-13 04:05:34,980 socket_client_ng.py [line:77] _connect INFO node 5's socket client fails to make connection to node 11 server 
2022-07-13 04:05:34,980 socket_client_ng.py [line:66] _connect INFO node 5's socket client starts to make outgoing connections to node 13 server 
2022-07-13 04:05:34,981 socket_client_ng.py [line:74] _connect INFO node 5's socket client made an outgoing connection to node 13 server 
2022-07-13 04:05:34,981 socket_client_ng.py [line:66] _connect INFO node 5's socket client starts to make outgoing connections to node 14 server 
2022-07-13 04:05:34,982 socket_client_ng.py [line:77] _connect INFO node 5's socket client fails to make connection to node 14 server 
2022-07-13 04:05:34,982 socket_client_ng.py [line:66] _connect INFO node 5's socket client starts to make outgoing connections to node 4 server 
2022-07-13 04:05:34,983 socket_client_ng.py [line:77] _connect INFO node 5's socket client fails to make connection to node 4 server 
2022-07-13 04:05:34,983 socket_client_ng.py [line:66] _connect INFO node 5's socket client starts to make outgoing connections to node 8 server 
2022-07-13 04:05:34,984 socket_client_ng.py [line:77] _connect INFO node 5's socket client fails to make connection to node 8 server 
2022-07-13 04:05:34,984 socket_client_ng.py [line:66] _connect INFO node 5's socket client starts to make outgoing connections to node 9 server 
2022-07-13 04:05:34,984 socket_client_ng.py [line:77] _connect INFO node 5's socket client fails to make connection to node 9 server 
2022-07-13 04:05:34,984 socket_client_ng.py [line:66] _connect INFO node 5's socket client starts to make outgoing connections to node 11 server 
2022-07-13 04:05:34,985 socket_client_ng.py [line:77] _connect INFO node 5's socket client fails to make connection to node 11 server 
2022-07-13 04:05:34,985 socket_client_ng.py [line:66] _connect INFO node 5's socket client starts to make outgoing connections to node 14 server 
2022-07-13 04:05:34,986 socket_client_ng.py [line:77] _connect INFO node 5's socket client fails to make connection to node 14 server 
2022-07-13 04:05:34,986 socket_client_ng.py [line:66] _connect INFO node 5's socket client starts to make outgoing connections to node 4 server 
2022-07-13 04:05:34,987 socket_client_ng.py [line:77] _connect INFO node 5's socket client fails to make connection to node 4 server 
2022-07-13 04:05:34,987 socket_client_ng.py [line:66] _connect INFO node 5's socket client starts to make outgoing connections to node 8 server 
2022-07-13 04:05:34,987 socket_client_ng.py [line:77] _connect INFO node 5's socket client fails to make connection to node 8 server 
2022-07-13 04:05:34,987 socket_client_ng.py [line:66] _connect INFO node 5's socket client starts to make outgoing connections to node 9 server 
2022-07-13 04:05:34,988 socket_client_ng.py [line:77] _connect INFO node 5's socket client fails to make connection to node 9 server 
2022-07-13 04:05:34,988 socket_client_ng.py [line:66] _connect INFO node 5's socket client starts to make outgoing connections to node 11 server 
2022-07-13 04:05:34,989 socket_client_ng.py [line:77] _connect INFO node 5's socket client fails to make connection to node 11 server 
2022-07-13 04:05:34,989 socket_client_ng.py [line:66] _connect INFO node 5's socket client starts to make outgoing connections to node 14 server 
2022-07-13 04:05:34,989 socket_client_ng.py [line:77] _connect INFO node 5's socket client fails to make connection to node 14 server 
2022-07-13 04:05:34,990 socket_client_ng.py [line:66] _connect INFO node 5's socket client starts to make outgoing connections to node 4 server 
2022-07-13 04:05:34,990 socket_client_ng.py [line:77] _connect INFO node 5's socket client fails to make connection to node 4 server 
2022-07-13 04:05:34,990 socket_client_ng.py [line:66] _connect INFO node 5's socket client starts to make outgoing connections to node 8 server 
2022-07-13 04:05:34,991 socket_client_ng.py [line:77] _connect INFO node 5's socket client fails to make connection to node 8 server 
2022-07-13 04:05:34,991 socket_client_ng.py [line:66] _connect INFO node 5's socket client starts to make outgoing connections to node 9 server 
2022-07-13 04:05:34,992 socket_client_ng.py [line:77] _connect INFO node 5's socket client fails to make connection to node 9 server 
2022-07-13 04:05:34,992 socket_client_ng.py [line:66] _connect INFO node 5's socket client starts to make outgoing connections to node 11 server 
2022-07-13 04:05:34,992 socket_client_ng.py [line:77] _connect INFO node 5's socket client fails to make connection to node 11 server 
2022-07-13 04:05:34,992 socket_client_ng.py [line:66] _connect INFO node 5's socket client starts to make outgoing connections to node 14 server 
2022-07-13 04:05:34,993 socket_client_ng.py [line:77] _connect INFO node 5's socket client fails to make connection to node 14 server 
2022-07-13 04:05:34,993 socket_client_ng.py [line:66] _connect INFO node 5's socket client starts to make outgoing connections to node 4 server 
2022-07-13 04:05:34,994 socket_client_ng.py [line:77] _connect INFO node 5's socket client fails to make connection to node 4 server 
2022-07-13 04:05:34,994 socket_client_ng.py [line:66] _connect INFO node 5's socket client starts to make outgoing connections to node 8 server 
2022-07-13 04:05:34,994 socket_client_ng.py [line:77] _connect INFO node 5's socket client fails to make connection to node 8 server 
2022-07-13 04:05:34,995 socket_client_ng.py [line:66] _connect INFO node 5's socket client starts to make outgoing connections to node 9 server 
2022-07-13 04:05:34,995 socket_client_ng.py [line:77] _connect INFO node 5's socket client fails to make connection to node 9 server 
2022-07-13 04:05:34,995 socket_client_ng.py [line:66] _connect INFO node 5's socket client starts to make outgoing connections to node 11 server 
2022-07-13 04:05:34,996 socket_client_ng.py [line:77] _connect INFO node 5's socket client fails to make connection to node 11 server 
2022-07-13 04:05:34,996 socket_client_ng.py [line:66] _connect INFO node 5's socket client starts to make outgoing connections to node 14 server 
2022-07-13 04:05:34,996 socket_client_ng.py [line:77] _connect INFO node 5's socket client fails to make connection to node 14 server 
2022-07-13 04:05:34,997 socket_client_ng.py [line:66] _connect INFO node 5's socket client starts to make outgoing connections to node 4 server 
2022-07-13 04:05:34,997 socket_client_ng.py [line:77] _connect INFO node 5's socket client fails to make connection to node 4 server 
2022-07-13 04:05:34,997 socket_client_ng.py [line:66] _connect INFO node 5's socket client starts to make outgoing connections to node 8 server 
2022-07-13 04:05:34,998 socket_client_ng.py [line:77] _connect INFO node 5's socket client fails to make connection to node 8 server 
2022-07-13 04:05:34,998 socket_client_ng.py [line:66] _connect INFO node 5's socket client starts to make outgoing connections to node 9 server 
2022-07-13 04:05:34,998 socket_client_ng.py [line:77] _connect INFO node 5's socket client fails to make connection to node 9 server 
2022-07-13 04:05:34,999 socket_client_ng.py [line:66] _connect INFO node 5's socket client starts to make outgoing connections to node 11 server 
2022-07-13 04:05:34,999 socket_client_ng.py [line:77] _connect INFO node 5's socket client fails to make connection to node 11 server 
2022-07-13 04:05:34,999 socket_client_ng.py [line:66] _connect INFO node 5's socket client starts to make outgoing connections to node 14 server 
2022-07-13 04:05:35,000 socket_client_ng.py [line:77] _connect INFO node 5's socket client fails to make connection to node 14 server 
2022-07-13 04:05:35,000 socket_client_ng.py [line:66] _connect INFO node 5's socket client starts to make outgoing connections to node 4 server 
2022-07-13 04:05:35,001 socket_client_ng.py [line:77] _connect INFO node 5's socket client fails to make connection to node 4 server 
2022-07-13 04:05:35,001 socket_client_ng.py [line:66] _connect INFO node 5's socket client starts to make outgoing connections to node 8 server 
2022-07-13 04:05:35,002 socket_client_ng.py [line:77] _connect INFO node 5's socket client fails to make connection to node 8 server 
2022-07-13 04:05:35,002 socket_client_ng.py [line:66] _connect INFO node 5's socket client starts to make outgoing connections to node 9 server 
2022-07-13 04:05:35,003 socket_client_ng.py [line:77] _connect INFO node 5's socket client fails to make connection to node 9 server 
2022-07-13 04:05:35,004 socket_client_ng.py [line:66] _connect INFO node 5's socket client starts to make outgoing connections to node 11 server 
2022-07-13 04:05:35,005 socket_client_ng.py [line:77] _connect INFO node 5's socket client fails to make connection to node 11 server 
2022-07-13 04:05:35,005 socket_client_ng.py [line:66] _connect INFO node 5's socket client starts to make outgoing connections to node 14 server 
2022-07-13 04:05:35,006 socket_client_ng.py [line:77] _connect INFO node 5's socket client fails to make connection to node 14 server 
2022-07-13 04:05:35,006 socket_client_ng.py [line:66] _connect INFO node 5's socket client starts to make outgoing connections to node 4 server 
2022-07-13 04:05:35,007 socket_client_ng.py [line:77] _connect INFO node 5's socket client fails to make connection to node 4 server 
2022-07-13 04:05:35,007 socket_client_ng.py [line:66] _connect INFO node 5's socket client starts to make outgoing connections to node 8 server 
2022-07-13 04:05:35,009 socket_client_ng.py [line:77] _connect INFO node 5's socket client fails to make connection to node 8 server 
2022-07-13 04:05:35,009 socket_client_ng.py [line:66] _connect INFO node 5's socket client starts to make outgoing connections to node 9 server 
2022-07-13 04:05:35,010 socket_client_ng.py [line:77] _connect INFO node 5's socket client fails to make connection to node 9 server 
2022-07-13 04:05:35,010 socket_client_ng.py [line:66] _connect INFO node 5's socket client starts to make outgoing connections to node 11 server 
2022-07-13 04:05:35,011 socket_client_ng.py [line:77] _connect INFO node 5's socket client fails to make connection to node 11 server 
2022-07-13 04:05:35,011 socket_client_ng.py [line:66] _connect INFO node 5's socket client starts to make outgoing connections to node 14 server 
2022-07-13 04:05:35,012 socket_client_ng.py [line:77] _connect INFO node 5's socket client fails to make connection to node 14 server 
2022-07-13 04:05:35,012 socket_client_ng.py [line:66] _connect INFO node 5's socket client starts to make outgoing connections to node 4 server 
2022-07-13 04:05:35,013 socket_client_ng.py [line:77] _connect INFO node 5's socket client fails to make connection to node 4 server 
2022-07-13 04:05:35,013 socket_client_ng.py [line:66] _connect INFO node 5's socket client starts to make outgoing connections to node 8 server 
2022-07-13 04:05:35,014 socket_client_ng.py [line:77] _connect INFO node 5's socket client fails to make connection to node 8 server 
2022-07-13 04:05:35,014 socket_client_ng.py [line:66] _connect INFO node 5's socket client starts to make outgoing connections to node 9 server 
2022-07-13 04:05:35,015 socket_client_ng.py [line:77] _connect INFO node 5's socket client fails to make connection to node 9 server 
2022-07-13 04:05:35,015 socket_client_ng.py [line:66] _connect INFO node 5's socket client starts to make outgoing connections to node 11 server 
2022-07-13 04:05:35,016 socket_client_ng.py [line:77] _connect INFO node 5's socket client fails to make connection to node 11 server 
2022-07-13 04:05:35,016 socket_client_ng.py [line:66] _connect INFO node 5's socket client starts to make outgoing connections to node 14 server 
2022-07-13 04:05:35,017 socket_client_ng.py [line:77] _connect INFO node 5's socket client fails to make connection to node 14 server 
2022-07-13 04:05:35,017 socket_client_ng.py [line:66] _connect INFO node 5's socket client starts to make outgoing connections to node 4 server 
2022-07-13 04:05:35,018 socket_client_ng.py [line:77] _connect INFO node 5's socket client fails to make connection to node 4 server 
2022-07-13 04:05:35,018 socket_client_ng.py [line:66] _connect INFO node 5's socket client starts to make outgoing connections to node 8 server 
2022-07-13 04:05:35,018 socket_client_ng.py [line:77] _connect INFO node 5's socket client fails to make connection to node 8 server 
2022-07-13 04:05:35,019 socket_client_ng.py [line:66] _connect INFO node 5's socket client starts to make outgoing connections to node 9 server 
2022-07-13 04:05:35,019 socket_client_ng.py [line:77] _connect INFO node 5's socket client fails to make connection to node 9 server 
2022-07-13 04:05:35,019 socket_client_ng.py [line:66] _connect INFO node 5's socket client starts to make outgoing connections to node 11 server 
2022-07-13 04:05:35,020 socket_client_ng.py [line:77] _connect INFO node 5's socket client fails to make connection to node 11 server 
2022-07-13 04:05:35,020 socket_client_ng.py [line:66] _connect INFO node 5's socket client starts to make outgoing connections to node 14 server 
2022-07-13 04:05:35,021 socket_client_ng.py [line:77] _connect INFO node 5's socket client fails to make connection to node 14 server 
2022-07-13 04:05:35,022 socket_client_ng.py [line:66] _connect INFO node 5's socket client starts to make outgoing connections to node 4 server 
2022-07-13 04:05:35,022 socket_client_ng.py [line:77] _connect INFO node 5's socket client fails to make connection to node 4 server 
2022-07-13 04:05:35,023 socket_client_ng.py [line:66] _connect INFO node 5's socket client starts to make outgoing connections to node 8 server 
2022-07-13 04:05:35,024 socket_client_ng.py [line:77] _connect INFO node 5's socket client fails to make connection to node 8 server 
2022-07-13 04:05:35,024 socket_client_ng.py [line:66] _connect INFO node 5's socket client starts to make outgoing connections to node 9 server 
2022-07-13 04:05:35,025 socket_client_ng.py [line:77] _connect INFO node 5's socket client fails to make connection to node 9 server 
2022-07-13 04:05:35,025 socket_client_ng.py [line:66] _connect INFO node 5's socket client starts to make outgoing connections to node 11 server 
2022-07-13 04:05:35,027 socket_client_ng.py [line:77] _connect INFO node 5's socket client fails to make connection to node 11 server 
2022-07-13 04:05:35,027 socket_client_ng.py [line:66] _connect INFO node 5's socket client starts to make outgoing connections to node 14 server 
2022-07-13 04:05:35,027 socket_client_ng.py [line:74] _connect INFO node 5's socket client made an outgoing connection to node 14 server 
2022-07-13 04:05:35,028 socket_client_ng.py [line:66] _connect INFO node 5's socket client starts to make outgoing connections to node 4 server 
2022-07-13 04:05:35,028 socket_client_ng.py [line:77] _connect INFO node 5's socket client fails to make connection to node 4 server 
2022-07-13 04:05:35,028 socket_client_ng.py [line:66] _connect INFO node 5's socket client starts to make outgoing connections to node 8 server 
2022-07-13 04:05:35,029 socket_client_ng.py [line:77] _connect INFO node 5's socket client fails to make connection to node 8 server 
2022-07-13 04:05:35,029 socket_client_ng.py [line:66] _connect INFO node 5's socket client starts to make outgoing connections to node 9 server 
2022-07-13 04:05:35,030 socket_client_ng.py [line:77] _connect INFO node 5's socket client fails to make connection to node 9 server 
2022-07-13 04:05:35,030 socket_client_ng.py [line:66] _connect INFO node 5's socket client starts to make outgoing connections to node 11 server 
2022-07-13 04:05:35,031 socket_client_ng.py [line:77] _connect INFO node 5's socket client fails to make connection to node 11 server 
2022-07-13 04:05:35,031 socket_client_ng.py [line:66] _connect INFO node 5's socket client starts to make outgoing connections to node 4 server 
2022-07-13 04:05:35,032 socket_client_ng.py [line:77] _connect INFO node 5's socket client fails to make connection to node 4 server 
2022-07-13 04:05:35,032 socket_client_ng.py [line:66] _connect INFO node 5's socket client starts to make outgoing connections to node 8 server 
2022-07-13 04:05:35,033 socket_client_ng.py [line:77] _connect INFO node 5's socket client fails to make connection to node 8 server 
2022-07-13 04:05:35,033 socket_client_ng.py [line:66] _connect INFO node 5's socket client starts to make outgoing connections to node 9 server 
2022-07-13 04:05:35,033 socket_client_ng.py [line:77] _connect INFO node 5's socket client fails to make connection to node 9 server 
2022-07-13 04:05:35,033 socket_client_ng.py [line:66] _connect INFO node 5's socket client starts to make outgoing connections to node 11 server 
2022-07-13 04:05:35,034 socket_client_ng.py [line:77] _connect INFO node 5's socket client fails to make connection to node 11 server 
2022-07-13 04:05:35,034 socket_client_ng.py [line:66] _connect INFO node 5's socket client starts to make outgoing connections to node 4 server 
2022-07-13 04:05:35,035 socket_client_ng.py [line:77] _connect INFO node 5's socket client fails to make connection to node 4 server 
2022-07-13 04:05:35,036 socket_client_ng.py [line:66] _connect INFO node 5's socket client starts to make outgoing connections to node 8 server 
2022-07-13 04:05:35,036 socket_client_ng.py [line:77] _connect INFO node 5's socket client fails to make connection to node 8 server 
2022-07-13 04:05:35,036 socket_client_ng.py [line:66] _connect INFO node 5's socket client starts to make outgoing connections to node 9 server 
2022-07-13 04:05:35,037 socket_client_ng.py [line:77] _connect INFO node 5's socket client fails to make connection to node 9 server 
2022-07-13 04:05:35,037 socket_client_ng.py [line:66] _connect INFO node 5's socket client starts to make outgoing connections to node 11 server 
2022-07-13 04:05:35,038 socket_client_ng.py [line:77] _connect INFO node 5's socket client fails to make connection to node 11 server 
2022-07-13 04:05:35,038 socket_client_ng.py [line:66] _connect INFO node 5's socket client starts to make outgoing connections to node 4 server 
2022-07-13 04:05:35,039 socket_client_ng.py [line:77] _connect INFO node 5's socket client fails to make connection to node 4 server 
2022-07-13 04:05:35,039 socket_client_ng.py [line:66] _connect INFO node 5's socket client starts to make outgoing connections to node 8 server 
2022-07-13 04:05:35,040 socket_client_ng.py [line:77] _connect INFO node 5's socket client fails to make connection to node 8 server 
2022-07-13 04:05:35,040 socket_client_ng.py [line:66] _connect INFO node 5's socket client starts to make outgoing connections to node 9 server 
2022-07-13 04:05:35,041 socket_client_ng.py [line:77] _connect INFO node 5's socket client fails to make connection to node 9 server 
2022-07-13 04:05:35,041 socket_client_ng.py [line:66] _connect INFO node 5's socket client starts to make outgoing connections to node 11 server 
2022-07-13 04:05:35,042 socket_client_ng.py [line:77] _connect INFO node 5's socket client fails to make connection to node 11 server 
2022-07-13 04:05:35,042 socket_client_ng.py [line:66] _connect INFO node 5's socket client starts to make outgoing connections to node 4 server 
2022-07-13 04:05:35,043 socket_client_ng.py [line:77] _connect INFO node 5's socket client fails to make connection to node 4 server 
2022-07-13 04:05:35,043 socket_client_ng.py [line:66] _connect INFO node 5's socket client starts to make outgoing connections to node 8 server 
2022-07-13 04:05:35,044 socket_client_ng.py [line:77] _connect INFO node 5's socket client fails to make connection to node 8 server 
2022-07-13 04:05:35,044 socket_client_ng.py [line:66] _connect INFO node 5's socket client starts to make outgoing connections to node 9 server 
2022-07-13 04:05:35,046 socket_client_ng.py [line:77] _connect INFO node 5's socket client fails to make connection to node 9 server 
2022-07-13 04:05:35,046 socket_client_ng.py [line:66] _connect INFO node 5's socket client starts to make outgoing connections to node 11 server 
2022-07-13 04:05:35,047 socket_client_ng.py [line:77] _connect INFO node 5's socket client fails to make connection to node 11 server 
2022-07-13 04:05:35,047 socket_client_ng.py [line:66] _connect INFO node 5's socket client starts to make outgoing connections to node 4 server 
2022-07-13 04:05:35,048 socket_client_ng.py [line:77] _connect INFO node 5's socket client fails to make connection to node 4 server 
2022-07-13 04:05:35,048 socket_client_ng.py [line:66] _connect INFO node 5's socket client starts to make outgoing connections to node 8 server 
2022-07-13 04:05:35,049 socket_client_ng.py [line:77] _connect INFO node 5's socket client fails to make connection to node 8 server 
2022-07-13 04:05:35,049 socket_client_ng.py [line:66] _connect INFO node 5's socket client starts to make outgoing connections to node 9 server 
2022-07-13 04:05:35,050 socket_client_ng.py [line:77] _connect INFO node 5's socket client fails to make connection to node 9 server 
2022-07-13 04:05:35,050 socket_client_ng.py [line:66] _connect INFO node 5's socket client starts to make outgoing connections to node 11 server 
2022-07-13 04:05:35,051 socket_client_ng.py [line:77] _connect INFO node 5's socket client fails to make connection to node 11 server 
2022-07-13 04:05:35,051 socket_client_ng.py [line:66] _connect INFO node 5's socket client starts to make outgoing connections to node 4 server 
2022-07-13 04:05:35,052 socket_client_ng.py [line:77] _connect INFO node 5's socket client fails to make connection to node 4 server 
2022-07-13 04:05:35,052 socket_client_ng.py [line:66] _connect INFO node 5's socket client starts to make outgoing connections to node 8 server 
2022-07-13 04:05:35,052 socket_client_ng.py [line:77] _connect INFO node 5's socket client fails to make connection to node 8 server 
2022-07-13 04:05:35,053 socket_client_ng.py [line:66] _connect INFO node 5's socket client starts to make outgoing connections to node 9 server 
2022-07-13 04:05:35,053 socket_client_ng.py [line:77] _connect INFO node 5's socket client fails to make connection to node 9 server 
2022-07-13 04:05:35,053 socket_client_ng.py [line:66] _connect INFO node 5's socket client starts to make outgoing connections to node 11 server 
2022-07-13 04:05:35,054 socket_client_ng.py [line:77] _connect INFO node 5's socket client fails to make connection to node 11 server 
2022-07-13 04:05:35,054 socket_client_ng.py [line:66] _connect INFO node 5's socket client starts to make outgoing connections to node 4 server 
2022-07-13 04:05:35,055 socket_client_ng.py [line:77] _connect INFO node 5's socket client fails to make connection to node 4 server 
2022-07-13 04:05:35,055 socket_client_ng.py [line:66] _connect INFO node 5's socket client starts to make outgoing connections to node 8 server 
2022-07-13 04:05:35,056 socket_client_ng.py [line:77] _connect INFO node 5's socket client fails to make connection to node 8 server 
2022-07-13 04:05:35,056 socket_client_ng.py [line:66] _connect INFO node 5's socket client starts to make outgoing connections to node 9 server 
2022-07-13 04:05:35,057 socket_client_ng.py [line:77] _connect INFO node 5's socket client fails to make connection to node 9 server 
2022-07-13 04:05:35,057 socket_client_ng.py [line:66] _connect INFO node 5's socket client starts to make outgoing connections to node 11 server 
2022-07-13 04:05:35,058 socket_client_ng.py [line:77] _connect INFO node 5's socket client fails to make connection to node 11 server 
2022-07-13 04:05:35,058 socket_client_ng.py [line:66] _connect INFO node 5's socket client starts to make outgoing connections to node 4 server 
2022-07-13 04:05:35,059 socket_client_ng.py [line:77] _connect INFO node 5's socket client fails to make connection to node 4 server 
2022-07-13 04:05:35,059 socket_client_ng.py [line:66] _connect INFO node 5's socket client starts to make outgoing connections to node 8 server 
2022-07-13 04:05:35,060 socket_client_ng.py [line:77] _connect INFO node 5's socket client fails to make connection to node 8 server 
2022-07-13 04:05:35,061 socket_client_ng.py [line:66] _connect INFO node 5's socket client starts to make outgoing connections to node 9 server 
2022-07-13 04:05:35,061 socket_client_ng.py [line:77] _connect INFO node 5's socket client fails to make connection to node 9 server 
2022-07-13 04:05:35,062 socket_client_ng.py [line:66] _connect INFO node 5's socket client starts to make outgoing connections to node 11 server 
2022-07-13 04:05:35,063 socket_client_ng.py [line:77] _connect INFO node 5's socket client fails to make connection to node 11 server 
2022-07-13 04:05:35,063 socket_client_ng.py [line:66] _connect INFO node 5's socket client starts to make outgoing connections to node 4 server 
2022-07-13 04:05:35,064 socket_client_ng.py [line:77] _connect INFO node 5's socket client fails to make connection to node 4 server 
2022-07-13 04:05:35,064 socket_client_ng.py [line:66] _connect INFO node 5's socket client starts to make outgoing connections to node 8 server 
2022-07-13 04:05:35,064 socket_client_ng.py [line:77] _connect INFO node 5's socket client fails to make connection to node 8 server 
2022-07-13 04:05:35,065 socket_client_ng.py [line:66] _connect INFO node 5's socket client starts to make outgoing connections to node 9 server 
2022-07-13 04:05:35,065 socket_client_ng.py [line:77] _connect INFO node 5's socket client fails to make connection to node 9 server 
2022-07-13 04:05:35,066 socket_client_ng.py [line:66] _connect INFO node 5's socket client starts to make outgoing connections to node 11 server 
2022-07-13 04:05:35,066 socket_client_ng.py [line:77] _connect INFO node 5's socket client fails to make connection to node 11 server 
2022-07-13 04:05:35,067 socket_client_ng.py [line:66] _connect INFO node 5's socket client starts to make outgoing connections to node 4 server 
2022-07-13 04:05:35,068 socket_client_ng.py [line:77] _connect INFO node 5's socket client fails to make connection to node 4 server 
2022-07-13 04:05:35,068 socket_client_ng.py [line:66] _connect INFO node 5's socket client starts to make outgoing connections to node 8 server 
2022-07-13 04:05:35,068 socket_client_ng.py [line:77] _connect INFO node 5's socket client fails to make connection to node 8 server 
2022-07-13 04:05:35,069 socket_client_ng.py [line:66] _connect INFO node 5's socket client starts to make outgoing connections to node 9 server 
2022-07-13 04:05:35,069 socket_client_ng.py [line:77] _connect INFO node 5's socket client fails to make connection to node 9 server 
2022-07-13 04:05:35,069 socket_client_ng.py [line:66] _connect INFO node 5's socket client starts to make outgoing connections to node 11 server 
2022-07-13 04:05:35,070 socket_client_ng.py [line:77] _connect INFO node 5's socket client fails to make connection to node 11 server 
2022-07-13 04:05:35,070 socket_client_ng.py [line:66] _connect INFO node 5's socket client starts to make outgoing connections to node 4 server 
2022-07-13 04:05:35,071 socket_client_ng.py [line:77] _connect INFO node 5's socket client fails to make connection to node 4 server 
2022-07-13 04:05:35,071 socket_client_ng.py [line:66] _connect INFO node 5's socket client starts to make outgoing connections to node 8 server 
2022-07-13 04:05:35,072 socket_client_ng.py [line:77] _connect INFO node 5's socket client fails to make connection to node 8 server 
2022-07-13 04:05:35,072 socket_client_ng.py [line:66] _connect INFO node 5's socket client starts to make outgoing connections to node 9 server 
2022-07-13 04:05:35,073 socket_client_ng.py [line:77] _connect INFO node 5's socket client fails to make connection to node 9 server 
2022-07-13 04:05:35,073 socket_client_ng.py [line:66] _connect INFO node 5's socket client starts to make outgoing connections to node 11 server 
2022-07-13 04:05:35,074 socket_client_ng.py [line:77] _connect INFO node 5's socket client fails to make connection to node 11 server 
2022-07-13 04:05:35,074 socket_client_ng.py [line:66] _connect INFO node 5's socket client starts to make outgoing connections to node 4 server 
2022-07-13 04:05:35,075 socket_client_ng.py [line:77] _connect INFO node 5's socket client fails to make connection to node 4 server 
2022-07-13 04:05:35,075 socket_client_ng.py [line:66] _connect INFO node 5's socket client starts to make outgoing connections to node 8 server 
2022-07-13 04:05:35,076 socket_client_ng.py [line:77] _connect INFO node 5's socket client fails to make connection to node 8 server 
2022-07-13 04:05:35,077 socket_client_ng.py [line:66] _connect INFO node 5's socket client starts to make outgoing connections to node 9 server 
2022-07-13 04:05:35,077 socket_client_ng.py [line:77] _connect INFO node 5's socket client fails to make connection to node 9 server 
2022-07-13 04:05:35,078 socket_client_ng.py [line:66] _connect INFO node 5's socket client starts to make outgoing connections to node 11 server 
2022-07-13 04:05:35,078 socket_client_ng.py [line:77] _connect INFO node 5's socket client fails to make connection to node 11 server 
2022-07-13 04:05:35,078 socket_client_ng.py [line:66] _connect INFO node 5's socket client starts to make outgoing connections to node 4 server 
2022-07-13 04:05:35,079 socket_client_ng.py [line:77] _connect INFO node 5's socket client fails to make connection to node 4 server 
2022-07-13 04:05:35,079 socket_client_ng.py [line:66] _connect INFO node 5's socket client starts to make outgoing connections to node 8 server 
2022-07-13 04:05:35,080 socket_client_ng.py [line:77] _connect INFO node 5's socket client fails to make connection to node 8 server 
2022-07-13 04:05:35,080 socket_client_ng.py [line:66] _connect INFO node 5's socket client starts to make outgoing connections to node 9 server 
2022-07-13 04:05:35,081 socket_client_ng.py [line:77] _connect INFO node 5's socket client fails to make connection to node 9 server 
2022-07-13 04:05:35,081 socket_client_ng.py [line:66] _connect INFO node 5's socket client starts to make outgoing connections to node 11 server 
2022-07-13 04:05:35,082 socket_client_ng.py [line:77] _connect INFO node 5's socket client fails to make connection to node 11 server 
2022-07-13 04:05:35,083 socket_client_ng.py [line:66] _connect INFO node 5's socket client starts to make outgoing connections to node 4 server 
2022-07-13 04:05:35,083 socket_client_ng.py [line:77] _connect INFO node 5's socket client fails to make connection to node 4 server 
2022-07-13 04:05:35,083 socket_client_ng.py [line:66] _connect INFO node 5's socket client starts to make outgoing connections to node 8 server 
2022-07-13 04:05:35,084 socket_client_ng.py [line:77] _connect INFO node 5's socket client fails to make connection to node 8 server 
2022-07-13 04:05:35,084 socket_client_ng.py [line:66] _connect INFO node 5's socket client starts to make outgoing connections to node 9 server 
2022-07-13 04:05:35,085 socket_client_ng.py [line:77] _connect INFO node 5's socket client fails to make connection to node 9 server 
2022-07-13 04:05:35,085 socket_client_ng.py [line:66] _connect INFO node 5's socket client starts to make outgoing connections to node 11 server 
2022-07-13 04:05:35,086 socket_client_ng.py [line:77] _connect INFO node 5's socket client fails to make connection to node 11 server 
2022-07-13 04:05:35,086 socket_client_ng.py [line:66] _connect INFO node 5's socket client starts to make outgoing connections to node 4 server 
2022-07-13 04:05:35,087 socket_client_ng.py [line:77] _connect INFO node 5's socket client fails to make connection to node 4 server 
2022-07-13 04:05:35,087 socket_client_ng.py [line:66] _connect INFO node 5's socket client starts to make outgoing connections to node 8 server 
2022-07-13 04:05:35,088 socket_client_ng.py [line:77] _connect INFO node 5's socket client fails to make connection to node 8 server 
2022-07-13 04:05:35,089 socket_client_ng.py [line:66] _connect INFO node 5's socket client starts to make outgoing connections to node 9 server 
2022-07-13 04:05:35,089 socket_client_ng.py [line:77] _connect INFO node 5's socket client fails to make connection to node 9 server 
2022-07-13 04:05:35,089 socket_client_ng.py [line:66] _connect INFO node 5's socket client starts to make outgoing connections to node 11 server 
2022-07-13 04:05:35,090 socket_client_ng.py [line:77] _connect INFO node 5's socket client fails to make connection to node 11 server 
2022-07-13 04:05:35,090 socket_client_ng.py [line:66] _connect INFO node 5's socket client starts to make outgoing connections to node 4 server 
2022-07-13 04:05:35,091 socket_client_ng.py [line:77] _connect INFO node 5's socket client fails to make connection to node 4 server 
2022-07-13 04:05:35,091 socket_client_ng.py [line:66] _connect INFO node 5's socket client starts to make outgoing connections to node 8 server 
2022-07-13 04:05:35,092 socket_client_ng.py [line:77] _connect INFO node 5's socket client fails to make connection to node 8 server 
2022-07-13 04:05:35,092 socket_client_ng.py [line:66] _connect INFO node 5's socket client starts to make outgoing connections to node 9 server 
2022-07-13 04:05:35,093 socket_client_ng.py [line:77] _connect INFO node 5's socket client fails to make connection to node 9 server 
2022-07-13 04:05:35,093 socket_client_ng.py [line:66] _connect INFO node 5's socket client starts to make outgoing connections to node 11 server 
2022-07-13 04:05:35,093 socket_client_ng.py [line:77] _connect INFO node 5's socket client fails to make connection to node 11 server 
2022-07-13 04:05:35,094 socket_client_ng.py [line:66] _connect INFO node 5's socket client starts to make outgoing connections to node 4 server 
2022-07-13 04:05:35,094 socket_client_ng.py [line:74] _connect INFO node 5's socket client made an outgoing connection to node 4 server 
2022-07-13 04:05:35,094 socket_client_ng.py [line:66] _connect INFO node 5's socket client starts to make outgoing connections to node 8 server 
2022-07-13 04:05:35,095 socket_client_ng.py [line:77] _connect INFO node 5's socket client fails to make connection to node 8 server 
2022-07-13 04:05:35,095 socket_client_ng.py [line:66] _connect INFO node 5's socket client starts to make outgoing connections to node 9 server 
2022-07-13 04:05:35,096 socket_client_ng.py [line:77] _connect INFO node 5's socket client fails to make connection to node 9 server 
2022-07-13 04:05:35,096 socket_client_ng.py [line:66] _connect INFO node 5's socket client starts to make outgoing connections to node 11 server 
2022-07-13 04:05:35,097 socket_client_ng.py [line:77] _connect INFO node 5's socket client fails to make connection to node 11 server 
2022-07-13 04:05:35,097 socket_client_ng.py [line:66] _connect INFO node 5's socket client starts to make outgoing connections to node 8 server 
2022-07-13 04:05:35,098 socket_client_ng.py [line:77] _connect INFO node 5's socket client fails to make connection to node 8 server 
2022-07-13 04:05:35,098 socket_client_ng.py [line:66] _connect INFO node 5's socket client starts to make outgoing connections to node 9 server 
2022-07-13 04:05:35,099 socket_client_ng.py [line:77] _connect INFO node 5's socket client fails to make connection to node 9 server 
2022-07-13 04:05:35,099 socket_client_ng.py [line:66] _connect INFO node 5's socket client starts to make outgoing connections to node 11 server 
2022-07-13 04:05:35,100 socket_client_ng.py [line:77] _connect INFO node 5's socket client fails to make connection to node 11 server 
2022-07-13 04:05:35,100 socket_client_ng.py [line:66] _connect INFO node 5's socket client starts to make outgoing connections to node 8 server 
2022-07-13 04:05:35,100 socket_client_ng.py [line:77] _connect INFO node 5's socket client fails to make connection to node 8 server 
2022-07-13 04:05:35,101 socket_client_ng.py [line:66] _connect INFO node 5's socket client starts to make outgoing connections to node 9 server 
2022-07-13 04:05:35,101 socket_client_ng.py [line:77] _connect INFO node 5's socket client fails to make connection to node 9 server 
2022-07-13 04:05:35,102 socket_client_ng.py [line:66] _connect INFO node 5's socket client starts to make outgoing connections to node 11 server 
2022-07-13 04:05:35,102 socket_client_ng.py [line:77] _connect INFO node 5's socket client fails to make connection to node 11 server 
2022-07-13 04:05:35,103 socket_client_ng.py [line:66] _connect INFO node 5's socket client starts to make outgoing connections to node 8 server 
2022-07-13 04:05:35,103 socket_client_ng.py [line:77] _connect INFO node 5's socket client fails to make connection to node 8 server 
2022-07-13 04:05:35,103 socket_client_ng.py [line:66] _connect INFO node 5's socket client starts to make outgoing connections to node 9 server 
2022-07-13 04:05:35,104 socket_client_ng.py [line:77] _connect INFO node 5's socket client fails to make connection to node 9 server 
2022-07-13 04:05:35,104 socket_client_ng.py [line:66] _connect INFO node 5's socket client starts to make outgoing connections to node 11 server 
2022-07-13 04:05:35,105 socket_client_ng.py [line:77] _connect INFO node 5's socket client fails to make connection to node 11 server 
2022-07-13 04:05:35,105 socket_client_ng.py [line:66] _connect INFO node 5's socket client starts to make outgoing connections to node 8 server 
2022-07-13 04:05:35,106 socket_client_ng.py [line:77] _connect INFO node 5's socket client fails to make connection to node 8 server 
2022-07-13 04:05:35,106 socket_client_ng.py [line:66] _connect INFO node 5's socket client starts to make outgoing connections to node 9 server 
2022-07-13 04:05:35,107 socket_client_ng.py [line:77] _connect INFO node 5's socket client fails to make connection to node 9 server 
2022-07-13 04:05:35,107 socket_client_ng.py [line:66] _connect INFO node 5's socket client starts to make outgoing connections to node 11 server 
2022-07-13 04:05:35,108 socket_client_ng.py [line:77] _connect INFO node 5's socket client fails to make connection to node 11 server 
2022-07-13 04:05:35,109 socket_client_ng.py [line:66] _connect INFO node 5's socket client starts to make outgoing connections to node 8 server 
2022-07-13 04:05:35,110 socket_client_ng.py [line:77] _connect INFO node 5's socket client fails to make connection to node 8 server 
2022-07-13 04:05:35,110 socket_client_ng.py [line:66] _connect INFO node 5's socket client starts to make outgoing connections to node 9 server 
2022-07-13 04:05:35,111 socket_client_ng.py [line:77] _connect INFO node 5's socket client fails to make connection to node 9 server 
2022-07-13 04:05:35,111 socket_client_ng.py [line:66] _connect INFO node 5's socket client starts to make outgoing connections to node 11 server 
2022-07-13 04:05:35,113 socket_client_ng.py [line:77] _connect INFO node 5's socket client fails to make connection to node 11 server 
2022-07-13 04:05:35,113 socket_client_ng.py [line:66] _connect INFO node 5's socket client starts to make outgoing connections to node 8 server 
2022-07-13 04:05:35,114 socket_client_ng.py [line:77] _connect INFO node 5's socket client fails to make connection to node 8 server 
2022-07-13 04:05:35,114 socket_client_ng.py [line:66] _connect INFO node 5's socket client starts to make outgoing connections to node 9 server 
2022-07-13 04:05:35,119 socket_client_ng.py [line:77] _connect INFO node 5's socket client fails to make connection to node 9 server 
2022-07-13 04:05:35,119 socket_client_ng.py [line:66] _connect INFO node 5's socket client starts to make outgoing connections to node 11 server 
2022-07-13 04:05:35,120 socket_client_ng.py [line:77] _connect INFO node 5's socket client fails to make connection to node 11 server 
2022-07-13 04:05:35,121 socket_client_ng.py [line:66] _connect INFO node 5's socket client starts to make outgoing connections to node 8 server 
2022-07-13 04:05:35,121 socket_client_ng.py [line:77] _connect INFO node 5's socket client fails to make connection to node 8 server 
2022-07-13 04:05:35,121 socket_client_ng.py [line:66] _connect INFO node 5's socket client starts to make outgoing connections to node 9 server 
2022-07-13 04:05:35,122 socket_client_ng.py [line:77] _connect INFO node 5's socket client fails to make connection to node 9 server 
2022-07-13 04:05:35,122 socket_client_ng.py [line:66] _connect INFO node 5's socket client starts to make outgoing connections to node 11 server 
2022-07-13 04:05:35,123 socket_client_ng.py [line:77] _connect INFO node 5's socket client fails to make connection to node 11 server 
2022-07-13 04:05:35,123 socket_client_ng.py [line:66] _connect INFO node 5's socket client starts to make outgoing connections to node 8 server 
2022-07-13 04:05:35,124 socket_client_ng.py [line:77] _connect INFO node 5's socket client fails to make connection to node 8 server 
2022-07-13 04:05:35,124 socket_client_ng.py [line:66] _connect INFO node 5's socket client starts to make outgoing connections to node 9 server 
2022-07-13 04:05:35,125 socket_client_ng.py [line:77] _connect INFO node 5's socket client fails to make connection to node 9 server 
2022-07-13 04:05:35,125 socket_client_ng.py [line:66] _connect INFO node 5's socket client starts to make outgoing connections to node 11 server 
2022-07-13 04:05:35,125 socket_client_ng.py [line:77] _connect INFO node 5's socket client fails to make connection to node 11 server 
2022-07-13 04:05:35,126 socket_client_ng.py [line:66] _connect INFO node 5's socket client starts to make outgoing connections to node 8 server 
2022-07-13 04:05:35,126 socket_client_ng.py [line:77] _connect INFO node 5's socket client fails to make connection to node 8 server 
2022-07-13 04:05:35,126 socket_client_ng.py [line:66] _connect INFO node 5's socket client starts to make outgoing connections to node 9 server 
2022-07-13 04:05:35,127 socket_client_ng.py [line:77] _connect INFO node 5's socket client fails to make connection to node 9 server 
2022-07-13 04:05:35,127 socket_client_ng.py [line:66] _connect INFO node 5's socket client starts to make outgoing connections to node 11 server 
2022-07-13 04:05:35,128 socket_client_ng.py [line:77] _connect INFO node 5's socket client fails to make connection to node 11 server 
2022-07-13 04:05:35,128 socket_client_ng.py [line:66] _connect INFO node 5's socket client starts to make outgoing connections to node 8 server 
2022-07-13 04:05:35,133 socket_client_ng.py [line:77] _connect INFO node 5's socket client fails to make connection to node 8 server 
2022-07-13 04:05:35,133 socket_client_ng.py [line:66] _connect INFO node 5's socket client starts to make outgoing connections to node 9 server 
2022-07-13 04:05:35,134 socket_client_ng.py [line:77] _connect INFO node 5's socket client fails to make connection to node 9 server 
2022-07-13 04:05:35,134 socket_client_ng.py [line:66] _connect INFO node 5's socket client starts to make outgoing connections to node 11 server 
2022-07-13 04:05:35,135 socket_client_ng.py [line:77] _connect INFO node 5's socket client fails to make connection to node 11 server 
2022-07-13 04:05:35,135 socket_client_ng.py [line:66] _connect INFO node 5's socket client starts to make outgoing connections to node 8 server 
2022-07-13 04:05:35,136 socket_client_ng.py [line:77] _connect INFO node 5's socket client fails to make connection to node 8 server 
2022-07-13 04:05:35,136 socket_client_ng.py [line:66] _connect INFO node 5's socket client starts to make outgoing connections to node 9 server 
2022-07-13 04:05:35,136 socket_client_ng.py [line:77] _connect INFO node 5's socket client fails to make connection to node 9 server 
2022-07-13 04:05:35,137 socket_client_ng.py [line:66] _connect INFO node 5's socket client starts to make outgoing connections to node 11 server 
2022-07-13 04:05:35,137 socket_client_ng.py [line:77] _connect INFO node 5's socket client fails to make connection to node 11 server 
2022-07-13 04:05:35,137 socket_client_ng.py [line:66] _connect INFO node 5's socket client starts to make outgoing connections to node 8 server 
2022-07-13 04:05:35,138 socket_client_ng.py [line:77] _connect INFO node 5's socket client fails to make connection to node 8 server 
2022-07-13 04:05:35,138 socket_client_ng.py [line:66] _connect INFO node 5's socket client starts to make outgoing connections to node 9 server 
2022-07-13 04:05:35,139 socket_client_ng.py [line:77] _connect INFO node 5's socket client fails to make connection to node 9 server 
2022-07-13 04:05:35,139 socket_client_ng.py [line:66] _connect INFO node 5's socket client starts to make outgoing connections to node 11 server 
2022-07-13 04:05:35,140 socket_client_ng.py [line:77] _connect INFO node 5's socket client fails to make connection to node 11 server 
2022-07-13 04:05:35,140 socket_client_ng.py [line:66] _connect INFO node 5's socket client starts to make outgoing connections to node 8 server 
2022-07-13 04:05:35,146 socket_client_ng.py [line:77] _connect INFO node 5's socket client fails to make connection to node 8 server 
2022-07-13 04:05:35,147 socket_client_ng.py [line:66] _connect INFO node 5's socket client starts to make outgoing connections to node 9 server 
2022-07-13 04:05:35,147 socket_client_ng.py [line:77] _connect INFO node 5's socket client fails to make connection to node 9 server 
2022-07-13 04:05:35,147 socket_client_ng.py [line:66] _connect INFO node 5's socket client starts to make outgoing connections to node 11 server 
2022-07-13 04:05:35,148 socket_client_ng.py [line:77] _connect INFO node 5's socket client fails to make connection to node 11 server 
2022-07-13 04:05:35,148 socket_client_ng.py [line:66] _connect INFO node 5's socket client starts to make outgoing connections to node 8 server 
2022-07-13 04:05:35,149 socket_client_ng.py [line:77] _connect INFO node 5's socket client fails to make connection to node 8 server 
2022-07-13 04:05:35,149 socket_client_ng.py [line:66] _connect INFO node 5's socket client starts to make outgoing connections to node 9 server 
2022-07-13 04:05:35,150 socket_client_ng.py [line:77] _connect INFO node 5's socket client fails to make connection to node 9 server 
2022-07-13 04:05:35,150 socket_client_ng.py [line:66] _connect INFO node 5's socket client starts to make outgoing connections to node 11 server 
2022-07-13 04:05:35,151 socket_client_ng.py [line:77] _connect INFO node 5's socket client fails to make connection to node 11 server 
2022-07-13 04:05:35,151 socket_client_ng.py [line:66] _connect INFO node 5's socket client starts to make outgoing connections to node 8 server 
2022-07-13 04:05:35,152 socket_client_ng.py [line:77] _connect INFO node 5's socket client fails to make connection to node 8 server 
2022-07-13 04:05:35,152 socket_client_ng.py [line:66] _connect INFO node 5's socket client starts to make outgoing connections to node 9 server 
2022-07-13 04:05:35,153 socket_client_ng.py [line:77] _connect INFO node 5's socket client fails to make connection to node 9 server 
2022-07-13 04:05:35,153 socket_client_ng.py [line:66] _connect INFO node 5's socket client starts to make outgoing connections to node 11 server 
2022-07-13 04:05:35,154 socket_client_ng.py [line:77] _connect INFO node 5's socket client fails to make connection to node 11 server 
2022-07-13 04:05:35,154 socket_client_ng.py [line:66] _connect INFO node 5's socket client starts to make outgoing connections to node 8 server 
2022-07-13 04:05:35,155 socket_client_ng.py [line:77] _connect INFO node 5's socket client fails to make connection to node 8 server 
2022-07-13 04:05:35,155 socket_client_ng.py [line:66] _connect INFO node 5's socket client starts to make outgoing connections to node 9 server 
2022-07-13 04:05:35,161 socket_client_ng.py [line:77] _connect INFO node 5's socket client fails to make connection to node 9 server 
2022-07-13 04:05:35,161 socket_client_ng.py [line:66] _connect INFO node 5's socket client starts to make outgoing connections to node 11 server 
2022-07-13 04:05:35,162 socket_client_ng.py [line:77] _connect INFO node 5's socket client fails to make connection to node 11 server 
2022-07-13 04:05:35,162 socket_client_ng.py [line:66] _connect INFO node 5's socket client starts to make outgoing connections to node 8 server 
2022-07-13 04:05:35,163 socket_client_ng.py [line:77] _connect INFO node 5's socket client fails to make connection to node 8 server 
2022-07-13 04:05:35,163 socket_client_ng.py [line:66] _connect INFO node 5's socket client starts to make outgoing connections to node 9 server 
2022-07-13 04:05:35,164 socket_client_ng.py [line:77] _connect INFO node 5's socket client fails to make connection to node 9 server 
2022-07-13 04:05:35,164 socket_client_ng.py [line:66] _connect INFO node 5's socket client starts to make outgoing connections to node 11 server 
2022-07-13 04:05:35,165 socket_client_ng.py [line:77] _connect INFO node 5's socket client fails to make connection to node 11 server 
2022-07-13 04:05:35,165 socket_client_ng.py [line:66] _connect INFO node 5's socket client starts to make outgoing connections to node 8 server 
2022-07-13 04:05:35,166 socket_client_ng.py [line:77] _connect INFO node 5's socket client fails to make connection to node 8 server 
2022-07-13 04:05:35,166 socket_client_ng.py [line:66] _connect INFO node 5's socket client starts to make outgoing connections to node 9 server 
2022-07-13 04:05:35,167 socket_client_ng.py [line:77] _connect INFO node 5's socket client fails to make connection to node 9 server 
2022-07-13 04:05:35,167 socket_client_ng.py [line:66] _connect INFO node 5's socket client starts to make outgoing connections to node 11 server 
2022-07-13 04:05:35,168 socket_client_ng.py [line:77] _connect INFO node 5's socket client fails to make connection to node 11 server 
2022-07-13 04:05:35,168 socket_client_ng.py [line:66] _connect INFO node 5's socket client starts to make outgoing connections to node 8 server 
2022-07-13 04:05:35,169 socket_client_ng.py [line:77] _connect INFO node 5's socket client fails to make connection to node 8 server 
2022-07-13 04:05:35,169 socket_client_ng.py [line:66] _connect INFO node 5's socket client starts to make outgoing connections to node 9 server 
2022-07-13 04:05:35,170 socket_client_ng.py [line:77] _connect INFO node 5's socket client fails to make connection to node 9 server 
2022-07-13 04:05:35,170 socket_client_ng.py [line:66] _connect INFO node 5's socket client starts to make outgoing connections to node 11 server 
2022-07-13 04:05:35,171 socket_client_ng.py [line:77] _connect INFO node 5's socket client fails to make connection to node 11 server 
2022-07-13 04:05:35,171 socket_client_ng.py [line:66] _connect INFO node 5's socket client starts to make outgoing connections to node 8 server 
2022-07-13 04:05:35,172 socket_client_ng.py [line:77] _connect INFO node 5's socket client fails to make connection to node 8 server 
2022-07-13 04:05:35,172 socket_client_ng.py [line:66] _connect INFO node 5's socket client starts to make outgoing connections to node 9 server 
2022-07-13 04:05:35,177 socket_client_ng.py [line:77] _connect INFO node 5's socket client fails to make connection to node 9 server 
2022-07-13 04:05:35,177 socket_client_ng.py [line:66] _connect INFO node 5's socket client starts to make outgoing connections to node 11 server 
2022-07-13 04:05:35,178 socket_client_ng.py [line:77] _connect INFO node 5's socket client fails to make connection to node 11 server 
2022-07-13 04:05:35,178 socket_client_ng.py [line:66] _connect INFO node 5's socket client starts to make outgoing connections to node 8 server 
2022-07-13 04:05:35,179 socket_client_ng.py [line:77] _connect INFO node 5's socket client fails to make connection to node 8 server 
2022-07-13 04:05:35,179 socket_client_ng.py [line:66] _connect INFO node 5's socket client starts to make outgoing connections to node 9 server 
2022-07-13 04:05:35,180 socket_client_ng.py [line:77] _connect INFO node 5's socket client fails to make connection to node 9 server 
2022-07-13 04:05:35,180 socket_client_ng.py [line:66] _connect INFO node 5's socket client starts to make outgoing connections to node 11 server 
2022-07-13 04:05:35,181 socket_client_ng.py [line:77] _connect INFO node 5's socket client fails to make connection to node 11 server 
2022-07-13 04:05:35,181 socket_client_ng.py [line:66] _connect INFO node 5's socket client starts to make outgoing connections to node 8 server 
2022-07-13 04:05:35,182 socket_client_ng.py [line:77] _connect INFO node 5's socket client fails to make connection to node 8 server 
2022-07-13 04:05:35,182 socket_client_ng.py [line:66] _connect INFO node 5's socket client starts to make outgoing connections to node 9 server 
2022-07-13 04:05:35,183 socket_client_ng.py [line:77] _connect INFO node 5's socket client fails to make connection to node 9 server 
2022-07-13 04:05:35,183 socket_client_ng.py [line:66] _connect INFO node 5's socket client starts to make outgoing connections to node 11 server 
2022-07-13 04:05:35,184 socket_client_ng.py [line:77] _connect INFO node 5's socket client fails to make connection to node 11 server 
2022-07-13 04:05:35,184 socket_client_ng.py [line:66] _connect INFO node 5's socket client starts to make outgoing connections to node 8 server 
2022-07-13 04:05:35,185 socket_client_ng.py [line:77] _connect INFO node 5's socket client fails to make connection to node 8 server 
2022-07-13 04:05:35,185 socket_client_ng.py [line:66] _connect INFO node 5's socket client starts to make outgoing connections to node 9 server 
2022-07-13 04:05:35,186 socket_client_ng.py [line:77] _connect INFO node 5's socket client fails to make connection to node 9 server 
2022-07-13 04:05:35,186 socket_client_ng.py [line:66] _connect INFO node 5's socket client starts to make outgoing connections to node 11 server 
2022-07-13 04:05:35,189 socket_client_ng.py [line:77] _connect INFO node 5's socket client fails to make connection to node 11 server 
2022-07-13 04:05:35,189 socket_client_ng.py [line:66] _connect INFO node 5's socket client starts to make outgoing connections to node 8 server 
2022-07-13 04:05:35,190 socket_client_ng.py [line:77] _connect INFO node 5's socket client fails to make connection to node 8 server 
2022-07-13 04:05:35,190 socket_client_ng.py [line:66] _connect INFO node 5's socket client starts to make outgoing connections to node 9 server 
2022-07-13 04:05:35,191 socket_client_ng.py [line:77] _connect INFO node 5's socket client fails to make connection to node 9 server 
2022-07-13 04:05:35,191 socket_client_ng.py [line:66] _connect INFO node 5's socket client starts to make outgoing connections to node 11 server 
2022-07-13 04:05:35,192 socket_client_ng.py [line:77] _connect INFO node 5's socket client fails to make connection to node 11 server 
2022-07-13 04:05:35,192 socket_client_ng.py [line:66] _connect INFO node 5's socket client starts to make outgoing connections to node 8 server 
2022-07-13 04:05:35,193 socket_client_ng.py [line:77] _connect INFO node 5's socket client fails to make connection to node 8 server 
2022-07-13 04:05:35,193 socket_client_ng.py [line:66] _connect INFO node 5's socket client starts to make outgoing connections to node 9 server 
2022-07-13 04:05:35,196 socket_client_ng.py [line:77] _connect INFO node 5's socket client fails to make connection to node 9 server 
2022-07-13 04:05:35,196 socket_client_ng.py [line:66] _connect INFO node 5's socket client starts to make outgoing connections to node 11 server 
2022-07-13 04:05:35,197 socket_client_ng.py [line:74] _connect INFO node 5's socket client made an outgoing connection to node 11 server 
2022-07-13 04:05:35,197 socket_client_ng.py [line:66] _connect INFO node 5's socket client starts to make outgoing connections to node 8 server 
2022-07-13 04:05:35,198 socket_client_ng.py [line:77] _connect INFO node 5's socket client fails to make connection to node 8 server 
2022-07-13 04:05:35,198 socket_client_ng.py [line:66] _connect INFO node 5's socket client starts to make outgoing connections to node 9 server 
2022-07-13 04:05:35,200 socket_client_ng.py [line:77] _connect INFO node 5's socket client fails to make connection to node 9 server 
2022-07-13 04:05:35,200 socket_client_ng.py [line:66] _connect INFO node 5's socket client starts to make outgoing connections to node 8 server 
2022-07-13 04:05:35,202 socket_client_ng.py [line:77] _connect INFO node 5's socket client fails to make connection to node 8 server 
2022-07-13 04:05:35,202 socket_client_ng.py [line:66] _connect INFO node 5's socket client starts to make outgoing connections to node 9 server 
2022-07-13 04:05:35,203 socket_client_ng.py [line:77] _connect INFO node 5's socket client fails to make connection to node 9 server 
2022-07-13 04:05:35,203 socket_client_ng.py [line:66] _connect INFO node 5's socket client starts to make outgoing connections to node 8 server 
2022-07-13 04:05:35,205 socket_client_ng.py [line:77] _connect INFO node 5's socket client fails to make connection to node 8 server 
2022-07-13 04:05:35,205 socket_client_ng.py [line:66] _connect INFO node 5's socket client starts to make outgoing connections to node 9 server 
2022-07-13 04:05:35,206 socket_client_ng.py [line:77] _connect INFO node 5's socket client fails to make connection to node 9 server 
2022-07-13 04:05:35,206 socket_client_ng.py [line:66] _connect INFO node 5's socket client starts to make outgoing connections to node 8 server 
2022-07-13 04:05:35,208 socket_client_ng.py [line:77] _connect INFO node 5's socket client fails to make connection to node 8 server 
2022-07-13 04:05:35,208 socket_client_ng.py [line:66] _connect INFO node 5's socket client starts to make outgoing connections to node 9 server 
2022-07-13 04:05:35,209 socket_client_ng.py [line:77] _connect INFO node 5's socket client fails to make connection to node 9 server 
2022-07-13 04:05:35,209 socket_client_ng.py [line:66] _connect INFO node 5's socket client starts to make outgoing connections to node 8 server 
2022-07-13 04:05:35,210 socket_client_ng.py [line:77] _connect INFO node 5's socket client fails to make connection to node 8 server 
2022-07-13 04:05:35,210 socket_client_ng.py [line:66] _connect INFO node 5's socket client starts to make outgoing connections to node 9 server 
2022-07-13 04:05:35,211 socket_client_ng.py [line:77] _connect INFO node 5's socket client fails to make connection to node 9 server 
2022-07-13 04:05:35,212 socket_client_ng.py [line:66] _connect INFO node 5's socket client starts to make outgoing connections to node 8 server 
2022-07-13 04:05:35,213 socket_client_ng.py [line:77] _connect INFO node 5's socket client fails to make connection to node 8 server 
2022-07-13 04:05:35,213 socket_client_ng.py [line:66] _connect INFO node 5's socket client starts to make outgoing connections to node 9 server 
2022-07-13 04:05:35,214 socket_client_ng.py [line:77] _connect INFO node 5's socket client fails to make connection to node 9 server 
2022-07-13 04:05:35,214 socket_client_ng.py [line:66] _connect INFO node 5's socket client starts to make outgoing connections to node 8 server 
2022-07-13 04:05:35,215 socket_client_ng.py [line:77] _connect INFO node 5's socket client fails to make connection to node 8 server 
2022-07-13 04:05:35,215 socket_client_ng.py [line:66] _connect INFO node 5's socket client starts to make outgoing connections to node 9 server 
2022-07-13 04:05:35,216 socket_client_ng.py [line:77] _connect INFO node 5's socket client fails to make connection to node 9 server 
2022-07-13 04:05:35,216 socket_client_ng.py [line:66] _connect INFO node 5's socket client starts to make outgoing connections to node 8 server 
2022-07-13 04:05:35,217 socket_client_ng.py [line:77] _connect INFO node 5's socket client fails to make connection to node 8 server 
2022-07-13 04:05:35,217 socket_client_ng.py [line:66] _connect INFO node 5's socket client starts to make outgoing connections to node 9 server 
2022-07-13 04:05:35,218 socket_client_ng.py [line:77] _connect INFO node 5's socket client fails to make connection to node 9 server 
2022-07-13 04:05:35,218 socket_client_ng.py [line:66] _connect INFO node 5's socket client starts to make outgoing connections to node 8 server 
2022-07-13 04:05:35,219 socket_client_ng.py [line:77] _connect INFO node 5's socket client fails to make connection to node 8 server 
2022-07-13 04:05:35,219 socket_client_ng.py [line:66] _connect INFO node 5's socket client starts to make outgoing connections to node 9 server 
2022-07-13 04:05:35,220 socket_client_ng.py [line:77] _connect INFO node 5's socket client fails to make connection to node 9 server 
2022-07-13 04:05:35,220 socket_client_ng.py [line:66] _connect INFO node 5's socket client starts to make outgoing connections to node 8 server 
2022-07-13 04:05:35,221 socket_client_ng.py [line:77] _connect INFO node 5's socket client fails to make connection to node 8 server 
2022-07-13 04:05:35,221 socket_client_ng.py [line:66] _connect INFO node 5's socket client starts to make outgoing connections to node 9 server 
2022-07-13 04:05:35,222 socket_client_ng.py [line:77] _connect INFO node 5's socket client fails to make connection to node 9 server 
2022-07-13 04:05:35,222 socket_client_ng.py [line:66] _connect INFO node 5's socket client starts to make outgoing connections to node 8 server 
2022-07-13 04:05:35,223 socket_client_ng.py [line:77] _connect INFO node 5's socket client fails to make connection to node 8 server 
2022-07-13 04:05:35,223 socket_client_ng.py [line:66] _connect INFO node 5's socket client starts to make outgoing connections to node 9 server 
2022-07-13 04:05:35,224 socket_client_ng.py [line:77] _connect INFO node 5's socket client fails to make connection to node 9 server 
2022-07-13 04:05:35,225 socket_client_ng.py [line:66] _connect INFO node 5's socket client starts to make outgoing connections to node 8 server 
2022-07-13 04:05:35,225 socket_client_ng.py [line:77] _connect INFO node 5's socket client fails to make connection to node 8 server 
2022-07-13 04:05:35,226 socket_client_ng.py [line:66] _connect INFO node 5's socket client starts to make outgoing connections to node 9 server 
2022-07-13 04:05:35,227 socket_client_ng.py [line:77] _connect INFO node 5's socket client fails to make connection to node 9 server 
2022-07-13 04:05:35,227 socket_client_ng.py [line:66] _connect INFO node 5's socket client starts to make outgoing connections to node 8 server 
2022-07-13 04:05:35,228 socket_client_ng.py [line:77] _connect INFO node 5's socket client fails to make connection to node 8 server 
2022-07-13 04:05:35,228 socket_client_ng.py [line:66] _connect INFO node 5's socket client starts to make outgoing connections to node 9 server 
2022-07-13 04:05:35,229 socket_client_ng.py [line:77] _connect INFO node 5's socket client fails to make connection to node 9 server 
2022-07-13 04:05:35,229 socket_client_ng.py [line:66] _connect INFO node 5's socket client starts to make outgoing connections to node 8 server 
2022-07-13 04:05:35,230 socket_client_ng.py [line:77] _connect INFO node 5's socket client fails to make connection to node 8 server 
2022-07-13 04:05:35,230 socket_client_ng.py [line:66] _connect INFO node 5's socket client starts to make outgoing connections to node 9 server 
2022-07-13 04:05:35,231 socket_client_ng.py [line:77] _connect INFO node 5's socket client fails to make connection to node 9 server 
2022-07-13 04:05:35,231 socket_client_ng.py [line:66] _connect INFO node 5's socket client starts to make outgoing connections to node 8 server 
2022-07-13 04:05:35,232 socket_client_ng.py [line:77] _connect INFO node 5's socket client fails to make connection to node 8 server 
2022-07-13 04:05:35,232 socket_client_ng.py [line:66] _connect INFO node 5's socket client starts to make outgoing connections to node 9 server 
2022-07-13 04:05:35,233 socket_client_ng.py [line:77] _connect INFO node 5's socket client fails to make connection to node 9 server 
2022-07-13 04:05:35,233 socket_client_ng.py [line:66] _connect INFO node 5's socket client starts to make outgoing connections to node 8 server 
2022-07-13 04:05:35,234 socket_client_ng.py [line:77] _connect INFO node 5's socket client fails to make connection to node 8 server 
2022-07-13 04:05:35,234 socket_client_ng.py [line:66] _connect INFO node 5's socket client starts to make outgoing connections to node 9 server 
2022-07-13 04:05:35,235 socket_client_ng.py [line:77] _connect INFO node 5's socket client fails to make connection to node 9 server 
2022-07-13 04:05:35,235 socket_client_ng.py [line:66] _connect INFO node 5's socket client starts to make outgoing connections to node 8 server 
2022-07-13 04:05:35,236 socket_client_ng.py [line:77] _connect INFO node 5's socket client fails to make connection to node 8 server 
2022-07-13 04:05:35,237 socket_client_ng.py [line:66] _connect INFO node 5's socket client starts to make outgoing connections to node 9 server 
2022-07-13 04:05:35,237 socket_client_ng.py [line:77] _connect INFO node 5's socket client fails to make connection to node 9 server 
2022-07-13 04:05:35,238 socket_client_ng.py [line:66] _connect INFO node 5's socket client starts to make outgoing connections to node 8 server 
2022-07-13 04:05:35,238 socket_client_ng.py [line:77] _connect INFO node 5's socket client fails to make connection to node 8 server 
2022-07-13 04:05:35,239 socket_client_ng.py [line:66] _connect INFO node 5's socket client starts to make outgoing connections to node 9 server 
2022-07-13 04:05:35,240 socket_client_ng.py [line:77] _connect INFO node 5's socket client fails to make connection to node 9 server 
2022-07-13 04:05:35,240 socket_client_ng.py [line:66] _connect INFO node 5's socket client starts to make outgoing connections to node 8 server 
2022-07-13 04:05:35,241 socket_client_ng.py [line:77] _connect INFO node 5's socket client fails to make connection to node 8 server 
2022-07-13 04:05:35,241 socket_client_ng.py [line:66] _connect INFO node 5's socket client starts to make outgoing connections to node 9 server 
2022-07-13 04:05:35,242 socket_client_ng.py [line:77] _connect INFO node 5's socket client fails to make connection to node 9 server 
2022-07-13 04:05:35,242 socket_client_ng.py [line:66] _connect INFO node 5's socket client starts to make outgoing connections to node 8 server 
2022-07-13 04:05:35,243 socket_client_ng.py [line:77] _connect INFO node 5's socket client fails to make connection to node 8 server 
2022-07-13 04:05:35,244 socket_client_ng.py [line:66] _connect INFO node 5's socket client starts to make outgoing connections to node 9 server 
2022-07-13 04:05:35,245 socket_client_ng.py [line:77] _connect INFO node 5's socket client fails to make connection to node 9 server 
2022-07-13 04:05:35,245 socket_client_ng.py [line:66] _connect INFO node 5's socket client starts to make outgoing connections to node 8 server 
2022-07-13 04:05:35,246 socket_client_ng.py [line:74] _connect INFO node 5's socket client made an outgoing connection to node 8 server 
2022-07-13 04:05:35,246 socket_client_ng.py [line:66] _connect INFO node 5's socket client starts to make outgoing connections to node 9 server 
2022-07-13 04:05:35,247 socket_client_ng.py [line:77] _connect INFO node 5's socket client fails to make connection to node 9 server 
2022-07-13 04:05:35,247 socket_client_ng.py [line:66] _connect INFO node 5's socket client starts to make outgoing connections to node 9 server 
2022-07-13 04:05:35,248 socket_client_ng.py [line:77] _connect INFO node 5's socket client fails to make connection to node 9 server 
2022-07-13 04:05:35,248 socket_client_ng.py [line:66] _connect INFO node 5's socket client starts to make outgoing connections to node 9 server 
2022-07-13 04:05:35,249 socket_client_ng.py [line:77] _connect INFO node 5's socket client fails to make connection to node 9 server 
2022-07-13 04:05:35,249 socket_client_ng.py [line:66] _connect INFO node 5's socket client starts to make outgoing connections to node 9 server 
2022-07-13 04:05:35,250 socket_client_ng.py [line:77] _connect INFO node 5's socket client fails to make connection to node 9 server 
2022-07-13 04:05:35,250 socket_client_ng.py [line:66] _connect INFO node 5's socket client starts to make outgoing connections to node 9 server 
2022-07-13 04:05:35,251 socket_client_ng.py [line:77] _connect INFO node 5's socket client fails to make connection to node 9 server 
2022-07-13 04:05:35,251 socket_client_ng.py [line:66] _connect INFO node 5's socket client starts to make outgoing connections to node 9 server 
2022-07-13 04:05:35,252 socket_client_ng.py [line:77] _connect INFO node 5's socket client fails to make connection to node 9 server 
2022-07-13 04:05:35,252 socket_client_ng.py [line:66] _connect INFO node 5's socket client starts to make outgoing connections to node 9 server 
2022-07-13 04:05:35,253 socket_client_ng.py [line:77] _connect INFO node 5's socket client fails to make connection to node 9 server 
2022-07-13 04:05:35,253 socket_client_ng.py [line:66] _connect INFO node 5's socket client starts to make outgoing connections to node 9 server 
2022-07-13 04:05:35,254 socket_client_ng.py [line:77] _connect INFO node 5's socket client fails to make connection to node 9 server 
2022-07-13 04:05:35,254 socket_client_ng.py [line:66] _connect INFO node 5's socket client starts to make outgoing connections to node 9 server 
2022-07-13 04:05:35,255 socket_client_ng.py [line:77] _connect INFO node 5's socket client fails to make connection to node 9 server 
2022-07-13 04:05:35,255 socket_client_ng.py [line:66] _connect INFO node 5's socket client starts to make outgoing connections to node 9 server 
2022-07-13 04:05:35,257 socket_client_ng.py [line:77] _connect INFO node 5's socket client fails to make connection to node 9 server 
2022-07-13 04:05:35,257 socket_client_ng.py [line:66] _connect INFO node 5's socket client starts to make outgoing connections to node 9 server 
2022-07-13 04:05:35,258 socket_client_ng.py [line:77] _connect INFO node 5's socket client fails to make connection to node 9 server 
2022-07-13 04:05:35,258 socket_client_ng.py [line:66] _connect INFO node 5's socket client starts to make outgoing connections to node 9 server 
2022-07-13 04:05:35,259 socket_client_ng.py [line:77] _connect INFO node 5's socket client fails to make connection to node 9 server 
2022-07-13 04:05:35,259 socket_client_ng.py [line:66] _connect INFO node 5's socket client starts to make outgoing connections to node 9 server 
2022-07-13 04:05:35,260 socket_client_ng.py [line:77] _connect INFO node 5's socket client fails to make connection to node 9 server 
2022-07-13 04:05:35,261 socket_client_ng.py [line:66] _connect INFO node 5's socket client starts to make outgoing connections to node 9 server 
2022-07-13 04:05:35,261 socket_client_ng.py [line:77] _connect INFO node 5's socket client fails to make connection to node 9 server 
2022-07-13 04:05:35,262 socket_client_ng.py [line:66] _connect INFO node 5's socket client starts to make outgoing connections to node 9 server 
2022-07-13 04:05:35,263 socket_client_ng.py [line:77] _connect INFO node 5's socket client fails to make connection to node 9 server 
2022-07-13 04:05:35,263 socket_client_ng.py [line:66] _connect INFO node 5's socket client starts to make outgoing connections to node 9 server 
2022-07-13 04:05:35,264 socket_client_ng.py [line:77] _connect INFO node 5's socket client fails to make connection to node 9 server 
2022-07-13 04:05:35,264 socket_client_ng.py [line:66] _connect INFO node 5's socket client starts to make outgoing connections to node 9 server 
2022-07-13 04:05:35,265 socket_client_ng.py [line:77] _connect INFO node 5's socket client fails to make connection to node 9 server 
2022-07-13 04:05:35,266 socket_client_ng.py [line:66] _connect INFO node 5's socket client starts to make outgoing connections to node 9 server 
2022-07-13 04:05:35,267 socket_client_ng.py [line:77] _connect INFO node 5's socket client fails to make connection to node 9 server 
2022-07-13 04:05:35,267 socket_client_ng.py [line:66] _connect INFO node 5's socket client starts to make outgoing connections to node 9 server 
2022-07-13 04:05:35,268 socket_client_ng.py [line:77] _connect INFO node 5's socket client fails to make connection to node 9 server 
2022-07-13 04:05:35,268 socket_client_ng.py [line:66] _connect INFO node 5's socket client starts to make outgoing connections to node 9 server 
2022-07-13 04:05:35,269 socket_client_ng.py [line:77] _connect INFO node 5's socket client fails to make connection to node 9 server 
2022-07-13 04:05:35,269 socket_client_ng.py [line:66] _connect INFO node 5's socket client starts to make outgoing connections to node 9 server 
2022-07-13 04:05:35,270 socket_client_ng.py [line:77] _connect INFO node 5's socket client fails to make connection to node 9 server 
2022-07-13 04:05:35,271 socket_client_ng.py [line:66] _connect INFO node 5's socket client starts to make outgoing connections to node 9 server 
2022-07-13 04:05:35,271 socket_client_ng.py [line:77] _connect INFO node 5's socket client fails to make connection to node 9 server 
2022-07-13 04:05:35,272 socket_client_ng.py [line:66] _connect INFO node 5's socket client starts to make outgoing connections to node 9 server 
2022-07-13 04:05:35,273 socket_client_ng.py [line:77] _connect INFO node 5's socket client fails to make connection to node 9 server 
2022-07-13 04:05:35,273 socket_client_ng.py [line:66] _connect INFO node 5's socket client starts to make outgoing connections to node 9 server 
2022-07-13 04:05:35,274 socket_client_ng.py [line:77] _connect INFO node 5's socket client fails to make connection to node 9 server 
2022-07-13 04:05:35,274 socket_client_ng.py [line:66] _connect INFO node 5's socket client starts to make outgoing connections to node 9 server 
2022-07-13 04:05:35,275 socket_client_ng.py [line:77] _connect INFO node 5's socket client fails to make connection to node 9 server 
2022-07-13 04:05:35,275 socket_client_ng.py [line:66] _connect INFO node 5's socket client starts to make outgoing connections to node 9 server 
2022-07-13 04:05:35,277 socket_client_ng.py [line:77] _connect INFO node 5's socket client fails to make connection to node 9 server 
2022-07-13 04:05:35,277 socket_client_ng.py [line:66] _connect INFO node 5's socket client starts to make outgoing connections to node 9 server 
2022-07-13 04:05:35,278 socket_client_ng.py [line:77] _connect INFO node 5's socket client fails to make connection to node 9 server 
2022-07-13 04:05:35,278 socket_client_ng.py [line:66] _connect INFO node 5's socket client starts to make outgoing connections to node 9 server 
2022-07-13 04:05:35,279 socket_client_ng.py [line:77] _connect INFO node 5's socket client fails to make connection to node 9 server 
2022-07-13 04:05:35,279 socket_client_ng.py [line:66] _connect INFO node 5's socket client starts to make outgoing connections to node 9 server 
2022-07-13 04:05:35,280 socket_client_ng.py [line:77] _connect INFO node 5's socket client fails to make connection to node 9 server 
2022-07-13 04:05:35,280 socket_client_ng.py [line:66] _connect INFO node 5's socket client starts to make outgoing connections to node 9 server 
2022-07-13 04:05:35,281 socket_client_ng.py [line:77] _connect INFO node 5's socket client fails to make connection to node 9 server 
2022-07-13 04:05:35,281 socket_client_ng.py [line:66] _connect INFO node 5's socket client starts to make outgoing connections to node 9 server 
2022-07-13 04:05:35,282 socket_client_ng.py [line:77] _connect INFO node 5's socket client fails to make connection to node 9 server 
2022-07-13 04:05:35,282 socket_client_ng.py [line:66] _connect INFO node 5's socket client starts to make outgoing connections to node 9 server 
2022-07-13 04:05:35,283 socket_client_ng.py [line:77] _connect INFO node 5's socket client fails to make connection to node 9 server 
2022-07-13 04:05:35,283 socket_client_ng.py [line:66] _connect INFO node 5's socket client starts to make outgoing connections to node 9 server 
2022-07-13 04:05:35,284 socket_client_ng.py [line:74] _connect INFO node 5's socket client made an outgoing connection to node 9 server 
2024-07-12 16:53:46,991 socket_client.py [line:157] run INFO node id 5 is running on pid 28753 
2024-07-12 16:53:46,992 socket_client.py [line:44] _connect_and_send_forever INFO node 5's socket client starts to make outgoing connections on process id 28753 
